ISO-10303-21;
HEADER;
/* Generated by software containing ST-Developer
 * from STEP Tools, Inc. (www.steptools.com) 
 */
/* OPTION: strings as raw bytes, not using required /X/ escapes */

FILE_DESCRIPTION(
/* description */ ('Unknown'),
/* implementation_level */ '2;1');

FILE_NAME(
/* name */ '15EDGRC-3.81-11P',
/* time_stamp */ '2025-08-14T10:12:23+03:00',
/* author */ ('Unknown'),
/* organization */ ('Unknown'),
/* preprocessor_version */ 'ST-DEVELOPER v19.4',
/* originating_system */ 'Solid Edge',
/* authorisation */ 'Unknown');

FILE_SCHEMA (('AUTOMOTIVE_DESIGN {1 0 10303 214 3 1 1}'));
ENDSEC;

DATA;
#10=PROPERTY_DEFINITION_REPRESENTATION(#14,#12);
#11=PROPERTY_DEFINITION_REPRESENTATION(#15,#13);
#12=REPRESENTATION('',(#16),#14879);
#13=REPRESENTATION('',(#17),#14879);
#14=PROPERTY_DEFINITION('pmi validation property','',#14888);
#15=PROPERTY_DEFINITION('pmi validation property','',#14888);
#16=VALUE_REPRESENTATION_ITEM('number of annotations',COUNT_MEASURE(0.));
#17=VALUE_REPRESENTATION_ITEM('number of views',COUNT_MEASURE(0.));
#18=CONTEXT_DEPENDENT_SHAPE_REPRESENTATION(#42,#14890);
#19=CONTEXT_DEPENDENT_SHAPE_REPRESENTATION(#43,#14892);
#20=CONTEXT_DEPENDENT_SHAPE_REPRESENTATION(#44,#14893);
#21=CONTEXT_DEPENDENT_SHAPE_REPRESENTATION(#45,#14894);
#22=CONTEXT_DEPENDENT_SHAPE_REPRESENTATION(#46,#14895);
#23=CONTEXT_DEPENDENT_SHAPE_REPRESENTATION(#47,#14896);
#24=CONTEXT_DEPENDENT_SHAPE_REPRESENTATION(#48,#14897);
#25=CONTEXT_DEPENDENT_SHAPE_REPRESENTATION(#49,#14898);
#26=CONTEXT_DEPENDENT_SHAPE_REPRESENTATION(#50,#14899);
#27=CONTEXT_DEPENDENT_SHAPE_REPRESENTATION(#51,#14900);
#28=CONTEXT_DEPENDENT_SHAPE_REPRESENTATION(#52,#14901);
#29=CONTEXT_DEPENDENT_SHAPE_REPRESENTATION(#53,#14902);
#30=NEXT_ASSEMBLY_USAGE_OCCURRENCE('15EDGxC-3.81-11P',
'15EDGxC-3.81-11P','15EDGxC-3.81-11P',#14903,#14904,'');
#31=NEXT_ASSEMBLY_USAGE_OCCURRENCE('15EDGRC_pin','15EDGRC_pin',
'15EDGRC_pin',#14903,#14905,'');
#32=NEXT_ASSEMBLY_USAGE_OCCURRENCE('15EDGRC_pin','15EDGRC_pin',
'15EDGRC_pin',#14903,#14905,'');
#33=NEXT_ASSEMBLY_USAGE_OCCURRENCE('15EDGRC_pin','15EDGRC_pin',
'15EDGRC_pin',#14903,#14905,'');
#34=NEXT_ASSEMBLY_USAGE_OCCURRENCE('15EDGRC_pin','15EDGRC_pin',
'15EDGRC_pin',#14903,#14905,'');
#35=NEXT_ASSEMBLY_USAGE_OCCURRENCE('15EDGRC_pin','15EDGRC_pin',
'15EDGRC_pin',#14903,#14905,'');
#36=NEXT_ASSEMBLY_USAGE_OCCURRENCE('15EDGRC_pin','15EDGRC_pin',
'15EDGRC_pin',#14903,#14905,'');
#37=NEXT_ASSEMBLY_USAGE_OCCURRENCE('15EDGRC_pin','15EDGRC_pin',
'15EDGRC_pin',#14903,#14905,'');
#38=NEXT_ASSEMBLY_USAGE_OCCURRENCE('15EDGRC_pin','15EDGRC_pin',
'15EDGRC_pin',#14903,#14905,'');
#39=NEXT_ASSEMBLY_USAGE_OCCURRENCE('15EDGRC_pin','15EDGRC_pin',
'15EDGRC_pin',#14903,#14905,'');
#40=NEXT_ASSEMBLY_USAGE_OCCURRENCE('15EDGRC_pin','15EDGRC_pin',
'15EDGRC_pin',#14903,#14905,'');
#41=NEXT_ASSEMBLY_USAGE_OCCURRENCE('15EDGRC_pin','15EDGRC_pin',
'15EDGRC_pin',#14903,#14905,'');
#42=(
REPRESENTATION_RELATIONSHIP(' ',' ',#9323,#9324)
REPRESENTATION_RELATIONSHIP_WITH_TRANSFORMATION(#54)
SHAPE_REPRESENTATION_RELATIONSHIP()
);
#43=(
REPRESENTATION_RELATIONSHIP(' ',' ',#9325,#9324)
REPRESENTATION_RELATIONSHIP_WITH_TRANSFORMATION(#55)
SHAPE_REPRESENTATION_RELATIONSHIP()
);
#44=(
REPRESENTATION_RELATIONSHIP(' ',' ',#9325,#9324)
REPRESENTATION_RELATIONSHIP_WITH_TRANSFORMATION(#56)
SHAPE_REPRESENTATION_RELATIONSHIP()
);
#45=(
REPRESENTATION_RELATIONSHIP(' ',' ',#9325,#9324)
REPRESENTATION_RELATIONSHIP_WITH_TRANSFORMATION(#57)
SHAPE_REPRESENTATION_RELATIONSHIP()
);
#46=(
REPRESENTATION_RELATIONSHIP(' ',' ',#9325,#9324)
REPRESENTATION_RELATIONSHIP_WITH_TRANSFORMATION(#58)
SHAPE_REPRESENTATION_RELATIONSHIP()
);
#47=(
REPRESENTATION_RELATIONSHIP(' ',' ',#9325,#9324)
REPRESENTATION_RELATIONSHIP_WITH_TRANSFORMATION(#59)
SHAPE_REPRESENTATION_RELATIONSHIP()
);
#48=(
REPRESENTATION_RELATIONSHIP(' ',' ',#9325,#9324)
REPRESENTATION_RELATIONSHIP_WITH_TRANSFORMATION(#60)
SHAPE_REPRESENTATION_RELATIONSHIP()
);
#49=(
REPRESENTATION_RELATIONSHIP(' ',' ',#9325,#9324)
REPRESENTATION_RELATIONSHIP_WITH_TRANSFORMATION(#61)
SHAPE_REPRESENTATION_RELATIONSHIP()
);
#50=(
REPRESENTATION_RELATIONSHIP(' ',' ',#9325,#9324)
REPRESENTATION_RELATIONSHIP_WITH_TRANSFORMATION(#62)
SHAPE_REPRESENTATION_RELATIONSHIP()
);
#51=(
REPRESENTATION_RELATIONSHIP(' ',' ',#9325,#9324)
REPRESENTATION_RELATIONSHIP_WITH_TRANSFORMATION(#63)
SHAPE_REPRESENTATION_RELATIONSHIP()
);
#52=(
REPRESENTATION_RELATIONSHIP(' ',' ',#9325,#9324)
REPRESENTATION_RELATIONSHIP_WITH_TRANSFORMATION(#64)
SHAPE_REPRESENTATION_RELATIONSHIP()
);
#53=(
REPRESENTATION_RELATIONSHIP(' ',' ',#9325,#9324)
REPRESENTATION_RELATIONSHIP_WITH_TRANSFORMATION(#65)
SHAPE_REPRESENTATION_RELATIONSHIP()
);
#54=ITEM_DEFINED_TRANSFORMATION(' ',' ',#9326,#9837);
#55=ITEM_DEFINED_TRANSFORMATION(' ',' ',#9326,#9860);
#56=ITEM_DEFINED_TRANSFORMATION(' ',' ',#9326,#9861);
#57=ITEM_DEFINED_TRANSFORMATION(' ',' ',#9326,#9862);
#58=ITEM_DEFINED_TRANSFORMATION(' ',' ',#9326,#9863);
#59=ITEM_DEFINED_TRANSFORMATION(' ',' ',#9326,#9864);
#60=ITEM_DEFINED_TRANSFORMATION(' ',' ',#9326,#9865);
#61=ITEM_DEFINED_TRANSFORMATION(' ',' ',#9326,#9866);
#62=ITEM_DEFINED_TRANSFORMATION(' ',' ',#9326,#9867);
#63=ITEM_DEFINED_TRANSFORMATION(' ',' ',#9326,#9868);
#64=ITEM_DEFINED_TRANSFORMATION(' ',' ',#9326,#9869);
#65=ITEM_DEFINED_TRANSFORMATION(' ',' ',#9326,#9870);
#66=SHAPE_REPRESENTATION_RELATIONSHIP('','',#9323,#68);
#67=SHAPE_REPRESENTATION_RELATIONSHIP('','',#9325,#69);
#68=ADVANCED_BREP_SHAPE_REPRESENTATION('',(#9318),#14880);
#69=ADVANCED_BREP_SHAPE_REPRESENTATION('',(#9319),#14881);
#70=CONICAL_SURFACE('',#9332,1.6,0.244978663126864);
#71=CONICAL_SURFACE('',#9638,1.6,0.244978663126864);
#72=CONICAL_SURFACE('',#9653,1.6,0.244978663126864);
#73=CONICAL_SURFACE('',#9668,1.6,0.244978663126864);
#74=CONICAL_SURFACE('',#9683,1.6,0.244978663126864);
#75=CONICAL_SURFACE('',#9698,1.6,0.244978663126864);
#76=CONICAL_SURFACE('',#9713,1.6,0.244978663126864);
#77=CONICAL_SURFACE('',#9728,1.6,0.244978663126864);
#78=CONICAL_SURFACE('',#9738,1.6,0.244978663126864);
#79=CONICAL_SURFACE('',#9762,1.6,0.244978663126864);
#80=CONICAL_SURFACE('',#9773,1.6,0.244978663126864);
#81=B_SPLINE_CURVE_WITH_KNOTS('',3,(#12197,#12198,#12199,#12200),
 .UNSPECIFIED.,.F.,.F.,(4,4),(0.0014271461440753,0.00225349511967598),
 .UNSPECIFIED.);
#82=B_SPLINE_CURVE_WITH_KNOTS('',3,(#12205,#12206,#12207,#12208),
 .UNSPECIFIED.,.F.,.F.,(4,4),(0.00142714614407683,0.00225349511967598),
 .UNSPECIFIED.);
#83=B_SPLINE_CURVE_WITH_KNOTS('',3,(#13917,#13918,#13919,#13920),
 .UNSPECIFIED.,.F.,.F.,(4,4),(0.0014271461440753,0.00225349511967598),
 .UNSPECIFIED.);
#84=B_SPLINE_CURVE_WITH_KNOTS('',3,(#13924,#13925,#13926,#13927),
 .UNSPECIFIED.,.F.,.F.,(4,4),(0.00142714614407683,0.00225349511967598),
 .UNSPECIFIED.);
#85=B_SPLINE_CURVE_WITH_KNOTS('',3,(#13979,#13980,#13981,#13982),
 .UNSPECIFIED.,.F.,.F.,(4,4),(0.0014271461440753,0.00225349511967598),
 .UNSPECIFIED.);
#86=B_SPLINE_CURVE_WITH_KNOTS('',3,(#13986,#13987,#13988,#13989),
 .UNSPECIFIED.,.F.,.F.,(4,4),(0.00142714614407683,0.00225349511967598),
 .UNSPECIFIED.);
#87=B_SPLINE_CURVE_WITH_KNOTS('',3,(#14041,#14042,#14043,#14044),
 .UNSPECIFIED.,.F.,.F.,(4,4),(0.0014271461440753,0.00225349511967598),
 .UNSPECIFIED.);
#88=B_SPLINE_CURVE_WITH_KNOTS('',3,(#14048,#14049,#14050,#14051),
 .UNSPECIFIED.,.F.,.F.,(4,4),(0.00142714614407683,0.00225349511967598),
 .UNSPECIFIED.);
#89=B_SPLINE_CURVE_WITH_KNOTS('',3,(#14103,#14104,#14105,#14106),
 .UNSPECIFIED.,.F.,.F.,(4,4),(0.0014271461440753,0.00225349511967598),
 .UNSPECIFIED.);
#90=B_SPLINE_CURVE_WITH_KNOTS('',3,(#14110,#14111,#14112,#14113),
 .UNSPECIFIED.,.F.,.F.,(4,4),(0.00142714614407683,0.00225349511967598),
 .UNSPECIFIED.);
#91=B_SPLINE_CURVE_WITH_KNOTS('',3,(#14165,#14166,#14167,#14168),
 .UNSPECIFIED.,.F.,.F.,(4,4),(0.0014271461440753,0.00225349511967598),
 .UNSPECIFIED.);
#92=B_SPLINE_CURVE_WITH_KNOTS('',3,(#14172,#14173,#14174,#14175),
 .UNSPECIFIED.,.F.,.F.,(4,4),(0.00142714614407683,0.00225349511967598),
 .UNSPECIFIED.);
#93=B_SPLINE_CURVE_WITH_KNOTS('',3,(#14227,#14228,#14229,#14230),
 .UNSPECIFIED.,.F.,.F.,(4,4),(0.0014271461440753,0.00225349511967598),
 .UNSPECIFIED.);
#94=B_SPLINE_CURVE_WITH_KNOTS('',3,(#14234,#14235,#14236,#14237),
 .UNSPECIFIED.,.F.,.F.,(4,4),(0.00142714614407683,0.00225349511967598),
 .UNSPECIFIED.);
#95=B_SPLINE_CURVE_WITH_KNOTS('',3,(#14289,#14290,#14291,#14292),
 .UNSPECIFIED.,.F.,.F.,(4,4),(0.0014271461440753,0.00225349511967598),
 .UNSPECIFIED.);
#96=B_SPLINE_CURVE_WITH_KNOTS('',3,(#14296,#14297,#14298,#14299),
 .UNSPECIFIED.,.F.,.F.,(4,4),(0.00142714614407683,0.00225349511967598),
 .UNSPECIFIED.);
#97=B_SPLINE_CURVE_WITH_KNOTS('',3,(#14335,#14336,#14337,#14338),
 .UNSPECIFIED.,.F.,.F.,(4,4),(0.00401026597689266,0.00483670053486163),
 .UNSPECIFIED.);
#98=B_SPLINE_CURVE_WITH_KNOTS('',3,(#14340,#14341,#14342,#14343),
 .UNSPECIFIED.,.F.,.F.,(4,4),(0.00225356005665618,0.00307990560392643),
 .UNSPECIFIED.);
#99=B_SPLINE_CURVE_WITH_KNOTS('',3,(#14434,#14435,#14436,#14437),
 .UNSPECIFIED.,.F.,.F.,(4,4),(0.0014271461440753,0.00225349511967598),
 .UNSPECIFIED.);
#100=B_SPLINE_CURVE_WITH_KNOTS('',3,(#14441,#14442,#14443,#14444),
 .UNSPECIFIED.,.F.,.F.,(4,4),(0.00142714614407683,0.00225349511967598),
 .UNSPECIFIED.);
#101=B_SPLINE_CURVE_WITH_KNOTS('',3,(#14482,#14483,#14484,#14485),
 .UNSPECIFIED.,.F.,.F.,(4,4),(1.07510878202448E-16,0.000826353917216057),
 .UNSPECIFIED.);
#102=B_SPLINE_CURVE_WITH_KNOTS('',3,(#14489,#14490,#14491,#14492),
 .UNSPECIFIED.,.F.,.F.,(4,4),(0.,0.000826353917216054),.UNSPECIFIED.);
#103=CIRCLE('',#9329,1.6);
#104=CIRCLE('',#9330,1.6);
#105=CIRCLE('',#9333,1.4);
#106=CIRCLE('',#9354,0.95);
#107=CIRCLE('',#9362,0.95);
#108=CIRCLE('',#9373,0.95);
#109=CIRCLE('',#9376,0.95);
#110=CIRCLE('',#9379,0.95);
#111=CIRCLE('',#9382,0.95);
#112=CIRCLE('',#9385,0.95);
#113=CIRCLE('',#9388,0.95);
#114=CIRCLE('',#9391,0.95);
#115=CIRCLE('',#9394,0.95);
#116=CIRCLE('',#9397,0.95);
#117=CIRCLE('',#9400,0.95);
#118=CIRCLE('',#9403,0.95);
#119=CIRCLE('',#9406,0.95);
#120=CIRCLE('',#9409,0.95);
#121=CIRCLE('',#9412,0.95);
#122=CIRCLE('',#9415,0.95);
#123=CIRCLE('',#9418,0.95);
#124=CIRCLE('',#9421,0.95);
#125=CIRCLE('',#9424,0.95);
#126=CIRCLE('',#9427,0.95);
#127=CIRCLE('',#9430,0.95);
#128=CIRCLE('',#9493,1.6);
#129=CIRCLE('',#9494,1.6);
#130=CIRCLE('',#9502,1.6);
#131=CIRCLE('',#9503,1.6);
#132=CIRCLE('',#9511,1.6);
#133=CIRCLE('',#9512,1.6);
#134=CIRCLE('',#9520,1.6);
#135=CIRCLE('',#9521,1.6);
#136=CIRCLE('',#9529,1.6);
#137=CIRCLE('',#9530,1.6);
#138=CIRCLE('',#9538,1.6);
#139=CIRCLE('',#9539,1.6);
#140=CIRCLE('',#9547,1.6);
#141=CIRCLE('',#9548,1.6);
#142=CIRCLE('',#9555,1.6);
#143=CIRCLE('',#9556,1.6);
#144=CIRCLE('',#9567,1.6);
#145=CIRCLE('',#9568,1.6);
#146=CIRCLE('',#9576,1.6);
#147=CIRCLE('',#9577,1.6);
#148=CIRCLE('',#9626,0.2);
#149=CIRCLE('',#9627,0.2);
#150=CIRCLE('',#9639,1.4);
#151=CIRCLE('',#9654,1.4);
#152=CIRCLE('',#9669,1.4);
#153=CIRCLE('',#9684,1.4);
#154=CIRCLE('',#9699,1.4);
#155=CIRCLE('',#9714,1.4);
#156=CIRCLE('',#9729,1.4);
#157=CIRCLE('',#9739,1.4);
#158=CIRCLE('',#9763,1.4);
#159=CIRCLE('',#9774,1.4);
#160=CIRCLE('',#9828,0.5);
#161=CIRCLE('',#9830,0.5);
#162=CIRCLE('',#9840,0.9);
#163=CIRCLE('',#9841,0.1);
#164=CIRCLE('',#9844,0.9);
#165=CIRCLE('',#9845,0.1);
#166=CYLINDRICAL_SURFACE('',#9328,1.6);
#167=CYLINDRICAL_SURFACE('',#9361,0.95);
#168=CYLINDRICAL_SURFACE('',#9402,0.95);
#169=CYLINDRICAL_SURFACE('',#9405,0.95);
#170=CYLINDRICAL_SURFACE('',#9408,0.95);
#171=CYLINDRICAL_SURFACE('',#9411,0.95);
#172=CYLINDRICAL_SURFACE('',#9414,0.95);
#173=CYLINDRICAL_SURFACE('',#9417,0.95);
#174=CYLINDRICAL_SURFACE('',#9420,0.95);
#175=CYLINDRICAL_SURFACE('',#9423,0.95);
#176=CYLINDRICAL_SURFACE('',#9426,0.95);
#177=CYLINDRICAL_SURFACE('',#9429,0.95);
#178=CYLINDRICAL_SURFACE('',#9492,1.6);
#179=CYLINDRICAL_SURFACE('',#9501,1.6);
#180=CYLINDRICAL_SURFACE('',#9510,1.6);
#181=CYLINDRICAL_SURFACE('',#9519,1.6);
#182=CYLINDRICAL_SURFACE('',#9528,1.6);
#183=CYLINDRICAL_SURFACE('',#9537,1.6);
#184=CYLINDRICAL_SURFACE('',#9546,1.6);
#185=CYLINDRICAL_SURFACE('',#9554,1.6);
#186=CYLINDRICAL_SURFACE('',#9566,1.6);
#187=CYLINDRICAL_SURFACE('',#9575,1.6);
#188=CYLINDRICAL_SURFACE('',#9625,0.2);
#189=CYLINDRICAL_SURFACE('',#9829,0.5);
#190=CYLINDRICAL_SURFACE('',#9858,0.1);
#191=CYLINDRICAL_SURFACE('',#9859,0.9);
#192=ORIENTED_EDGE('',*,*,#2790,.F.);
#193=ORIENTED_EDGE('',*,*,#2791,.T.);
#194=ORIENTED_EDGE('',*,*,#2792,.F.);
#195=ORIENTED_EDGE('',*,*,#2793,.T.);
#196=ORIENTED_EDGE('',*,*,#2794,.T.);
#197=ORIENTED_EDGE('',*,*,#2795,.F.);
#198=ORIENTED_EDGE('',*,*,#2796,.T.);
#199=ORIENTED_EDGE('',*,*,#2797,.T.);
#200=ORIENTED_EDGE('',*,*,#2798,.F.);
#201=ORIENTED_EDGE('',*,*,#2799,.T.);
#202=ORIENTED_EDGE('',*,*,#2800,.F.);
#203=ORIENTED_EDGE('',*,*,#2791,.F.);
#204=ORIENTED_EDGE('',*,*,#2801,.F.);
#205=ORIENTED_EDGE('',*,*,#2802,.T.);
#206=ORIENTED_EDGE('',*,*,#2796,.F.);
#207=ORIENTED_EDGE('',*,*,#2799,.F.);
#208=ORIENTED_EDGE('',*,*,#2803,.F.);
#209=ORIENTED_EDGE('',*,*,#2804,.F.);
#210=ORIENTED_EDGE('',*,*,#2805,.F.);
#211=ORIENTED_EDGE('',*,*,#2802,.F.);
#212=ORIENTED_EDGE('',*,*,#2806,.F.);
#213=ORIENTED_EDGE('',*,*,#2807,.F.);
#214=ORIENTED_EDGE('',*,*,#2808,.F.);
#215=ORIENTED_EDGE('',*,*,#2809,.F.);
#216=ORIENTED_EDGE('',*,*,#2810,.F.);
#217=ORIENTED_EDGE('',*,*,#2811,.F.);
#218=ORIENTED_EDGE('',*,*,#2812,.F.);
#219=ORIENTED_EDGE('',*,*,#2813,.F.);
#220=ORIENTED_EDGE('',*,*,#2814,.F.);
#221=ORIENTED_EDGE('',*,*,#2815,.F.);
#222=ORIENTED_EDGE('',*,*,#2816,.F.);
#223=ORIENTED_EDGE('',*,*,#2817,.F.);
#224=ORIENTED_EDGE('',*,*,#2807,.T.);
#225=ORIENTED_EDGE('',*,*,#2818,.T.);
#226=ORIENTED_EDGE('',*,*,#2813,.T.);
#227=ORIENTED_EDGE('',*,*,#2819,.T.);
#228=ORIENTED_EDGE('',*,*,#2820,.T.);
#229=ORIENTED_EDGE('',*,*,#2821,.T.);
#230=ORIENTED_EDGE('',*,*,#2822,.T.);
#231=ORIENTED_EDGE('',*,*,#2823,.T.);
#232=ORIENTED_EDGE('',*,*,#2824,.F.);
#233=ORIENTED_EDGE('',*,*,#2825,.F.);
#234=ORIENTED_EDGE('',*,*,#2826,.T.);
#235=ORIENTED_EDGE('',*,*,#2827,.T.);
#236=ORIENTED_EDGE('',*,*,#2828,.F.);
#237=ORIENTED_EDGE('',*,*,#2829,.F.);
#238=ORIENTED_EDGE('',*,*,#2824,.T.);
#239=ORIENTED_EDGE('',*,*,#2830,.T.);
#240=ORIENTED_EDGE('',*,*,#2831,.F.);
#241=ORIENTED_EDGE('',*,*,#2832,.F.);
#242=ORIENTED_EDGE('',*,*,#2828,.T.);
#243=ORIENTED_EDGE('',*,*,#2832,.T.);
#244=ORIENTED_EDGE('',*,*,#2833,.T.);
#245=ORIENTED_EDGE('',*,*,#2825,.T.);
#246=ORIENTED_EDGE('',*,*,#2829,.T.);
#247=ORIENTED_EDGE('',*,*,#2834,.F.);
#248=ORIENTED_EDGE('',*,*,#2835,.F.);
#249=ORIENTED_EDGE('',*,*,#2836,.T.);
#250=ORIENTED_EDGE('',*,*,#2837,.T.);
#251=ORIENTED_EDGE('',*,*,#2838,.F.);
#252=ORIENTED_EDGE('',*,*,#2837,.F.);
#253=ORIENTED_EDGE('',*,*,#2839,.T.);
#254=ORIENTED_EDGE('',*,*,#2840,.T.);
#255=ORIENTED_EDGE('',*,*,#2841,.F.);
#256=ORIENTED_EDGE('',*,*,#2840,.F.);
#257=ORIENTED_EDGE('',*,*,#2842,.T.);
#258=ORIENTED_EDGE('',*,*,#2843,.T.);
#259=ORIENTED_EDGE('',*,*,#2844,.F.);
#260=ORIENTED_EDGE('',*,*,#2843,.F.);
#261=ORIENTED_EDGE('',*,*,#2845,.T.);
#262=ORIENTED_EDGE('',*,*,#2846,.T.);
#263=ORIENTED_EDGE('',*,*,#2847,.T.);
#264=ORIENTED_EDGE('',*,*,#2804,.T.);
#265=ORIENTED_EDGE('',*,*,#2848,.F.);
#266=ORIENTED_EDGE('',*,*,#2846,.F.);
#267=ORIENTED_EDGE('',*,*,#2849,.T.);
#268=ORIENTED_EDGE('',*,*,#2792,.T.);
#269=ORIENTED_EDGE('',*,*,#2800,.T.);
#270=ORIENTED_EDGE('',*,*,#2795,.T.);
#271=ORIENTED_EDGE('',*,*,#2850,.T.);
#272=ORIENTED_EDGE('',*,*,#2851,.F.);
#273=ORIENTED_EDGE('',*,*,#2794,.F.);
#274=ORIENTED_EDGE('',*,*,#2852,.T.);
#275=ORIENTED_EDGE('',*,*,#2853,.T.);
#276=ORIENTED_EDGE('',*,*,#2854,.F.);
#277=ORIENTED_EDGE('',*,*,#2853,.F.);
#278=ORIENTED_EDGE('',*,*,#2855,.T.);
#279=ORIENTED_EDGE('',*,*,#2856,.T.);
#280=ORIENTED_EDGE('',*,*,#2857,.F.);
#281=ORIENTED_EDGE('',*,*,#2856,.F.);
#282=ORIENTED_EDGE('',*,*,#2858,.T.);
#283=ORIENTED_EDGE('',*,*,#2859,.T.);
#284=ORIENTED_EDGE('',*,*,#2860,.F.);
#285=ORIENTED_EDGE('',*,*,#2859,.F.);
#286=ORIENTED_EDGE('',*,*,#2861,.T.);
#287=ORIENTED_EDGE('',*,*,#2862,.T.);
#288=ORIENTED_EDGE('',*,*,#2863,.T.);
#289=ORIENTED_EDGE('',*,*,#2850,.F.);
#290=ORIENTED_EDGE('',*,*,#2798,.T.);
#291=ORIENTED_EDGE('',*,*,#2864,.F.);
#292=ORIENTED_EDGE('',*,*,#2849,.F.);
#293=ORIENTED_EDGE('',*,*,#2845,.F.);
#294=ORIENTED_EDGE('',*,*,#2842,.F.);
#295=ORIENTED_EDGE('',*,*,#2839,.F.);
#296=ORIENTED_EDGE('',*,*,#2836,.F.);
#297=ORIENTED_EDGE('',*,*,#2865,.F.);
#298=ORIENTED_EDGE('',*,*,#2830,.F.);
#299=ORIENTED_EDGE('',*,*,#2827,.F.);
#300=ORIENTED_EDGE('',*,*,#2823,.F.);
#301=ORIENTED_EDGE('',*,*,#2866,.F.);
#302=ORIENTED_EDGE('',*,*,#2861,.F.);
#303=ORIENTED_EDGE('',*,*,#2858,.F.);
#304=ORIENTED_EDGE('',*,*,#2855,.F.);
#305=ORIENTED_EDGE('',*,*,#2852,.F.);
#306=ORIENTED_EDGE('',*,*,#2793,.F.);
#307=ORIENTED_EDGE('',*,*,#2866,.T.);
#308=ORIENTED_EDGE('',*,*,#2826,.F.);
#309=ORIENTED_EDGE('',*,*,#2833,.F.);
#310=ORIENTED_EDGE('',*,*,#2831,.T.);
#311=ORIENTED_EDGE('',*,*,#2865,.T.);
#312=ORIENTED_EDGE('',*,*,#2835,.T.);
#313=ORIENTED_EDGE('',*,*,#2867,.F.);
#314=ORIENTED_EDGE('',*,*,#2862,.F.);
#315=ORIENTED_EDGE('',*,*,#2797,.F.);
#316=ORIENTED_EDGE('',*,*,#2805,.T.);
#317=ORIENTED_EDGE('',*,*,#2847,.F.);
#318=ORIENTED_EDGE('',*,*,#2864,.T.);
#319=ORIENTED_EDGE('',*,*,#2868,.T.);
#320=ORIENTED_EDGE('',*,*,#2808,.T.);
#321=ORIENTED_EDGE('',*,*,#2817,.T.);
#322=ORIENTED_EDGE('',*,*,#2869,.T.);
#323=ORIENTED_EDGE('',*,*,#2870,.T.);
#324=ORIENTED_EDGE('',*,*,#2871,.F.);
#325=ORIENTED_EDGE('',*,*,#2822,.F.);
#326=ORIENTED_EDGE('',*,*,#2869,.F.);
#327=ORIENTED_EDGE('',*,*,#2816,.T.);
#328=ORIENTED_EDGE('',*,*,#2872,.T.);
#329=ORIENTED_EDGE('',*,*,#2873,.T.);
#330=ORIENTED_EDGE('',*,*,#2815,.T.);
#331=ORIENTED_EDGE('',*,*,#2812,.T.);
#332=ORIENTED_EDGE('',*,*,#2874,.F.);
#333=ORIENTED_EDGE('',*,*,#2820,.F.);
#334=ORIENTED_EDGE('',*,*,#2875,.T.);
#335=ORIENTED_EDGE('',*,*,#2876,.T.);
#336=ORIENTED_EDGE('',*,*,#2872,.F.);
#337=ORIENTED_EDGE('',*,*,#2819,.F.);
#338=ORIENTED_EDGE('',*,*,#2871,.T.);
#339=ORIENTED_EDGE('',*,*,#2877,.T.);
#340=ORIENTED_EDGE('',*,*,#2875,.F.);
#341=ORIENTED_EDGE('',*,*,#2878,.T.);
#342=ORIENTED_EDGE('',*,*,#2863,.F.);
#343=ORIENTED_EDGE('',*,*,#2876,.F.);
#344=ORIENTED_EDGE('',*,*,#2877,.F.);
#345=ORIENTED_EDGE('',*,*,#2870,.F.);
#346=ORIENTED_EDGE('',*,*,#2873,.F.);
#347=ORIENTED_EDGE('',*,*,#2878,.F.);
#348=ORIENTED_EDGE('',*,*,#2879,.F.);
#349=ORIENTED_EDGE('',*,*,#2880,.F.);
#350=ORIENTED_EDGE('',*,*,#2881,.T.);
#351=ORIENTED_EDGE('',*,*,#2882,.F.);
#352=ORIENTED_EDGE('',*,*,#2880,.T.);
#353=ORIENTED_EDGE('',*,*,#2883,.T.);
#354=ORIENTED_EDGE('',*,*,#2884,.F.);
#355=ORIENTED_EDGE('',*,*,#2809,.T.);
#356=ORIENTED_EDGE('',*,*,#2868,.F.);
#357=ORIENTED_EDGE('',*,*,#2821,.F.);
#358=ORIENTED_EDGE('',*,*,#2874,.T.);
#359=ORIENTED_EDGE('',*,*,#2811,.T.);
#360=ORIENTED_EDGE('',*,*,#2885,.F.);
#361=ORIENTED_EDGE('',*,*,#2886,.T.);
#362=ORIENTED_EDGE('',*,*,#2887,.T.);
#363=ORIENTED_EDGE('',*,*,#2888,.F.);
#364=ORIENTED_EDGE('',*,*,#2889,.F.);
#365=ORIENTED_EDGE('',*,*,#2883,.F.);
#366=ORIENTED_EDGE('',*,*,#2879,.T.);
#367=ORIENTED_EDGE('',*,*,#2890,.T.);
#368=ORIENTED_EDGE('',*,*,#2891,.F.);
#369=ORIENTED_EDGE('',*,*,#2892,.F.);
#370=ORIENTED_EDGE('',*,*,#2893,.F.);
#371=ORIENTED_EDGE('',*,*,#2818,.F.);
#372=ORIENTED_EDGE('',*,*,#2894,.F.);
#373=ORIENTED_EDGE('',*,*,#2888,.T.);
#374=ORIENTED_EDGE('',*,*,#2895,.F.);
#375=ORIENTED_EDGE('',*,*,#2881,.F.);
#376=ORIENTED_EDGE('',*,*,#2886,.F.);
#377=ORIENTED_EDGE('',*,*,#2896,.F.);
#378=ORIENTED_EDGE('',*,*,#2892,.T.);
#379=ORIENTED_EDGE('',*,*,#2897,.T.);
#380=ORIENTED_EDGE('',*,*,#2885,.T.);
#381=ORIENTED_EDGE('',*,*,#2814,.T.);
#382=ORIENTED_EDGE('',*,*,#2893,.T.);
#383=ORIENTED_EDGE('',*,*,#2896,.T.);
#384=ORIENTED_EDGE('',*,*,#2894,.T.);
#385=ORIENTED_EDGE('',*,*,#2810,.T.);
#386=ORIENTED_EDGE('',*,*,#2884,.T.);
#387=ORIENTED_EDGE('',*,*,#2889,.T.);
#388=ORIENTED_EDGE('',*,*,#2898,.F.);
#389=ORIENTED_EDGE('',*,*,#2899,.T.);
#390=ORIENTED_EDGE('',*,*,#2900,.T.);
#391=ORIENTED_EDGE('',*,*,#2901,.F.);
#392=ORIENTED_EDGE('',*,*,#2902,.F.);
#393=ORIENTED_EDGE('',*,*,#2900,.F.);
#394=ORIENTED_EDGE('',*,*,#2903,.F.);
#395=ORIENTED_EDGE('',*,*,#2904,.F.);
#396=ORIENTED_EDGE('',*,*,#2905,.F.);
#397=ORIENTED_EDGE('',*,*,#2906,.F.);
#398=ORIENTED_EDGE('',*,*,#2907,.T.);
#399=ORIENTED_EDGE('',*,*,#2908,.T.);
#400=ORIENTED_EDGE('',*,*,#2909,.F.);
#401=ORIENTED_EDGE('',*,*,#2910,.F.);
#402=ORIENTED_EDGE('',*,*,#2908,.F.);
#403=ORIENTED_EDGE('',*,*,#2911,.F.);
#404=ORIENTED_EDGE('',*,*,#2912,.F.);
#405=ORIENTED_EDGE('',*,*,#2913,.F.);
#406=ORIENTED_EDGE('',*,*,#2914,.F.);
#407=ORIENTED_EDGE('',*,*,#2915,.T.);
#408=ORIENTED_EDGE('',*,*,#2916,.T.);
#409=ORIENTED_EDGE('',*,*,#2917,.F.);
#410=ORIENTED_EDGE('',*,*,#2918,.F.);
#411=ORIENTED_EDGE('',*,*,#2916,.F.);
#412=ORIENTED_EDGE('',*,*,#2919,.F.);
#413=ORIENTED_EDGE('',*,*,#2920,.F.);
#414=ORIENTED_EDGE('',*,*,#2921,.F.);
#415=ORIENTED_EDGE('',*,*,#2922,.F.);
#416=ORIENTED_EDGE('',*,*,#2923,.T.);
#417=ORIENTED_EDGE('',*,*,#2924,.T.);
#418=ORIENTED_EDGE('',*,*,#2925,.F.);
#419=ORIENTED_EDGE('',*,*,#2926,.F.);
#420=ORIENTED_EDGE('',*,*,#2924,.F.);
#421=ORIENTED_EDGE('',*,*,#2927,.F.);
#422=ORIENTED_EDGE('',*,*,#2928,.F.);
#423=ORIENTED_EDGE('',*,*,#2929,.F.);
#424=ORIENTED_EDGE('',*,*,#2930,.F.);
#425=ORIENTED_EDGE('',*,*,#2931,.T.);
#426=ORIENTED_EDGE('',*,*,#2932,.T.);
#427=ORIENTED_EDGE('',*,*,#2933,.F.);
#428=ORIENTED_EDGE('',*,*,#2934,.F.);
#429=ORIENTED_EDGE('',*,*,#2932,.F.);
#430=ORIENTED_EDGE('',*,*,#2935,.F.);
#431=ORIENTED_EDGE('',*,*,#2936,.F.);
#432=ORIENTED_EDGE('',*,*,#2937,.F.);
#433=ORIENTED_EDGE('',*,*,#2938,.F.);
#434=ORIENTED_EDGE('',*,*,#2939,.T.);
#435=ORIENTED_EDGE('',*,*,#2940,.T.);
#436=ORIENTED_EDGE('',*,*,#2941,.F.);
#437=ORIENTED_EDGE('',*,*,#2942,.F.);
#438=ORIENTED_EDGE('',*,*,#2940,.F.);
#439=ORIENTED_EDGE('',*,*,#2943,.F.);
#440=ORIENTED_EDGE('',*,*,#2944,.F.);
#441=ORIENTED_EDGE('',*,*,#2945,.F.);
#442=ORIENTED_EDGE('',*,*,#2946,.F.);
#443=ORIENTED_EDGE('',*,*,#2947,.T.);
#444=ORIENTED_EDGE('',*,*,#2948,.T.);
#445=ORIENTED_EDGE('',*,*,#2949,.F.);
#446=ORIENTED_EDGE('',*,*,#2950,.F.);
#447=ORIENTED_EDGE('',*,*,#2948,.F.);
#448=ORIENTED_EDGE('',*,*,#2951,.F.);
#449=ORIENTED_EDGE('',*,*,#2952,.F.);
#450=ORIENTED_EDGE('',*,*,#2953,.F.);
#451=ORIENTED_EDGE('',*,*,#2954,.F.);
#452=ORIENTED_EDGE('',*,*,#2955,.T.);
#453=ORIENTED_EDGE('',*,*,#2956,.T.);
#454=ORIENTED_EDGE('',*,*,#2957,.F.);
#455=ORIENTED_EDGE('',*,*,#2958,.F.);
#456=ORIENTED_EDGE('',*,*,#2956,.F.);
#457=ORIENTED_EDGE('',*,*,#2959,.F.);
#458=ORIENTED_EDGE('',*,*,#2960,.F.);
#459=ORIENTED_EDGE('',*,*,#2961,.F.);
#460=ORIENTED_EDGE('',*,*,#2962,.T.);
#461=ORIENTED_EDGE('',*,*,#2963,.T.);
#462=ORIENTED_EDGE('',*,*,#2964,.F.);
#463=ORIENTED_EDGE('',*,*,#2965,.F.);
#464=ORIENTED_EDGE('',*,*,#2966,.T.);
#465=ORIENTED_EDGE('',*,*,#2967,.T.);
#466=ORIENTED_EDGE('',*,*,#2968,.T.);
#467=ORIENTED_EDGE('',*,*,#2964,.T.);
#468=ORIENTED_EDGE('',*,*,#2969,.T.);
#469=ORIENTED_EDGE('',*,*,#2970,.F.);
#470=ORIENTED_EDGE('',*,*,#2971,.T.);
#471=ORIENTED_EDGE('',*,*,#2972,.T.);
#472=ORIENTED_EDGE('',*,*,#2973,.F.);
#473=ORIENTED_EDGE('',*,*,#2974,.F.);
#474=ORIENTED_EDGE('',*,*,#2972,.F.);
#475=ORIENTED_EDGE('',*,*,#2975,.F.);
#476=ORIENTED_EDGE('',*,*,#2976,.F.);
#477=ORIENTED_EDGE('',*,*,#2977,.F.);
#478=ORIENTED_EDGE('',*,*,#2978,.T.);
#479=ORIENTED_EDGE('',*,*,#2979,.F.);
#480=ORIENTED_EDGE('',*,*,#2980,.F.);
#481=ORIENTED_EDGE('',*,*,#2981,.T.);
#482=ORIENTED_EDGE('',*,*,#2953,.T.);
#483=ORIENTED_EDGE('',*,*,#2982,.F.);
#484=ORIENTED_EDGE('',*,*,#2983,.T.);
#485=ORIENTED_EDGE('',*,*,#2984,.F.);
#486=ORIENTED_EDGE('',*,*,#2985,.F.);
#487=ORIENTED_EDGE('',*,*,#2986,.T.);
#488=ORIENTED_EDGE('',*,*,#2905,.T.);
#489=ORIENTED_EDGE('',*,*,#2987,.F.);
#490=ORIENTED_EDGE('',*,*,#2988,.T.);
#491=ORIENTED_EDGE('',*,*,#2989,.F.);
#492=ORIENTED_EDGE('',*,*,#2990,.F.);
#493=ORIENTED_EDGE('',*,*,#2991,.T.);
#494=ORIENTED_EDGE('',*,*,#2945,.T.);
#495=ORIENTED_EDGE('',*,*,#2992,.F.);
#496=ORIENTED_EDGE('',*,*,#2993,.T.);
#497=ORIENTED_EDGE('',*,*,#2994,.F.);
#498=ORIENTED_EDGE('',*,*,#2995,.F.);
#499=ORIENTED_EDGE('',*,*,#2996,.T.);
#500=ORIENTED_EDGE('',*,*,#2913,.T.);
#501=ORIENTED_EDGE('',*,*,#2997,.F.);
#502=ORIENTED_EDGE('',*,*,#2998,.T.);
#503=ORIENTED_EDGE('',*,*,#2999,.F.);
#504=ORIENTED_EDGE('',*,*,#3000,.F.);
#505=ORIENTED_EDGE('',*,*,#3001,.T.);
#506=ORIENTED_EDGE('',*,*,#2937,.T.);
#507=ORIENTED_EDGE('',*,*,#3002,.F.);
#508=ORIENTED_EDGE('',*,*,#3003,.T.);
#509=ORIENTED_EDGE('',*,*,#3004,.F.);
#510=ORIENTED_EDGE('',*,*,#3005,.F.);
#511=ORIENTED_EDGE('',*,*,#3006,.T.);
#512=ORIENTED_EDGE('',*,*,#2921,.T.);
#513=ORIENTED_EDGE('',*,*,#3007,.F.);
#514=ORIENTED_EDGE('',*,*,#3008,.T.);
#515=ORIENTED_EDGE('',*,*,#3009,.F.);
#516=ORIENTED_EDGE('',*,*,#3010,.F.);
#517=ORIENTED_EDGE('',*,*,#3011,.T.);
#518=ORIENTED_EDGE('',*,*,#2929,.T.);
#519=ORIENTED_EDGE('',*,*,#3012,.F.);
#520=ORIENTED_EDGE('',*,*,#3013,.T.);
#521=ORIENTED_EDGE('',*,*,#3014,.F.);
#522=ORIENTED_EDGE('',*,*,#3015,.F.);
#523=ORIENTED_EDGE('',*,*,#3016,.T.);
#524=ORIENTED_EDGE('',*,*,#2977,.T.);
#525=ORIENTED_EDGE('',*,*,#3017,.F.);
#526=ORIENTED_EDGE('',*,*,#3018,.T.);
#527=ORIENTED_EDGE('',*,*,#3019,.F.);
#528=ORIENTED_EDGE('',*,*,#3020,.F.);
#529=ORIENTED_EDGE('',*,*,#3021,.T.);
#530=ORIENTED_EDGE('',*,*,#2961,.T.);
#531=ORIENTED_EDGE('',*,*,#3022,.F.);
#532=ORIENTED_EDGE('',*,*,#3023,.F.);
#533=ORIENTED_EDGE('',*,*,#3024,.F.);
#534=ORIENTED_EDGE('',*,*,#3025,.T.);
#535=ORIENTED_EDGE('',*,*,#3026,.T.);
#536=ORIENTED_EDGE('',*,*,#2969,.F.);
#537=ORIENTED_EDGE('',*,*,#3027,.T.);
#538=ORIENTED_EDGE('',*,*,#3028,.F.);
#539=ORIENTED_EDGE('',*,*,#3029,.T.);
#540=ORIENTED_EDGE('',*,*,#3030,.T.);
#541=ORIENTED_EDGE('',*,*,#2904,.T.);
#542=ORIENTED_EDGE('',*,*,#3031,.F.);
#543=ORIENTED_EDGE('',*,*,#3032,.F.);
#544=ORIENTED_EDGE('',*,*,#3033,.F.);
#545=ORIENTED_EDGE('',*,*,#3034,.F.);
#546=ORIENTED_EDGE('',*,*,#3035,.T.);
#547=ORIENTED_EDGE('',*,*,#3032,.T.);
#548=ORIENTED_EDGE('',*,*,#3036,.F.);
#549=ORIENTED_EDGE('',*,*,#3037,.F.);
#550=ORIENTED_EDGE('',*,*,#2901,.T.);
#551=ORIENTED_EDGE('',*,*,#2902,.T.);
#552=ORIENTED_EDGE('',*,*,#3030,.F.);
#553=ORIENTED_EDGE('',*,*,#2898,.T.);
#554=ORIENTED_EDGE('',*,*,#3037,.T.);
#555=ORIENTED_EDGE('',*,*,#3038,.T.);
#556=ORIENTED_EDGE('',*,*,#3039,.T.);
#557=ORIENTED_EDGE('',*,*,#3040,.T.);
#558=ORIENTED_EDGE('',*,*,#3041,.T.);
#559=ORIENTED_EDGE('',*,*,#3042,.T.);
#560=ORIENTED_EDGE('',*,*,#3028,.T.);
#561=ORIENTED_EDGE('',*,*,#2903,.T.);
#562=ORIENTED_EDGE('',*,*,#2899,.F.);
#563=ORIENTED_EDGE('',*,*,#3039,.F.);
#564=ORIENTED_EDGE('',*,*,#3043,.F.);
#565=ORIENTED_EDGE('',*,*,#3041,.F.);
#566=ORIENTED_EDGE('',*,*,#3044,.F.);
#567=ORIENTED_EDGE('',*,*,#3045,.F.);
#568=ORIENTED_EDGE('',*,*,#3046,.F.);
#569=ORIENTED_EDGE('',*,*,#3047,.T.);
#570=ORIENTED_EDGE('',*,*,#3048,.T.);
#571=ORIENTED_EDGE('',*,*,#2912,.T.);
#572=ORIENTED_EDGE('',*,*,#3049,.F.);
#573=ORIENTED_EDGE('',*,*,#3050,.F.);
#574=ORIENTED_EDGE('',*,*,#3051,.F.);
#575=ORIENTED_EDGE('',*,*,#3052,.F.);
#576=ORIENTED_EDGE('',*,*,#3053,.T.);
#577=ORIENTED_EDGE('',*,*,#3050,.T.);
#578=ORIENTED_EDGE('',*,*,#3054,.F.);
#579=ORIENTED_EDGE('',*,*,#3055,.F.);
#580=ORIENTED_EDGE('',*,*,#2909,.T.);
#581=ORIENTED_EDGE('',*,*,#2910,.T.);
#582=ORIENTED_EDGE('',*,*,#3048,.F.);
#583=ORIENTED_EDGE('',*,*,#2906,.T.);
#584=ORIENTED_EDGE('',*,*,#3055,.T.);
#585=ORIENTED_EDGE('',*,*,#3056,.T.);
#586=ORIENTED_EDGE('',*,*,#3057,.T.);
#587=ORIENTED_EDGE('',*,*,#3058,.T.);
#588=ORIENTED_EDGE('',*,*,#3059,.T.);
#589=ORIENTED_EDGE('',*,*,#3060,.T.);
#590=ORIENTED_EDGE('',*,*,#3046,.T.);
#591=ORIENTED_EDGE('',*,*,#2911,.T.);
#592=ORIENTED_EDGE('',*,*,#2907,.F.);
#593=ORIENTED_EDGE('',*,*,#3057,.F.);
#594=ORIENTED_EDGE('',*,*,#3061,.F.);
#595=ORIENTED_EDGE('',*,*,#3059,.F.);
#596=ORIENTED_EDGE('',*,*,#3062,.F.);
#597=ORIENTED_EDGE('',*,*,#3063,.F.);
#598=ORIENTED_EDGE('',*,*,#3064,.F.);
#599=ORIENTED_EDGE('',*,*,#3065,.T.);
#600=ORIENTED_EDGE('',*,*,#3066,.T.);
#601=ORIENTED_EDGE('',*,*,#2920,.T.);
#602=ORIENTED_EDGE('',*,*,#3067,.F.);
#603=ORIENTED_EDGE('',*,*,#3068,.F.);
#604=ORIENTED_EDGE('',*,*,#3069,.F.);
#605=ORIENTED_EDGE('',*,*,#3070,.F.);
#606=ORIENTED_EDGE('',*,*,#3071,.T.);
#607=ORIENTED_EDGE('',*,*,#3068,.T.);
#608=ORIENTED_EDGE('',*,*,#3072,.F.);
#609=ORIENTED_EDGE('',*,*,#3073,.F.);
#610=ORIENTED_EDGE('',*,*,#2917,.T.);
#611=ORIENTED_EDGE('',*,*,#2918,.T.);
#612=ORIENTED_EDGE('',*,*,#3066,.F.);
#613=ORIENTED_EDGE('',*,*,#2914,.T.);
#614=ORIENTED_EDGE('',*,*,#3073,.T.);
#615=ORIENTED_EDGE('',*,*,#3074,.T.);
#616=ORIENTED_EDGE('',*,*,#3075,.T.);
#617=ORIENTED_EDGE('',*,*,#3076,.T.);
#618=ORIENTED_EDGE('',*,*,#3077,.T.);
#619=ORIENTED_EDGE('',*,*,#3078,.T.);
#620=ORIENTED_EDGE('',*,*,#3064,.T.);
#621=ORIENTED_EDGE('',*,*,#2919,.T.);
#622=ORIENTED_EDGE('',*,*,#2915,.F.);
#623=ORIENTED_EDGE('',*,*,#3075,.F.);
#624=ORIENTED_EDGE('',*,*,#3079,.F.);
#625=ORIENTED_EDGE('',*,*,#3077,.F.);
#626=ORIENTED_EDGE('',*,*,#3080,.F.);
#627=ORIENTED_EDGE('',*,*,#3081,.F.);
#628=ORIENTED_EDGE('',*,*,#3082,.F.);
#629=ORIENTED_EDGE('',*,*,#3083,.T.);
#630=ORIENTED_EDGE('',*,*,#3084,.T.);
#631=ORIENTED_EDGE('',*,*,#2928,.T.);
#632=ORIENTED_EDGE('',*,*,#3085,.F.);
#633=ORIENTED_EDGE('',*,*,#3086,.F.);
#634=ORIENTED_EDGE('',*,*,#3087,.F.);
#635=ORIENTED_EDGE('',*,*,#3088,.F.);
#636=ORIENTED_EDGE('',*,*,#3089,.T.);
#637=ORIENTED_EDGE('',*,*,#3086,.T.);
#638=ORIENTED_EDGE('',*,*,#3090,.F.);
#639=ORIENTED_EDGE('',*,*,#3091,.F.);
#640=ORIENTED_EDGE('',*,*,#2925,.T.);
#641=ORIENTED_EDGE('',*,*,#2926,.T.);
#642=ORIENTED_EDGE('',*,*,#3084,.F.);
#643=ORIENTED_EDGE('',*,*,#2922,.T.);
#644=ORIENTED_EDGE('',*,*,#3091,.T.);
#645=ORIENTED_EDGE('',*,*,#3092,.T.);
#646=ORIENTED_EDGE('',*,*,#3093,.T.);
#647=ORIENTED_EDGE('',*,*,#3094,.T.);
#648=ORIENTED_EDGE('',*,*,#3095,.T.);
#649=ORIENTED_EDGE('',*,*,#3096,.T.);
#650=ORIENTED_EDGE('',*,*,#3082,.T.);
#651=ORIENTED_EDGE('',*,*,#2927,.T.);
#652=ORIENTED_EDGE('',*,*,#2923,.F.);
#653=ORIENTED_EDGE('',*,*,#3093,.F.);
#654=ORIENTED_EDGE('',*,*,#3097,.F.);
#655=ORIENTED_EDGE('',*,*,#3095,.F.);
#656=ORIENTED_EDGE('',*,*,#3098,.F.);
#657=ORIENTED_EDGE('',*,*,#3099,.F.);
#658=ORIENTED_EDGE('',*,*,#3100,.F.);
#659=ORIENTED_EDGE('',*,*,#3101,.T.);
#660=ORIENTED_EDGE('',*,*,#3102,.T.);
#661=ORIENTED_EDGE('',*,*,#2936,.T.);
#662=ORIENTED_EDGE('',*,*,#3103,.F.);
#663=ORIENTED_EDGE('',*,*,#3104,.F.);
#664=ORIENTED_EDGE('',*,*,#3105,.F.);
#665=ORIENTED_EDGE('',*,*,#3106,.F.);
#666=ORIENTED_EDGE('',*,*,#3107,.T.);
#667=ORIENTED_EDGE('',*,*,#3104,.T.);
#668=ORIENTED_EDGE('',*,*,#3108,.F.);
#669=ORIENTED_EDGE('',*,*,#3109,.F.);
#670=ORIENTED_EDGE('',*,*,#2933,.T.);
#671=ORIENTED_EDGE('',*,*,#2934,.T.);
#672=ORIENTED_EDGE('',*,*,#3102,.F.);
#673=ORIENTED_EDGE('',*,*,#2930,.T.);
#674=ORIENTED_EDGE('',*,*,#3109,.T.);
#675=ORIENTED_EDGE('',*,*,#3110,.T.);
#676=ORIENTED_EDGE('',*,*,#3111,.T.);
#677=ORIENTED_EDGE('',*,*,#3112,.T.);
#678=ORIENTED_EDGE('',*,*,#3113,.T.);
#679=ORIENTED_EDGE('',*,*,#3114,.T.);
#680=ORIENTED_EDGE('',*,*,#3100,.T.);
#681=ORIENTED_EDGE('',*,*,#2935,.T.);
#682=ORIENTED_EDGE('',*,*,#2931,.F.);
#683=ORIENTED_EDGE('',*,*,#3111,.F.);
#684=ORIENTED_EDGE('',*,*,#3115,.F.);
#685=ORIENTED_EDGE('',*,*,#3113,.F.);
#686=ORIENTED_EDGE('',*,*,#3116,.F.);
#687=ORIENTED_EDGE('',*,*,#3117,.F.);
#688=ORIENTED_EDGE('',*,*,#3118,.F.);
#689=ORIENTED_EDGE('',*,*,#3119,.T.);
#690=ORIENTED_EDGE('',*,*,#3120,.T.);
#691=ORIENTED_EDGE('',*,*,#2944,.T.);
#692=ORIENTED_EDGE('',*,*,#3121,.F.);
#693=ORIENTED_EDGE('',*,*,#3122,.F.);
#694=ORIENTED_EDGE('',*,*,#3123,.F.);
#695=ORIENTED_EDGE('',*,*,#3124,.F.);
#696=ORIENTED_EDGE('',*,*,#3125,.T.);
#697=ORIENTED_EDGE('',*,*,#3122,.T.);
#698=ORIENTED_EDGE('',*,*,#3126,.F.);
#699=ORIENTED_EDGE('',*,*,#3127,.F.);
#700=ORIENTED_EDGE('',*,*,#2941,.T.);
#701=ORIENTED_EDGE('',*,*,#2942,.T.);
#702=ORIENTED_EDGE('',*,*,#3120,.F.);
#703=ORIENTED_EDGE('',*,*,#2938,.T.);
#704=ORIENTED_EDGE('',*,*,#3127,.T.);
#705=ORIENTED_EDGE('',*,*,#3128,.T.);
#706=ORIENTED_EDGE('',*,*,#3129,.T.);
#707=ORIENTED_EDGE('',*,*,#3130,.T.);
#708=ORIENTED_EDGE('',*,*,#3131,.T.);
#709=ORIENTED_EDGE('',*,*,#3132,.T.);
#710=ORIENTED_EDGE('',*,*,#3118,.T.);
#711=ORIENTED_EDGE('',*,*,#2943,.T.);
#712=ORIENTED_EDGE('',*,*,#2939,.F.);
#713=ORIENTED_EDGE('',*,*,#3129,.F.);
#714=ORIENTED_EDGE('',*,*,#3133,.F.);
#715=ORIENTED_EDGE('',*,*,#3131,.F.);
#716=ORIENTED_EDGE('',*,*,#3134,.F.);
#717=ORIENTED_EDGE('',*,*,#3135,.F.);
#718=ORIENTED_EDGE('',*,*,#3136,.F.);
#719=ORIENTED_EDGE('',*,*,#3137,.T.);
#720=ORIENTED_EDGE('',*,*,#3138,.T.);
#721=ORIENTED_EDGE('',*,*,#2952,.T.);
#722=ORIENTED_EDGE('',*,*,#3139,.F.);
#723=ORIENTED_EDGE('',*,*,#3140,.F.);
#724=ORIENTED_EDGE('',*,*,#3141,.F.);
#725=ORIENTED_EDGE('',*,*,#3142,.F.);
#726=ORIENTED_EDGE('',*,*,#3143,.T.);
#727=ORIENTED_EDGE('',*,*,#3140,.T.);
#728=ORIENTED_EDGE('',*,*,#3144,.F.);
#729=ORIENTED_EDGE('',*,*,#3145,.F.);
#730=ORIENTED_EDGE('',*,*,#2949,.T.);
#731=ORIENTED_EDGE('',*,*,#2950,.T.);
#732=ORIENTED_EDGE('',*,*,#3138,.F.);
#733=ORIENTED_EDGE('',*,*,#2946,.T.);
#734=ORIENTED_EDGE('',*,*,#3145,.T.);
#735=ORIENTED_EDGE('',*,*,#3146,.T.);
#736=ORIENTED_EDGE('',*,*,#3147,.T.);
#737=ORIENTED_EDGE('',*,*,#3148,.T.);
#738=ORIENTED_EDGE('',*,*,#3149,.T.);
#739=ORIENTED_EDGE('',*,*,#3150,.T.);
#740=ORIENTED_EDGE('',*,*,#3136,.T.);
#741=ORIENTED_EDGE('',*,*,#2951,.T.);
#742=ORIENTED_EDGE('',*,*,#2947,.F.);
#743=ORIENTED_EDGE('',*,*,#3147,.F.);
#744=ORIENTED_EDGE('',*,*,#3151,.F.);
#745=ORIENTED_EDGE('',*,*,#3149,.F.);
#746=ORIENTED_EDGE('',*,*,#3152,.F.);
#747=ORIENTED_EDGE('',*,*,#3153,.F.);
#748=ORIENTED_EDGE('',*,*,#3154,.F.);
#749=ORIENTED_EDGE('',*,*,#3155,.T.);
#750=ORIENTED_EDGE('',*,*,#3156,.T.);
#751=ORIENTED_EDGE('',*,*,#2960,.T.);
#752=ORIENTED_EDGE('',*,*,#3157,.F.);
#753=ORIENTED_EDGE('',*,*,#3158,.F.);
#754=ORIENTED_EDGE('',*,*,#3159,.F.);
#755=ORIENTED_EDGE('',*,*,#3160,.F.);
#756=ORIENTED_EDGE('',*,*,#3161,.T.);
#757=ORIENTED_EDGE('',*,*,#3158,.T.);
#758=ORIENTED_EDGE('',*,*,#3162,.F.);
#759=ORIENTED_EDGE('',*,*,#3163,.F.);
#760=ORIENTED_EDGE('',*,*,#2957,.T.);
#761=ORIENTED_EDGE('',*,*,#2958,.T.);
#762=ORIENTED_EDGE('',*,*,#3156,.F.);
#763=ORIENTED_EDGE('',*,*,#2954,.T.);
#764=ORIENTED_EDGE('',*,*,#3163,.T.);
#765=ORIENTED_EDGE('',*,*,#3164,.T.);
#766=ORIENTED_EDGE('',*,*,#3165,.T.);
#767=ORIENTED_EDGE('',*,*,#3166,.T.);
#768=ORIENTED_EDGE('',*,*,#3167,.T.);
#769=ORIENTED_EDGE('',*,*,#3168,.T.);
#770=ORIENTED_EDGE('',*,*,#3154,.T.);
#771=ORIENTED_EDGE('',*,*,#2959,.T.);
#772=ORIENTED_EDGE('',*,*,#2955,.F.);
#773=ORIENTED_EDGE('',*,*,#3165,.F.);
#774=ORIENTED_EDGE('',*,*,#3169,.F.);
#775=ORIENTED_EDGE('',*,*,#3167,.F.);
#776=ORIENTED_EDGE('',*,*,#3170,.F.);
#777=ORIENTED_EDGE('',*,*,#3171,.F.);
#778=ORIENTED_EDGE('',*,*,#3172,.T.);
#779=ORIENTED_EDGE('',*,*,#2967,.F.);
#780=ORIENTED_EDGE('',*,*,#3173,.F.);
#781=ORIENTED_EDGE('',*,*,#3174,.F.);
#782=ORIENTED_EDGE('',*,*,#3175,.T.);
#783=ORIENTED_EDGE('',*,*,#3176,.T.);
#784=ORIENTED_EDGE('',*,*,#3177,.T.);
#785=ORIENTED_EDGE('',*,*,#3178,.T.);
#786=ORIENTED_EDGE('',*,*,#3179,.F.);
#787=ORIENTED_EDGE('',*,*,#3180,.T.);
#788=ORIENTED_EDGE('',*,*,#2965,.T.);
#789=ORIENTED_EDGE('',*,*,#2968,.F.);
#790=ORIENTED_EDGE('',*,*,#3172,.F.);
#791=ORIENTED_EDGE('',*,*,#3181,.F.);
#792=ORIENTED_EDGE('',*,*,#3178,.F.);
#793=ORIENTED_EDGE('',*,*,#2962,.F.);
#794=ORIENTED_EDGE('',*,*,#3180,.F.);
#795=ORIENTED_EDGE('',*,*,#3182,.F.);
#796=ORIENTED_EDGE('',*,*,#3183,.F.);
#797=ORIENTED_EDGE('',*,*,#3184,.F.);
#798=ORIENTED_EDGE('',*,*,#3173,.T.);
#799=ORIENTED_EDGE('',*,*,#2966,.F.);
#800=ORIENTED_EDGE('',*,*,#2963,.F.);
#801=ORIENTED_EDGE('',*,*,#3183,.T.);
#802=ORIENTED_EDGE('',*,*,#3185,.T.);
#803=ORIENTED_EDGE('',*,*,#3186,.F.);
#804=ORIENTED_EDGE('',*,*,#3187,.T.);
#805=ORIENTED_EDGE('',*,*,#3188,.T.);
#806=ORIENTED_EDGE('',*,*,#3189,.T.);
#807=ORIENTED_EDGE('',*,*,#3186,.T.);
#808=ORIENTED_EDGE('',*,*,#3190,.F.);
#809=ORIENTED_EDGE('',*,*,#3191,.T.);
#810=ORIENTED_EDGE('',*,*,#3192,.T.);
#811=ORIENTED_EDGE('',*,*,#2976,.T.);
#812=ORIENTED_EDGE('',*,*,#3193,.F.);
#813=ORIENTED_EDGE('',*,*,#3194,.F.);
#814=ORIENTED_EDGE('',*,*,#3195,.F.);
#815=ORIENTED_EDGE('',*,*,#3196,.F.);
#816=ORIENTED_EDGE('',*,*,#3197,.T.);
#817=ORIENTED_EDGE('',*,*,#3194,.T.);
#818=ORIENTED_EDGE('',*,*,#3198,.F.);
#819=ORIENTED_EDGE('',*,*,#3199,.F.);
#820=ORIENTED_EDGE('',*,*,#2973,.T.);
#821=ORIENTED_EDGE('',*,*,#2974,.T.);
#822=ORIENTED_EDGE('',*,*,#3192,.F.);
#823=ORIENTED_EDGE('',*,*,#2970,.T.);
#824=ORIENTED_EDGE('',*,*,#3199,.T.);
#825=ORIENTED_EDGE('',*,*,#3200,.T.);
#826=ORIENTED_EDGE('',*,*,#3201,.T.);
#827=ORIENTED_EDGE('',*,*,#3202,.T.);
#828=ORIENTED_EDGE('',*,*,#3203,.T.);
#829=ORIENTED_EDGE('',*,*,#3204,.T.);
#830=ORIENTED_EDGE('',*,*,#3190,.T.);
#831=ORIENTED_EDGE('',*,*,#2975,.T.);
#832=ORIENTED_EDGE('',*,*,#2971,.F.);
#833=ORIENTED_EDGE('',*,*,#3201,.F.);
#834=ORIENTED_EDGE('',*,*,#3205,.F.);
#835=ORIENTED_EDGE('',*,*,#3203,.F.);
#836=ORIENTED_EDGE('',*,*,#3206,.F.);
#837=ORIENTED_EDGE('',*,*,#3207,.F.);
#838=ORIENTED_EDGE('',*,*,#3208,.T.);
#839=ORIENTED_EDGE('',*,*,#3209,.T.);
#840=ORIENTED_EDGE('',*,*,#3210,.T.);
#841=ORIENTED_EDGE('',*,*,#3211,.T.);
#842=ORIENTED_EDGE('',*,*,#3210,.F.);
#843=ORIENTED_EDGE('',*,*,#3212,.T.);
#844=ORIENTED_EDGE('',*,*,#3213,.T.);
#845=ORIENTED_EDGE('',*,*,#3214,.F.);
#846=ORIENTED_EDGE('',*,*,#3213,.F.);
#847=ORIENTED_EDGE('',*,*,#3215,.T.);
#848=ORIENTED_EDGE('',*,*,#3216,.F.);
#849=ORIENTED_EDGE('',*,*,#3217,.T.);
#850=ORIENTED_EDGE('',*,*,#3218,.T.);
#851=ORIENTED_EDGE('',*,*,#3219,.F.);
#852=ORIENTED_EDGE('',*,*,#3220,.F.);
#853=ORIENTED_EDGE('',*,*,#2979,.T.);
#854=ORIENTED_EDGE('',*,*,#3220,.T.);
#855=ORIENTED_EDGE('',*,*,#3221,.T.);
#856=ORIENTED_EDGE('',*,*,#3222,.T.);
#857=ORIENTED_EDGE('',*,*,#2980,.T.);
#858=ORIENTED_EDGE('',*,*,#3223,.T.);
#859=ORIENTED_EDGE('',*,*,#2981,.F.);
#860=ORIENTED_EDGE('',*,*,#3222,.F.);
#861=ORIENTED_EDGE('',*,*,#3224,.T.);
#862=ORIENTED_EDGE('',*,*,#2982,.T.);
#863=ORIENTED_EDGE('',*,*,#3211,.F.);
#864=ORIENTED_EDGE('',*,*,#3214,.T.);
#865=ORIENTED_EDGE('',*,*,#3217,.F.);
#866=ORIENTED_EDGE('',*,*,#3225,.F.);
#867=ORIENTED_EDGE('',*,*,#3226,.F.);
#868=ORIENTED_EDGE('',*,*,#3227,.F.);
#869=ORIENTED_EDGE('',*,*,#3228,.F.);
#870=ORIENTED_EDGE('',*,*,#3229,.F.);
#871=ORIENTED_EDGE('',*,*,#3230,.F.);
#872=ORIENTED_EDGE('',*,*,#3218,.F.);
#873=ORIENTED_EDGE('',*,*,#2978,.F.);
#874=ORIENTED_EDGE('',*,*,#3223,.F.);
#875=ORIENTED_EDGE('',*,*,#3231,.F.);
#876=ORIENTED_EDGE('',*,*,#3232,.F.);
#877=ORIENTED_EDGE('',*,*,#3233,.F.);
#878=ORIENTED_EDGE('',*,*,#3234,.F.);
#879=ORIENTED_EDGE('',*,*,#3235,.F.);
#880=ORIENTED_EDGE('',*,*,#3236,.F.);
#881=ORIENTED_EDGE('',*,*,#3237,.T.);
#882=ORIENTED_EDGE('',*,*,#3238,.T.);
#883=ORIENTED_EDGE('',*,*,#3239,.T.);
#884=ORIENTED_EDGE('',*,*,#3240,.T.);
#885=ORIENTED_EDGE('',*,*,#3239,.F.);
#886=ORIENTED_EDGE('',*,*,#3241,.T.);
#887=ORIENTED_EDGE('',*,*,#3242,.T.);
#888=ORIENTED_EDGE('',*,*,#3243,.F.);
#889=ORIENTED_EDGE('',*,*,#3242,.F.);
#890=ORIENTED_EDGE('',*,*,#3244,.T.);
#891=ORIENTED_EDGE('',*,*,#3245,.F.);
#892=ORIENTED_EDGE('',*,*,#3246,.T.);
#893=ORIENTED_EDGE('',*,*,#3247,.T.);
#894=ORIENTED_EDGE('',*,*,#3248,.F.);
#895=ORIENTED_EDGE('',*,*,#3249,.F.);
#896=ORIENTED_EDGE('',*,*,#2984,.T.);
#897=ORIENTED_EDGE('',*,*,#3249,.T.);
#898=ORIENTED_EDGE('',*,*,#3250,.T.);
#899=ORIENTED_EDGE('',*,*,#3251,.T.);
#900=ORIENTED_EDGE('',*,*,#2985,.T.);
#901=ORIENTED_EDGE('',*,*,#3252,.T.);
#902=ORIENTED_EDGE('',*,*,#2986,.F.);
#903=ORIENTED_EDGE('',*,*,#3251,.F.);
#904=ORIENTED_EDGE('',*,*,#3253,.T.);
#905=ORIENTED_EDGE('',*,*,#2987,.T.);
#906=ORIENTED_EDGE('',*,*,#3240,.F.);
#907=ORIENTED_EDGE('',*,*,#3243,.T.);
#908=ORIENTED_EDGE('',*,*,#3246,.F.);
#909=ORIENTED_EDGE('',*,*,#3254,.F.);
#910=ORIENTED_EDGE('',*,*,#3255,.F.);
#911=ORIENTED_EDGE('',*,*,#3256,.F.);
#912=ORIENTED_EDGE('',*,*,#3257,.F.);
#913=ORIENTED_EDGE('',*,*,#3258,.F.);
#914=ORIENTED_EDGE('',*,*,#3259,.F.);
#915=ORIENTED_EDGE('',*,*,#3247,.F.);
#916=ORIENTED_EDGE('',*,*,#2983,.F.);
#917=ORIENTED_EDGE('',*,*,#3252,.F.);
#918=ORIENTED_EDGE('',*,*,#3260,.F.);
#919=ORIENTED_EDGE('',*,*,#3261,.F.);
#920=ORIENTED_EDGE('',*,*,#3262,.F.);
#921=ORIENTED_EDGE('',*,*,#3263,.F.);
#922=ORIENTED_EDGE('',*,*,#3264,.F.);
#923=ORIENTED_EDGE('',*,*,#3265,.F.);
#924=ORIENTED_EDGE('',*,*,#3266,.T.);
#925=ORIENTED_EDGE('',*,*,#3267,.T.);
#926=ORIENTED_EDGE('',*,*,#3268,.T.);
#927=ORIENTED_EDGE('',*,*,#3269,.T.);
#928=ORIENTED_EDGE('',*,*,#3268,.F.);
#929=ORIENTED_EDGE('',*,*,#3270,.T.);
#930=ORIENTED_EDGE('',*,*,#3271,.T.);
#931=ORIENTED_EDGE('',*,*,#3272,.F.);
#932=ORIENTED_EDGE('',*,*,#3271,.F.);
#933=ORIENTED_EDGE('',*,*,#3273,.T.);
#934=ORIENTED_EDGE('',*,*,#3274,.F.);
#935=ORIENTED_EDGE('',*,*,#3275,.T.);
#936=ORIENTED_EDGE('',*,*,#3276,.T.);
#937=ORIENTED_EDGE('',*,*,#3277,.F.);
#938=ORIENTED_EDGE('',*,*,#3278,.F.);
#939=ORIENTED_EDGE('',*,*,#2989,.T.);
#940=ORIENTED_EDGE('',*,*,#3278,.T.);
#941=ORIENTED_EDGE('',*,*,#3279,.T.);
#942=ORIENTED_EDGE('',*,*,#3280,.T.);
#943=ORIENTED_EDGE('',*,*,#2990,.T.);
#944=ORIENTED_EDGE('',*,*,#3281,.T.);
#945=ORIENTED_EDGE('',*,*,#2991,.F.);
#946=ORIENTED_EDGE('',*,*,#3280,.F.);
#947=ORIENTED_EDGE('',*,*,#3282,.T.);
#948=ORIENTED_EDGE('',*,*,#2992,.T.);
#949=ORIENTED_EDGE('',*,*,#3269,.F.);
#950=ORIENTED_EDGE('',*,*,#3272,.T.);
#951=ORIENTED_EDGE('',*,*,#3275,.F.);
#952=ORIENTED_EDGE('',*,*,#3283,.F.);
#953=ORIENTED_EDGE('',*,*,#3284,.F.);
#954=ORIENTED_EDGE('',*,*,#3285,.F.);
#955=ORIENTED_EDGE('',*,*,#3286,.F.);
#956=ORIENTED_EDGE('',*,*,#3287,.F.);
#957=ORIENTED_EDGE('',*,*,#3288,.F.);
#958=ORIENTED_EDGE('',*,*,#3276,.F.);
#959=ORIENTED_EDGE('',*,*,#2988,.F.);
#960=ORIENTED_EDGE('',*,*,#3281,.F.);
#961=ORIENTED_EDGE('',*,*,#3289,.F.);
#962=ORIENTED_EDGE('',*,*,#3290,.F.);
#963=ORIENTED_EDGE('',*,*,#3291,.F.);
#964=ORIENTED_EDGE('',*,*,#3292,.F.);
#965=ORIENTED_EDGE('',*,*,#3293,.F.);
#966=ORIENTED_EDGE('',*,*,#3294,.F.);
#967=ORIENTED_EDGE('',*,*,#3295,.T.);
#968=ORIENTED_EDGE('',*,*,#3296,.T.);
#969=ORIENTED_EDGE('',*,*,#3297,.T.);
#970=ORIENTED_EDGE('',*,*,#3298,.T.);
#971=ORIENTED_EDGE('',*,*,#3297,.F.);
#972=ORIENTED_EDGE('',*,*,#3299,.T.);
#973=ORIENTED_EDGE('',*,*,#3300,.T.);
#974=ORIENTED_EDGE('',*,*,#3301,.F.);
#975=ORIENTED_EDGE('',*,*,#3300,.F.);
#976=ORIENTED_EDGE('',*,*,#3302,.T.);
#977=ORIENTED_EDGE('',*,*,#3303,.F.);
#978=ORIENTED_EDGE('',*,*,#3304,.T.);
#979=ORIENTED_EDGE('',*,*,#3305,.T.);
#980=ORIENTED_EDGE('',*,*,#3306,.F.);
#981=ORIENTED_EDGE('',*,*,#3307,.F.);
#982=ORIENTED_EDGE('',*,*,#2994,.T.);
#983=ORIENTED_EDGE('',*,*,#3307,.T.);
#984=ORIENTED_EDGE('',*,*,#3308,.T.);
#985=ORIENTED_EDGE('',*,*,#3309,.T.);
#986=ORIENTED_EDGE('',*,*,#2995,.T.);
#987=ORIENTED_EDGE('',*,*,#3310,.T.);
#988=ORIENTED_EDGE('',*,*,#2996,.F.);
#989=ORIENTED_EDGE('',*,*,#3309,.F.);
#990=ORIENTED_EDGE('',*,*,#3311,.T.);
#991=ORIENTED_EDGE('',*,*,#2997,.T.);
#992=ORIENTED_EDGE('',*,*,#3298,.F.);
#993=ORIENTED_EDGE('',*,*,#3301,.T.);
#994=ORIENTED_EDGE('',*,*,#3304,.F.);
#995=ORIENTED_EDGE('',*,*,#3312,.F.);
#996=ORIENTED_EDGE('',*,*,#3313,.F.);
#997=ORIENTED_EDGE('',*,*,#3314,.F.);
#998=ORIENTED_EDGE('',*,*,#3315,.F.);
#999=ORIENTED_EDGE('',*,*,#3316,.F.);
#1000=ORIENTED_EDGE('',*,*,#3317,.F.);
#1001=ORIENTED_EDGE('',*,*,#3305,.F.);
#1002=ORIENTED_EDGE('',*,*,#2993,.F.);
#1003=ORIENTED_EDGE('',*,*,#3310,.F.);
#1004=ORIENTED_EDGE('',*,*,#3318,.F.);
#1005=ORIENTED_EDGE('',*,*,#3319,.F.);
#1006=ORIENTED_EDGE('',*,*,#3320,.F.);
#1007=ORIENTED_EDGE('',*,*,#3321,.F.);
#1008=ORIENTED_EDGE('',*,*,#3322,.F.);
#1009=ORIENTED_EDGE('',*,*,#3323,.F.);
#1010=ORIENTED_EDGE('',*,*,#3324,.T.);
#1011=ORIENTED_EDGE('',*,*,#3325,.T.);
#1012=ORIENTED_EDGE('',*,*,#3326,.T.);
#1013=ORIENTED_EDGE('',*,*,#3327,.T.);
#1014=ORIENTED_EDGE('',*,*,#3326,.F.);
#1015=ORIENTED_EDGE('',*,*,#3328,.T.);
#1016=ORIENTED_EDGE('',*,*,#3329,.T.);
#1017=ORIENTED_EDGE('',*,*,#3330,.F.);
#1018=ORIENTED_EDGE('',*,*,#3329,.F.);
#1019=ORIENTED_EDGE('',*,*,#3331,.T.);
#1020=ORIENTED_EDGE('',*,*,#3332,.F.);
#1021=ORIENTED_EDGE('',*,*,#3333,.T.);
#1022=ORIENTED_EDGE('',*,*,#3334,.T.);
#1023=ORIENTED_EDGE('',*,*,#3335,.F.);
#1024=ORIENTED_EDGE('',*,*,#3336,.F.);
#1025=ORIENTED_EDGE('',*,*,#2999,.T.);
#1026=ORIENTED_EDGE('',*,*,#3336,.T.);
#1027=ORIENTED_EDGE('',*,*,#3337,.T.);
#1028=ORIENTED_EDGE('',*,*,#3338,.T.);
#1029=ORIENTED_EDGE('',*,*,#3000,.T.);
#1030=ORIENTED_EDGE('',*,*,#3339,.T.);
#1031=ORIENTED_EDGE('',*,*,#3001,.F.);
#1032=ORIENTED_EDGE('',*,*,#3338,.F.);
#1033=ORIENTED_EDGE('',*,*,#3340,.T.);
#1034=ORIENTED_EDGE('',*,*,#3002,.T.);
#1035=ORIENTED_EDGE('',*,*,#3327,.F.);
#1036=ORIENTED_EDGE('',*,*,#3330,.T.);
#1037=ORIENTED_EDGE('',*,*,#3333,.F.);
#1038=ORIENTED_EDGE('',*,*,#3341,.F.);
#1039=ORIENTED_EDGE('',*,*,#3342,.F.);
#1040=ORIENTED_EDGE('',*,*,#3343,.F.);
#1041=ORIENTED_EDGE('',*,*,#3344,.F.);
#1042=ORIENTED_EDGE('',*,*,#3345,.F.);
#1043=ORIENTED_EDGE('',*,*,#3346,.F.);
#1044=ORIENTED_EDGE('',*,*,#3334,.F.);
#1045=ORIENTED_EDGE('',*,*,#2998,.F.);
#1046=ORIENTED_EDGE('',*,*,#3339,.F.);
#1047=ORIENTED_EDGE('',*,*,#3347,.F.);
#1048=ORIENTED_EDGE('',*,*,#3348,.F.);
#1049=ORIENTED_EDGE('',*,*,#3349,.F.);
#1050=ORIENTED_EDGE('',*,*,#3350,.F.);
#1051=ORIENTED_EDGE('',*,*,#3351,.F.);
#1052=ORIENTED_EDGE('',*,*,#3352,.F.);
#1053=ORIENTED_EDGE('',*,*,#3353,.T.);
#1054=ORIENTED_EDGE('',*,*,#3354,.T.);
#1055=ORIENTED_EDGE('',*,*,#3355,.T.);
#1056=ORIENTED_EDGE('',*,*,#3356,.T.);
#1057=ORIENTED_EDGE('',*,*,#3355,.F.);
#1058=ORIENTED_EDGE('',*,*,#3357,.T.);
#1059=ORIENTED_EDGE('',*,*,#3358,.T.);
#1060=ORIENTED_EDGE('',*,*,#3359,.F.);
#1061=ORIENTED_EDGE('',*,*,#3358,.F.);
#1062=ORIENTED_EDGE('',*,*,#3360,.T.);
#1063=ORIENTED_EDGE('',*,*,#3361,.F.);
#1064=ORIENTED_EDGE('',*,*,#3362,.T.);
#1065=ORIENTED_EDGE('',*,*,#3363,.T.);
#1066=ORIENTED_EDGE('',*,*,#3364,.F.);
#1067=ORIENTED_EDGE('',*,*,#3365,.F.);
#1068=ORIENTED_EDGE('',*,*,#3004,.T.);
#1069=ORIENTED_EDGE('',*,*,#3365,.T.);
#1070=ORIENTED_EDGE('',*,*,#3366,.T.);
#1071=ORIENTED_EDGE('',*,*,#3367,.T.);
#1072=ORIENTED_EDGE('',*,*,#3005,.T.);
#1073=ORIENTED_EDGE('',*,*,#3368,.T.);
#1074=ORIENTED_EDGE('',*,*,#3006,.F.);
#1075=ORIENTED_EDGE('',*,*,#3367,.F.);
#1076=ORIENTED_EDGE('',*,*,#3369,.T.);
#1077=ORIENTED_EDGE('',*,*,#3007,.T.);
#1078=ORIENTED_EDGE('',*,*,#3356,.F.);
#1079=ORIENTED_EDGE('',*,*,#3359,.T.);
#1080=ORIENTED_EDGE('',*,*,#3362,.F.);
#1081=ORIENTED_EDGE('',*,*,#3370,.F.);
#1082=ORIENTED_EDGE('',*,*,#3371,.F.);
#1083=ORIENTED_EDGE('',*,*,#3372,.F.);
#1084=ORIENTED_EDGE('',*,*,#3373,.F.);
#1085=ORIENTED_EDGE('',*,*,#3374,.F.);
#1086=ORIENTED_EDGE('',*,*,#3375,.F.);
#1087=ORIENTED_EDGE('',*,*,#3363,.F.);
#1088=ORIENTED_EDGE('',*,*,#3003,.F.);
#1089=ORIENTED_EDGE('',*,*,#3368,.F.);
#1090=ORIENTED_EDGE('',*,*,#3376,.F.);
#1091=ORIENTED_EDGE('',*,*,#3377,.F.);
#1092=ORIENTED_EDGE('',*,*,#3378,.F.);
#1093=ORIENTED_EDGE('',*,*,#3379,.F.);
#1094=ORIENTED_EDGE('',*,*,#3380,.F.);
#1095=ORIENTED_EDGE('',*,*,#3381,.F.);
#1096=ORIENTED_EDGE('',*,*,#3382,.T.);
#1097=ORIENTED_EDGE('',*,*,#3383,.T.);
#1098=ORIENTED_EDGE('',*,*,#3384,.T.);
#1099=ORIENTED_EDGE('',*,*,#3385,.T.);
#1100=ORIENTED_EDGE('',*,*,#3384,.F.);
#1101=ORIENTED_EDGE('',*,*,#3386,.T.);
#1102=ORIENTED_EDGE('',*,*,#3387,.T.);
#1103=ORIENTED_EDGE('',*,*,#3388,.F.);
#1104=ORIENTED_EDGE('',*,*,#3387,.F.);
#1105=ORIENTED_EDGE('',*,*,#3389,.T.);
#1106=ORIENTED_EDGE('',*,*,#3390,.F.);
#1107=ORIENTED_EDGE('',*,*,#3391,.T.);
#1108=ORIENTED_EDGE('',*,*,#3392,.T.);
#1109=ORIENTED_EDGE('',*,*,#3393,.F.);
#1110=ORIENTED_EDGE('',*,*,#3394,.F.);
#1111=ORIENTED_EDGE('',*,*,#3009,.T.);
#1112=ORIENTED_EDGE('',*,*,#3394,.T.);
#1113=ORIENTED_EDGE('',*,*,#3395,.T.);
#1114=ORIENTED_EDGE('',*,*,#3396,.T.);
#1115=ORIENTED_EDGE('',*,*,#3010,.T.);
#1116=ORIENTED_EDGE('',*,*,#3397,.T.);
#1117=ORIENTED_EDGE('',*,*,#3011,.F.);
#1118=ORIENTED_EDGE('',*,*,#3396,.F.);
#1119=ORIENTED_EDGE('',*,*,#3398,.T.);
#1120=ORIENTED_EDGE('',*,*,#3012,.T.);
#1121=ORIENTED_EDGE('',*,*,#3385,.F.);
#1122=ORIENTED_EDGE('',*,*,#3388,.T.);
#1123=ORIENTED_EDGE('',*,*,#3391,.F.);
#1124=ORIENTED_EDGE('',*,*,#3399,.F.);
#1125=ORIENTED_EDGE('',*,*,#3400,.F.);
#1126=ORIENTED_EDGE('',*,*,#3401,.F.);
#1127=ORIENTED_EDGE('',*,*,#3402,.F.);
#1128=ORIENTED_EDGE('',*,*,#3403,.F.);
#1129=ORIENTED_EDGE('',*,*,#3404,.F.);
#1130=ORIENTED_EDGE('',*,*,#3392,.F.);
#1131=ORIENTED_EDGE('',*,*,#3008,.F.);
#1132=ORIENTED_EDGE('',*,*,#3397,.F.);
#1133=ORIENTED_EDGE('',*,*,#3405,.F.);
#1134=ORIENTED_EDGE('',*,*,#3406,.F.);
#1135=ORIENTED_EDGE('',*,*,#3407,.F.);
#1136=ORIENTED_EDGE('',*,*,#3408,.F.);
#1137=ORIENTED_EDGE('',*,*,#3409,.F.);
#1138=ORIENTED_EDGE('',*,*,#3410,.F.);
#1139=ORIENTED_EDGE('',*,*,#3411,.F.);
#1140=ORIENTED_EDGE('',*,*,#3412,.T.);
#1141=ORIENTED_EDGE('',*,*,#3413,.T.);
#1142=ORIENTED_EDGE('',*,*,#3414,.F.);
#1143=ORIENTED_EDGE('',*,*,#3413,.F.);
#1144=ORIENTED_EDGE('',*,*,#3415,.T.);
#1145=ORIENTED_EDGE('',*,*,#3416,.F.);
#1146=ORIENTED_EDGE('',*,*,#3417,.T.);
#1147=ORIENTED_EDGE('',*,*,#3418,.T.);
#1148=ORIENTED_EDGE('',*,*,#3419,.F.);
#1149=ORIENTED_EDGE('',*,*,#3420,.F.);
#1150=ORIENTED_EDGE('',*,*,#3014,.T.);
#1151=ORIENTED_EDGE('',*,*,#3420,.T.);
#1152=ORIENTED_EDGE('',*,*,#3421,.T.);
#1153=ORIENTED_EDGE('',*,*,#3422,.T.);
#1154=ORIENTED_EDGE('',*,*,#3015,.T.);
#1155=ORIENTED_EDGE('',*,*,#3423,.T.);
#1156=ORIENTED_EDGE('',*,*,#3016,.F.);
#1157=ORIENTED_EDGE('',*,*,#3422,.F.);
#1158=ORIENTED_EDGE('',*,*,#3424,.T.);
#1159=ORIENTED_EDGE('',*,*,#3425,.T.);
#1160=ORIENTED_EDGE('',*,*,#3426,.T.);
#1161=ORIENTED_EDGE('',*,*,#3427,.F.);
#1162=ORIENTED_EDGE('',*,*,#3428,.T.);
#1163=ORIENTED_EDGE('',*,*,#3017,.T.);
#1164=ORIENTED_EDGE('',*,*,#3429,.F.);
#1165=ORIENTED_EDGE('',*,*,#3414,.T.);
#1166=ORIENTED_EDGE('',*,*,#3417,.F.);
#1167=ORIENTED_EDGE('',*,*,#3430,.F.);
#1168=ORIENTED_EDGE('',*,*,#3431,.F.);
#1169=ORIENTED_EDGE('',*,*,#3432,.F.);
#1170=ORIENTED_EDGE('',*,*,#3433,.F.);
#1171=ORIENTED_EDGE('',*,*,#3434,.F.);
#1172=ORIENTED_EDGE('',*,*,#3435,.F.);
#1173=ORIENTED_EDGE('',*,*,#3418,.F.);
#1174=ORIENTED_EDGE('',*,*,#3013,.F.);
#1175=ORIENTED_EDGE('',*,*,#3423,.F.);
#1176=ORIENTED_EDGE('',*,*,#3436,.F.);
#1177=ORIENTED_EDGE('',*,*,#3437,.F.);
#1178=ORIENTED_EDGE('',*,*,#3438,.F.);
#1179=ORIENTED_EDGE('',*,*,#3439,.F.);
#1180=ORIENTED_EDGE('',*,*,#3440,.F.);
#1181=ORIENTED_EDGE('',*,*,#3441,.F.);
#1182=ORIENTED_EDGE('',*,*,#3442,.F.);
#1183=ORIENTED_EDGE('',*,*,#3428,.F.);
#1184=ORIENTED_EDGE('',*,*,#3443,.F.);
#1185=ORIENTED_EDGE('',*,*,#3444,.F.);
#1186=ORIENTED_EDGE('',*,*,#3445,.T.);
#1187=ORIENTED_EDGE('',*,*,#3446,.T.);
#1188=ORIENTED_EDGE('',*,*,#3411,.T.);
#1189=ORIENTED_EDGE('',*,*,#3429,.T.);
#1190=ORIENTED_EDGE('',*,*,#3447,.T.);
#1191=ORIENTED_EDGE('',*,*,#3448,.T.);
#1192=ORIENTED_EDGE('',*,*,#3449,.T.);
#1193=ORIENTED_EDGE('',*,*,#3450,.T.);
#1194=ORIENTED_EDGE('',*,*,#3449,.F.);
#1195=ORIENTED_EDGE('',*,*,#3451,.T.);
#1196=ORIENTED_EDGE('',*,*,#3452,.T.);
#1197=ORIENTED_EDGE('',*,*,#3453,.F.);
#1198=ORIENTED_EDGE('',*,*,#3452,.F.);
#1199=ORIENTED_EDGE('',*,*,#3454,.T.);
#1200=ORIENTED_EDGE('',*,*,#3455,.F.);
#1201=ORIENTED_EDGE('',*,*,#3456,.T.);
#1202=ORIENTED_EDGE('',*,*,#3457,.T.);
#1203=ORIENTED_EDGE('',*,*,#3458,.F.);
#1204=ORIENTED_EDGE('',*,*,#3459,.F.);
#1205=ORIENTED_EDGE('',*,*,#3019,.T.);
#1206=ORIENTED_EDGE('',*,*,#3459,.T.);
#1207=ORIENTED_EDGE('',*,*,#3460,.T.);
#1208=ORIENTED_EDGE('',*,*,#3461,.T.);
#1209=ORIENTED_EDGE('',*,*,#3020,.T.);
#1210=ORIENTED_EDGE('',*,*,#3462,.T.);
#1211=ORIENTED_EDGE('',*,*,#3021,.F.);
#1212=ORIENTED_EDGE('',*,*,#3461,.F.);
#1213=ORIENTED_EDGE('',*,*,#3463,.T.);
#1214=ORIENTED_EDGE('',*,*,#3022,.T.);
#1215=ORIENTED_EDGE('',*,*,#3450,.F.);
#1216=ORIENTED_EDGE('',*,*,#3453,.T.);
#1217=ORIENTED_EDGE('',*,*,#3456,.F.);
#1218=ORIENTED_EDGE('',*,*,#3464,.F.);
#1219=ORIENTED_EDGE('',*,*,#3465,.F.);
#1220=ORIENTED_EDGE('',*,*,#3466,.F.);
#1221=ORIENTED_EDGE('',*,*,#3467,.F.);
#1222=ORIENTED_EDGE('',*,*,#3468,.F.);
#1223=ORIENTED_EDGE('',*,*,#3469,.F.);
#1224=ORIENTED_EDGE('',*,*,#3457,.F.);
#1225=ORIENTED_EDGE('',*,*,#3018,.F.);
#1226=ORIENTED_EDGE('',*,*,#3462,.F.);
#1227=ORIENTED_EDGE('',*,*,#3470,.F.);
#1228=ORIENTED_EDGE('',*,*,#3471,.F.);
#1229=ORIENTED_EDGE('',*,*,#3472,.F.);
#1230=ORIENTED_EDGE('',*,*,#3473,.F.);
#1231=ORIENTED_EDGE('',*,*,#3474,.F.);
#1232=ORIENTED_EDGE('',*,*,#3475,.F.);
#1233=ORIENTED_EDGE('',*,*,#3476,.T.);
#1234=ORIENTED_EDGE('',*,*,#3477,.F.);
#1235=ORIENTED_EDGE('',*,*,#3478,.T.);
#1236=ORIENTED_EDGE('',*,*,#3479,.F.);
#1237=ORIENTED_EDGE('',*,*,#3480,.T.);
#1238=ORIENTED_EDGE('',*,*,#3481,.T.);
#1239=ORIENTED_EDGE('',*,*,#3476,.F.);
#1240=ORIENTED_EDGE('',*,*,#3482,.F.);
#1241=ORIENTED_EDGE('',*,*,#3483,.F.);
#1242=ORIENTED_EDGE('',*,*,#3484,.F.);
#1243=ORIENTED_EDGE('',*,*,#3485,.T.);
#1244=ORIENTED_EDGE('',*,*,#3486,.F.);
#1245=ORIENTED_EDGE('',*,*,#3487,.T.);
#1246=ORIENTED_EDGE('',*,*,#3488,.T.);
#1247=ORIENTED_EDGE('',*,*,#3489,.T.);
#1248=ORIENTED_EDGE('',*,*,#3484,.T.);
#1249=ORIENTED_EDGE('',*,*,#3490,.F.);
#1250=ORIENTED_EDGE('',*,*,#3491,.F.);
#1251=ORIENTED_EDGE('',*,*,#3480,.F.);
#1252=ORIENTED_EDGE('',*,*,#3492,.F.);
#1253=ORIENTED_EDGE('',*,*,#3493,.F.);
#1254=ORIENTED_EDGE('',*,*,#3494,.F.);
#1255=ORIENTED_EDGE('',*,*,#3495,.T.);
#1256=ORIENTED_EDGE('',*,*,#3024,.T.);
#1257=ORIENTED_EDGE('',*,*,#3496,.F.);
#1258=ORIENTED_EDGE('',*,*,#3025,.F.);
#1259=ORIENTED_EDGE('',*,*,#3495,.F.);
#1260=ORIENTED_EDGE('',*,*,#3497,.F.);
#1261=ORIENTED_EDGE('',*,*,#3498,.F.);
#1262=ORIENTED_EDGE('',*,*,#3026,.F.);
#1263=ORIENTED_EDGE('',*,*,#3496,.T.);
#1264=ORIENTED_EDGE('',*,*,#3499,.T.);
#1265=ORIENTED_EDGE('',*,*,#3027,.F.);
#1266=ORIENTED_EDGE('',*,*,#3491,.T.);
#1267=ORIENTED_EDGE('',*,*,#3500,.T.);
#1268=ORIENTED_EDGE('',*,*,#3501,.T.);
#1269=ORIENTED_EDGE('',*,*,#3502,.T.);
#1270=ORIENTED_EDGE('',*,*,#3503,.T.);
#1271=ORIENTED_EDGE('',*,*,#3504,.T.);
#1272=ORIENTED_EDGE('',*,*,#3505,.T.);
#1273=ORIENTED_EDGE('',*,*,#3493,.T.);
#1274=ORIENTED_EDGE('',*,*,#3023,.T.);
#1275=ORIENTED_EDGE('',*,*,#3498,.T.);
#1276=ORIENTED_EDGE('',*,*,#3506,.T.);
#1277=ORIENTED_EDGE('',*,*,#3507,.T.);
#1278=ORIENTED_EDGE('',*,*,#3508,.T.);
#1279=ORIENTED_EDGE('',*,*,#3509,.T.);
#1280=ORIENTED_EDGE('',*,*,#3510,.T.);
#1281=ORIENTED_EDGE('',*,*,#3511,.T.);
#1282=ORIENTED_EDGE('',*,*,#3477,.T.);
#1283=ORIENTED_EDGE('',*,*,#3481,.F.);
#1284=ORIENTED_EDGE('',*,*,#3512,.T.);
#1285=ORIENTED_EDGE('',*,*,#3045,.T.);
#1286=ORIENTED_EDGE('',*,*,#3513,.T.);
#1287=ORIENTED_EDGE('',*,*,#3514,.T.);
#1288=ORIENTED_EDGE('',*,*,#3035,.F.);
#1289=ORIENTED_EDGE('',*,*,#3029,.F.);
#1290=ORIENTED_EDGE('',*,*,#3042,.F.);
#1291=ORIENTED_EDGE('',*,*,#3043,.T.);
#1292=ORIENTED_EDGE('',*,*,#3515,.T.);
#1293=ORIENTED_EDGE('',*,*,#3033,.T.);
#1294=ORIENTED_EDGE('',*,*,#3516,.T.);
#1295=ORIENTED_EDGE('',*,*,#3034,.T.);
#1296=ORIENTED_EDGE('',*,*,#3517,.T.);
#1297=ORIENTED_EDGE('',*,*,#3518,.T.);
#1298=ORIENTED_EDGE('',*,*,#3519,.T.);
#1299=ORIENTED_EDGE('',*,*,#3520,.T.);
#1300=ORIENTED_EDGE('',*,*,#3513,.F.);
#1301=ORIENTED_EDGE('',*,*,#3044,.T.);
#1302=ORIENTED_EDGE('',*,*,#3040,.F.);
#1303=ORIENTED_EDGE('',*,*,#3038,.F.);
#1304=ORIENTED_EDGE('',*,*,#3036,.T.);
#1305=ORIENTED_EDGE('',*,*,#3031,.T.);
#1306=ORIENTED_EDGE('',*,*,#3516,.F.);
#1307=ORIENTED_EDGE('',*,*,#3521,.T.);
#1308=ORIENTED_EDGE('',*,*,#3522,.T.);
#1309=ORIENTED_EDGE('',*,*,#3063,.T.);
#1310=ORIENTED_EDGE('',*,*,#3523,.T.);
#1311=ORIENTED_EDGE('',*,*,#3524,.T.);
#1312=ORIENTED_EDGE('',*,*,#3053,.F.);
#1313=ORIENTED_EDGE('',*,*,#3047,.F.);
#1314=ORIENTED_EDGE('',*,*,#3060,.F.);
#1315=ORIENTED_EDGE('',*,*,#3061,.T.);
#1316=ORIENTED_EDGE('',*,*,#3525,.T.);
#1317=ORIENTED_EDGE('',*,*,#3051,.T.);
#1318=ORIENTED_EDGE('',*,*,#3526,.T.);
#1319=ORIENTED_EDGE('',*,*,#3052,.T.);
#1320=ORIENTED_EDGE('',*,*,#3527,.T.);
#1321=ORIENTED_EDGE('',*,*,#3528,.T.);
#1322=ORIENTED_EDGE('',*,*,#3529,.T.);
#1323=ORIENTED_EDGE('',*,*,#3530,.T.);
#1324=ORIENTED_EDGE('',*,*,#3523,.F.);
#1325=ORIENTED_EDGE('',*,*,#3062,.T.);
#1326=ORIENTED_EDGE('',*,*,#3058,.F.);
#1327=ORIENTED_EDGE('',*,*,#3056,.F.);
#1328=ORIENTED_EDGE('',*,*,#3054,.T.);
#1329=ORIENTED_EDGE('',*,*,#3049,.T.);
#1330=ORIENTED_EDGE('',*,*,#3526,.F.);
#1331=ORIENTED_EDGE('',*,*,#3531,.T.);
#1332=ORIENTED_EDGE('',*,*,#3532,.T.);
#1333=ORIENTED_EDGE('',*,*,#3081,.T.);
#1334=ORIENTED_EDGE('',*,*,#3533,.T.);
#1335=ORIENTED_EDGE('',*,*,#3534,.T.);
#1336=ORIENTED_EDGE('',*,*,#3071,.F.);
#1337=ORIENTED_EDGE('',*,*,#3065,.F.);
#1338=ORIENTED_EDGE('',*,*,#3078,.F.);
#1339=ORIENTED_EDGE('',*,*,#3079,.T.);
#1340=ORIENTED_EDGE('',*,*,#3535,.T.);
#1341=ORIENTED_EDGE('',*,*,#3069,.T.);
#1342=ORIENTED_EDGE('',*,*,#3536,.T.);
#1343=ORIENTED_EDGE('',*,*,#3070,.T.);
#1344=ORIENTED_EDGE('',*,*,#3537,.T.);
#1345=ORIENTED_EDGE('',*,*,#3538,.T.);
#1346=ORIENTED_EDGE('',*,*,#3539,.T.);
#1347=ORIENTED_EDGE('',*,*,#3540,.T.);
#1348=ORIENTED_EDGE('',*,*,#3533,.F.);
#1349=ORIENTED_EDGE('',*,*,#3080,.T.);
#1350=ORIENTED_EDGE('',*,*,#3076,.F.);
#1351=ORIENTED_EDGE('',*,*,#3074,.F.);
#1352=ORIENTED_EDGE('',*,*,#3072,.T.);
#1353=ORIENTED_EDGE('',*,*,#3067,.T.);
#1354=ORIENTED_EDGE('',*,*,#3536,.F.);
#1355=ORIENTED_EDGE('',*,*,#3541,.T.);
#1356=ORIENTED_EDGE('',*,*,#3542,.T.);
#1357=ORIENTED_EDGE('',*,*,#3099,.T.);
#1358=ORIENTED_EDGE('',*,*,#3543,.T.);
#1359=ORIENTED_EDGE('',*,*,#3544,.T.);
#1360=ORIENTED_EDGE('',*,*,#3089,.F.);
#1361=ORIENTED_EDGE('',*,*,#3083,.F.);
#1362=ORIENTED_EDGE('',*,*,#3096,.F.);
#1363=ORIENTED_EDGE('',*,*,#3097,.T.);
#1364=ORIENTED_EDGE('',*,*,#3545,.T.);
#1365=ORIENTED_EDGE('',*,*,#3087,.T.);
#1366=ORIENTED_EDGE('',*,*,#3546,.T.);
#1367=ORIENTED_EDGE('',*,*,#3088,.T.);
#1368=ORIENTED_EDGE('',*,*,#3547,.T.);
#1369=ORIENTED_EDGE('',*,*,#3548,.T.);
#1370=ORIENTED_EDGE('',*,*,#3549,.T.);
#1371=ORIENTED_EDGE('',*,*,#3550,.T.);
#1372=ORIENTED_EDGE('',*,*,#3543,.F.);
#1373=ORIENTED_EDGE('',*,*,#3098,.T.);
#1374=ORIENTED_EDGE('',*,*,#3094,.F.);
#1375=ORIENTED_EDGE('',*,*,#3092,.F.);
#1376=ORIENTED_EDGE('',*,*,#3090,.T.);
#1377=ORIENTED_EDGE('',*,*,#3085,.T.);
#1378=ORIENTED_EDGE('',*,*,#3546,.F.);
#1379=ORIENTED_EDGE('',*,*,#3551,.T.);
#1380=ORIENTED_EDGE('',*,*,#3552,.T.);
#1381=ORIENTED_EDGE('',*,*,#3117,.T.);
#1382=ORIENTED_EDGE('',*,*,#3553,.T.);
#1383=ORIENTED_EDGE('',*,*,#3554,.T.);
#1384=ORIENTED_EDGE('',*,*,#3107,.F.);
#1385=ORIENTED_EDGE('',*,*,#3101,.F.);
#1386=ORIENTED_EDGE('',*,*,#3114,.F.);
#1387=ORIENTED_EDGE('',*,*,#3115,.T.);
#1388=ORIENTED_EDGE('',*,*,#3555,.T.);
#1389=ORIENTED_EDGE('',*,*,#3105,.T.);
#1390=ORIENTED_EDGE('',*,*,#3556,.T.);
#1391=ORIENTED_EDGE('',*,*,#3106,.T.);
#1392=ORIENTED_EDGE('',*,*,#3557,.T.);
#1393=ORIENTED_EDGE('',*,*,#3558,.T.);
#1394=ORIENTED_EDGE('',*,*,#3559,.T.);
#1395=ORIENTED_EDGE('',*,*,#3560,.T.);
#1396=ORIENTED_EDGE('',*,*,#3553,.F.);
#1397=ORIENTED_EDGE('',*,*,#3116,.T.);
#1398=ORIENTED_EDGE('',*,*,#3112,.F.);
#1399=ORIENTED_EDGE('',*,*,#3110,.F.);
#1400=ORIENTED_EDGE('',*,*,#3108,.T.);
#1401=ORIENTED_EDGE('',*,*,#3103,.T.);
#1402=ORIENTED_EDGE('',*,*,#3556,.F.);
#1403=ORIENTED_EDGE('',*,*,#3561,.T.);
#1404=ORIENTED_EDGE('',*,*,#3562,.T.);
#1405=ORIENTED_EDGE('',*,*,#3135,.T.);
#1406=ORIENTED_EDGE('',*,*,#3563,.T.);
#1407=ORIENTED_EDGE('',*,*,#3564,.T.);
#1408=ORIENTED_EDGE('',*,*,#3125,.F.);
#1409=ORIENTED_EDGE('',*,*,#3119,.F.);
#1410=ORIENTED_EDGE('',*,*,#3132,.F.);
#1411=ORIENTED_EDGE('',*,*,#3133,.T.);
#1412=ORIENTED_EDGE('',*,*,#3565,.T.);
#1413=ORIENTED_EDGE('',*,*,#3123,.T.);
#1414=ORIENTED_EDGE('',*,*,#3566,.T.);
#1415=ORIENTED_EDGE('',*,*,#3124,.T.);
#1416=ORIENTED_EDGE('',*,*,#3567,.T.);
#1417=ORIENTED_EDGE('',*,*,#3568,.T.);
#1418=ORIENTED_EDGE('',*,*,#3569,.T.);
#1419=ORIENTED_EDGE('',*,*,#3570,.T.);
#1420=ORIENTED_EDGE('',*,*,#3563,.F.);
#1421=ORIENTED_EDGE('',*,*,#3134,.T.);
#1422=ORIENTED_EDGE('',*,*,#3130,.F.);
#1423=ORIENTED_EDGE('',*,*,#3128,.F.);
#1424=ORIENTED_EDGE('',*,*,#3126,.T.);
#1425=ORIENTED_EDGE('',*,*,#3121,.T.);
#1426=ORIENTED_EDGE('',*,*,#3566,.F.);
#1427=ORIENTED_EDGE('',*,*,#3571,.T.);
#1428=ORIENTED_EDGE('',*,*,#3572,.T.);
#1429=ORIENTED_EDGE('',*,*,#3153,.T.);
#1430=ORIENTED_EDGE('',*,*,#3573,.T.);
#1431=ORIENTED_EDGE('',*,*,#3574,.T.);
#1432=ORIENTED_EDGE('',*,*,#3143,.F.);
#1433=ORIENTED_EDGE('',*,*,#3137,.F.);
#1434=ORIENTED_EDGE('',*,*,#3150,.F.);
#1435=ORIENTED_EDGE('',*,*,#3151,.T.);
#1436=ORIENTED_EDGE('',*,*,#3575,.T.);
#1437=ORIENTED_EDGE('',*,*,#3141,.T.);
#1438=ORIENTED_EDGE('',*,*,#3576,.T.);
#1439=ORIENTED_EDGE('',*,*,#3142,.T.);
#1440=ORIENTED_EDGE('',*,*,#3577,.T.);
#1441=ORIENTED_EDGE('',*,*,#3578,.T.);
#1442=ORIENTED_EDGE('',*,*,#3579,.T.);
#1443=ORIENTED_EDGE('',*,*,#3580,.T.);
#1444=ORIENTED_EDGE('',*,*,#3573,.F.);
#1445=ORIENTED_EDGE('',*,*,#3152,.T.);
#1446=ORIENTED_EDGE('',*,*,#3148,.F.);
#1447=ORIENTED_EDGE('',*,*,#3146,.F.);
#1448=ORIENTED_EDGE('',*,*,#3144,.T.);
#1449=ORIENTED_EDGE('',*,*,#3139,.T.);
#1450=ORIENTED_EDGE('',*,*,#3576,.F.);
#1451=ORIENTED_EDGE('',*,*,#3581,.T.);
#1452=ORIENTED_EDGE('',*,*,#3582,.T.);
#1453=ORIENTED_EDGE('',*,*,#3171,.T.);
#1454=ORIENTED_EDGE('',*,*,#3583,.T.);
#1455=ORIENTED_EDGE('',*,*,#3584,.T.);
#1456=ORIENTED_EDGE('',*,*,#3161,.F.);
#1457=ORIENTED_EDGE('',*,*,#3155,.F.);
#1458=ORIENTED_EDGE('',*,*,#3168,.F.);
#1459=ORIENTED_EDGE('',*,*,#3169,.T.);
#1460=ORIENTED_EDGE('',*,*,#3585,.T.);
#1461=ORIENTED_EDGE('',*,*,#3159,.T.);
#1462=ORIENTED_EDGE('',*,*,#3586,.T.);
#1463=ORIENTED_EDGE('',*,*,#3160,.T.);
#1464=ORIENTED_EDGE('',*,*,#3587,.T.);
#1465=ORIENTED_EDGE('',*,*,#3588,.T.);
#1466=ORIENTED_EDGE('',*,*,#3589,.T.);
#1467=ORIENTED_EDGE('',*,*,#3590,.T.);
#1468=ORIENTED_EDGE('',*,*,#3583,.F.);
#1469=ORIENTED_EDGE('',*,*,#3170,.T.);
#1470=ORIENTED_EDGE('',*,*,#3166,.F.);
#1471=ORIENTED_EDGE('',*,*,#3164,.F.);
#1472=ORIENTED_EDGE('',*,*,#3162,.T.);
#1473=ORIENTED_EDGE('',*,*,#3157,.T.);
#1474=ORIENTED_EDGE('',*,*,#3586,.F.);
#1475=ORIENTED_EDGE('',*,*,#3591,.T.);
#1476=ORIENTED_EDGE('',*,*,#3592,.F.);
#1477=ORIENTED_EDGE('',*,*,#3593,.F.);
#1478=ORIENTED_EDGE('',*,*,#3594,.F.);
#1479=ORIENTED_EDGE('',*,*,#3188,.F.);
#1480=ORIENTED_EDGE('',*,*,#3184,.T.);
#1481=ORIENTED_EDGE('',*,*,#3189,.F.);
#1482=ORIENTED_EDGE('',*,*,#3595,.F.);
#1483=ORIENTED_EDGE('',*,*,#3175,.F.);
#1484=ORIENTED_EDGE('',*,*,#3181,.T.);
#1485=ORIENTED_EDGE('',*,*,#3174,.T.);
#1486=ORIENTED_EDGE('',*,*,#3596,.F.);
#1487=ORIENTED_EDGE('',*,*,#3597,.F.);
#1488=ORIENTED_EDGE('',*,*,#3598,.F.);
#1489=ORIENTED_EDGE('',*,*,#3176,.F.);
#1490=ORIENTED_EDGE('',*,*,#3599,.F.);
#1491=ORIENTED_EDGE('',*,*,#3600,.F.);
#1492=ORIENTED_EDGE('',*,*,#3592,.T.);
#1493=ORIENTED_EDGE('',*,*,#3187,.F.);
#1494=ORIENTED_EDGE('',*,*,#3185,.F.);
#1495=ORIENTED_EDGE('',*,*,#3182,.T.);
#1496=ORIENTED_EDGE('',*,*,#3179,.T.);
#1497=ORIENTED_EDGE('',*,*,#3177,.F.);
#1498=ORIENTED_EDGE('',*,*,#3598,.T.);
#1499=ORIENTED_EDGE('',*,*,#3601,.F.);
#1500=ORIENTED_EDGE('',*,*,#3602,.F.);
#1501=ORIENTED_EDGE('',*,*,#3603,.F.);
#1502=ORIENTED_EDGE('',*,*,#3604,.T.);
#1503=ORIENTED_EDGE('',*,*,#3605,.T.);
#1504=ORIENTED_EDGE('',*,*,#3606,.F.);
#1505=ORIENTED_EDGE('',*,*,#3604,.F.);
#1506=ORIENTED_EDGE('',*,*,#3607,.T.);
#1507=ORIENTED_EDGE('',*,*,#3608,.T.);
#1508=ORIENTED_EDGE('',*,*,#3609,.F.);
#1509=ORIENTED_EDGE('',*,*,#3610,.F.);
#1510=ORIENTED_EDGE('',*,*,#3611,.T.);
#1511=ORIENTED_EDGE('',*,*,#3612,.T.);
#1512=ORIENTED_EDGE('',*,*,#3613,.F.);
#1513=ORIENTED_EDGE('',*,*,#3612,.F.);
#1514=ORIENTED_EDGE('',*,*,#3614,.T.);
#1515=ORIENTED_EDGE('',*,*,#3615,.T.);
#1516=ORIENTED_EDGE('',*,*,#3616,.F.);
#1517=ORIENTED_EDGE('',*,*,#3615,.F.);
#1518=ORIENTED_EDGE('',*,*,#3617,.T.);
#1519=ORIENTED_EDGE('',*,*,#3602,.T.);
#1520=ORIENTED_EDGE('',*,*,#3618,.T.);
#1521=ORIENTED_EDGE('',*,*,#3207,.T.);
#1522=ORIENTED_EDGE('',*,*,#3619,.T.);
#1523=ORIENTED_EDGE('',*,*,#3620,.T.);
#1524=ORIENTED_EDGE('',*,*,#3197,.F.);
#1525=ORIENTED_EDGE('',*,*,#3191,.F.);
#1526=ORIENTED_EDGE('',*,*,#3204,.F.);
#1527=ORIENTED_EDGE('',*,*,#3205,.T.);
#1528=ORIENTED_EDGE('',*,*,#3621,.T.);
#1529=ORIENTED_EDGE('',*,*,#3195,.T.);
#1530=ORIENTED_EDGE('',*,*,#3622,.T.);
#1531=ORIENTED_EDGE('',*,*,#3196,.T.);
#1532=ORIENTED_EDGE('',*,*,#3623,.T.);
#1533=ORIENTED_EDGE('',*,*,#3624,.T.);
#1534=ORIENTED_EDGE('',*,*,#3625,.T.);
#1535=ORIENTED_EDGE('',*,*,#3626,.T.);
#1536=ORIENTED_EDGE('',*,*,#3619,.F.);
#1537=ORIENTED_EDGE('',*,*,#3206,.T.);
#1538=ORIENTED_EDGE('',*,*,#3202,.F.);
#1539=ORIENTED_EDGE('',*,*,#3200,.F.);
#1540=ORIENTED_EDGE('',*,*,#3198,.T.);
#1541=ORIENTED_EDGE('',*,*,#3193,.T.);
#1542=ORIENTED_EDGE('',*,*,#3622,.F.);
#1543=ORIENTED_EDGE('',*,*,#3627,.T.);
#1544=ORIENTED_EDGE('',*,*,#3628,.F.);
#1545=ORIENTED_EDGE('',*,*,#3629,.F.);
#1546=ORIENTED_EDGE('',*,*,#3232,.T.);
#1547=ORIENTED_EDGE('',*,*,#3630,.T.);
#1548=ORIENTED_EDGE('',*,*,#3631,.F.);
#1549=ORIENTED_EDGE('',*,*,#3632,.F.);
#1550=ORIENTED_EDGE('',*,*,#3233,.T.);
#1551=ORIENTED_EDGE('',*,*,#3629,.T.);
#1552=ORIENTED_EDGE('',*,*,#3633,.F.);
#1553=ORIENTED_EDGE('',*,*,#3634,.F.);
#1554=ORIENTED_EDGE('',*,*,#3234,.T.);
#1555=ORIENTED_EDGE('',*,*,#3632,.T.);
#1556=ORIENTED_EDGE('',*,*,#3635,.F.);
#1557=ORIENTED_EDGE('',*,*,#3636,.F.);
#1558=ORIENTED_EDGE('',*,*,#3235,.T.);
#1559=ORIENTED_EDGE('',*,*,#3634,.T.);
#1560=ORIENTED_EDGE('',*,*,#3637,.F.);
#1561=ORIENTED_EDGE('',*,*,#3638,.T.);
#1562=ORIENTED_EDGE('',*,*,#3208,.F.);
#1563=ORIENTED_EDGE('',*,*,#3236,.T.);
#1564=ORIENTED_EDGE('',*,*,#3636,.T.);
#1565=ORIENTED_EDGE('',*,*,#3639,.T.);
#1566=ORIENTED_EDGE('',*,*,#3209,.F.);
#1567=ORIENTED_EDGE('',*,*,#3638,.F.);
#1568=ORIENTED_EDGE('',*,*,#3640,.F.);
#1569=ORIENTED_EDGE('',*,*,#3641,.T.);
#1570=ORIENTED_EDGE('',*,*,#3212,.F.);
#1571=ORIENTED_EDGE('',*,*,#3639,.F.);
#1572=ORIENTED_EDGE('',*,*,#3642,.F.);
#1573=ORIENTED_EDGE('',*,*,#3643,.F.);
#1574=ORIENTED_EDGE('',*,*,#3215,.F.);
#1575=ORIENTED_EDGE('',*,*,#3641,.F.);
#1576=ORIENTED_EDGE('',*,*,#3644,.F.);
#1577=ORIENTED_EDGE('',*,*,#3216,.T.);
#1578=ORIENTED_EDGE('',*,*,#3643,.T.);
#1579=ORIENTED_EDGE('',*,*,#3645,.F.);
#1580=ORIENTED_EDGE('',*,*,#3646,.F.);
#1581=ORIENTED_EDGE('',*,*,#3225,.T.);
#1582=ORIENTED_EDGE('',*,*,#3647,.F.);
#1583=ORIENTED_EDGE('',*,*,#3648,.F.);
#1584=ORIENTED_EDGE('',*,*,#3226,.T.);
#1585=ORIENTED_EDGE('',*,*,#3646,.T.);
#1586=ORIENTED_EDGE('',*,*,#3649,.F.);
#1587=ORIENTED_EDGE('',*,*,#3650,.F.);
#1588=ORIENTED_EDGE('',*,*,#3227,.T.);
#1589=ORIENTED_EDGE('',*,*,#3648,.T.);
#1590=ORIENTED_EDGE('',*,*,#3651,.F.);
#1591=ORIENTED_EDGE('',*,*,#3652,.F.);
#1592=ORIENTED_EDGE('',*,*,#3228,.T.);
#1593=ORIENTED_EDGE('',*,*,#3650,.T.);
#1594=ORIENTED_EDGE('',*,*,#3653,.F.);
#1595=ORIENTED_EDGE('',*,*,#3654,.F.);
#1596=ORIENTED_EDGE('',*,*,#3229,.T.);
#1597=ORIENTED_EDGE('',*,*,#3652,.T.);
#1598=ORIENTED_EDGE('',*,*,#3231,.T.);
#1599=ORIENTED_EDGE('',*,*,#3224,.F.);
#1600=ORIENTED_EDGE('',*,*,#3221,.F.);
#1601=ORIENTED_EDGE('',*,*,#3219,.T.);
#1602=ORIENTED_EDGE('',*,*,#3230,.T.);
#1603=ORIENTED_EDGE('',*,*,#3654,.T.);
#1604=ORIENTED_EDGE('',*,*,#3655,.F.);
#1605=ORIENTED_EDGE('',*,*,#3630,.F.);
#1606=ORIENTED_EDGE('',*,*,#3656,.F.);
#1607=ORIENTED_EDGE('',*,*,#3657,.F.);
#1608=ORIENTED_EDGE('',*,*,#3261,.T.);
#1609=ORIENTED_EDGE('',*,*,#3658,.T.);
#1610=ORIENTED_EDGE('',*,*,#3659,.F.);
#1611=ORIENTED_EDGE('',*,*,#3660,.F.);
#1612=ORIENTED_EDGE('',*,*,#3262,.T.);
#1613=ORIENTED_EDGE('',*,*,#3657,.T.);
#1614=ORIENTED_EDGE('',*,*,#3661,.F.);
#1615=ORIENTED_EDGE('',*,*,#3662,.F.);
#1616=ORIENTED_EDGE('',*,*,#3263,.T.);
#1617=ORIENTED_EDGE('',*,*,#3660,.T.);
#1618=ORIENTED_EDGE('',*,*,#3663,.F.);
#1619=ORIENTED_EDGE('',*,*,#3664,.F.);
#1620=ORIENTED_EDGE('',*,*,#3264,.T.);
#1621=ORIENTED_EDGE('',*,*,#3662,.T.);
#1622=ORIENTED_EDGE('',*,*,#3665,.F.);
#1623=ORIENTED_EDGE('',*,*,#3666,.T.);
#1624=ORIENTED_EDGE('',*,*,#3237,.F.);
#1625=ORIENTED_EDGE('',*,*,#3265,.T.);
#1626=ORIENTED_EDGE('',*,*,#3664,.T.);
#1627=ORIENTED_EDGE('',*,*,#3667,.T.);
#1628=ORIENTED_EDGE('',*,*,#3238,.F.);
#1629=ORIENTED_EDGE('',*,*,#3666,.F.);
#1630=ORIENTED_EDGE('',*,*,#3668,.F.);
#1631=ORIENTED_EDGE('',*,*,#3669,.T.);
#1632=ORIENTED_EDGE('',*,*,#3241,.F.);
#1633=ORIENTED_EDGE('',*,*,#3667,.F.);
#1634=ORIENTED_EDGE('',*,*,#3670,.F.);
#1635=ORIENTED_EDGE('',*,*,#3671,.F.);
#1636=ORIENTED_EDGE('',*,*,#3244,.F.);
#1637=ORIENTED_EDGE('',*,*,#3669,.F.);
#1638=ORIENTED_EDGE('',*,*,#3672,.F.);
#1639=ORIENTED_EDGE('',*,*,#3245,.T.);
#1640=ORIENTED_EDGE('',*,*,#3671,.T.);
#1641=ORIENTED_EDGE('',*,*,#3673,.F.);
#1642=ORIENTED_EDGE('',*,*,#3674,.F.);
#1643=ORIENTED_EDGE('',*,*,#3254,.T.);
#1644=ORIENTED_EDGE('',*,*,#3675,.F.);
#1645=ORIENTED_EDGE('',*,*,#3676,.F.);
#1646=ORIENTED_EDGE('',*,*,#3255,.T.);
#1647=ORIENTED_EDGE('',*,*,#3674,.T.);
#1648=ORIENTED_EDGE('',*,*,#3677,.F.);
#1649=ORIENTED_EDGE('',*,*,#3678,.F.);
#1650=ORIENTED_EDGE('',*,*,#3256,.T.);
#1651=ORIENTED_EDGE('',*,*,#3676,.T.);
#1652=ORIENTED_EDGE('',*,*,#3679,.F.);
#1653=ORIENTED_EDGE('',*,*,#3680,.F.);
#1654=ORIENTED_EDGE('',*,*,#3257,.T.);
#1655=ORIENTED_EDGE('',*,*,#3678,.T.);
#1656=ORIENTED_EDGE('',*,*,#3681,.F.);
#1657=ORIENTED_EDGE('',*,*,#3682,.F.);
#1658=ORIENTED_EDGE('',*,*,#3258,.T.);
#1659=ORIENTED_EDGE('',*,*,#3680,.T.);
#1660=ORIENTED_EDGE('',*,*,#3260,.T.);
#1661=ORIENTED_EDGE('',*,*,#3253,.F.);
#1662=ORIENTED_EDGE('',*,*,#3250,.F.);
#1663=ORIENTED_EDGE('',*,*,#3248,.T.);
#1664=ORIENTED_EDGE('',*,*,#3259,.T.);
#1665=ORIENTED_EDGE('',*,*,#3682,.T.);
#1666=ORIENTED_EDGE('',*,*,#3683,.F.);
#1667=ORIENTED_EDGE('',*,*,#3658,.F.);
#1668=ORIENTED_EDGE('',*,*,#3684,.F.);
#1669=ORIENTED_EDGE('',*,*,#3685,.F.);
#1670=ORIENTED_EDGE('',*,*,#3290,.T.);
#1671=ORIENTED_EDGE('',*,*,#3686,.T.);
#1672=ORIENTED_EDGE('',*,*,#3687,.F.);
#1673=ORIENTED_EDGE('',*,*,#3688,.F.);
#1674=ORIENTED_EDGE('',*,*,#3291,.T.);
#1675=ORIENTED_EDGE('',*,*,#3685,.T.);
#1676=ORIENTED_EDGE('',*,*,#3689,.F.);
#1677=ORIENTED_EDGE('',*,*,#3690,.F.);
#1678=ORIENTED_EDGE('',*,*,#3292,.T.);
#1679=ORIENTED_EDGE('',*,*,#3688,.T.);
#1680=ORIENTED_EDGE('',*,*,#3691,.F.);
#1681=ORIENTED_EDGE('',*,*,#3692,.F.);
#1682=ORIENTED_EDGE('',*,*,#3293,.T.);
#1683=ORIENTED_EDGE('',*,*,#3690,.T.);
#1684=ORIENTED_EDGE('',*,*,#3693,.F.);
#1685=ORIENTED_EDGE('',*,*,#3694,.T.);
#1686=ORIENTED_EDGE('',*,*,#3266,.F.);
#1687=ORIENTED_EDGE('',*,*,#3294,.T.);
#1688=ORIENTED_EDGE('',*,*,#3692,.T.);
#1689=ORIENTED_EDGE('',*,*,#3695,.T.);
#1690=ORIENTED_EDGE('',*,*,#3267,.F.);
#1691=ORIENTED_EDGE('',*,*,#3694,.F.);
#1692=ORIENTED_EDGE('',*,*,#3696,.F.);
#1693=ORIENTED_EDGE('',*,*,#3697,.T.);
#1694=ORIENTED_EDGE('',*,*,#3270,.F.);
#1695=ORIENTED_EDGE('',*,*,#3695,.F.);
#1696=ORIENTED_EDGE('',*,*,#3698,.F.);
#1697=ORIENTED_EDGE('',*,*,#3699,.F.);
#1698=ORIENTED_EDGE('',*,*,#3273,.F.);
#1699=ORIENTED_EDGE('',*,*,#3697,.F.);
#1700=ORIENTED_EDGE('',*,*,#3700,.F.);
#1701=ORIENTED_EDGE('',*,*,#3274,.T.);
#1702=ORIENTED_EDGE('',*,*,#3699,.T.);
#1703=ORIENTED_EDGE('',*,*,#3701,.F.);
#1704=ORIENTED_EDGE('',*,*,#3702,.F.);
#1705=ORIENTED_EDGE('',*,*,#3283,.T.);
#1706=ORIENTED_EDGE('',*,*,#3703,.F.);
#1707=ORIENTED_EDGE('',*,*,#3704,.F.);
#1708=ORIENTED_EDGE('',*,*,#3284,.T.);
#1709=ORIENTED_EDGE('',*,*,#3702,.T.);
#1710=ORIENTED_EDGE('',*,*,#3705,.F.);
#1711=ORIENTED_EDGE('',*,*,#3706,.F.);
#1712=ORIENTED_EDGE('',*,*,#3285,.T.);
#1713=ORIENTED_EDGE('',*,*,#3704,.T.);
#1714=ORIENTED_EDGE('',*,*,#3707,.F.);
#1715=ORIENTED_EDGE('',*,*,#3708,.F.);
#1716=ORIENTED_EDGE('',*,*,#3286,.T.);
#1717=ORIENTED_EDGE('',*,*,#3706,.T.);
#1718=ORIENTED_EDGE('',*,*,#3709,.F.);
#1719=ORIENTED_EDGE('',*,*,#3710,.F.);
#1720=ORIENTED_EDGE('',*,*,#3287,.T.);
#1721=ORIENTED_EDGE('',*,*,#3708,.T.);
#1722=ORIENTED_EDGE('',*,*,#3289,.T.);
#1723=ORIENTED_EDGE('',*,*,#3282,.F.);
#1724=ORIENTED_EDGE('',*,*,#3279,.F.);
#1725=ORIENTED_EDGE('',*,*,#3277,.T.);
#1726=ORIENTED_EDGE('',*,*,#3288,.T.);
#1727=ORIENTED_EDGE('',*,*,#3710,.T.);
#1728=ORIENTED_EDGE('',*,*,#3711,.F.);
#1729=ORIENTED_EDGE('',*,*,#3686,.F.);
#1730=ORIENTED_EDGE('',*,*,#3712,.F.);
#1731=ORIENTED_EDGE('',*,*,#3713,.F.);
#1732=ORIENTED_EDGE('',*,*,#3319,.T.);
#1733=ORIENTED_EDGE('',*,*,#3714,.T.);
#1734=ORIENTED_EDGE('',*,*,#3715,.F.);
#1735=ORIENTED_EDGE('',*,*,#3716,.F.);
#1736=ORIENTED_EDGE('',*,*,#3320,.T.);
#1737=ORIENTED_EDGE('',*,*,#3713,.T.);
#1738=ORIENTED_EDGE('',*,*,#3717,.F.);
#1739=ORIENTED_EDGE('',*,*,#3718,.F.);
#1740=ORIENTED_EDGE('',*,*,#3321,.T.);
#1741=ORIENTED_EDGE('',*,*,#3716,.T.);
#1742=ORIENTED_EDGE('',*,*,#3719,.F.);
#1743=ORIENTED_EDGE('',*,*,#3720,.F.);
#1744=ORIENTED_EDGE('',*,*,#3322,.T.);
#1745=ORIENTED_EDGE('',*,*,#3718,.T.);
#1746=ORIENTED_EDGE('',*,*,#3721,.F.);
#1747=ORIENTED_EDGE('',*,*,#3722,.T.);
#1748=ORIENTED_EDGE('',*,*,#3295,.F.);
#1749=ORIENTED_EDGE('',*,*,#3323,.T.);
#1750=ORIENTED_EDGE('',*,*,#3720,.T.);
#1751=ORIENTED_EDGE('',*,*,#3723,.T.);
#1752=ORIENTED_EDGE('',*,*,#3296,.F.);
#1753=ORIENTED_EDGE('',*,*,#3722,.F.);
#1754=ORIENTED_EDGE('',*,*,#3724,.F.);
#1755=ORIENTED_EDGE('',*,*,#3725,.T.);
#1756=ORIENTED_EDGE('',*,*,#3299,.F.);
#1757=ORIENTED_EDGE('',*,*,#3723,.F.);
#1758=ORIENTED_EDGE('',*,*,#3726,.F.);
#1759=ORIENTED_EDGE('',*,*,#3727,.F.);
#1760=ORIENTED_EDGE('',*,*,#3302,.F.);
#1761=ORIENTED_EDGE('',*,*,#3725,.F.);
#1762=ORIENTED_EDGE('',*,*,#3728,.F.);
#1763=ORIENTED_EDGE('',*,*,#3303,.T.);
#1764=ORIENTED_EDGE('',*,*,#3727,.T.);
#1765=ORIENTED_EDGE('',*,*,#3729,.F.);
#1766=ORIENTED_EDGE('',*,*,#3730,.F.);
#1767=ORIENTED_EDGE('',*,*,#3312,.T.);
#1768=ORIENTED_EDGE('',*,*,#3731,.F.);
#1769=ORIENTED_EDGE('',*,*,#3732,.F.);
#1770=ORIENTED_EDGE('',*,*,#3313,.T.);
#1771=ORIENTED_EDGE('',*,*,#3730,.T.);
#1772=ORIENTED_EDGE('',*,*,#3733,.F.);
#1773=ORIENTED_EDGE('',*,*,#3734,.F.);
#1774=ORIENTED_EDGE('',*,*,#3314,.T.);
#1775=ORIENTED_EDGE('',*,*,#3732,.T.);
#1776=ORIENTED_EDGE('',*,*,#3735,.F.);
#1777=ORIENTED_EDGE('',*,*,#3736,.F.);
#1778=ORIENTED_EDGE('',*,*,#3315,.T.);
#1779=ORIENTED_EDGE('',*,*,#3734,.T.);
#1780=ORIENTED_EDGE('',*,*,#3737,.F.);
#1781=ORIENTED_EDGE('',*,*,#3738,.F.);
#1782=ORIENTED_EDGE('',*,*,#3316,.T.);
#1783=ORIENTED_EDGE('',*,*,#3736,.T.);
#1784=ORIENTED_EDGE('',*,*,#3318,.T.);
#1785=ORIENTED_EDGE('',*,*,#3311,.F.);
#1786=ORIENTED_EDGE('',*,*,#3308,.F.);
#1787=ORIENTED_EDGE('',*,*,#3306,.T.);
#1788=ORIENTED_EDGE('',*,*,#3317,.T.);
#1789=ORIENTED_EDGE('',*,*,#3738,.T.);
#1790=ORIENTED_EDGE('',*,*,#3739,.F.);
#1791=ORIENTED_EDGE('',*,*,#3714,.F.);
#1792=ORIENTED_EDGE('',*,*,#3740,.F.);
#1793=ORIENTED_EDGE('',*,*,#3741,.F.);
#1794=ORIENTED_EDGE('',*,*,#3348,.T.);
#1795=ORIENTED_EDGE('',*,*,#3742,.T.);
#1796=ORIENTED_EDGE('',*,*,#3743,.F.);
#1797=ORIENTED_EDGE('',*,*,#3744,.F.);
#1798=ORIENTED_EDGE('',*,*,#3349,.T.);
#1799=ORIENTED_EDGE('',*,*,#3741,.T.);
#1800=ORIENTED_EDGE('',*,*,#3745,.F.);
#1801=ORIENTED_EDGE('',*,*,#3746,.F.);
#1802=ORIENTED_EDGE('',*,*,#3350,.T.);
#1803=ORIENTED_EDGE('',*,*,#3744,.T.);
#1804=ORIENTED_EDGE('',*,*,#3747,.F.);
#1805=ORIENTED_EDGE('',*,*,#3748,.F.);
#1806=ORIENTED_EDGE('',*,*,#3351,.T.);
#1807=ORIENTED_EDGE('',*,*,#3746,.T.);
#1808=ORIENTED_EDGE('',*,*,#3749,.F.);
#1809=ORIENTED_EDGE('',*,*,#3750,.T.);
#1810=ORIENTED_EDGE('',*,*,#3324,.F.);
#1811=ORIENTED_EDGE('',*,*,#3352,.T.);
#1812=ORIENTED_EDGE('',*,*,#3748,.T.);
#1813=ORIENTED_EDGE('',*,*,#3751,.T.);
#1814=ORIENTED_EDGE('',*,*,#3325,.F.);
#1815=ORIENTED_EDGE('',*,*,#3750,.F.);
#1816=ORIENTED_EDGE('',*,*,#3752,.F.);
#1817=ORIENTED_EDGE('',*,*,#3753,.T.);
#1818=ORIENTED_EDGE('',*,*,#3328,.F.);
#1819=ORIENTED_EDGE('',*,*,#3751,.F.);
#1820=ORIENTED_EDGE('',*,*,#3754,.F.);
#1821=ORIENTED_EDGE('',*,*,#3755,.F.);
#1822=ORIENTED_EDGE('',*,*,#3331,.F.);
#1823=ORIENTED_EDGE('',*,*,#3753,.F.);
#1824=ORIENTED_EDGE('',*,*,#3756,.F.);
#1825=ORIENTED_EDGE('',*,*,#3332,.T.);
#1826=ORIENTED_EDGE('',*,*,#3755,.T.);
#1827=ORIENTED_EDGE('',*,*,#3757,.F.);
#1828=ORIENTED_EDGE('',*,*,#3758,.F.);
#1829=ORIENTED_EDGE('',*,*,#3341,.T.);
#1830=ORIENTED_EDGE('',*,*,#3759,.F.);
#1831=ORIENTED_EDGE('',*,*,#3760,.F.);
#1832=ORIENTED_EDGE('',*,*,#3342,.T.);
#1833=ORIENTED_EDGE('',*,*,#3758,.T.);
#1834=ORIENTED_EDGE('',*,*,#3761,.F.);
#1835=ORIENTED_EDGE('',*,*,#3762,.F.);
#1836=ORIENTED_EDGE('',*,*,#3343,.T.);
#1837=ORIENTED_EDGE('',*,*,#3760,.T.);
#1838=ORIENTED_EDGE('',*,*,#3763,.F.);
#1839=ORIENTED_EDGE('',*,*,#3764,.F.);
#1840=ORIENTED_EDGE('',*,*,#3344,.T.);
#1841=ORIENTED_EDGE('',*,*,#3762,.T.);
#1842=ORIENTED_EDGE('',*,*,#3765,.F.);
#1843=ORIENTED_EDGE('',*,*,#3766,.F.);
#1844=ORIENTED_EDGE('',*,*,#3345,.T.);
#1845=ORIENTED_EDGE('',*,*,#3764,.T.);
#1846=ORIENTED_EDGE('',*,*,#3347,.T.);
#1847=ORIENTED_EDGE('',*,*,#3340,.F.);
#1848=ORIENTED_EDGE('',*,*,#3337,.F.);
#1849=ORIENTED_EDGE('',*,*,#3335,.T.);
#1850=ORIENTED_EDGE('',*,*,#3346,.T.);
#1851=ORIENTED_EDGE('',*,*,#3766,.T.);
#1852=ORIENTED_EDGE('',*,*,#3767,.F.);
#1853=ORIENTED_EDGE('',*,*,#3742,.F.);
#1854=ORIENTED_EDGE('',*,*,#3768,.F.);
#1855=ORIENTED_EDGE('',*,*,#3769,.F.);
#1856=ORIENTED_EDGE('',*,*,#3377,.T.);
#1857=ORIENTED_EDGE('',*,*,#3770,.T.);
#1858=ORIENTED_EDGE('',*,*,#3771,.F.);
#1859=ORIENTED_EDGE('',*,*,#3772,.F.);
#1860=ORIENTED_EDGE('',*,*,#3378,.T.);
#1861=ORIENTED_EDGE('',*,*,#3769,.T.);
#1862=ORIENTED_EDGE('',*,*,#3773,.F.);
#1863=ORIENTED_EDGE('',*,*,#3774,.F.);
#1864=ORIENTED_EDGE('',*,*,#3379,.T.);
#1865=ORIENTED_EDGE('',*,*,#3772,.T.);
#1866=ORIENTED_EDGE('',*,*,#3775,.F.);
#1867=ORIENTED_EDGE('',*,*,#3776,.F.);
#1868=ORIENTED_EDGE('',*,*,#3380,.T.);
#1869=ORIENTED_EDGE('',*,*,#3774,.T.);
#1870=ORIENTED_EDGE('',*,*,#3777,.F.);
#1871=ORIENTED_EDGE('',*,*,#3778,.T.);
#1872=ORIENTED_EDGE('',*,*,#3353,.F.);
#1873=ORIENTED_EDGE('',*,*,#3381,.T.);
#1874=ORIENTED_EDGE('',*,*,#3776,.T.);
#1875=ORIENTED_EDGE('',*,*,#3779,.T.);
#1876=ORIENTED_EDGE('',*,*,#3354,.F.);
#1877=ORIENTED_EDGE('',*,*,#3778,.F.);
#1878=ORIENTED_EDGE('',*,*,#3780,.F.);
#1879=ORIENTED_EDGE('',*,*,#3781,.T.);
#1880=ORIENTED_EDGE('',*,*,#3357,.F.);
#1881=ORIENTED_EDGE('',*,*,#3779,.F.);
#1882=ORIENTED_EDGE('',*,*,#3782,.F.);
#1883=ORIENTED_EDGE('',*,*,#3783,.F.);
#1884=ORIENTED_EDGE('',*,*,#3360,.F.);
#1885=ORIENTED_EDGE('',*,*,#3781,.F.);
#1886=ORIENTED_EDGE('',*,*,#3784,.F.);
#1887=ORIENTED_EDGE('',*,*,#3361,.T.);
#1888=ORIENTED_EDGE('',*,*,#3783,.T.);
#1889=ORIENTED_EDGE('',*,*,#3785,.F.);
#1890=ORIENTED_EDGE('',*,*,#3786,.F.);
#1891=ORIENTED_EDGE('',*,*,#3370,.T.);
#1892=ORIENTED_EDGE('',*,*,#3787,.F.);
#1893=ORIENTED_EDGE('',*,*,#3788,.F.);
#1894=ORIENTED_EDGE('',*,*,#3371,.T.);
#1895=ORIENTED_EDGE('',*,*,#3786,.T.);
#1896=ORIENTED_EDGE('',*,*,#3789,.F.);
#1897=ORIENTED_EDGE('',*,*,#3790,.F.);
#1898=ORIENTED_EDGE('',*,*,#3372,.T.);
#1899=ORIENTED_EDGE('',*,*,#3788,.T.);
#1900=ORIENTED_EDGE('',*,*,#3791,.F.);
#1901=ORIENTED_EDGE('',*,*,#3792,.F.);
#1902=ORIENTED_EDGE('',*,*,#3373,.T.);
#1903=ORIENTED_EDGE('',*,*,#3790,.T.);
#1904=ORIENTED_EDGE('',*,*,#3793,.F.);
#1905=ORIENTED_EDGE('',*,*,#3794,.F.);
#1906=ORIENTED_EDGE('',*,*,#3374,.T.);
#1907=ORIENTED_EDGE('',*,*,#3792,.T.);
#1908=ORIENTED_EDGE('',*,*,#3376,.T.);
#1909=ORIENTED_EDGE('',*,*,#3369,.F.);
#1910=ORIENTED_EDGE('',*,*,#3366,.F.);
#1911=ORIENTED_EDGE('',*,*,#3364,.T.);
#1912=ORIENTED_EDGE('',*,*,#3375,.T.);
#1913=ORIENTED_EDGE('',*,*,#3794,.T.);
#1914=ORIENTED_EDGE('',*,*,#3795,.F.);
#1915=ORIENTED_EDGE('',*,*,#3770,.F.);
#1916=ORIENTED_EDGE('',*,*,#3796,.F.);
#1917=ORIENTED_EDGE('',*,*,#3797,.F.);
#1918=ORIENTED_EDGE('',*,*,#3406,.T.);
#1919=ORIENTED_EDGE('',*,*,#3798,.T.);
#1920=ORIENTED_EDGE('',*,*,#3799,.F.);
#1921=ORIENTED_EDGE('',*,*,#3800,.F.);
#1922=ORIENTED_EDGE('',*,*,#3407,.T.);
#1923=ORIENTED_EDGE('',*,*,#3797,.T.);
#1924=ORIENTED_EDGE('',*,*,#3801,.F.);
#1925=ORIENTED_EDGE('',*,*,#3802,.F.);
#1926=ORIENTED_EDGE('',*,*,#3408,.T.);
#1927=ORIENTED_EDGE('',*,*,#3800,.T.);
#1928=ORIENTED_EDGE('',*,*,#3803,.F.);
#1929=ORIENTED_EDGE('',*,*,#3804,.F.);
#1930=ORIENTED_EDGE('',*,*,#3409,.T.);
#1931=ORIENTED_EDGE('',*,*,#3802,.T.);
#1932=ORIENTED_EDGE('',*,*,#3805,.F.);
#1933=ORIENTED_EDGE('',*,*,#3806,.T.);
#1934=ORIENTED_EDGE('',*,*,#3382,.F.);
#1935=ORIENTED_EDGE('',*,*,#3410,.T.);
#1936=ORIENTED_EDGE('',*,*,#3804,.T.);
#1937=ORIENTED_EDGE('',*,*,#3807,.T.);
#1938=ORIENTED_EDGE('',*,*,#3383,.F.);
#1939=ORIENTED_EDGE('',*,*,#3806,.F.);
#1940=ORIENTED_EDGE('',*,*,#3808,.F.);
#1941=ORIENTED_EDGE('',*,*,#3809,.T.);
#1942=ORIENTED_EDGE('',*,*,#3386,.F.);
#1943=ORIENTED_EDGE('',*,*,#3807,.F.);
#1944=ORIENTED_EDGE('',*,*,#3810,.F.);
#1945=ORIENTED_EDGE('',*,*,#3811,.F.);
#1946=ORIENTED_EDGE('',*,*,#3389,.F.);
#1947=ORIENTED_EDGE('',*,*,#3809,.F.);
#1948=ORIENTED_EDGE('',*,*,#3812,.F.);
#1949=ORIENTED_EDGE('',*,*,#3390,.T.);
#1950=ORIENTED_EDGE('',*,*,#3811,.T.);
#1951=ORIENTED_EDGE('',*,*,#3813,.F.);
#1952=ORIENTED_EDGE('',*,*,#3814,.F.);
#1953=ORIENTED_EDGE('',*,*,#3399,.T.);
#1954=ORIENTED_EDGE('',*,*,#3815,.F.);
#1955=ORIENTED_EDGE('',*,*,#3816,.F.);
#1956=ORIENTED_EDGE('',*,*,#3400,.T.);
#1957=ORIENTED_EDGE('',*,*,#3814,.T.);
#1958=ORIENTED_EDGE('',*,*,#3817,.F.);
#1959=ORIENTED_EDGE('',*,*,#3818,.F.);
#1960=ORIENTED_EDGE('',*,*,#3401,.T.);
#1961=ORIENTED_EDGE('',*,*,#3816,.T.);
#1962=ORIENTED_EDGE('',*,*,#3819,.F.);
#1963=ORIENTED_EDGE('',*,*,#3820,.F.);
#1964=ORIENTED_EDGE('',*,*,#3402,.T.);
#1965=ORIENTED_EDGE('',*,*,#3818,.T.);
#1966=ORIENTED_EDGE('',*,*,#3821,.F.);
#1967=ORIENTED_EDGE('',*,*,#3822,.F.);
#1968=ORIENTED_EDGE('',*,*,#3403,.T.);
#1969=ORIENTED_EDGE('',*,*,#3820,.T.);
#1970=ORIENTED_EDGE('',*,*,#3405,.T.);
#1971=ORIENTED_EDGE('',*,*,#3398,.F.);
#1972=ORIENTED_EDGE('',*,*,#3395,.F.);
#1973=ORIENTED_EDGE('',*,*,#3393,.T.);
#1974=ORIENTED_EDGE('',*,*,#3404,.T.);
#1975=ORIENTED_EDGE('',*,*,#3822,.T.);
#1976=ORIENTED_EDGE('',*,*,#3823,.F.);
#1977=ORIENTED_EDGE('',*,*,#3798,.F.);
#1978=ORIENTED_EDGE('',*,*,#3824,.F.);
#1979=ORIENTED_EDGE('',*,*,#3608,.F.);
#1980=ORIENTED_EDGE('',*,*,#3825,.T.);
#1981=ORIENTED_EDGE('',*,*,#3826,.T.);
#1982=ORIENTED_EDGE('',*,*,#3827,.T.);
#1983=ORIENTED_EDGE('',*,*,#3412,.F.);
#1984=ORIENTED_EDGE('',*,*,#3828,.F.);
#1985=ORIENTED_EDGE('',*,*,#3829,.F.);
#1986=ORIENTED_EDGE('',*,*,#3830,.F.);
#1987=ORIENTED_EDGE('',*,*,#3415,.F.);
#1988=ORIENTED_EDGE('',*,*,#3827,.F.);
#1989=ORIENTED_EDGE('',*,*,#3831,.F.);
#1990=ORIENTED_EDGE('',*,*,#3416,.T.);
#1991=ORIENTED_EDGE('',*,*,#3830,.T.);
#1992=ORIENTED_EDGE('',*,*,#3832,.F.);
#1993=ORIENTED_EDGE('',*,*,#3833,.F.);
#1994=ORIENTED_EDGE('',*,*,#3430,.T.);
#1995=ORIENTED_EDGE('',*,*,#3834,.F.);
#1996=ORIENTED_EDGE('',*,*,#3835,.F.);
#1997=ORIENTED_EDGE('',*,*,#3431,.T.);
#1998=ORIENTED_EDGE('',*,*,#3833,.T.);
#1999=ORIENTED_EDGE('',*,*,#3836,.F.);
#2000=ORIENTED_EDGE('',*,*,#3837,.F.);
#2001=ORIENTED_EDGE('',*,*,#3432,.T.);
#2002=ORIENTED_EDGE('',*,*,#3835,.T.);
#2003=ORIENTED_EDGE('',*,*,#3838,.F.);
#2004=ORIENTED_EDGE('',*,*,#3839,.F.);
#2005=ORIENTED_EDGE('',*,*,#3433,.T.);
#2006=ORIENTED_EDGE('',*,*,#3837,.T.);
#2007=ORIENTED_EDGE('',*,*,#3840,.F.);
#2008=ORIENTED_EDGE('',*,*,#3841,.F.);
#2009=ORIENTED_EDGE('',*,*,#3434,.T.);
#2010=ORIENTED_EDGE('',*,*,#3839,.T.);
#2011=ORIENTED_EDGE('',*,*,#3436,.T.);
#2012=ORIENTED_EDGE('',*,*,#3424,.F.);
#2013=ORIENTED_EDGE('',*,*,#3421,.F.);
#2014=ORIENTED_EDGE('',*,*,#3419,.T.);
#2015=ORIENTED_EDGE('',*,*,#3435,.T.);
#2016=ORIENTED_EDGE('',*,*,#3841,.T.);
#2017=ORIENTED_EDGE('',*,*,#3842,.F.);
#2018=ORIENTED_EDGE('',*,*,#3843,.F.);
#2019=ORIENTED_EDGE('',*,*,#3844,.F.);
#2020=ORIENTED_EDGE('',*,*,#3845,.F.);
#2021=ORIENTED_EDGE('',*,*,#3437,.T.);
#2022=ORIENTED_EDGE('',*,*,#3843,.T.);
#2023=ORIENTED_EDGE('',*,*,#3846,.F.);
#2024=ORIENTED_EDGE('',*,*,#3847,.F.);
#2025=ORIENTED_EDGE('',*,*,#3438,.T.);
#2026=ORIENTED_EDGE('',*,*,#3845,.T.);
#2027=ORIENTED_EDGE('',*,*,#3848,.F.);
#2028=ORIENTED_EDGE('',*,*,#3849,.F.);
#2029=ORIENTED_EDGE('',*,*,#3439,.T.);
#2030=ORIENTED_EDGE('',*,*,#3847,.T.);
#2031=ORIENTED_EDGE('',*,*,#3850,.F.);
#2032=ORIENTED_EDGE('',*,*,#3851,.F.);
#2033=ORIENTED_EDGE('',*,*,#3440,.T.);
#2034=ORIENTED_EDGE('',*,*,#3849,.T.);
#2035=ORIENTED_EDGE('',*,*,#3852,.F.);
#2036=ORIENTED_EDGE('',*,*,#3853,.T.);
#2037=ORIENTED_EDGE('',*,*,#3425,.F.);
#2038=ORIENTED_EDGE('',*,*,#3442,.T.);
#2039=ORIENTED_EDGE('',*,*,#3854,.T.);
#2040=ORIENTED_EDGE('',*,*,#3855,.F.);
#2041=ORIENTED_EDGE('',*,*,#3426,.F.);
#2042=ORIENTED_EDGE('',*,*,#3853,.F.);
#2043=ORIENTED_EDGE('',*,*,#3856,.F.);
#2044=ORIENTED_EDGE('',*,*,#3857,.F.);
#2045=ORIENTED_EDGE('',*,*,#3858,.F.);
#2046=ORIENTED_EDGE('',*,*,#3443,.T.);
#2047=ORIENTED_EDGE('',*,*,#3427,.T.);
#2048=ORIENTED_EDGE('',*,*,#3855,.T.);
#2049=ORIENTED_EDGE('',*,*,#3859,.F.);
#2050=ORIENTED_EDGE('',*,*,#3854,.F.);
#2051=ORIENTED_EDGE('',*,*,#3444,.T.);
#2052=ORIENTED_EDGE('',*,*,#3858,.T.);
#2053=ORIENTED_EDGE('',*,*,#3860,.F.);
#2054=ORIENTED_EDGE('',*,*,#3861,.T.);
#2055=ORIENTED_EDGE('',*,*,#3445,.F.);
#2056=ORIENTED_EDGE('',*,*,#3441,.T.);
#2057=ORIENTED_EDGE('',*,*,#3851,.T.);
#2058=ORIENTED_EDGE('',*,*,#3828,.T.);
#2059=ORIENTED_EDGE('',*,*,#3446,.F.);
#2060=ORIENTED_EDGE('',*,*,#3861,.F.);
#2061=ORIENTED_EDGE('',*,*,#3862,.F.);
#2062=ORIENTED_EDGE('',*,*,#3863,.F.);
#2063=ORIENTED_EDGE('',*,*,#3864,.F.);
#2064=ORIENTED_EDGE('',*,*,#3471,.T.);
#2065=ORIENTED_EDGE('',*,*,#3865,.T.);
#2066=ORIENTED_EDGE('',*,*,#3866,.F.);
#2067=ORIENTED_EDGE('',*,*,#3867,.F.);
#2068=ORIENTED_EDGE('',*,*,#3472,.T.);
#2069=ORIENTED_EDGE('',*,*,#3864,.T.);
#2070=ORIENTED_EDGE('',*,*,#3868,.F.);
#2071=ORIENTED_EDGE('',*,*,#3869,.F.);
#2072=ORIENTED_EDGE('',*,*,#3473,.T.);
#2073=ORIENTED_EDGE('',*,*,#3867,.T.);
#2074=ORIENTED_EDGE('',*,*,#3870,.F.);
#2075=ORIENTED_EDGE('',*,*,#3871,.F.);
#2076=ORIENTED_EDGE('',*,*,#3474,.T.);
#2077=ORIENTED_EDGE('',*,*,#3869,.T.);
#2078=ORIENTED_EDGE('',*,*,#3872,.F.);
#2079=ORIENTED_EDGE('',*,*,#3873,.T.);
#2080=ORIENTED_EDGE('',*,*,#3447,.F.);
#2081=ORIENTED_EDGE('',*,*,#3475,.T.);
#2082=ORIENTED_EDGE('',*,*,#3871,.T.);
#2083=ORIENTED_EDGE('',*,*,#3874,.T.);
#2084=ORIENTED_EDGE('',*,*,#3448,.F.);
#2085=ORIENTED_EDGE('',*,*,#3873,.F.);
#2086=ORIENTED_EDGE('',*,*,#3875,.F.);
#2087=ORIENTED_EDGE('',*,*,#3876,.T.);
#2088=ORIENTED_EDGE('',*,*,#3451,.F.);
#2089=ORIENTED_EDGE('',*,*,#3874,.F.);
#2090=ORIENTED_EDGE('',*,*,#3877,.F.);
#2091=ORIENTED_EDGE('',*,*,#3878,.F.);
#2092=ORIENTED_EDGE('',*,*,#3454,.F.);
#2093=ORIENTED_EDGE('',*,*,#3876,.F.);
#2094=ORIENTED_EDGE('',*,*,#3879,.F.);
#2095=ORIENTED_EDGE('',*,*,#3455,.T.);
#2096=ORIENTED_EDGE('',*,*,#3878,.T.);
#2097=ORIENTED_EDGE('',*,*,#3880,.F.);
#2098=ORIENTED_EDGE('',*,*,#3881,.F.);
#2099=ORIENTED_EDGE('',*,*,#3464,.T.);
#2100=ORIENTED_EDGE('',*,*,#3882,.F.);
#2101=ORIENTED_EDGE('',*,*,#3883,.F.);
#2102=ORIENTED_EDGE('',*,*,#3465,.T.);
#2103=ORIENTED_EDGE('',*,*,#3881,.T.);
#2104=ORIENTED_EDGE('',*,*,#3884,.F.);
#2105=ORIENTED_EDGE('',*,*,#3885,.F.);
#2106=ORIENTED_EDGE('',*,*,#3466,.T.);
#2107=ORIENTED_EDGE('',*,*,#3883,.T.);
#2108=ORIENTED_EDGE('',*,*,#3886,.F.);
#2109=ORIENTED_EDGE('',*,*,#3887,.F.);
#2110=ORIENTED_EDGE('',*,*,#3467,.T.);
#2111=ORIENTED_EDGE('',*,*,#3885,.T.);
#2112=ORIENTED_EDGE('',*,*,#3888,.F.);
#2113=ORIENTED_EDGE('',*,*,#3889,.F.);
#2114=ORIENTED_EDGE('',*,*,#3468,.T.);
#2115=ORIENTED_EDGE('',*,*,#3887,.T.);
#2116=ORIENTED_EDGE('',*,*,#3470,.T.);
#2117=ORIENTED_EDGE('',*,*,#3463,.F.);
#2118=ORIENTED_EDGE('',*,*,#3460,.F.);
#2119=ORIENTED_EDGE('',*,*,#3458,.T.);
#2120=ORIENTED_EDGE('',*,*,#3469,.T.);
#2121=ORIENTED_EDGE('',*,*,#3889,.T.);
#2122=ORIENTED_EDGE('',*,*,#3890,.F.);
#2123=ORIENTED_EDGE('',*,*,#3865,.F.);
#2124=ORIENTED_EDGE('',*,*,#3478,.F.);
#2125=ORIENTED_EDGE('',*,*,#3511,.F.);
#2126=ORIENTED_EDGE('',*,*,#3891,.T.);
#2127=ORIENTED_EDGE('',*,*,#3892,.T.);
#2128=ORIENTED_EDGE('',*,*,#3893,.F.);
#2129=ORIENTED_EDGE('',*,*,#3893,.T.);
#2130=ORIENTED_EDGE('',*,*,#3894,.F.);
#2131=ORIENTED_EDGE('',*,*,#3895,.T.);
#2132=ORIENTED_EDGE('',*,*,#3479,.T.);
#2133=ORIENTED_EDGE('',*,*,#3895,.F.);
#2134=ORIENTED_EDGE('',*,*,#3896,.T.);
#2135=ORIENTED_EDGE('',*,*,#3897,.T.);
#2136=ORIENTED_EDGE('',*,*,#3482,.T.);
#2137=ORIENTED_EDGE('',*,*,#3897,.F.);
#2138=ORIENTED_EDGE('',*,*,#3898,.F.);
#2139=ORIENTED_EDGE('',*,*,#3899,.T.);
#2140=ORIENTED_EDGE('',*,*,#3492,.T.);
#2141=ORIENTED_EDGE('',*,*,#3900,.T.);
#2142=ORIENTED_EDGE('',*,*,#3901,.F.);
#2143=ORIENTED_EDGE('',*,*,#3902,.F.);
#2144=ORIENTED_EDGE('',*,*,#3485,.F.);
#2145=ORIENTED_EDGE('',*,*,#3489,.F.);
#2146=ORIENTED_EDGE('',*,*,#3902,.T.);
#2147=ORIENTED_EDGE('',*,*,#3903,.T.);
#2148=ORIENTED_EDGE('',*,*,#3904,.T.);
#2149=ORIENTED_EDGE('',*,*,#3486,.T.);
#2150=ORIENTED_EDGE('',*,*,#3905,.T.);
#2151=ORIENTED_EDGE('',*,*,#3906,.F.);
#2152=ORIENTED_EDGE('',*,*,#3487,.F.);
#2153=ORIENTED_EDGE('',*,*,#3483,.T.);
#2154=ORIENTED_EDGE('',*,*,#3904,.F.);
#2155=ORIENTED_EDGE('',*,*,#3907,.F.);
#2156=ORIENTED_EDGE('',*,*,#3908,.F.);
#2157=ORIENTED_EDGE('',*,*,#3500,.F.);
#2158=ORIENTED_EDGE('',*,*,#3490,.T.);
#2159=ORIENTED_EDGE('',*,*,#3899,.F.);
#2160=ORIENTED_EDGE('',*,*,#3909,.F.);
#2161=ORIENTED_EDGE('',*,*,#3900,.F.);
#2162=ORIENTED_EDGE('',*,*,#3488,.F.);
#2163=ORIENTED_EDGE('',*,*,#3906,.T.);
#2164=ORIENTED_EDGE('',*,*,#3910,.T.);
#2165=ORIENTED_EDGE('',*,*,#3911,.F.);
#2166=ORIENTED_EDGE('',*,*,#3501,.F.);
#2167=ORIENTED_EDGE('',*,*,#3908,.T.);
#2168=ORIENTED_EDGE('',*,*,#3912,.T.);
#2169=ORIENTED_EDGE('',*,*,#3913,.F.);
#2170=ORIENTED_EDGE('',*,*,#3502,.F.);
#2171=ORIENTED_EDGE('',*,*,#3911,.T.);
#2172=ORIENTED_EDGE('',*,*,#3913,.T.);
#2173=ORIENTED_EDGE('',*,*,#3914,.F.);
#2174=ORIENTED_EDGE('',*,*,#3915,.F.);
#2175=ORIENTED_EDGE('',*,*,#3503,.F.);
#2176=ORIENTED_EDGE('',*,*,#3916,.F.);
#2177=ORIENTED_EDGE('',*,*,#3917,.F.);
#2178=ORIENTED_EDGE('',*,*,#3504,.F.);
#2179=ORIENTED_EDGE('',*,*,#3915,.T.);
#2180=ORIENTED_EDGE('',*,*,#3505,.F.);
#2181=ORIENTED_EDGE('',*,*,#3917,.T.);
#2182=ORIENTED_EDGE('',*,*,#3918,.F.);
#2183=ORIENTED_EDGE('',*,*,#3919,.F.);
#2184=ORIENTED_EDGE('',*,*,#3506,.F.);
#2185=ORIENTED_EDGE('',*,*,#3499,.F.);
#2186=ORIENTED_EDGE('',*,*,#3497,.T.);
#2187=ORIENTED_EDGE('',*,*,#3494,.T.);
#2188=ORIENTED_EDGE('',*,*,#3920,.T.);
#2189=ORIENTED_EDGE('',*,*,#3921,.F.);
#2190=ORIENTED_EDGE('',*,*,#3507,.F.);
#2191=ORIENTED_EDGE('',*,*,#3919,.T.);
#2192=ORIENTED_EDGE('',*,*,#3922,.F.);
#2193=ORIENTED_EDGE('',*,*,#3923,.F.);
#2194=ORIENTED_EDGE('',*,*,#3508,.F.);
#2195=ORIENTED_EDGE('',*,*,#3921,.T.);
#2196=ORIENTED_EDGE('',*,*,#3924,.F.);
#2197=ORIENTED_EDGE('',*,*,#3925,.F.);
#2198=ORIENTED_EDGE('',*,*,#3509,.F.);
#2199=ORIENTED_EDGE('',*,*,#3923,.T.);
#2200=ORIENTED_EDGE('',*,*,#3926,.F.);
#2201=ORIENTED_EDGE('',*,*,#3891,.F.);
#2202=ORIENTED_EDGE('',*,*,#3510,.F.);
#2203=ORIENTED_EDGE('',*,*,#3925,.T.);
#2204=ORIENTED_EDGE('',*,*,#3927,.F.);
#2205=ORIENTED_EDGE('',*,*,#3625,.F.);
#2206=ORIENTED_EDGE('',*,*,#3928,.T.);
#2207=ORIENTED_EDGE('',*,*,#3929,.T.);
#2208=ORIENTED_EDGE('',*,*,#3926,.T.);
#2209=ORIENTED_EDGE('',*,*,#3924,.T.);
#2210=ORIENTED_EDGE('',*,*,#3922,.T.);
#2211=ORIENTED_EDGE('',*,*,#3920,.F.);
#2212=ORIENTED_EDGE('',*,*,#3918,.T.);
#2213=ORIENTED_EDGE('',*,*,#3916,.T.);
#2214=ORIENTED_EDGE('',*,*,#3914,.T.);
#2215=ORIENTED_EDGE('',*,*,#3912,.F.);
#2216=ORIENTED_EDGE('',*,*,#3910,.F.);
#2217=ORIENTED_EDGE('',*,*,#3907,.T.);
#2218=ORIENTED_EDGE('',*,*,#3905,.F.);
#2219=ORIENTED_EDGE('',*,*,#3903,.F.);
#2220=ORIENTED_EDGE('',*,*,#3901,.T.);
#2221=ORIENTED_EDGE('',*,*,#3909,.T.);
#2222=ORIENTED_EDGE('',*,*,#3898,.T.);
#2223=ORIENTED_EDGE('',*,*,#3896,.F.);
#2224=ORIENTED_EDGE('',*,*,#3894,.T.);
#2225=ORIENTED_EDGE('',*,*,#3892,.F.);
#2226=ORIENTED_EDGE('',*,*,#3890,.T.);
#2227=ORIENTED_EDGE('',*,*,#3888,.T.);
#2228=ORIENTED_EDGE('',*,*,#3886,.T.);
#2229=ORIENTED_EDGE('',*,*,#3884,.T.);
#2230=ORIENTED_EDGE('',*,*,#3882,.T.);
#2231=ORIENTED_EDGE('',*,*,#3880,.T.);
#2232=ORIENTED_EDGE('',*,*,#3879,.T.);
#2233=ORIENTED_EDGE('',*,*,#3877,.T.);
#2234=ORIENTED_EDGE('',*,*,#3875,.T.);
#2235=ORIENTED_EDGE('',*,*,#3872,.T.);
#2236=ORIENTED_EDGE('',*,*,#3870,.T.);
#2237=ORIENTED_EDGE('',*,*,#3868,.T.);
#2238=ORIENTED_EDGE('',*,*,#3866,.T.);
#2239=ORIENTED_EDGE('',*,*,#3863,.T.);
#2240=ORIENTED_EDGE('',*,*,#3862,.T.);
#2241=ORIENTED_EDGE('',*,*,#3860,.T.);
#2242=ORIENTED_EDGE('',*,*,#3857,.T.);
#2243=ORIENTED_EDGE('',*,*,#3856,.T.);
#2244=ORIENTED_EDGE('',*,*,#3852,.T.);
#2245=ORIENTED_EDGE('',*,*,#3859,.T.);
#2246=ORIENTED_EDGE('',*,*,#3850,.T.);
#2247=ORIENTED_EDGE('',*,*,#3848,.T.);
#2248=ORIENTED_EDGE('',*,*,#3846,.T.);
#2249=ORIENTED_EDGE('',*,*,#3844,.T.);
#2250=ORIENTED_EDGE('',*,*,#3842,.T.);
#2251=ORIENTED_EDGE('',*,*,#3840,.T.);
#2252=ORIENTED_EDGE('',*,*,#3838,.T.);
#2253=ORIENTED_EDGE('',*,*,#3836,.T.);
#2254=ORIENTED_EDGE('',*,*,#3834,.T.);
#2255=ORIENTED_EDGE('',*,*,#3832,.T.);
#2256=ORIENTED_EDGE('',*,*,#3831,.T.);
#2257=ORIENTED_EDGE('',*,*,#3829,.T.);
#2258=ORIENTED_EDGE('',*,*,#3930,.T.);
#2259=ORIENTED_EDGE('',*,*,#3826,.F.);
#2260=ORIENTED_EDGE('',*,*,#3931,.T.);
#2261=ORIENTED_EDGE('',*,*,#3932,.T.);
#2262=ORIENTED_EDGE('',*,*,#3823,.T.);
#2263=ORIENTED_EDGE('',*,*,#3821,.T.);
#2264=ORIENTED_EDGE('',*,*,#3819,.T.);
#2265=ORIENTED_EDGE('',*,*,#3817,.T.);
#2266=ORIENTED_EDGE('',*,*,#3815,.T.);
#2267=ORIENTED_EDGE('',*,*,#3813,.T.);
#2268=ORIENTED_EDGE('',*,*,#3812,.T.);
#2269=ORIENTED_EDGE('',*,*,#3810,.T.);
#2270=ORIENTED_EDGE('',*,*,#3808,.T.);
#2271=ORIENTED_EDGE('',*,*,#3805,.T.);
#2272=ORIENTED_EDGE('',*,*,#3803,.T.);
#2273=ORIENTED_EDGE('',*,*,#3801,.T.);
#2274=ORIENTED_EDGE('',*,*,#3799,.T.);
#2275=ORIENTED_EDGE('',*,*,#3796,.T.);
#2276=ORIENTED_EDGE('',*,*,#3795,.T.);
#2277=ORIENTED_EDGE('',*,*,#3793,.T.);
#2278=ORIENTED_EDGE('',*,*,#3791,.T.);
#2279=ORIENTED_EDGE('',*,*,#3789,.T.);
#2280=ORIENTED_EDGE('',*,*,#3787,.T.);
#2281=ORIENTED_EDGE('',*,*,#3785,.T.);
#2282=ORIENTED_EDGE('',*,*,#3784,.T.);
#2283=ORIENTED_EDGE('',*,*,#3782,.T.);
#2284=ORIENTED_EDGE('',*,*,#3780,.T.);
#2285=ORIENTED_EDGE('',*,*,#3777,.T.);
#2286=ORIENTED_EDGE('',*,*,#3775,.T.);
#2287=ORIENTED_EDGE('',*,*,#3773,.T.);
#2288=ORIENTED_EDGE('',*,*,#3771,.T.);
#2289=ORIENTED_EDGE('',*,*,#3768,.T.);
#2290=ORIENTED_EDGE('',*,*,#3767,.T.);
#2291=ORIENTED_EDGE('',*,*,#3765,.T.);
#2292=ORIENTED_EDGE('',*,*,#3763,.T.);
#2293=ORIENTED_EDGE('',*,*,#3761,.T.);
#2294=ORIENTED_EDGE('',*,*,#3759,.T.);
#2295=ORIENTED_EDGE('',*,*,#3757,.T.);
#2296=ORIENTED_EDGE('',*,*,#3756,.T.);
#2297=ORIENTED_EDGE('',*,*,#3754,.T.);
#2298=ORIENTED_EDGE('',*,*,#3752,.T.);
#2299=ORIENTED_EDGE('',*,*,#3749,.T.);
#2300=ORIENTED_EDGE('',*,*,#3747,.T.);
#2301=ORIENTED_EDGE('',*,*,#3745,.T.);
#2302=ORIENTED_EDGE('',*,*,#3743,.T.);
#2303=ORIENTED_EDGE('',*,*,#3740,.T.);
#2304=ORIENTED_EDGE('',*,*,#3739,.T.);
#2305=ORIENTED_EDGE('',*,*,#3737,.T.);
#2306=ORIENTED_EDGE('',*,*,#3735,.T.);
#2307=ORIENTED_EDGE('',*,*,#3733,.T.);
#2308=ORIENTED_EDGE('',*,*,#3731,.T.);
#2309=ORIENTED_EDGE('',*,*,#3729,.T.);
#2310=ORIENTED_EDGE('',*,*,#3728,.T.);
#2311=ORIENTED_EDGE('',*,*,#3726,.T.);
#2312=ORIENTED_EDGE('',*,*,#3724,.T.);
#2313=ORIENTED_EDGE('',*,*,#3721,.T.);
#2314=ORIENTED_EDGE('',*,*,#3719,.T.);
#2315=ORIENTED_EDGE('',*,*,#3717,.T.);
#2316=ORIENTED_EDGE('',*,*,#3715,.T.);
#2317=ORIENTED_EDGE('',*,*,#3712,.T.);
#2318=ORIENTED_EDGE('',*,*,#3711,.T.);
#2319=ORIENTED_EDGE('',*,*,#3709,.T.);
#2320=ORIENTED_EDGE('',*,*,#3707,.T.);
#2321=ORIENTED_EDGE('',*,*,#3705,.T.);
#2322=ORIENTED_EDGE('',*,*,#3703,.T.);
#2323=ORIENTED_EDGE('',*,*,#3701,.T.);
#2324=ORIENTED_EDGE('',*,*,#3700,.T.);
#2325=ORIENTED_EDGE('',*,*,#3698,.T.);
#2326=ORIENTED_EDGE('',*,*,#3696,.T.);
#2327=ORIENTED_EDGE('',*,*,#3693,.T.);
#2328=ORIENTED_EDGE('',*,*,#3691,.T.);
#2329=ORIENTED_EDGE('',*,*,#3689,.T.);
#2330=ORIENTED_EDGE('',*,*,#3687,.T.);
#2331=ORIENTED_EDGE('',*,*,#3684,.T.);
#2332=ORIENTED_EDGE('',*,*,#3683,.T.);
#2333=ORIENTED_EDGE('',*,*,#3681,.T.);
#2334=ORIENTED_EDGE('',*,*,#3679,.T.);
#2335=ORIENTED_EDGE('',*,*,#3677,.T.);
#2336=ORIENTED_EDGE('',*,*,#3675,.T.);
#2337=ORIENTED_EDGE('',*,*,#3673,.T.);
#2338=ORIENTED_EDGE('',*,*,#3672,.T.);
#2339=ORIENTED_EDGE('',*,*,#3670,.T.);
#2340=ORIENTED_EDGE('',*,*,#3668,.T.);
#2341=ORIENTED_EDGE('',*,*,#3665,.T.);
#2342=ORIENTED_EDGE('',*,*,#3663,.T.);
#2343=ORIENTED_EDGE('',*,*,#3661,.T.);
#2344=ORIENTED_EDGE('',*,*,#3659,.T.);
#2345=ORIENTED_EDGE('',*,*,#3656,.T.);
#2346=ORIENTED_EDGE('',*,*,#3655,.T.);
#2347=ORIENTED_EDGE('',*,*,#3653,.T.);
#2348=ORIENTED_EDGE('',*,*,#3651,.T.);
#2349=ORIENTED_EDGE('',*,*,#3649,.T.);
#2350=ORIENTED_EDGE('',*,*,#3647,.T.);
#2351=ORIENTED_EDGE('',*,*,#3645,.T.);
#2352=ORIENTED_EDGE('',*,*,#3644,.T.);
#2353=ORIENTED_EDGE('',*,*,#3642,.T.);
#2354=ORIENTED_EDGE('',*,*,#3640,.T.);
#2355=ORIENTED_EDGE('',*,*,#3637,.T.);
#2356=ORIENTED_EDGE('',*,*,#3635,.T.);
#2357=ORIENTED_EDGE('',*,*,#3633,.T.);
#2358=ORIENTED_EDGE('',*,*,#3631,.T.);
#2359=ORIENTED_EDGE('',*,*,#3628,.T.);
#2360=ORIENTED_EDGE('',*,*,#2867,.T.);
#2361=ORIENTED_EDGE('',*,*,#2834,.T.);
#2362=ORIENTED_EDGE('',*,*,#2838,.T.);
#2363=ORIENTED_EDGE('',*,*,#2841,.T.);
#2364=ORIENTED_EDGE('',*,*,#2844,.T.);
#2365=ORIENTED_EDGE('',*,*,#2848,.T.);
#2366=ORIENTED_EDGE('',*,*,#2806,.T.);
#2367=ORIENTED_EDGE('',*,*,#2803,.T.);
#2368=ORIENTED_EDGE('',*,*,#2801,.T.);
#2369=ORIENTED_EDGE('',*,*,#2790,.T.);
#2370=ORIENTED_EDGE('',*,*,#2851,.T.);
#2371=ORIENTED_EDGE('',*,*,#2854,.T.);
#2372=ORIENTED_EDGE('',*,*,#2857,.T.);
#2373=ORIENTED_EDGE('',*,*,#2860,.T.);
#2374=ORIENTED_EDGE('',*,*,#3933,.T.);
#2375=ORIENTED_EDGE('',*,*,#3934,.F.);
#2376=ORIENTED_EDGE('',*,*,#3935,.F.);
#2377=ORIENTED_EDGE('',*,*,#3599,.T.);
#2378=ORIENTED_EDGE('',*,*,#3936,.F.);
#2379=ORIENTED_EDGE('',*,*,#3589,.F.);
#2380=ORIENTED_EDGE('',*,*,#3937,.T.);
#2381=ORIENTED_EDGE('',*,*,#3938,.F.);
#2382=ORIENTED_EDGE('',*,*,#3939,.F.);
#2383=ORIENTED_EDGE('',*,*,#3579,.F.);
#2384=ORIENTED_EDGE('',*,*,#3940,.T.);
#2385=ORIENTED_EDGE('',*,*,#3941,.F.);
#2386=ORIENTED_EDGE('',*,*,#3942,.F.);
#2387=ORIENTED_EDGE('',*,*,#3569,.F.);
#2388=ORIENTED_EDGE('',*,*,#3943,.T.);
#2389=ORIENTED_EDGE('',*,*,#3944,.F.);
#2390=ORIENTED_EDGE('',*,*,#3945,.F.);
#2391=ORIENTED_EDGE('',*,*,#3559,.F.);
#2392=ORIENTED_EDGE('',*,*,#3946,.T.);
#2393=ORIENTED_EDGE('',*,*,#3947,.F.);
#2394=ORIENTED_EDGE('',*,*,#3948,.F.);
#2395=ORIENTED_EDGE('',*,*,#3549,.F.);
#2396=ORIENTED_EDGE('',*,*,#3949,.T.);
#2397=ORIENTED_EDGE('',*,*,#3950,.F.);
#2398=ORIENTED_EDGE('',*,*,#3951,.F.);
#2399=ORIENTED_EDGE('',*,*,#3539,.F.);
#2400=ORIENTED_EDGE('',*,*,#3952,.T.);
#2401=ORIENTED_EDGE('',*,*,#3953,.F.);
#2402=ORIENTED_EDGE('',*,*,#3954,.F.);
#2403=ORIENTED_EDGE('',*,*,#3529,.F.);
#2404=ORIENTED_EDGE('',*,*,#3955,.T.);
#2405=ORIENTED_EDGE('',*,*,#3956,.F.);
#2406=ORIENTED_EDGE('',*,*,#3957,.F.);
#2407=ORIENTED_EDGE('',*,*,#3519,.F.);
#2408=ORIENTED_EDGE('',*,*,#3958,.T.);
#2409=ORIENTED_EDGE('',*,*,#3959,.F.);
#2410=ORIENTED_EDGE('',*,*,#3960,.T.);
#2411=ORIENTED_EDGE('',*,*,#3961,.F.);
#2412=ORIENTED_EDGE('',*,*,#3514,.F.);
#2413=ORIENTED_EDGE('',*,*,#3520,.F.);
#2414=ORIENTED_EDGE('',*,*,#3957,.T.);
#2415=ORIENTED_EDGE('',*,*,#3962,.T.);
#2416=ORIENTED_EDGE('',*,*,#3963,.F.);
#2417=ORIENTED_EDGE('',*,*,#3964,.F.);
#2418=ORIENTED_EDGE('',*,*,#3517,.F.);
#2419=ORIENTED_EDGE('',*,*,#3515,.F.);
#2420=ORIENTED_EDGE('',*,*,#3512,.F.);
#2421=ORIENTED_EDGE('',*,*,#3961,.T.);
#2422=ORIENTED_EDGE('',*,*,#3965,.F.);
#2423=ORIENTED_EDGE('',*,*,#3958,.F.);
#2424=ORIENTED_EDGE('',*,*,#3521,.F.);
#2425=ORIENTED_EDGE('',*,*,#3518,.F.);
#2426=ORIENTED_EDGE('',*,*,#3964,.T.);
#2427=ORIENTED_EDGE('',*,*,#3966,.T.);
#2428=ORIENTED_EDGE('',*,*,#3967,.T.);
#2429=ORIENTED_EDGE('',*,*,#3968,.F.);
#2430=ORIENTED_EDGE('',*,*,#3524,.F.);
#2431=ORIENTED_EDGE('',*,*,#3530,.F.);
#2432=ORIENTED_EDGE('',*,*,#3954,.T.);
#2433=ORIENTED_EDGE('',*,*,#3969,.T.);
#2434=ORIENTED_EDGE('',*,*,#3970,.F.);
#2435=ORIENTED_EDGE('',*,*,#3971,.F.);
#2436=ORIENTED_EDGE('',*,*,#3527,.F.);
#2437=ORIENTED_EDGE('',*,*,#3525,.F.);
#2438=ORIENTED_EDGE('',*,*,#3522,.F.);
#2439=ORIENTED_EDGE('',*,*,#3968,.T.);
#2440=ORIENTED_EDGE('',*,*,#3972,.F.);
#2441=ORIENTED_EDGE('',*,*,#3955,.F.);
#2442=ORIENTED_EDGE('',*,*,#3531,.F.);
#2443=ORIENTED_EDGE('',*,*,#3528,.F.);
#2444=ORIENTED_EDGE('',*,*,#3971,.T.);
#2445=ORIENTED_EDGE('',*,*,#3973,.T.);
#2446=ORIENTED_EDGE('',*,*,#3974,.T.);
#2447=ORIENTED_EDGE('',*,*,#3975,.F.);
#2448=ORIENTED_EDGE('',*,*,#3534,.F.);
#2449=ORIENTED_EDGE('',*,*,#3540,.F.);
#2450=ORIENTED_EDGE('',*,*,#3951,.T.);
#2451=ORIENTED_EDGE('',*,*,#3976,.T.);
#2452=ORIENTED_EDGE('',*,*,#3977,.F.);
#2453=ORIENTED_EDGE('',*,*,#3978,.F.);
#2454=ORIENTED_EDGE('',*,*,#3537,.F.);
#2455=ORIENTED_EDGE('',*,*,#3535,.F.);
#2456=ORIENTED_EDGE('',*,*,#3532,.F.);
#2457=ORIENTED_EDGE('',*,*,#3975,.T.);
#2458=ORIENTED_EDGE('',*,*,#3979,.F.);
#2459=ORIENTED_EDGE('',*,*,#3952,.F.);
#2460=ORIENTED_EDGE('',*,*,#3541,.F.);
#2461=ORIENTED_EDGE('',*,*,#3538,.F.);
#2462=ORIENTED_EDGE('',*,*,#3978,.T.);
#2463=ORIENTED_EDGE('',*,*,#3980,.T.);
#2464=ORIENTED_EDGE('',*,*,#3981,.T.);
#2465=ORIENTED_EDGE('',*,*,#3982,.F.);
#2466=ORIENTED_EDGE('',*,*,#3544,.F.);
#2467=ORIENTED_EDGE('',*,*,#3550,.F.);
#2468=ORIENTED_EDGE('',*,*,#3948,.T.);
#2469=ORIENTED_EDGE('',*,*,#3983,.T.);
#2470=ORIENTED_EDGE('',*,*,#3984,.F.);
#2471=ORIENTED_EDGE('',*,*,#3985,.F.);
#2472=ORIENTED_EDGE('',*,*,#3547,.F.);
#2473=ORIENTED_EDGE('',*,*,#3545,.F.);
#2474=ORIENTED_EDGE('',*,*,#3542,.F.);
#2475=ORIENTED_EDGE('',*,*,#3982,.T.);
#2476=ORIENTED_EDGE('',*,*,#3986,.F.);
#2477=ORIENTED_EDGE('',*,*,#3949,.F.);
#2478=ORIENTED_EDGE('',*,*,#3551,.F.);
#2479=ORIENTED_EDGE('',*,*,#3548,.F.);
#2480=ORIENTED_EDGE('',*,*,#3985,.T.);
#2481=ORIENTED_EDGE('',*,*,#3987,.T.);
#2482=ORIENTED_EDGE('',*,*,#3988,.T.);
#2483=ORIENTED_EDGE('',*,*,#3989,.F.);
#2484=ORIENTED_EDGE('',*,*,#3554,.F.);
#2485=ORIENTED_EDGE('',*,*,#3560,.F.);
#2486=ORIENTED_EDGE('',*,*,#3945,.T.);
#2487=ORIENTED_EDGE('',*,*,#3990,.T.);
#2488=ORIENTED_EDGE('',*,*,#3991,.F.);
#2489=ORIENTED_EDGE('',*,*,#3992,.F.);
#2490=ORIENTED_EDGE('',*,*,#3557,.F.);
#2491=ORIENTED_EDGE('',*,*,#3555,.F.);
#2492=ORIENTED_EDGE('',*,*,#3552,.F.);
#2493=ORIENTED_EDGE('',*,*,#3989,.T.);
#2494=ORIENTED_EDGE('',*,*,#3993,.F.);
#2495=ORIENTED_EDGE('',*,*,#3946,.F.);
#2496=ORIENTED_EDGE('',*,*,#3561,.F.);
#2497=ORIENTED_EDGE('',*,*,#3558,.F.);
#2498=ORIENTED_EDGE('',*,*,#3992,.T.);
#2499=ORIENTED_EDGE('',*,*,#3994,.T.);
#2500=ORIENTED_EDGE('',*,*,#3995,.T.);
#2501=ORIENTED_EDGE('',*,*,#3996,.F.);
#2502=ORIENTED_EDGE('',*,*,#3564,.F.);
#2503=ORIENTED_EDGE('',*,*,#3570,.F.);
#2504=ORIENTED_EDGE('',*,*,#3942,.T.);
#2505=ORIENTED_EDGE('',*,*,#3997,.T.);
#2506=ORIENTED_EDGE('',*,*,#3998,.F.);
#2507=ORIENTED_EDGE('',*,*,#3999,.F.);
#2508=ORIENTED_EDGE('',*,*,#3567,.F.);
#2509=ORIENTED_EDGE('',*,*,#3565,.F.);
#2510=ORIENTED_EDGE('',*,*,#3562,.F.);
#2511=ORIENTED_EDGE('',*,*,#3996,.T.);
#2512=ORIENTED_EDGE('',*,*,#4000,.F.);
#2513=ORIENTED_EDGE('',*,*,#3943,.F.);
#2514=ORIENTED_EDGE('',*,*,#3571,.F.);
#2515=ORIENTED_EDGE('',*,*,#3568,.F.);
#2516=ORIENTED_EDGE('',*,*,#3999,.T.);
#2517=ORIENTED_EDGE('',*,*,#4001,.T.);
#2518=ORIENTED_EDGE('',*,*,#4002,.T.);
#2519=ORIENTED_EDGE('',*,*,#4003,.F.);
#2520=ORIENTED_EDGE('',*,*,#3574,.F.);
#2521=ORIENTED_EDGE('',*,*,#3580,.F.);
#2522=ORIENTED_EDGE('',*,*,#3939,.T.);
#2523=ORIENTED_EDGE('',*,*,#4004,.T.);
#2524=ORIENTED_EDGE('',*,*,#4005,.F.);
#2525=ORIENTED_EDGE('',*,*,#4006,.F.);
#2526=ORIENTED_EDGE('',*,*,#3577,.F.);
#2527=ORIENTED_EDGE('',*,*,#3575,.F.);
#2528=ORIENTED_EDGE('',*,*,#3572,.F.);
#2529=ORIENTED_EDGE('',*,*,#4003,.T.);
#2530=ORIENTED_EDGE('',*,*,#4007,.F.);
#2531=ORIENTED_EDGE('',*,*,#3940,.F.);
#2532=ORIENTED_EDGE('',*,*,#3581,.F.);
#2533=ORIENTED_EDGE('',*,*,#3578,.F.);
#2534=ORIENTED_EDGE('',*,*,#4006,.T.);
#2535=ORIENTED_EDGE('',*,*,#4008,.T.);
#2536=ORIENTED_EDGE('',*,*,#4009,.T.);
#2537=ORIENTED_EDGE('',*,*,#4010,.F.);
#2538=ORIENTED_EDGE('',*,*,#3584,.F.);
#2539=ORIENTED_EDGE('',*,*,#3590,.F.);
#2540=ORIENTED_EDGE('',*,*,#3936,.T.);
#2541=ORIENTED_EDGE('',*,*,#4011,.T.);
#2542=ORIENTED_EDGE('',*,*,#4012,.F.);
#2543=ORIENTED_EDGE('',*,*,#4013,.F.);
#2544=ORIENTED_EDGE('',*,*,#3587,.F.);
#2545=ORIENTED_EDGE('',*,*,#3585,.F.);
#2546=ORIENTED_EDGE('',*,*,#3582,.F.);
#2547=ORIENTED_EDGE('',*,*,#4010,.T.);
#2548=ORIENTED_EDGE('',*,*,#4014,.F.);
#2549=ORIENTED_EDGE('',*,*,#3937,.F.);
#2550=ORIENTED_EDGE('',*,*,#3591,.F.);
#2551=ORIENTED_EDGE('',*,*,#3588,.F.);
#2552=ORIENTED_EDGE('',*,*,#4013,.T.);
#2553=ORIENTED_EDGE('',*,*,#4015,.T.);
#2554=ORIENTED_EDGE('',*,*,#4016,.T.);
#2555=ORIENTED_EDGE('',*,*,#4017,.F.);
#2556=ORIENTED_EDGE('',*,*,#4018,.F.);
#2557=ORIENTED_EDGE('',*,*,#3593,.T.);
#2558=ORIENTED_EDGE('',*,*,#3600,.T.);
#2559=ORIENTED_EDGE('',*,*,#3935,.T.);
#2560=ORIENTED_EDGE('',*,*,#4019,.F.);
#2561=ORIENTED_EDGE('',*,*,#4020,.F.);
#2562=ORIENTED_EDGE('',*,*,#3596,.T.);
#2563=ORIENTED_EDGE('',*,*,#3595,.T.);
#2564=ORIENTED_EDGE('',*,*,#3594,.T.);
#2565=ORIENTED_EDGE('',*,*,#4018,.T.);
#2566=ORIENTED_EDGE('',*,*,#4021,.F.);
#2567=ORIENTED_EDGE('',*,*,#4022,.F.);
#2568=ORIENTED_EDGE('',*,*,#3933,.F.);
#2569=ORIENTED_EDGE('',*,*,#3601,.T.);
#2570=ORIENTED_EDGE('',*,*,#3597,.T.);
#2571=ORIENTED_EDGE('',*,*,#4020,.T.);
#2572=ORIENTED_EDGE('',*,*,#3824,.T.);
#2573=ORIENTED_EDGE('',*,*,#3930,.F.);
#2574=ORIENTED_EDGE('',*,*,#4023,.T.);
#2575=ORIENTED_EDGE('',*,*,#4024,.T.);
#2576=ORIENTED_EDGE('',*,*,#4025,.T.);
#2577=ORIENTED_EDGE('',*,*,#3609,.T.);
#2578=ORIENTED_EDGE('',*,*,#3613,.T.);
#2579=ORIENTED_EDGE('',*,*,#3616,.T.);
#2580=ORIENTED_EDGE('',*,*,#3605,.F.);
#2581=ORIENTED_EDGE('',*,*,#3606,.T.);
#2582=ORIENTED_EDGE('',*,*,#4025,.F.);
#2583=ORIENTED_EDGE('',*,*,#4026,.F.);
#2584=ORIENTED_EDGE('',*,*,#4027,.T.);
#2585=ORIENTED_EDGE('',*,*,#3610,.T.);
#2586=ORIENTED_EDGE('',*,*,#3617,.F.);
#2587=ORIENTED_EDGE('',*,*,#3614,.F.);
#2588=ORIENTED_EDGE('',*,*,#3611,.F.);
#2589=ORIENTED_EDGE('',*,*,#4027,.F.);
#2590=ORIENTED_EDGE('',*,*,#4028,.T.);
#2591=ORIENTED_EDGE('',*,*,#4029,.F.);
#2592=ORIENTED_EDGE('',*,*,#3931,.F.);
#2593=ORIENTED_EDGE('',*,*,#3825,.F.);
#2594=ORIENTED_EDGE('',*,*,#3607,.F.);
#2595=ORIENTED_EDGE('',*,*,#3603,.T.);
#2596=ORIENTED_EDGE('',*,*,#4030,.T.);
#2597=ORIENTED_EDGE('',*,*,#4031,.F.);
#2598=ORIENTED_EDGE('',*,*,#3620,.F.);
#2599=ORIENTED_EDGE('',*,*,#3626,.F.);
#2600=ORIENTED_EDGE('',*,*,#3927,.T.);
#2601=ORIENTED_EDGE('',*,*,#4032,.T.);
#2602=ORIENTED_EDGE('',*,*,#4033,.T.);
#2603=ORIENTED_EDGE('',*,*,#4034,.F.);
#2604=ORIENTED_EDGE('',*,*,#3623,.F.);
#2605=ORIENTED_EDGE('',*,*,#3621,.F.);
#2606=ORIENTED_EDGE('',*,*,#3618,.F.);
#2607=ORIENTED_EDGE('',*,*,#4031,.T.);
#2608=ORIENTED_EDGE('',*,*,#4035,.F.);
#2609=ORIENTED_EDGE('',*,*,#3928,.F.);
#2610=ORIENTED_EDGE('',*,*,#3627,.F.);
#2611=ORIENTED_EDGE('',*,*,#3624,.F.);
#2612=ORIENTED_EDGE('',*,*,#4034,.T.);
#2613=ORIENTED_EDGE('',*,*,#4036,.T.);
#2614=ORIENTED_EDGE('',*,*,#2890,.F.);
#2615=ORIENTED_EDGE('',*,*,#2882,.T.);
#2616=ORIENTED_EDGE('',*,*,#2895,.T.);
#2617=ORIENTED_EDGE('',*,*,#4037,.T.);
#2618=ORIENTED_EDGE('',*,*,#3962,.F.);
#2619=ORIENTED_EDGE('',*,*,#3959,.T.);
#2620=ORIENTED_EDGE('',*,*,#3965,.T.);
#2621=ORIENTED_EDGE('',*,*,#4038,.T.);
#2622=ORIENTED_EDGE('',*,*,#3969,.F.);
#2623=ORIENTED_EDGE('',*,*,#3956,.T.);
#2624=ORIENTED_EDGE('',*,*,#3972,.T.);
#2625=ORIENTED_EDGE('',*,*,#4039,.T.);
#2626=ORIENTED_EDGE('',*,*,#3976,.F.);
#2627=ORIENTED_EDGE('',*,*,#3953,.T.);
#2628=ORIENTED_EDGE('',*,*,#3979,.T.);
#2629=ORIENTED_EDGE('',*,*,#4040,.T.);
#2630=ORIENTED_EDGE('',*,*,#3983,.F.);
#2631=ORIENTED_EDGE('',*,*,#3950,.T.);
#2632=ORIENTED_EDGE('',*,*,#3986,.T.);
#2633=ORIENTED_EDGE('',*,*,#4041,.T.);
#2634=ORIENTED_EDGE('',*,*,#3990,.F.);
#2635=ORIENTED_EDGE('',*,*,#3947,.T.);
#2636=ORIENTED_EDGE('',*,*,#3993,.T.);
#2637=ORIENTED_EDGE('',*,*,#4042,.T.);
#2638=ORIENTED_EDGE('',*,*,#3997,.F.);
#2639=ORIENTED_EDGE('',*,*,#3944,.T.);
#2640=ORIENTED_EDGE('',*,*,#4000,.T.);
#2641=ORIENTED_EDGE('',*,*,#4043,.T.);
#2642=ORIENTED_EDGE('',*,*,#4004,.F.);
#2643=ORIENTED_EDGE('',*,*,#3941,.T.);
#2644=ORIENTED_EDGE('',*,*,#4007,.T.);
#2645=ORIENTED_EDGE('',*,*,#4044,.T.);
#2646=ORIENTED_EDGE('',*,*,#4011,.F.);
#2647=ORIENTED_EDGE('',*,*,#3938,.T.);
#2648=ORIENTED_EDGE('',*,*,#4014,.T.);
#2649=ORIENTED_EDGE('',*,*,#4045,.T.);
#2650=ORIENTED_EDGE('',*,*,#4016,.F.);
#2651=ORIENTED_EDGE('',*,*,#3934,.T.);
#2652=ORIENTED_EDGE('',*,*,#4022,.T.);
#2653=ORIENTED_EDGE('',*,*,#4046,.T.);
#2654=ORIENTED_EDGE('',*,*,#4023,.F.);
#2655=ORIENTED_EDGE('',*,*,#3932,.F.);
#2656=ORIENTED_EDGE('',*,*,#4029,.T.);
#2657=ORIENTED_EDGE('',*,*,#4047,.T.);
#2658=ORIENTED_EDGE('',*,*,#4032,.F.);
#2659=ORIENTED_EDGE('',*,*,#3929,.F.);
#2660=ORIENTED_EDGE('',*,*,#4035,.T.);
#2661=ORIENTED_EDGE('',*,*,#4048,.T.);
#2662=ORIENTED_EDGE('',*,*,#2887,.F.);
#2663=ORIENTED_EDGE('',*,*,#4048,.F.);
#2664=ORIENTED_EDGE('',*,*,#4036,.F.);
#2665=ORIENTED_EDGE('',*,*,#4033,.F.);
#2666=ORIENTED_EDGE('',*,*,#4030,.F.);
#2667=ORIENTED_EDGE('',*,*,#4047,.F.);
#2668=ORIENTED_EDGE('',*,*,#4028,.F.);
#2669=ORIENTED_EDGE('',*,*,#4026,.T.);
#2670=ORIENTED_EDGE('',*,*,#4024,.F.);
#2671=ORIENTED_EDGE('',*,*,#4046,.F.);
#2672=ORIENTED_EDGE('',*,*,#4021,.T.);
#2673=ORIENTED_EDGE('',*,*,#4019,.T.);
#2674=ORIENTED_EDGE('',*,*,#4017,.T.);
#2675=ORIENTED_EDGE('',*,*,#4045,.F.);
#2676=ORIENTED_EDGE('',*,*,#4015,.F.);
#2677=ORIENTED_EDGE('',*,*,#4012,.T.);
#2678=ORIENTED_EDGE('',*,*,#4009,.F.);
#2679=ORIENTED_EDGE('',*,*,#4044,.F.);
#2680=ORIENTED_EDGE('',*,*,#4008,.F.);
#2681=ORIENTED_EDGE('',*,*,#4005,.T.);
#2682=ORIENTED_EDGE('',*,*,#4002,.F.);
#2683=ORIENTED_EDGE('',*,*,#4043,.F.);
#2684=ORIENTED_EDGE('',*,*,#4001,.F.);
#2685=ORIENTED_EDGE('',*,*,#3998,.T.);
#2686=ORIENTED_EDGE('',*,*,#3995,.F.);
#2687=ORIENTED_EDGE('',*,*,#4042,.F.);
#2688=ORIENTED_EDGE('',*,*,#3994,.F.);
#2689=ORIENTED_EDGE('',*,*,#3991,.T.);
#2690=ORIENTED_EDGE('',*,*,#3988,.F.);
#2691=ORIENTED_EDGE('',*,*,#4041,.F.);
#2692=ORIENTED_EDGE('',*,*,#3987,.F.);
#2693=ORIENTED_EDGE('',*,*,#3984,.T.);
#2694=ORIENTED_EDGE('',*,*,#3981,.F.);
#2695=ORIENTED_EDGE('',*,*,#4040,.F.);
#2696=ORIENTED_EDGE('',*,*,#3980,.F.);
#2697=ORIENTED_EDGE('',*,*,#3977,.T.);
#2698=ORIENTED_EDGE('',*,*,#3974,.F.);
#2699=ORIENTED_EDGE('',*,*,#4039,.F.);
#2700=ORIENTED_EDGE('',*,*,#3973,.F.);
#2701=ORIENTED_EDGE('',*,*,#3970,.T.);
#2702=ORIENTED_EDGE('',*,*,#3967,.F.);
#2703=ORIENTED_EDGE('',*,*,#4038,.F.);
#2704=ORIENTED_EDGE('',*,*,#3966,.F.);
#2705=ORIENTED_EDGE('',*,*,#3963,.T.);
#2706=ORIENTED_EDGE('',*,*,#3960,.F.);
#2707=ORIENTED_EDGE('',*,*,#4037,.F.);
#2708=ORIENTED_EDGE('',*,*,#2897,.F.);
#2709=ORIENTED_EDGE('',*,*,#2891,.T.);
#2710=ORIENTED_EDGE('',*,*,#4049,.F.);
#2711=ORIENTED_EDGE('',*,*,#4050,.T.);
#2712=ORIENTED_EDGE('',*,*,#4051,.T.);
#2713=ORIENTED_EDGE('',*,*,#4052,.T.);
#2714=ORIENTED_EDGE('',*,*,#4053,.F.);
#2715=ORIENTED_EDGE('',*,*,#4054,.T.);
#2716=ORIENTED_EDGE('',*,*,#4055,.F.);
#2717=ORIENTED_EDGE('',*,*,#4056,.T.);
#2718=ORIENTED_EDGE('',*,*,#4057,.T.);
#2719=ORIENTED_EDGE('',*,*,#4058,.T.);
#2720=ORIENTED_EDGE('',*,*,#4049,.T.);
#2721=ORIENTED_EDGE('',*,*,#4059,.T.);
#2722=ORIENTED_EDGE('',*,*,#4060,.F.);
#2723=ORIENTED_EDGE('',*,*,#4061,.T.);
#2724=ORIENTED_EDGE('',*,*,#4053,.T.);
#2725=ORIENTED_EDGE('',*,*,#4062,.T.);
#2726=ORIENTED_EDGE('',*,*,#4063,.F.);
#2727=ORIENTED_EDGE('',*,*,#4064,.T.);
#2728=ORIENTED_EDGE('',*,*,#4060,.T.);
#2729=ORIENTED_EDGE('',*,*,#4065,.T.);
#2730=ORIENTED_EDGE('',*,*,#4051,.F.);
#2731=ORIENTED_EDGE('',*,*,#4066,.T.);
#2732=ORIENTED_EDGE('',*,*,#4067,.F.);
#2733=ORIENTED_EDGE('',*,*,#4068,.T.);
#2734=ORIENTED_EDGE('',*,*,#4055,.T.);
#2735=ORIENTED_EDGE('',*,*,#4069,.T.);
#2736=ORIENTED_EDGE('',*,*,#4063,.T.);
#2737=ORIENTED_EDGE('',*,*,#4070,.T.);
#2738=ORIENTED_EDGE('',*,*,#4071,.T.);
#2739=ORIENTED_EDGE('',*,*,#4072,.T.);
#2740=ORIENTED_EDGE('',*,*,#4073,.T.);
#2741=ORIENTED_EDGE('',*,*,#4074,.T.);
#2742=ORIENTED_EDGE('',*,*,#4067,.T.);
#2743=ORIENTED_EDGE('',*,*,#4075,.T.);
#2744=ORIENTED_EDGE('',*,*,#4057,.F.);
#2745=ORIENTED_EDGE('',*,*,#4076,.T.);
#2746=ORIENTED_EDGE('',*,*,#4077,.T.);
#2747=ORIENTED_EDGE('',*,*,#4078,.T.);
#2748=ORIENTED_EDGE('',*,*,#4079,.T.);
#2749=ORIENTED_EDGE('',*,*,#4080,.T.);
#2750=ORIENTED_EDGE('',*,*,#4081,.F.);
#2751=ORIENTED_EDGE('',*,*,#4056,.F.);
#2752=ORIENTED_EDGE('',*,*,#4082,.F.);
#2753=ORIENTED_EDGE('',*,*,#4080,.F.);
#2754=ORIENTED_EDGE('',*,*,#4082,.T.);
#2755=ORIENTED_EDGE('',*,*,#4070,.F.);
#2756=ORIENTED_EDGE('',*,*,#4083,.F.);
#2757=ORIENTED_EDGE('',*,*,#4077,.F.);
#2758=ORIENTED_EDGE('',*,*,#4081,.T.);
#2759=ORIENTED_EDGE('',*,*,#4079,.F.);
#2760=ORIENTED_EDGE('',*,*,#4084,.F.);
#2761=ORIENTED_EDGE('',*,*,#4076,.F.);
#2762=ORIENTED_EDGE('',*,*,#4083,.T.);
#2763=ORIENTED_EDGE('',*,*,#4068,.F.);
#2764=ORIENTED_EDGE('',*,*,#4084,.T.);
#2765=ORIENTED_EDGE('',*,*,#4078,.F.);
#2766=ORIENTED_EDGE('',*,*,#4085,.F.);
#2767=ORIENTED_EDGE('',*,*,#4074,.F.);
#2768=ORIENTED_EDGE('',*,*,#4086,.F.);
#2769=ORIENTED_EDGE('',*,*,#4062,.F.);
#2770=ORIENTED_EDGE('',*,*,#4086,.T.);
#2771=ORIENTED_EDGE('',*,*,#4073,.F.);
#2772=ORIENTED_EDGE('',*,*,#4087,.F.);
#2773=ORIENTED_EDGE('',*,*,#4065,.F.);
#2774=ORIENTED_EDGE('',*,*,#4085,.T.);
#2775=ORIENTED_EDGE('',*,*,#4059,.F.);
#2776=ORIENTED_EDGE('',*,*,#4088,.F.);
#2777=ORIENTED_EDGE('',*,*,#4071,.F.);
#2778=ORIENTED_EDGE('',*,*,#4087,.T.);
#2779=ORIENTED_EDGE('',*,*,#4072,.F.);
#2780=ORIENTED_EDGE('',*,*,#4088,.T.);
#2781=ORIENTED_EDGE('',*,*,#4052,.F.);
#2782=ORIENTED_EDGE('',*,*,#4066,.F.);
#2783=ORIENTED_EDGE('',*,*,#4050,.F.);
#2784=ORIENTED_EDGE('',*,*,#4058,.F.);
#2785=ORIENTED_EDGE('',*,*,#4075,.F.);
#2786=ORIENTED_EDGE('',*,*,#4054,.F.);
#2787=ORIENTED_EDGE('',*,*,#4061,.F.);
#2788=ORIENTED_EDGE('',*,*,#4064,.F.);
#2789=ORIENTED_EDGE('',*,*,#4069,.F.);
#2790=EDGE_CURVE('',#4089,#4090,#4945,.T.);
#2791=EDGE_CURVE('',#4089,#4091,#4946,.F.);
#2792=EDGE_CURVE('',#4092,#4091,#4947,.T.);
#2793=EDGE_CURVE('',#4092,#4093,#4948,.T.);
#2794=EDGE_CURVE('',#4093,#4090,#4949,.T.);
#2795=EDGE_CURVE('',#4094,#4095,#4950,.T.);
#2796=EDGE_CURVE('',#4094,#4096,#103,.F.);
#2797=EDGE_CURVE('',#4096,#4097,#4951,.T.);
#2798=EDGE_CURVE('',#4095,#4097,#104,.T.);
#2799=EDGE_CURVE('',#4098,#4094,#81,.F.);
#2800=EDGE_CURVE('',#4091,#4094,#4952,.T.);
#2801=EDGE_CURVE('',#4098,#4089,#4953,.T.);
#2802=EDGE_CURVE('',#4099,#4096,#82,.F.);
#2803=EDGE_CURVE('',#4099,#4098,#105,.T.);
#2804=EDGE_CURVE('',#4100,#4101,#4954,.F.);
#2805=EDGE_CURVE('',#4096,#4100,#4955,.T.);
#2806=EDGE_CURVE('',#4101,#4099,#4956,.T.);
#2807=EDGE_CURVE('',#4102,#4103,#4957,.T.);
#2808=EDGE_CURVE('',#4104,#4102,#4958,.T.);
#2809=EDGE_CURVE('',#4105,#4104,#4959,.T.);
#2810=EDGE_CURVE('',#4103,#4105,#4960,.T.);
#2811=EDGE_CURVE('',#4106,#4107,#4961,.T.);
#2812=EDGE_CURVE('',#4108,#4106,#4962,.T.);
#2813=EDGE_CURVE('',#4109,#4108,#4963,.T.);
#2814=EDGE_CURVE('',#4107,#4109,#4964,.T.);
#2815=EDGE_CURVE('',#4110,#4108,#4965,.T.);
#2816=EDGE_CURVE('',#4111,#4110,#4966,.T.);
#2817=EDGE_CURVE('',#4102,#4111,#4967,.T.);
#2818=EDGE_CURVE('',#4103,#4109,#4968,.T.);
#2819=EDGE_CURVE('',#4112,#4113,#4969,.T.);
#2820=EDGE_CURVE('',#4113,#4114,#4970,.T.);
#2821=EDGE_CURVE('',#4114,#4115,#4971,.T.);
#2822=EDGE_CURVE('',#4115,#4112,#4972,.T.);
#2823=EDGE_CURVE('',#4116,#4117,#4973,.T.);
#2824=EDGE_CURVE('',#4118,#4117,#4974,.T.);
#2825=EDGE_CURVE('',#4119,#4118,#4975,.T.);
#2826=EDGE_CURVE('',#4119,#4116,#4976,.T.);
#2827=EDGE_CURVE('',#4117,#4120,#4977,.T.);
#2828=EDGE_CURVE('',#4121,#4120,#4978,.T.);
#2829=EDGE_CURVE('',#4118,#4121,#4979,.T.);
#2830=EDGE_CURVE('',#4120,#4122,#4980,.T.);
#2831=EDGE_CURVE('',#4123,#4122,#4981,.T.);
#2832=EDGE_CURVE('',#4121,#4123,#4982,.T.);
#2833=EDGE_CURVE('',#4123,#4119,#4983,.T.);
#2834=EDGE_CURVE('',#4124,#4125,#4984,.T.);
#2835=EDGE_CURVE('',#4126,#4124,#4985,.T.);
#2836=EDGE_CURVE('',#4126,#4127,#4986,.T.);
#2837=EDGE_CURVE('',#4127,#4125,#4987,.T.);
#2838=EDGE_CURVE('',#4125,#4128,#4988,.T.);
#2839=EDGE_CURVE('',#4127,#4129,#4989,.T.);
#2840=EDGE_CURVE('',#4129,#4128,#4990,.T.);
#2841=EDGE_CURVE('',#4128,#4130,#4991,.T.);
#2842=EDGE_CURVE('',#4129,#4131,#4992,.T.);
#2843=EDGE_CURVE('',#4131,#4130,#4993,.T.);
#2844=EDGE_CURVE('',#4130,#4132,#4994,.T.);
#2845=EDGE_CURVE('',#4131,#4133,#4995,.T.);
#2846=EDGE_CURVE('',#4133,#4132,#4996,.T.);
#2847=EDGE_CURVE('',#4134,#4100,#4997,.T.);
#2848=EDGE_CURVE('',#4132,#4101,#4998,.T.);
#2849=EDGE_CURVE('',#4133,#4134,#4999,.T.);
#2850=EDGE_CURVE('',#4095,#4092,#5000,.T.);
#2851=EDGE_CURVE('',#4090,#4135,#5001,.T.);
#2852=EDGE_CURVE('',#4093,#4136,#5002,.T.);
#2853=EDGE_CURVE('',#4136,#4135,#5003,.T.);
#2854=EDGE_CURVE('',#4135,#4137,#5004,.T.);
#2855=EDGE_CURVE('',#4136,#4138,#5005,.T.);
#2856=EDGE_CURVE('',#4138,#4137,#5006,.T.);
#2857=EDGE_CURVE('',#4137,#4139,#5007,.T.);
#2858=EDGE_CURVE('',#4138,#4140,#5008,.T.);
#2859=EDGE_CURVE('',#4140,#4139,#5009,.T.);
#2860=EDGE_CURVE('',#4139,#4141,#5010,.T.);
#2861=EDGE_CURVE('',#4140,#4142,#5011,.T.);
#2862=EDGE_CURVE('',#4142,#4141,#5012,.T.);
#2863=EDGE_CURVE('',#4143,#4143,#106,.T.);
#2864=EDGE_CURVE('',#4134,#4097,#5013,.T.);
#2865=EDGE_CURVE('',#4122,#4126,#5014,.T.);
#2866=EDGE_CURVE('',#4142,#4116,#5015,.T.);
#2867=EDGE_CURVE('',#4141,#4124,#5016,.T.);
#2868=EDGE_CURVE('',#4115,#4104,#5017,.T.);
#2869=EDGE_CURVE('',#4111,#4144,#5018,.T.);
#2870=EDGE_CURVE('',#4144,#4145,#5019,.T.);
#2871=EDGE_CURVE('',#4112,#4145,#5020,.T.);
#2872=EDGE_CURVE('',#4110,#4146,#5021,.T.);
#2873=EDGE_CURVE('',#4146,#4144,#5022,.T.);
#2874=EDGE_CURVE('',#4114,#4106,#5023,.T.);
#2875=EDGE_CURVE('',#4113,#4147,#5024,.T.);
#2876=EDGE_CURVE('',#4147,#4146,#5025,.T.);
#2877=EDGE_CURVE('',#4145,#4147,#5026,.T.);
#2878=EDGE_CURVE('',#4148,#4148,#107,.T.);
#2879=EDGE_CURVE('',#4149,#4150,#5027,.T.);
#2880=EDGE_CURVE('',#4151,#4149,#5028,.T.);
#2881=EDGE_CURVE('',#4151,#4152,#5029,.T.);
#2882=EDGE_CURVE('',#4150,#4152,#5030,.T.);
#2883=EDGE_CURVE('',#4149,#4153,#5031,.T.);
#2884=EDGE_CURVE('',#4105,#4153,#5032,.T.);
#2885=EDGE_CURVE('',#4154,#4107,#5033,.T.);
#2886=EDGE_CURVE('',#4154,#4151,#5034,.T.);
#2887=EDGE_CURVE('',#4155,#4156,#5035,.T.);
#2888=EDGE_CURVE('',#4157,#4156,#5036,.T.);
#2889=EDGE_CURVE('',#4153,#4157,#5037,.T.);
#2890=EDGE_CURVE('',#4150,#4155,#5038,.T.);
#2891=EDGE_CURVE('',#4158,#4156,#5039,.T.);
#2892=EDGE_CURVE('',#4159,#4158,#5040,.T.);
#2893=EDGE_CURVE('',#4109,#4159,#5041,.T.);
#2894=EDGE_CURVE('',#4157,#4103,#5042,.T.);
#2895=EDGE_CURVE('',#4152,#4160,#5043,.T.);
#2896=EDGE_CURVE('',#4159,#4154,#5044,.T.);
#2897=EDGE_CURVE('',#4158,#4160,#5045,.T.);
#2898=EDGE_CURVE('',#4161,#4162,#5046,.T.);
#2899=EDGE_CURVE('',#4161,#4163,#5047,.T.);
#2900=EDGE_CURVE('',#4163,#4164,#5048,.T.);
#2901=EDGE_CURVE('',#4162,#4164,#5049,.T.);
#2902=EDGE_CURVE('',#4164,#4165,#5050,.T.);
#2903=EDGE_CURVE('',#4166,#4163,#5051,.T.);
#2904=EDGE_CURVE('',#4165,#4166,#5052,.T.);
#2905=EDGE_CURVE('',#4167,#4167,#108,.T.);
#2906=EDGE_CURVE('',#4168,#4169,#5053,.T.);
#2907=EDGE_CURVE('',#4168,#4170,#5054,.T.);
#2908=EDGE_CURVE('',#4170,#4171,#5055,.T.);
#2909=EDGE_CURVE('',#4169,#4171,#5056,.T.);
#2910=EDGE_CURVE('',#4171,#4172,#5057,.T.);
#2911=EDGE_CURVE('',#4173,#4170,#5058,.T.);
#2912=EDGE_CURVE('',#4172,#4173,#5059,.T.);
#2913=EDGE_CURVE('',#4174,#4174,#109,.T.);
#2914=EDGE_CURVE('',#4175,#4176,#5060,.T.);
#2915=EDGE_CURVE('',#4175,#4177,#5061,.T.);
#2916=EDGE_CURVE('',#4177,#4178,#5062,.T.);
#2917=EDGE_CURVE('',#4176,#4178,#5063,.T.);
#2918=EDGE_CURVE('',#4178,#4179,#5064,.T.);
#2919=EDGE_CURVE('',#4180,#4177,#5065,.T.);
#2920=EDGE_CURVE('',#4179,#4180,#5066,.T.);
#2921=EDGE_CURVE('',#4181,#4181,#110,.T.);
#2922=EDGE_CURVE('',#4182,#4183,#5067,.T.);
#2923=EDGE_CURVE('',#4182,#4184,#5068,.T.);
#2924=EDGE_CURVE('',#4184,#4185,#5069,.T.);
#2925=EDGE_CURVE('',#4183,#4185,#5070,.T.);
#2926=EDGE_CURVE('',#4185,#4186,#5071,.T.);
#2927=EDGE_CURVE('',#4187,#4184,#5072,.T.);
#2928=EDGE_CURVE('',#4186,#4187,#5073,.T.);
#2929=EDGE_CURVE('',#4188,#4188,#111,.T.);
#2930=EDGE_CURVE('',#4189,#4190,#5074,.T.);
#2931=EDGE_CURVE('',#4189,#4191,#5075,.T.);
#2932=EDGE_CURVE('',#4191,#4192,#5076,.T.);
#2933=EDGE_CURVE('',#4190,#4192,#5077,.T.);
#2934=EDGE_CURVE('',#4192,#4193,#5078,.T.);
#2935=EDGE_CURVE('',#4194,#4191,#5079,.T.);
#2936=EDGE_CURVE('',#4193,#4194,#5080,.T.);
#2937=EDGE_CURVE('',#4195,#4195,#112,.T.);
#2938=EDGE_CURVE('',#4196,#4197,#5081,.T.);
#2939=EDGE_CURVE('',#4196,#4198,#5082,.T.);
#2940=EDGE_CURVE('',#4198,#4199,#5083,.T.);
#2941=EDGE_CURVE('',#4197,#4199,#5084,.T.);
#2942=EDGE_CURVE('',#4199,#4200,#5085,.T.);
#2943=EDGE_CURVE('',#4201,#4198,#5086,.T.);
#2944=EDGE_CURVE('',#4200,#4201,#5087,.T.);
#2945=EDGE_CURVE('',#4202,#4202,#113,.T.);
#2946=EDGE_CURVE('',#4203,#4204,#5088,.T.);
#2947=EDGE_CURVE('',#4203,#4205,#5089,.T.);
#2948=EDGE_CURVE('',#4205,#4206,#5090,.T.);
#2949=EDGE_CURVE('',#4204,#4206,#5091,.T.);
#2950=EDGE_CURVE('',#4206,#4207,#5092,.T.);
#2951=EDGE_CURVE('',#4208,#4205,#5093,.T.);
#2952=EDGE_CURVE('',#4207,#4208,#5094,.T.);
#2953=EDGE_CURVE('',#4209,#4209,#114,.T.);
#2954=EDGE_CURVE('',#4210,#4211,#5095,.T.);
#2955=EDGE_CURVE('',#4210,#4212,#5096,.T.);
#2956=EDGE_CURVE('',#4212,#4213,#5097,.T.);
#2957=EDGE_CURVE('',#4211,#4213,#5098,.T.);
#2958=EDGE_CURVE('',#4213,#4214,#5099,.T.);
#2959=EDGE_CURVE('',#4215,#4212,#5100,.T.);
#2960=EDGE_CURVE('',#4214,#4215,#5101,.T.);
#2961=EDGE_CURVE('',#4216,#4216,#115,.T.);
#2962=EDGE_CURVE('',#4217,#4218,#5102,.T.);
#2963=EDGE_CURVE('',#4218,#4219,#5103,.T.);
#2964=EDGE_CURVE('',#4220,#4219,#5104,.T.);
#2965=EDGE_CURVE('',#4217,#4220,#5105,.T.);
#2966=EDGE_CURVE('',#4219,#4221,#5106,.T.);
#2967=EDGE_CURVE('',#4221,#4222,#5107,.T.);
#2968=EDGE_CURVE('',#4222,#4220,#5108,.T.);
#2969=EDGE_CURVE('',#4223,#4223,#116,.T.);
#2970=EDGE_CURVE('',#4224,#4225,#5109,.T.);
#2971=EDGE_CURVE('',#4224,#4226,#5110,.T.);
#2972=EDGE_CURVE('',#4226,#4227,#5111,.T.);
#2973=EDGE_CURVE('',#4225,#4227,#5112,.T.);
#2974=EDGE_CURVE('',#4227,#4228,#5113,.T.);
#2975=EDGE_CURVE('',#4229,#4226,#5114,.T.);
#2976=EDGE_CURVE('',#4228,#4229,#5115,.T.);
#2977=EDGE_CURVE('',#4230,#4230,#117,.T.);
#2978=EDGE_CURVE('',#4231,#4232,#5116,.T.);
#2979=EDGE_CURVE('',#4233,#4232,#5117,.T.);
#2980=EDGE_CURVE('',#4234,#4233,#5118,.T.);
#2981=EDGE_CURVE('',#4234,#4231,#5119,.T.);
#2982=EDGE_CURVE('',#4235,#4235,#118,.T.);
#2983=EDGE_CURVE('',#4236,#4237,#5120,.T.);
#2984=EDGE_CURVE('',#4238,#4237,#5121,.T.);
#2985=EDGE_CURVE('',#4239,#4238,#5122,.T.);
#2986=EDGE_CURVE('',#4239,#4236,#5123,.T.);
#2987=EDGE_CURVE('',#4240,#4240,#119,.T.);
#2988=EDGE_CURVE('',#4241,#4242,#5124,.T.);
#2989=EDGE_CURVE('',#4243,#4242,#5125,.T.);
#2990=EDGE_CURVE('',#4244,#4243,#5126,.T.);
#2991=EDGE_CURVE('',#4244,#4241,#5127,.T.);
#2992=EDGE_CURVE('',#4245,#4245,#120,.T.);
#2993=EDGE_CURVE('',#4246,#4247,#5128,.T.);
#2994=EDGE_CURVE('',#4248,#4247,#5129,.T.);
#2995=EDGE_CURVE('',#4249,#4248,#5130,.T.);
#2996=EDGE_CURVE('',#4249,#4246,#5131,.T.);
#2997=EDGE_CURVE('',#4250,#4250,#121,.T.);
#2998=EDGE_CURVE('',#4251,#4252,#5132,.T.);
#2999=EDGE_CURVE('',#4253,#4252,#5133,.T.);
#3000=EDGE_CURVE('',#4254,#4253,#5134,.T.);
#3001=EDGE_CURVE('',#4254,#4251,#5135,.T.);
#3002=EDGE_CURVE('',#4255,#4255,#122,.T.);
#3003=EDGE_CURVE('',#4256,#4257,#5136,.T.);
#3004=EDGE_CURVE('',#4258,#4257,#5137,.T.);
#3005=EDGE_CURVE('',#4259,#4258,#5138,.T.);
#3006=EDGE_CURVE('',#4259,#4256,#5139,.T.);
#3007=EDGE_CURVE('',#4260,#4260,#123,.T.);
#3008=EDGE_CURVE('',#4261,#4262,#5140,.T.);
#3009=EDGE_CURVE('',#4263,#4262,#5141,.T.);
#3010=EDGE_CURVE('',#4264,#4263,#5142,.T.);
#3011=EDGE_CURVE('',#4264,#4261,#5143,.T.);
#3012=EDGE_CURVE('',#4265,#4265,#124,.T.);
#3013=EDGE_CURVE('',#4266,#4267,#5144,.T.);
#3014=EDGE_CURVE('',#4268,#4267,#5145,.T.);
#3015=EDGE_CURVE('',#4269,#4268,#5146,.T.);
#3016=EDGE_CURVE('',#4269,#4266,#5147,.T.);
#3017=EDGE_CURVE('',#4270,#4270,#125,.T.);
#3018=EDGE_CURVE('',#4271,#4272,#5148,.T.);
#3019=EDGE_CURVE('',#4273,#4272,#5149,.T.);
#3020=EDGE_CURVE('',#4274,#4273,#5150,.T.);
#3021=EDGE_CURVE('',#4274,#4271,#5151,.T.);
#3022=EDGE_CURVE('',#4275,#4275,#126,.T.);
#3023=EDGE_CURVE('',#4276,#4277,#5152,.T.);
#3024=EDGE_CURVE('',#4278,#4276,#5153,.T.);
#3025=EDGE_CURVE('',#4278,#4279,#5154,.T.);
#3026=EDGE_CURVE('',#4279,#4277,#5155,.T.);
#3027=EDGE_CURVE('',#4280,#4280,#127,.T.);
#3028=EDGE_CURVE('',#4281,#4166,#5156,.T.);
#3029=EDGE_CURVE('',#4281,#4282,#5157,.T.);
#3030=EDGE_CURVE('',#4282,#4165,#5158,.T.);
#3031=EDGE_CURVE('',#4283,#4284,#5159,.T.);
#3032=EDGE_CURVE('',#4285,#4283,#5160,.T.);
#3033=EDGE_CURVE('',#4286,#4285,#5161,.T.);
#3034=EDGE_CURVE('',#4284,#4286,#5162,.T.);
#3035=EDGE_CURVE('',#4282,#4285,#5163,.T.);
#3036=EDGE_CURVE('',#4287,#4283,#5164,.T.);
#3037=EDGE_CURVE('',#4162,#4287,#5165,.T.);
#3038=EDGE_CURVE('',#4287,#4288,#5166,.T.);
#3039=EDGE_CURVE('',#4288,#4161,#5167,.T.);
#3040=EDGE_CURVE('',#4288,#4289,#5168,.T.);
#3041=EDGE_CURVE('',#4289,#4290,#5169,.T.);
#3042=EDGE_CURVE('',#4290,#4281,#5170,.T.);
#3043=EDGE_CURVE('',#4290,#4291,#5171,.T.);
#3044=EDGE_CURVE('',#4292,#4289,#5172,.T.);
#3045=EDGE_CURVE('',#4291,#4292,#5173,.T.);
#3046=EDGE_CURVE('',#4293,#4173,#5174,.T.);
#3047=EDGE_CURVE('',#4293,#4294,#5175,.T.);
#3048=EDGE_CURVE('',#4294,#4172,#5176,.T.);
#3049=EDGE_CURVE('',#4295,#4296,#5177,.T.);
#3050=EDGE_CURVE('',#4297,#4295,#5178,.T.);
#3051=EDGE_CURVE('',#4298,#4297,#5179,.T.);
#3052=EDGE_CURVE('',#4296,#4298,#5180,.T.);
#3053=EDGE_CURVE('',#4294,#4297,#5181,.T.);
#3054=EDGE_CURVE('',#4299,#4295,#5182,.T.);
#3055=EDGE_CURVE('',#4169,#4299,#5183,.T.);
#3056=EDGE_CURVE('',#4299,#4300,#5184,.T.);
#3057=EDGE_CURVE('',#4300,#4168,#5185,.T.);
#3058=EDGE_CURVE('',#4300,#4301,#5186,.T.);
#3059=EDGE_CURVE('',#4301,#4302,#5187,.T.);
#3060=EDGE_CURVE('',#4302,#4293,#5188,.T.);
#3061=EDGE_CURVE('',#4302,#4303,#5189,.T.);
#3062=EDGE_CURVE('',#4304,#4301,#5190,.T.);
#3063=EDGE_CURVE('',#4303,#4304,#5191,.T.);
#3064=EDGE_CURVE('',#4305,#4180,#5192,.T.);
#3065=EDGE_CURVE('',#4305,#4306,#5193,.T.);
#3066=EDGE_CURVE('',#4306,#4179,#5194,.T.);
#3067=EDGE_CURVE('',#4307,#4308,#5195,.T.);
#3068=EDGE_CURVE('',#4309,#4307,#5196,.T.);
#3069=EDGE_CURVE('',#4310,#4309,#5197,.T.);
#3070=EDGE_CURVE('',#4308,#4310,#5198,.T.);
#3071=EDGE_CURVE('',#4306,#4309,#5199,.T.);
#3072=EDGE_CURVE('',#4311,#4307,#5200,.T.);
#3073=EDGE_CURVE('',#4176,#4311,#5201,.T.);
#3074=EDGE_CURVE('',#4311,#4312,#5202,.T.);
#3075=EDGE_CURVE('',#4312,#4175,#5203,.T.);
#3076=EDGE_CURVE('',#4312,#4313,#5204,.T.);
#3077=EDGE_CURVE('',#4313,#4314,#5205,.T.);
#3078=EDGE_CURVE('',#4314,#4305,#5206,.T.);
#3079=EDGE_CURVE('',#4314,#4315,#5207,.T.);
#3080=EDGE_CURVE('',#4316,#4313,#5208,.T.);
#3081=EDGE_CURVE('',#4315,#4316,#5209,.T.);
#3082=EDGE_CURVE('',#4317,#4187,#5210,.T.);
#3083=EDGE_CURVE('',#4317,#4318,#5211,.T.);
#3084=EDGE_CURVE('',#4318,#4186,#5212,.T.);
#3085=EDGE_CURVE('',#4319,#4320,#5213,.T.);
#3086=EDGE_CURVE('',#4321,#4319,#5214,.T.);
#3087=EDGE_CURVE('',#4322,#4321,#5215,.T.);
#3088=EDGE_CURVE('',#4320,#4322,#5216,.T.);
#3089=EDGE_CURVE('',#4318,#4321,#5217,.T.);
#3090=EDGE_CURVE('',#4323,#4319,#5218,.T.);
#3091=EDGE_CURVE('',#4183,#4323,#5219,.T.);
#3092=EDGE_CURVE('',#4323,#4324,#5220,.T.);
#3093=EDGE_CURVE('',#4324,#4182,#5221,.T.);
#3094=EDGE_CURVE('',#4324,#4325,#5222,.T.);
#3095=EDGE_CURVE('',#4325,#4326,#5223,.T.);
#3096=EDGE_CURVE('',#4326,#4317,#5224,.T.);
#3097=EDGE_CURVE('',#4326,#4327,#5225,.T.);
#3098=EDGE_CURVE('',#4328,#4325,#5226,.T.);
#3099=EDGE_CURVE('',#4327,#4328,#5227,.T.);
#3100=EDGE_CURVE('',#4329,#4194,#5228,.T.);
#3101=EDGE_CURVE('',#4329,#4330,#5229,.T.);
#3102=EDGE_CURVE('',#4330,#4193,#5230,.T.);
#3103=EDGE_CURVE('',#4331,#4332,#5231,.T.);
#3104=EDGE_CURVE('',#4333,#4331,#5232,.T.);
#3105=EDGE_CURVE('',#4334,#4333,#5233,.T.);
#3106=EDGE_CURVE('',#4332,#4334,#5234,.T.);
#3107=EDGE_CURVE('',#4330,#4333,#5235,.T.);
#3108=EDGE_CURVE('',#4335,#4331,#5236,.T.);
#3109=EDGE_CURVE('',#4190,#4335,#5237,.T.);
#3110=EDGE_CURVE('',#4335,#4336,#5238,.T.);
#3111=EDGE_CURVE('',#4336,#4189,#5239,.T.);
#3112=EDGE_CURVE('',#4336,#4337,#5240,.T.);
#3113=EDGE_CURVE('',#4337,#4338,#5241,.T.);
#3114=EDGE_CURVE('',#4338,#4329,#5242,.T.);
#3115=EDGE_CURVE('',#4338,#4339,#5243,.T.);
#3116=EDGE_CURVE('',#4340,#4337,#5244,.T.);
#3117=EDGE_CURVE('',#4339,#4340,#5245,.T.);
#3118=EDGE_CURVE('',#4341,#4201,#5246,.T.);
#3119=EDGE_CURVE('',#4341,#4342,#5247,.T.);
#3120=EDGE_CURVE('',#4342,#4200,#5248,.T.);
#3121=EDGE_CURVE('',#4343,#4344,#5249,.T.);
#3122=EDGE_CURVE('',#4345,#4343,#5250,.T.);
#3123=EDGE_CURVE('',#4346,#4345,#5251,.T.);
#3124=EDGE_CURVE('',#4344,#4346,#5252,.T.);
#3125=EDGE_CURVE('',#4342,#4345,#5253,.T.);
#3126=EDGE_CURVE('',#4347,#4343,#5254,.T.);
#3127=EDGE_CURVE('',#4197,#4347,#5255,.T.);
#3128=EDGE_CURVE('',#4347,#4348,#5256,.T.);
#3129=EDGE_CURVE('',#4348,#4196,#5257,.T.);
#3130=EDGE_CURVE('',#4348,#4349,#5258,.T.);
#3131=EDGE_CURVE('',#4349,#4350,#5259,.T.);
#3132=EDGE_CURVE('',#4350,#4341,#5260,.T.);
#3133=EDGE_CURVE('',#4350,#4351,#5261,.T.);
#3134=EDGE_CURVE('',#4352,#4349,#5262,.T.);
#3135=EDGE_CURVE('',#4351,#4352,#5263,.T.);
#3136=EDGE_CURVE('',#4353,#4208,#5264,.T.);
#3137=EDGE_CURVE('',#4353,#4354,#5265,.T.);
#3138=EDGE_CURVE('',#4354,#4207,#5266,.T.);
#3139=EDGE_CURVE('',#4355,#4356,#5267,.T.);
#3140=EDGE_CURVE('',#4357,#4355,#5268,.T.);
#3141=EDGE_CURVE('',#4358,#4357,#5269,.T.);
#3142=EDGE_CURVE('',#4356,#4358,#5270,.T.);
#3143=EDGE_CURVE('',#4354,#4357,#5271,.T.);
#3144=EDGE_CURVE('',#4359,#4355,#5272,.T.);
#3145=EDGE_CURVE('',#4204,#4359,#5273,.T.);
#3146=EDGE_CURVE('',#4359,#4360,#5274,.T.);
#3147=EDGE_CURVE('',#4360,#4203,#5275,.T.);
#3148=EDGE_CURVE('',#4360,#4361,#5276,.T.);
#3149=EDGE_CURVE('',#4361,#4362,#5277,.T.);
#3150=EDGE_CURVE('',#4362,#4353,#5278,.T.);
#3151=EDGE_CURVE('',#4362,#4363,#5279,.T.);
#3152=EDGE_CURVE('',#4364,#4361,#5280,.T.);
#3153=EDGE_CURVE('',#4363,#4364,#5281,.T.);
#3154=EDGE_CURVE('',#4365,#4215,#5282,.T.);
#3155=EDGE_CURVE('',#4365,#4366,#5283,.T.);
#3156=EDGE_CURVE('',#4366,#4214,#5284,.T.);
#3157=EDGE_CURVE('',#4367,#4368,#5285,.T.);
#3158=EDGE_CURVE('',#4369,#4367,#5286,.T.);
#3159=EDGE_CURVE('',#4370,#4369,#5287,.T.);
#3160=EDGE_CURVE('',#4368,#4370,#5288,.T.);
#3161=EDGE_CURVE('',#4366,#4369,#5289,.T.);
#3162=EDGE_CURVE('',#4371,#4367,#5290,.T.);
#3163=EDGE_CURVE('',#4211,#4371,#5291,.T.);
#3164=EDGE_CURVE('',#4371,#4372,#5292,.T.);
#3165=EDGE_CURVE('',#4372,#4210,#5293,.T.);
#3166=EDGE_CURVE('',#4372,#4373,#5294,.T.);
#3167=EDGE_CURVE('',#4373,#4374,#5295,.T.);
#3168=EDGE_CURVE('',#4374,#4365,#5296,.T.);
#3169=EDGE_CURVE('',#4374,#4375,#5297,.T.);
#3170=EDGE_CURVE('',#4376,#4373,#5298,.T.);
#3171=EDGE_CURVE('',#4375,#4376,#5299,.T.);
#3172=EDGE_CURVE('',#4377,#4222,#5300,.T.);
#3173=EDGE_CURVE('',#4378,#4221,#5301,.T.);
#3174=EDGE_CURVE('',#4377,#4378,#5302,.T.);
#3175=EDGE_CURVE('',#4379,#4380,#5303,.T.);
#3176=EDGE_CURVE('',#4380,#4381,#5304,.T.);
#3177=EDGE_CURVE('',#4381,#4382,#5305,.T.);
#3178=EDGE_CURVE('',#4382,#4379,#5306,.T.);
#3179=EDGE_CURVE('',#4383,#4382,#5307,.T.);
#3180=EDGE_CURVE('',#4383,#4217,#5308,.T.);
#3181=EDGE_CURVE('',#4379,#4377,#5309,.T.);
#3182=EDGE_CURVE('',#4384,#4383,#5310,.T.);
#3183=EDGE_CURVE('',#4218,#4384,#5311,.T.);
#3184=EDGE_CURVE('',#4378,#4385,#5312,.T.);
#3185=EDGE_CURVE('',#4384,#4386,#5313,.T.);
#3186=EDGE_CURVE('',#4385,#4386,#5314,.T.);
#3187=EDGE_CURVE('',#4386,#4387,#5315,.T.);
#3188=EDGE_CURVE('',#4387,#4388,#5316,.T.);
#3189=EDGE_CURVE('',#4388,#4385,#5317,.T.);
#3190=EDGE_CURVE('',#4389,#4229,#5318,.T.);
#3191=EDGE_CURVE('',#4389,#4390,#5319,.T.);
#3192=EDGE_CURVE('',#4390,#4228,#5320,.T.);
#3193=EDGE_CURVE('',#4391,#4392,#5321,.T.);
#3194=EDGE_CURVE('',#4393,#4391,#5322,.T.);
#3195=EDGE_CURVE('',#4394,#4393,#5323,.T.);
#3196=EDGE_CURVE('',#4392,#4394,#5324,.T.);
#3197=EDGE_CURVE('',#4390,#4393,#5325,.T.);
#3198=EDGE_CURVE('',#4395,#4391,#5326,.T.);
#3199=EDGE_CURVE('',#4225,#4395,#5327,.T.);
#3200=EDGE_CURVE('',#4395,#4396,#5328,.T.);
#3201=EDGE_CURVE('',#4396,#4224,#5329,.T.);
#3202=EDGE_CURVE('',#4396,#4397,#5330,.T.);
#3203=EDGE_CURVE('',#4397,#4398,#5331,.T.);
#3204=EDGE_CURVE('',#4398,#4389,#5332,.T.);
#3205=EDGE_CURVE('',#4398,#4399,#5333,.T.);
#3206=EDGE_CURVE('',#4400,#4397,#5334,.T.);
#3207=EDGE_CURVE('',#4399,#4400,#5335,.T.);
#3208=EDGE_CURVE('',#4401,#4402,#5336,.T.);
#3209=EDGE_CURVE('',#4402,#4403,#5337,.T.);
#3210=EDGE_CURVE('',#4403,#4404,#5338,.T.);
#3211=EDGE_CURVE('',#4404,#4401,#5339,.T.);
#3212=EDGE_CURVE('',#4403,#4405,#128,.F.);
#3213=EDGE_CURVE('',#4405,#4406,#5340,.T.);
#3214=EDGE_CURVE('',#4404,#4406,#129,.T.);
#3215=EDGE_CURVE('',#4405,#4407,#5341,.T.);
#3216=EDGE_CURVE('',#4408,#4407,#5342,.T.);
#3217=EDGE_CURVE('',#4408,#4406,#5343,.T.);
#3218=EDGE_CURVE('',#4232,#4409,#5344,.T.);
#3219=EDGE_CURVE('',#4410,#4409,#5345,.T.);
#3220=EDGE_CURVE('',#4233,#4410,#5346,.T.);
#3221=EDGE_CURVE('',#4410,#4411,#5347,.T.);
#3222=EDGE_CURVE('',#4411,#4234,#5348,.T.);
#3223=EDGE_CURVE('',#4412,#4231,#5349,.T.);
#3224=EDGE_CURVE('',#4411,#4412,#5350,.T.);
#3225=EDGE_CURVE('',#4413,#4408,#5351,.T.);
#3226=EDGE_CURVE('',#4414,#4413,#5352,.T.);
#3227=EDGE_CURVE('',#4415,#4414,#5353,.T.);
#3228=EDGE_CURVE('',#4416,#4415,#5354,.T.);
#3229=EDGE_CURVE('',#4417,#4416,#5355,.T.);
#3230=EDGE_CURVE('',#4409,#4417,#5356,.T.);
#3231=EDGE_CURVE('',#4418,#4412,#5357,.T.);
#3232=EDGE_CURVE('',#4419,#4418,#5358,.T.);
#3233=EDGE_CURVE('',#4420,#4419,#5359,.T.);
#3234=EDGE_CURVE('',#4421,#4420,#5360,.T.);
#3235=EDGE_CURVE('',#4422,#4421,#5361,.T.);
#3236=EDGE_CURVE('',#4401,#4422,#5362,.T.);
#3237=EDGE_CURVE('',#4423,#4424,#5363,.T.);
#3238=EDGE_CURVE('',#4424,#4425,#5364,.T.);
#3239=EDGE_CURVE('',#4425,#4426,#5365,.T.);
#3240=EDGE_CURVE('',#4426,#4423,#5366,.T.);
#3241=EDGE_CURVE('',#4425,#4427,#130,.F.);
#3242=EDGE_CURVE('',#4427,#4428,#5367,.T.);
#3243=EDGE_CURVE('',#4426,#4428,#131,.T.);
#3244=EDGE_CURVE('',#4427,#4429,#5368,.T.);
#3245=EDGE_CURVE('',#4430,#4429,#5369,.T.);
#3246=EDGE_CURVE('',#4430,#4428,#5370,.T.);
#3247=EDGE_CURVE('',#4237,#4431,#5371,.T.);
#3248=EDGE_CURVE('',#4432,#4431,#5372,.T.);
#3249=EDGE_CURVE('',#4238,#4432,#5373,.T.);
#3250=EDGE_CURVE('',#4432,#4433,#5374,.T.);
#3251=EDGE_CURVE('',#4433,#4239,#5375,.T.);
#3252=EDGE_CURVE('',#4434,#4236,#5376,.T.);
#3253=EDGE_CURVE('',#4433,#4434,#5377,.T.);
#3254=EDGE_CURVE('',#4435,#4430,#5378,.T.);
#3255=EDGE_CURVE('',#4436,#4435,#5379,.T.);
#3256=EDGE_CURVE('',#4437,#4436,#5380,.T.);
#3257=EDGE_CURVE('',#4438,#4437,#5381,.T.);
#3258=EDGE_CURVE('',#4439,#4438,#5382,.T.);
#3259=EDGE_CURVE('',#4431,#4439,#5383,.T.);
#3260=EDGE_CURVE('',#4440,#4434,#5384,.T.);
#3261=EDGE_CURVE('',#4441,#4440,#5385,.T.);
#3262=EDGE_CURVE('',#4442,#4441,#5386,.T.);
#3263=EDGE_CURVE('',#4443,#4442,#5387,.T.);
#3264=EDGE_CURVE('',#4444,#4443,#5388,.T.);
#3265=EDGE_CURVE('',#4423,#4444,#5389,.T.);
#3266=EDGE_CURVE('',#4445,#4446,#5390,.T.);
#3267=EDGE_CURVE('',#4446,#4447,#5391,.T.);
#3268=EDGE_CURVE('',#4447,#4448,#5392,.T.);
#3269=EDGE_CURVE('',#4448,#4445,#5393,.T.);
#3270=EDGE_CURVE('',#4447,#4449,#132,.F.);
#3271=EDGE_CURVE('',#4449,#4450,#5394,.T.);
#3272=EDGE_CURVE('',#4448,#4450,#133,.T.);
#3273=EDGE_CURVE('',#4449,#4451,#5395,.T.);
#3274=EDGE_CURVE('',#4452,#4451,#5396,.T.);
#3275=EDGE_CURVE('',#4452,#4450,#5397,.T.);
#3276=EDGE_CURVE('',#4242,#4453,#5398,.T.);
#3277=EDGE_CURVE('',#4454,#4453,#5399,.T.);
#3278=EDGE_CURVE('',#4243,#4454,#5400,.T.);
#3279=EDGE_CURVE('',#4454,#4455,#5401,.T.);
#3280=EDGE_CURVE('',#4455,#4244,#5402,.T.);
#3281=EDGE_CURVE('',#4456,#4241,#5403,.T.);
#3282=EDGE_CURVE('',#4455,#4456,#5404,.T.);
#3283=EDGE_CURVE('',#4457,#4452,#5405,.T.);
#3284=EDGE_CURVE('',#4458,#4457,#5406,.T.);
#3285=EDGE_CURVE('',#4459,#4458,#5407,.T.);
#3286=EDGE_CURVE('',#4460,#4459,#5408,.T.);
#3287=EDGE_CURVE('',#4461,#4460,#5409,.T.);
#3288=EDGE_CURVE('',#4453,#4461,#5410,.T.);
#3289=EDGE_CURVE('',#4462,#4456,#5411,.T.);
#3290=EDGE_CURVE('',#4463,#4462,#5412,.T.);
#3291=EDGE_CURVE('',#4464,#4463,#5413,.T.);
#3292=EDGE_CURVE('',#4465,#4464,#5414,.T.);
#3293=EDGE_CURVE('',#4466,#4465,#5415,.T.);
#3294=EDGE_CURVE('',#4445,#4466,#5416,.T.);
#3295=EDGE_CURVE('',#4467,#4468,#5417,.T.);
#3296=EDGE_CURVE('',#4468,#4469,#5418,.T.);
#3297=EDGE_CURVE('',#4469,#4470,#5419,.T.);
#3298=EDGE_CURVE('',#4470,#4467,#5420,.T.);
#3299=EDGE_CURVE('',#4469,#4471,#134,.F.);
#3300=EDGE_CURVE('',#4471,#4472,#5421,.T.);
#3301=EDGE_CURVE('',#4470,#4472,#135,.T.);
#3302=EDGE_CURVE('',#4471,#4473,#5422,.T.);
#3303=EDGE_CURVE('',#4474,#4473,#5423,.T.);
#3304=EDGE_CURVE('',#4474,#4472,#5424,.T.);
#3305=EDGE_CURVE('',#4247,#4475,#5425,.T.);
#3306=EDGE_CURVE('',#4476,#4475,#5426,.T.);
#3307=EDGE_CURVE('',#4248,#4476,#5427,.T.);
#3308=EDGE_CURVE('',#4476,#4477,#5428,.T.);
#3309=EDGE_CURVE('',#4477,#4249,#5429,.T.);
#3310=EDGE_CURVE('',#4478,#4246,#5430,.T.);
#3311=EDGE_CURVE('',#4477,#4478,#5431,.T.);
#3312=EDGE_CURVE('',#4479,#4474,#5432,.T.);
#3313=EDGE_CURVE('',#4480,#4479,#5433,.T.);
#3314=EDGE_CURVE('',#4481,#4480,#5434,.T.);
#3315=EDGE_CURVE('',#4482,#4481,#5435,.T.);
#3316=EDGE_CURVE('',#4483,#4482,#5436,.T.);
#3317=EDGE_CURVE('',#4475,#4483,#5437,.T.);
#3318=EDGE_CURVE('',#4484,#4478,#5438,.T.);
#3319=EDGE_CURVE('',#4485,#4484,#5439,.T.);
#3320=EDGE_CURVE('',#4486,#4485,#5440,.T.);
#3321=EDGE_CURVE('',#4487,#4486,#5441,.T.);
#3322=EDGE_CURVE('',#4488,#4487,#5442,.T.);
#3323=EDGE_CURVE('',#4467,#4488,#5443,.T.);
#3324=EDGE_CURVE('',#4489,#4490,#5444,.T.);
#3325=EDGE_CURVE('',#4490,#4491,#5445,.T.);
#3326=EDGE_CURVE('',#4491,#4492,#5446,.T.);
#3327=EDGE_CURVE('',#4492,#4489,#5447,.T.);
#3328=EDGE_CURVE('',#4491,#4493,#136,.F.);
#3329=EDGE_CURVE('',#4493,#4494,#5448,.T.);
#3330=EDGE_CURVE('',#4492,#4494,#137,.T.);
#3331=EDGE_CURVE('',#4493,#4495,#5449,.T.);
#3332=EDGE_CURVE('',#4496,#4495,#5450,.T.);
#3333=EDGE_CURVE('',#4496,#4494,#5451,.T.);
#3334=EDGE_CURVE('',#4252,#4497,#5452,.T.);
#3335=EDGE_CURVE('',#4498,#4497,#5453,.T.);
#3336=EDGE_CURVE('',#4253,#4498,#5454,.T.);
#3337=EDGE_CURVE('',#4498,#4499,#5455,.T.);
#3338=EDGE_CURVE('',#4499,#4254,#5456,.T.);
#3339=EDGE_CURVE('',#4500,#4251,#5457,.T.);
#3340=EDGE_CURVE('',#4499,#4500,#5458,.T.);
#3341=EDGE_CURVE('',#4501,#4496,#5459,.T.);
#3342=EDGE_CURVE('',#4502,#4501,#5460,.T.);
#3343=EDGE_CURVE('',#4503,#4502,#5461,.T.);
#3344=EDGE_CURVE('',#4504,#4503,#5462,.T.);
#3345=EDGE_CURVE('',#4505,#4504,#5463,.T.);
#3346=EDGE_CURVE('',#4497,#4505,#5464,.T.);
#3347=EDGE_CURVE('',#4506,#4500,#5465,.T.);
#3348=EDGE_CURVE('',#4507,#4506,#5466,.T.);
#3349=EDGE_CURVE('',#4508,#4507,#5467,.T.);
#3350=EDGE_CURVE('',#4509,#4508,#5468,.T.);
#3351=EDGE_CURVE('',#4510,#4509,#5469,.T.);
#3352=EDGE_CURVE('',#4489,#4510,#5470,.T.);
#3353=EDGE_CURVE('',#4511,#4512,#5471,.T.);
#3354=EDGE_CURVE('',#4512,#4513,#5472,.T.);
#3355=EDGE_CURVE('',#4513,#4514,#5473,.T.);
#3356=EDGE_CURVE('',#4514,#4511,#5474,.T.);
#3357=EDGE_CURVE('',#4513,#4515,#138,.F.);
#3358=EDGE_CURVE('',#4515,#4516,#5475,.T.);
#3359=EDGE_CURVE('',#4514,#4516,#139,.T.);
#3360=EDGE_CURVE('',#4515,#4517,#5476,.T.);
#3361=EDGE_CURVE('',#4518,#4517,#5477,.T.);
#3362=EDGE_CURVE('',#4518,#4516,#5478,.T.);
#3363=EDGE_CURVE('',#4257,#4519,#5479,.T.);
#3364=EDGE_CURVE('',#4520,#4519,#5480,.T.);
#3365=EDGE_CURVE('',#4258,#4520,#5481,.T.);
#3366=EDGE_CURVE('',#4520,#4521,#5482,.T.);
#3367=EDGE_CURVE('',#4521,#4259,#5483,.T.);
#3368=EDGE_CURVE('',#4522,#4256,#5484,.T.);
#3369=EDGE_CURVE('',#4521,#4522,#5485,.T.);
#3370=EDGE_CURVE('',#4523,#4518,#5486,.T.);
#3371=EDGE_CURVE('',#4524,#4523,#5487,.T.);
#3372=EDGE_CURVE('',#4525,#4524,#5488,.T.);
#3373=EDGE_CURVE('',#4526,#4525,#5489,.T.);
#3374=EDGE_CURVE('',#4527,#4526,#5490,.T.);
#3375=EDGE_CURVE('',#4519,#4527,#5491,.T.);
#3376=EDGE_CURVE('',#4528,#4522,#5492,.T.);
#3377=EDGE_CURVE('',#4529,#4528,#5493,.T.);
#3378=EDGE_CURVE('',#4530,#4529,#5494,.T.);
#3379=EDGE_CURVE('',#4531,#4530,#5495,.T.);
#3380=EDGE_CURVE('',#4532,#4531,#5496,.T.);
#3381=EDGE_CURVE('',#4511,#4532,#5497,.T.);
#3382=EDGE_CURVE('',#4533,#4534,#5498,.T.);
#3383=EDGE_CURVE('',#4534,#4535,#5499,.T.);
#3384=EDGE_CURVE('',#4535,#4536,#5500,.T.);
#3385=EDGE_CURVE('',#4536,#4533,#5501,.T.);
#3386=EDGE_CURVE('',#4535,#4537,#140,.F.);
#3387=EDGE_CURVE('',#4537,#4538,#5502,.T.);
#3388=EDGE_CURVE('',#4536,#4538,#141,.T.);
#3389=EDGE_CURVE('',#4537,#4539,#5503,.T.);
#3390=EDGE_CURVE('',#4540,#4539,#5504,.T.);
#3391=EDGE_CURVE('',#4540,#4538,#5505,.T.);
#3392=EDGE_CURVE('',#4262,#4541,#5506,.T.);
#3393=EDGE_CURVE('',#4542,#4541,#5507,.T.);
#3394=EDGE_CURVE('',#4263,#4542,#5508,.T.);
#3395=EDGE_CURVE('',#4542,#4543,#5509,.T.);
#3396=EDGE_CURVE('',#4543,#4264,#5510,.T.);
#3397=EDGE_CURVE('',#4544,#4261,#5511,.T.);
#3398=EDGE_CURVE('',#4543,#4544,#5512,.T.);
#3399=EDGE_CURVE('',#4545,#4540,#5513,.T.);
#3400=EDGE_CURVE('',#4546,#4545,#5514,.T.);
#3401=EDGE_CURVE('',#4547,#4546,#5515,.T.);
#3402=EDGE_CURVE('',#4548,#4547,#5516,.T.);
#3403=EDGE_CURVE('',#4549,#4548,#5517,.T.);
#3404=EDGE_CURVE('',#4541,#4549,#5518,.T.);
#3405=EDGE_CURVE('',#4550,#4544,#5519,.T.);
#3406=EDGE_CURVE('',#4551,#4550,#5520,.T.);
#3407=EDGE_CURVE('',#4552,#4551,#5521,.T.);
#3408=EDGE_CURVE('',#4553,#4552,#5522,.T.);
#3409=EDGE_CURVE('',#4554,#4553,#5523,.T.);
#3410=EDGE_CURVE('',#4533,#4554,#5524,.T.);
#3411=EDGE_CURVE('',#4555,#4556,#5525,.T.);
#3412=EDGE_CURVE('',#4555,#4557,#142,.F.);
#3413=EDGE_CURVE('',#4557,#4558,#5526,.T.);
#3414=EDGE_CURVE('',#4556,#4558,#143,.T.);
#3415=EDGE_CURVE('',#4557,#4559,#5527,.T.);
#3416=EDGE_CURVE('',#4560,#4559,#5528,.T.);
#3417=EDGE_CURVE('',#4560,#4558,#5529,.T.);
#3418=EDGE_CURVE('',#4267,#4561,#5530,.T.);
#3419=EDGE_CURVE('',#4562,#4561,#5531,.T.);
#3420=EDGE_CURVE('',#4268,#4562,#5532,.T.);
#3421=EDGE_CURVE('',#4562,#4563,#5533,.T.);
#3422=EDGE_CURVE('',#4563,#4269,#5534,.T.);
#3423=EDGE_CURVE('',#4564,#4266,#5535,.T.);
#3424=EDGE_CURVE('',#4563,#4564,#5536,.T.);
#3425=EDGE_CURVE('',#4565,#4566,#5537,.T.);
#3426=EDGE_CURVE('',#4566,#4567,#5538,.F.);
#3427=EDGE_CURVE('',#4568,#4567,#5539,.T.);
#3428=EDGE_CURVE('',#4568,#4565,#5540,.T.);
#3429=EDGE_CURVE('',#4556,#4569,#5541,.T.);
#3430=EDGE_CURVE('',#4570,#4560,#5542,.T.);
#3431=EDGE_CURVE('',#4571,#4570,#5543,.T.);
#3432=EDGE_CURVE('',#4572,#4571,#5544,.T.);
#3433=EDGE_CURVE('',#4573,#4572,#5545,.T.);
#3434=EDGE_CURVE('',#4574,#4573,#5546,.T.);
#3435=EDGE_CURVE('',#4561,#4574,#5547,.T.);
#3436=EDGE_CURVE('',#4575,#4564,#5548,.T.);
#3437=EDGE_CURVE('',#4576,#4575,#5549,.T.);
#3438=EDGE_CURVE('',#4577,#4576,#5550,.T.);
#3439=EDGE_CURVE('',#4578,#4577,#5551,.T.);
#3440=EDGE_CURVE('',#4579,#4578,#5552,.T.);
#3441=EDGE_CURVE('',#4569,#4579,#5553,.T.);
#3442=EDGE_CURVE('',#4565,#4580,#5554,.T.);
#3443=EDGE_CURVE('',#4581,#4568,#5555,.T.);
#3444=EDGE_CURVE('',#4580,#4581,#5556,.T.);
#3445=EDGE_CURVE('',#4569,#4582,#5557,.T.);
#3446=EDGE_CURVE('',#4582,#4555,#5558,.T.);
#3447=EDGE_CURVE('',#4583,#4584,#5559,.T.);
#3448=EDGE_CURVE('',#4584,#4585,#5560,.T.);
#3449=EDGE_CURVE('',#4585,#4586,#5561,.T.);
#3450=EDGE_CURVE('',#4586,#4583,#5562,.T.);
#3451=EDGE_CURVE('',#4585,#4587,#144,.F.);
#3452=EDGE_CURVE('',#4587,#4588,#5563,.T.);
#3453=EDGE_CURVE('',#4586,#4588,#145,.T.);
#3454=EDGE_CURVE('',#4587,#4589,#5564,.T.);
#3455=EDGE_CURVE('',#4590,#4589,#5565,.T.);
#3456=EDGE_CURVE('',#4590,#4588,#5566,.T.);
#3457=EDGE_CURVE('',#4272,#4591,#5567,.T.);
#3458=EDGE_CURVE('',#4592,#4591,#5568,.T.);
#3459=EDGE_CURVE('',#4273,#4592,#5569,.T.);
#3460=EDGE_CURVE('',#4592,#4593,#5570,.T.);
#3461=EDGE_CURVE('',#4593,#4274,#5571,.T.);
#3462=EDGE_CURVE('',#4594,#4271,#5572,.T.);
#3463=EDGE_CURVE('',#4593,#4594,#5573,.T.);
#3464=EDGE_CURVE('',#4595,#4590,#5574,.T.);
#3465=EDGE_CURVE('',#4596,#4595,#5575,.T.);
#3466=EDGE_CURVE('',#4597,#4596,#5576,.T.);
#3467=EDGE_CURVE('',#4598,#4597,#5577,.T.);
#3468=EDGE_CURVE('',#4599,#4598,#5578,.T.);
#3469=EDGE_CURVE('',#4591,#4599,#5579,.T.);
#3470=EDGE_CURVE('',#4600,#4594,#5580,.T.);
#3471=EDGE_CURVE('',#4601,#4600,#5581,.T.);
#3472=EDGE_CURVE('',#4602,#4601,#5582,.T.);
#3473=EDGE_CURVE('',#4603,#4602,#5583,.T.);
#3474=EDGE_CURVE('',#4604,#4603,#5584,.T.);
#3475=EDGE_CURVE('',#4583,#4604,#5585,.T.);
#3476=EDGE_CURVE('',#4605,#4606,#5586,.T.);
#3477=EDGE_CURVE('',#4607,#4606,#5587,.T.);
#3478=EDGE_CURVE('',#4607,#4608,#5588,.T.);
#3479=EDGE_CURVE('',#4605,#4608,#5589,.T.);
#3480=EDGE_CURVE('',#4609,#4610,#5590,.T.);
#3481=EDGE_CURVE('',#4610,#4606,#146,.T.);
#3482=EDGE_CURVE('',#4609,#4605,#147,.F.);
#3483=EDGE_CURVE('',#4611,#4612,#5591,.T.);
#3484=EDGE_CURVE('',#4613,#4611,#5592,.T.);
#3485=EDGE_CURVE('',#4613,#4614,#5593,.T.);
#3486=EDGE_CURVE('',#4612,#4614,#5594,.T.);
#3487=EDGE_CURVE('',#4611,#4615,#5595,.T.);
#3488=EDGE_CURVE('',#4615,#4616,#5596,.T.);
#3489=EDGE_CURVE('',#4616,#4613,#5597,.T.);
#3490=EDGE_CURVE('',#4617,#4618,#5598,.T.);
#3491=EDGE_CURVE('',#4610,#4617,#5599,.T.);
#3492=EDGE_CURVE('',#4618,#4609,#5600,.T.);
#3493=EDGE_CURVE('',#4619,#4276,#5601,.T.);
#3494=EDGE_CURVE('',#4620,#4619,#5602,.T.);
#3495=EDGE_CURVE('',#4620,#4278,#5603,.T.);
#3496=EDGE_CURVE('',#4279,#4621,#5604,.T.);
#3497=EDGE_CURVE('',#4621,#4620,#5605,.T.);
#3498=EDGE_CURVE('',#4277,#4622,#5606,.T.);
#3499=EDGE_CURVE('',#4621,#4622,#5607,.T.);
#3500=EDGE_CURVE('',#4617,#4623,#5608,.T.);
#3501=EDGE_CURVE('',#4623,#4624,#5609,.T.);
#3502=EDGE_CURVE('',#4624,#4625,#5610,.T.);
#3503=EDGE_CURVE('',#4625,#4626,#5611,.T.);
#3504=EDGE_CURVE('',#4626,#4627,#5612,.T.);
#3505=EDGE_CURVE('',#4627,#4619,#5613,.T.);
#3506=EDGE_CURVE('',#4622,#4628,#5614,.T.);
#3507=EDGE_CURVE('',#4628,#4629,#5615,.T.);
#3508=EDGE_CURVE('',#4629,#4630,#5616,.T.);
#3509=EDGE_CURVE('',#4630,#4631,#5617,.T.);
#3510=EDGE_CURVE('',#4631,#4632,#5618,.T.);
#3511=EDGE_CURVE('',#4632,#4607,#5619,.T.);
#3512=EDGE_CURVE('',#4633,#4291,#5620,.T.);
#3513=EDGE_CURVE('',#4292,#4634,#5621,.T.);
#3514=EDGE_CURVE('',#4634,#4633,#5622,.T.);
#3515=EDGE_CURVE('',#4291,#4286,#5623,.T.);
#3516=EDGE_CURVE('',#4635,#4284,#5624,.T.);
#3517=EDGE_CURVE('',#4286,#4636,#5625,.T.);
#3518=EDGE_CURVE('',#4636,#4635,#5626,.T.);
#3519=EDGE_CURVE('',#4637,#4638,#5627,.T.);
#3520=EDGE_CURVE('',#4638,#4634,#5628,.T.);
#3521=EDGE_CURVE('',#4635,#4637,#5629,.T.);
#3522=EDGE_CURVE('',#4639,#4303,#5630,.T.);
#3523=EDGE_CURVE('',#4304,#4640,#5631,.T.);
#3524=EDGE_CURVE('',#4640,#4639,#5632,.T.);
#3525=EDGE_CURVE('',#4303,#4298,#5633,.T.);
#3526=EDGE_CURVE('',#4641,#4296,#5634,.T.);
#3527=EDGE_CURVE('',#4298,#4642,#5635,.T.);
#3528=EDGE_CURVE('',#4642,#4641,#5636,.T.);
#3529=EDGE_CURVE('',#4643,#4644,#5637,.T.);
#3530=EDGE_CURVE('',#4644,#4640,#5638,.T.);
#3531=EDGE_CURVE('',#4641,#4643,#5639,.T.);
#3532=EDGE_CURVE('',#4645,#4315,#5640,.T.);
#3533=EDGE_CURVE('',#4316,#4646,#5641,.T.);
#3534=EDGE_CURVE('',#4646,#4645,#5642,.T.);
#3535=EDGE_CURVE('',#4315,#4310,#5643,.T.);
#3536=EDGE_CURVE('',#4647,#4308,#5644,.T.);
#3537=EDGE_CURVE('',#4310,#4648,#5645,.T.);
#3538=EDGE_CURVE('',#4648,#4647,#5646,.T.);
#3539=EDGE_CURVE('',#4649,#4650,#5647,.T.);
#3540=EDGE_CURVE('',#4650,#4646,#5648,.T.);
#3541=EDGE_CURVE('',#4647,#4649,#5649,.T.);
#3542=EDGE_CURVE('',#4651,#4327,#5650,.T.);
#3543=EDGE_CURVE('',#4328,#4652,#5651,.T.);
#3544=EDGE_CURVE('',#4652,#4651,#5652,.T.);
#3545=EDGE_CURVE('',#4327,#4322,#5653,.T.);
#3546=EDGE_CURVE('',#4653,#4320,#5654,.T.);
#3547=EDGE_CURVE('',#4322,#4654,#5655,.T.);
#3548=EDGE_CURVE('',#4654,#4653,#5656,.T.);
#3549=EDGE_CURVE('',#4655,#4656,#5657,.T.);
#3550=EDGE_CURVE('',#4656,#4652,#5658,.T.);
#3551=EDGE_CURVE('',#4653,#4655,#5659,.T.);
#3552=EDGE_CURVE('',#4657,#4339,#5660,.T.);
#3553=EDGE_CURVE('',#4340,#4658,#5661,.T.);
#3554=EDGE_CURVE('',#4658,#4657,#5662,.T.);
#3555=EDGE_CURVE('',#4339,#4334,#5663,.T.);
#3556=EDGE_CURVE('',#4659,#4332,#5664,.T.);
#3557=EDGE_CURVE('',#4334,#4660,#5665,.T.);
#3558=EDGE_CURVE('',#4660,#4659,#5666,.T.);
#3559=EDGE_CURVE('',#4661,#4662,#5667,.T.);
#3560=EDGE_CURVE('',#4662,#4658,#5668,.T.);
#3561=EDGE_CURVE('',#4659,#4661,#5669,.T.);
#3562=EDGE_CURVE('',#4663,#4351,#5670,.T.);
#3563=EDGE_CURVE('',#4352,#4664,#5671,.T.);
#3564=EDGE_CURVE('',#4664,#4663,#5672,.T.);
#3565=EDGE_CURVE('',#4351,#4346,#5673,.T.);
#3566=EDGE_CURVE('',#4665,#4344,#5674,.T.);
#3567=EDGE_CURVE('',#4346,#4666,#5675,.T.);
#3568=EDGE_CURVE('',#4666,#4665,#5676,.T.);
#3569=EDGE_CURVE('',#4667,#4668,#5677,.T.);
#3570=EDGE_CURVE('',#4668,#4664,#5678,.T.);
#3571=EDGE_CURVE('',#4665,#4667,#5679,.T.);
#3572=EDGE_CURVE('',#4669,#4363,#5680,.T.);
#3573=EDGE_CURVE('',#4364,#4670,#5681,.T.);
#3574=EDGE_CURVE('',#4670,#4669,#5682,.T.);
#3575=EDGE_CURVE('',#4363,#4358,#5683,.T.);
#3576=EDGE_CURVE('',#4671,#4356,#5684,.T.);
#3577=EDGE_CURVE('',#4358,#4672,#5685,.T.);
#3578=EDGE_CURVE('',#4672,#4671,#5686,.T.);
#3579=EDGE_CURVE('',#4673,#4674,#5687,.T.);
#3580=EDGE_CURVE('',#4674,#4670,#5688,.T.);
#3581=EDGE_CURVE('',#4671,#4673,#5689,.T.);
#3582=EDGE_CURVE('',#4675,#4375,#5690,.T.);
#3583=EDGE_CURVE('',#4376,#4676,#5691,.T.);
#3584=EDGE_CURVE('',#4676,#4675,#5692,.T.);
#3585=EDGE_CURVE('',#4375,#4370,#5693,.T.);
#3586=EDGE_CURVE('',#4677,#4368,#5694,.T.);
#3587=EDGE_CURVE('',#4370,#4678,#5695,.T.);
#3588=EDGE_CURVE('',#4678,#4677,#5696,.T.);
#3589=EDGE_CURVE('',#4679,#4680,#5697,.T.);
#3590=EDGE_CURVE('',#4680,#4676,#5698,.T.);
#3591=EDGE_CURVE('',#4677,#4679,#5699,.T.);
#3592=EDGE_CURVE('',#4681,#4387,#5700,.T.);
#3593=EDGE_CURVE('',#4682,#4681,#5701,.T.);
#3594=EDGE_CURVE('',#4388,#4682,#5702,.T.);
#3595=EDGE_CURVE('',#4380,#4388,#5703,.T.);
#3596=EDGE_CURVE('',#4683,#4380,#5704,.T.);
#3597=EDGE_CURVE('',#4684,#4683,#5705,.T.);
#3598=EDGE_CURVE('',#4381,#4684,#5706,.T.);
#3599=EDGE_CURVE('',#4685,#4686,#5707,.T.);
#3600=EDGE_CURVE('',#4681,#4685,#5708,.T.);
#3601=EDGE_CURVE('',#4686,#4684,#5709,.T.);
#3602=EDGE_CURVE('',#4687,#4688,#5710,.T.);
#3603=EDGE_CURVE('',#4689,#4687,#5711,.T.);
#3604=EDGE_CURVE('',#4689,#4690,#5712,.T.);
#3605=EDGE_CURVE('',#4690,#4688,#5713,.T.);
#3606=EDGE_CURVE('',#4690,#4691,#5714,.T.);
#3607=EDGE_CURVE('',#4689,#4692,#5715,.T.);
#3608=EDGE_CURVE('',#4692,#4691,#5716,.T.);
#3609=EDGE_CURVE('',#4693,#4694,#5717,.T.);
#3610=EDGE_CURVE('',#4695,#4693,#5718,.T.);
#3611=EDGE_CURVE('',#4695,#4696,#5719,.T.);
#3612=EDGE_CURVE('',#4696,#4694,#5720,.T.);
#3613=EDGE_CURVE('',#4694,#4697,#5721,.T.);
#3614=EDGE_CURVE('',#4696,#4698,#5722,.T.);
#3615=EDGE_CURVE('',#4698,#4697,#5723,.T.);
#3616=EDGE_CURVE('',#4697,#4688,#148,.T.);
#3617=EDGE_CURVE('',#4698,#4687,#149,.T.);
#3618=EDGE_CURVE('',#4699,#4399,#5724,.T.);
#3619=EDGE_CURVE('',#4400,#4700,#5725,.T.);
#3620=EDGE_CURVE('',#4700,#4699,#5726,.T.);
#3621=EDGE_CURVE('',#4399,#4394,#5727,.T.);
#3622=EDGE_CURVE('',#4701,#4392,#5728,.T.);
#3623=EDGE_CURVE('',#4394,#4702,#5729,.T.);
#3624=EDGE_CURVE('',#4702,#4701,#5730,.T.);
#3625=EDGE_CURVE('',#4703,#4704,#5731,.T.);
#3626=EDGE_CURVE('',#4704,#4700,#5732,.T.);
#3627=EDGE_CURVE('',#4701,#4703,#5733,.T.);
#3628=EDGE_CURVE('',#4705,#4706,#5734,.T.);
#3629=EDGE_CURVE('',#4419,#4705,#5735,.T.);
#3630=EDGE_CURVE('',#4418,#4706,#5736,.T.);
#3631=EDGE_CURVE('',#4707,#4705,#5737,.T.);
#3632=EDGE_CURVE('',#4420,#4707,#5738,.T.);
#3633=EDGE_CURVE('',#4708,#4707,#5739,.T.);
#3634=EDGE_CURVE('',#4421,#4708,#5740,.T.);
#3635=EDGE_CURVE('',#4709,#4708,#5741,.T.);
#3636=EDGE_CURVE('',#4422,#4709,#5742,.T.);
#3637=EDGE_CURVE('',#4710,#4709,#5743,.T.);
#3638=EDGE_CURVE('',#4710,#4402,#5744,.F.);
#3639=EDGE_CURVE('',#4711,#4403,#83,.F.);
#3640=EDGE_CURVE('',#4711,#4710,#5745,.T.);
#3641=EDGE_CURVE('',#4712,#4405,#84,.F.);
#3642=EDGE_CURVE('',#4712,#4711,#150,.T.);
#3643=EDGE_CURVE('',#4407,#4713,#5746,.F.);
#3644=EDGE_CURVE('',#4713,#4712,#5747,.T.);
#3645=EDGE_CURVE('',#4714,#4713,#5748,.T.);
#3646=EDGE_CURVE('',#4413,#4714,#5749,.T.);
#3647=EDGE_CURVE('',#4715,#4714,#5750,.T.);
#3648=EDGE_CURVE('',#4414,#4715,#5751,.T.);
#3649=EDGE_CURVE('',#4716,#4715,#5752,.T.);
#3650=EDGE_CURVE('',#4415,#4716,#5753,.T.);
#3651=EDGE_CURVE('',#4717,#4716,#5754,.T.);
#3652=EDGE_CURVE('',#4416,#4717,#5755,.T.);
#3653=EDGE_CURVE('',#4718,#4717,#5756,.T.);
#3654=EDGE_CURVE('',#4417,#4718,#5757,.T.);
#3655=EDGE_CURVE('',#4706,#4718,#5758,.T.);
#3656=EDGE_CURVE('',#4719,#4720,#5759,.T.);
#3657=EDGE_CURVE('',#4441,#4719,#5760,.T.);
#3658=EDGE_CURVE('',#4440,#4720,#5761,.T.);
#3659=EDGE_CURVE('',#4721,#4719,#5762,.T.);
#3660=EDGE_CURVE('',#4442,#4721,#5763,.T.);
#3661=EDGE_CURVE('',#4722,#4721,#5764,.T.);
#3662=EDGE_CURVE('',#4443,#4722,#5765,.T.);
#3663=EDGE_CURVE('',#4723,#4722,#5766,.T.);
#3664=EDGE_CURVE('',#4444,#4723,#5767,.T.);
#3665=EDGE_CURVE('',#4724,#4723,#5768,.T.);
#3666=EDGE_CURVE('',#4724,#4424,#5769,.F.);
#3667=EDGE_CURVE('',#4725,#4425,#85,.F.);
#3668=EDGE_CURVE('',#4725,#4724,#5770,.T.);
#3669=EDGE_CURVE('',#4726,#4427,#86,.F.);
#3670=EDGE_CURVE('',#4726,#4725,#151,.T.);
#3671=EDGE_CURVE('',#4429,#4727,#5771,.F.);
#3672=EDGE_CURVE('',#4727,#4726,#5772,.T.);
#3673=EDGE_CURVE('',#4728,#4727,#5773,.T.);
#3674=EDGE_CURVE('',#4435,#4728,#5774,.T.);
#3675=EDGE_CURVE('',#4729,#4728,#5775,.T.);
#3676=EDGE_CURVE('',#4436,#4729,#5776,.T.);
#3677=EDGE_CURVE('',#4730,#4729,#5777,.T.);
#3678=EDGE_CURVE('',#4437,#4730,#5778,.T.);
#3679=EDGE_CURVE('',#4731,#4730,#5779,.T.);
#3680=EDGE_CURVE('',#4438,#4731,#5780,.T.);
#3681=EDGE_CURVE('',#4732,#4731,#5781,.T.);
#3682=EDGE_CURVE('',#4439,#4732,#5782,.T.);
#3683=EDGE_CURVE('',#4720,#4732,#5783,.T.);
#3684=EDGE_CURVE('',#4733,#4734,#5784,.T.);
#3685=EDGE_CURVE('',#4463,#4733,#5785,.T.);
#3686=EDGE_CURVE('',#4462,#4734,#5786,.T.);
#3687=EDGE_CURVE('',#4735,#4733,#5787,.T.);
#3688=EDGE_CURVE('',#4464,#4735,#5788,.T.);
#3689=EDGE_CURVE('',#4736,#4735,#5789,.T.);
#3690=EDGE_CURVE('',#4465,#4736,#5790,.T.);
#3691=EDGE_CURVE('',#4737,#4736,#5791,.T.);
#3692=EDGE_CURVE('',#4466,#4737,#5792,.T.);
#3693=EDGE_CURVE('',#4738,#4737,#5793,.T.);
#3694=EDGE_CURVE('',#4738,#4446,#5794,.F.);
#3695=EDGE_CURVE('',#4739,#4447,#87,.F.);
#3696=EDGE_CURVE('',#4739,#4738,#5795,.T.);
#3697=EDGE_CURVE('',#4740,#4449,#88,.F.);
#3698=EDGE_CURVE('',#4740,#4739,#152,.T.);
#3699=EDGE_CURVE('',#4451,#4741,#5796,.F.);
#3700=EDGE_CURVE('',#4741,#4740,#5797,.T.);
#3701=EDGE_CURVE('',#4742,#4741,#5798,.T.);
#3702=EDGE_CURVE('',#4457,#4742,#5799,.T.);
#3703=EDGE_CURVE('',#4743,#4742,#5800,.T.);
#3704=EDGE_CURVE('',#4458,#4743,#5801,.T.);
#3705=EDGE_CURVE('',#4744,#4743,#5802,.T.);
#3706=EDGE_CURVE('',#4459,#4744,#5803,.T.);
#3707=EDGE_CURVE('',#4745,#4744,#5804,.T.);
#3708=EDGE_CURVE('',#4460,#4745,#5805,.T.);
#3709=EDGE_CURVE('',#4746,#4745,#5806,.T.);
#3710=EDGE_CURVE('',#4461,#4746,#5807,.T.);
#3711=EDGE_CURVE('',#4734,#4746,#5808,.T.);
#3712=EDGE_CURVE('',#4747,#4748,#5809,.T.);
#3713=EDGE_CURVE('',#4485,#4747,#5810,.T.);
#3714=EDGE_CURVE('',#4484,#4748,#5811,.T.);
#3715=EDGE_CURVE('',#4749,#4747,#5812,.T.);
#3716=EDGE_CURVE('',#4486,#4749,#5813,.T.);
#3717=EDGE_CURVE('',#4750,#4749,#5814,.T.);
#3718=EDGE_CURVE('',#4487,#4750,#5815,.T.);
#3719=EDGE_CURVE('',#4751,#4750,#5816,.T.);
#3720=EDGE_CURVE('',#4488,#4751,#5817,.T.);
#3721=EDGE_CURVE('',#4752,#4751,#5818,.T.);
#3722=EDGE_CURVE('',#4752,#4468,#5819,.F.);
#3723=EDGE_CURVE('',#4753,#4469,#89,.F.);
#3724=EDGE_CURVE('',#4753,#4752,#5820,.T.);
#3725=EDGE_CURVE('',#4754,#4471,#90,.F.);
#3726=EDGE_CURVE('',#4754,#4753,#153,.T.);
#3727=EDGE_CURVE('',#4473,#4755,#5821,.F.);
#3728=EDGE_CURVE('',#4755,#4754,#5822,.T.);
#3729=EDGE_CURVE('',#4756,#4755,#5823,.T.);
#3730=EDGE_CURVE('',#4479,#4756,#5824,.T.);
#3731=EDGE_CURVE('',#4757,#4756,#5825,.T.);
#3732=EDGE_CURVE('',#4480,#4757,#5826,.T.);
#3733=EDGE_CURVE('',#4758,#4757,#5827,.T.);
#3734=EDGE_CURVE('',#4481,#4758,#5828,.T.);
#3735=EDGE_CURVE('',#4759,#4758,#5829,.T.);
#3736=EDGE_CURVE('',#4482,#4759,#5830,.T.);
#3737=EDGE_CURVE('',#4760,#4759,#5831,.T.);
#3738=EDGE_CURVE('',#4483,#4760,#5832,.T.);
#3739=EDGE_CURVE('',#4748,#4760,#5833,.T.);
#3740=EDGE_CURVE('',#4761,#4762,#5834,.T.);
#3741=EDGE_CURVE('',#4507,#4761,#5835,.T.);
#3742=EDGE_CURVE('',#4506,#4762,#5836,.T.);
#3743=EDGE_CURVE('',#4763,#4761,#5837,.T.);
#3744=EDGE_CURVE('',#4508,#4763,#5838,.T.);
#3745=EDGE_CURVE('',#4764,#4763,#5839,.T.);
#3746=EDGE_CURVE('',#4509,#4764,#5840,.T.);
#3747=EDGE_CURVE('',#4765,#4764,#5841,.T.);
#3748=EDGE_CURVE('',#4510,#4765,#5842,.T.);
#3749=EDGE_CURVE('',#4766,#4765,#5843,.T.);
#3750=EDGE_CURVE('',#4766,#4490,#5844,.F.);
#3751=EDGE_CURVE('',#4767,#4491,#91,.F.);
#3752=EDGE_CURVE('',#4767,#4766,#5845,.T.);
#3753=EDGE_CURVE('',#4768,#4493,#92,.F.);
#3754=EDGE_CURVE('',#4768,#4767,#154,.T.);
#3755=EDGE_CURVE('',#4495,#4769,#5846,.F.);
#3756=EDGE_CURVE('',#4769,#4768,#5847,.T.);
#3757=EDGE_CURVE('',#4770,#4769,#5848,.T.);
#3758=EDGE_CURVE('',#4501,#4770,#5849,.T.);
#3759=EDGE_CURVE('',#4771,#4770,#5850,.T.);
#3760=EDGE_CURVE('',#4502,#4771,#5851,.T.);
#3761=EDGE_CURVE('',#4772,#4771,#5852,.T.);
#3762=EDGE_CURVE('',#4503,#4772,#5853,.T.);
#3763=EDGE_CURVE('',#4773,#4772,#5854,.T.);
#3764=EDGE_CURVE('',#4504,#4773,#5855,.T.);
#3765=EDGE_CURVE('',#4774,#4773,#5856,.T.);
#3766=EDGE_CURVE('',#4505,#4774,#5857,.T.);
#3767=EDGE_CURVE('',#4762,#4774,#5858,.T.);
#3768=EDGE_CURVE('',#4775,#4776,#5859,.T.);
#3769=EDGE_CURVE('',#4529,#4775,#5860,.T.);
#3770=EDGE_CURVE('',#4528,#4776,#5861,.T.);
#3771=EDGE_CURVE('',#4777,#4775,#5862,.T.);
#3772=EDGE_CURVE('',#4530,#4777,#5863,.T.);
#3773=EDGE_CURVE('',#4778,#4777,#5864,.T.);
#3774=EDGE_CURVE('',#4531,#4778,#5865,.T.);
#3775=EDGE_CURVE('',#4779,#4778,#5866,.T.);
#3776=EDGE_CURVE('',#4532,#4779,#5867,.T.);
#3777=EDGE_CURVE('',#4780,#4779,#5868,.T.);
#3778=EDGE_CURVE('',#4780,#4512,#5869,.F.);
#3779=EDGE_CURVE('',#4781,#4513,#93,.F.);
#3780=EDGE_CURVE('',#4781,#4780,#5870,.T.);
#3781=EDGE_CURVE('',#4782,#4515,#94,.F.);
#3782=EDGE_CURVE('',#4782,#4781,#155,.T.);
#3783=EDGE_CURVE('',#4517,#4783,#5871,.F.);
#3784=EDGE_CURVE('',#4783,#4782,#5872,.T.);
#3785=EDGE_CURVE('',#4784,#4783,#5873,.T.);
#3786=EDGE_CURVE('',#4523,#4784,#5874,.T.);
#3787=EDGE_CURVE('',#4785,#4784,#5875,.T.);
#3788=EDGE_CURVE('',#4524,#4785,#5876,.T.);
#3789=EDGE_CURVE('',#4786,#4785,#5877,.T.);
#3790=EDGE_CURVE('',#4525,#4786,#5878,.T.);
#3791=EDGE_CURVE('',#4787,#4786,#5879,.T.);
#3792=EDGE_CURVE('',#4526,#4787,#5880,.T.);
#3793=EDGE_CURVE('',#4788,#4787,#5881,.T.);
#3794=EDGE_CURVE('',#4527,#4788,#5882,.T.);
#3795=EDGE_CURVE('',#4776,#4788,#5883,.T.);
#3796=EDGE_CURVE('',#4789,#4790,#5884,.T.);
#3797=EDGE_CURVE('',#4551,#4789,#5885,.T.);
#3798=EDGE_CURVE('',#4550,#4790,#5886,.T.);
#3799=EDGE_CURVE('',#4791,#4789,#5887,.T.);
#3800=EDGE_CURVE('',#4552,#4791,#5888,.T.);
#3801=EDGE_CURVE('',#4792,#4791,#5889,.T.);
#3802=EDGE_CURVE('',#4553,#4792,#5890,.T.);
#3803=EDGE_CURVE('',#4793,#4792,#5891,.T.);
#3804=EDGE_CURVE('',#4554,#4793,#5892,.T.);
#3805=EDGE_CURVE('',#4794,#4793,#5893,.T.);
#3806=EDGE_CURVE('',#4794,#4534,#5894,.F.);
#3807=EDGE_CURVE('',#4795,#4535,#95,.F.);
#3808=EDGE_CURVE('',#4795,#4794,#5895,.T.);
#3809=EDGE_CURVE('',#4796,#4537,#96,.F.);
#3810=EDGE_CURVE('',#4796,#4795,#156,.T.);
#3811=EDGE_CURVE('',#4539,#4797,#5896,.F.);
#3812=EDGE_CURVE('',#4797,#4796,#5897,.T.);
#3813=EDGE_CURVE('',#4798,#4797,#5898,.T.);
#3814=EDGE_CURVE('',#4545,#4798,#5899,.T.);
#3815=EDGE_CURVE('',#4799,#4798,#5900,.T.);
#3816=EDGE_CURVE('',#4546,#4799,#5901,.T.);
#3817=EDGE_CURVE('',#4800,#4799,#5902,.T.);
#3818=EDGE_CURVE('',#4547,#4800,#5903,.T.);
#3819=EDGE_CURVE('',#4801,#4800,#5904,.T.);
#3820=EDGE_CURVE('',#4548,#4801,#5905,.T.);
#3821=EDGE_CURVE('',#4802,#4801,#5906,.T.);
#3822=EDGE_CURVE('',#4549,#4802,#5907,.T.);
#3823=EDGE_CURVE('',#4790,#4802,#5908,.T.);
#3824=EDGE_CURVE('',#4691,#4803,#5909,.T.);
#3825=EDGE_CURVE('',#4692,#4804,#5910,.T.);
#3826=EDGE_CURVE('',#4804,#4803,#5911,.T.);
#3827=EDGE_CURVE('',#4805,#4557,#97,.T.);
#3828=EDGE_CURVE('',#4806,#4555,#98,.T.);
#3829=EDGE_CURVE('',#4805,#4806,#157,.T.);
#3830=EDGE_CURVE('',#4559,#4807,#5912,.F.);
#3831=EDGE_CURVE('',#4807,#4805,#5913,.T.);
#3832=EDGE_CURVE('',#4808,#4807,#5914,.T.);
#3833=EDGE_CURVE('',#4570,#4808,#5915,.T.);
#3834=EDGE_CURVE('',#4809,#4808,#5916,.T.);
#3835=EDGE_CURVE('',#4571,#4809,#5917,.T.);
#3836=EDGE_CURVE('',#4810,#4809,#5918,.T.);
#3837=EDGE_CURVE('',#4572,#4810,#5919,.T.);
#3838=EDGE_CURVE('',#4811,#4810,#5920,.T.);
#3839=EDGE_CURVE('',#4573,#4811,#5921,.T.);
#3840=EDGE_CURVE('',#4812,#4811,#5922,.T.);
#3841=EDGE_CURVE('',#4574,#4812,#5923,.T.);
#3842=EDGE_CURVE('',#4813,#4812,#5924,.T.);
#3843=EDGE_CURVE('',#4575,#4813,#5925,.T.);
#3844=EDGE_CURVE('',#4814,#4813,#5926,.T.);
#3845=EDGE_CURVE('',#4576,#4814,#5927,.T.);
#3846=EDGE_CURVE('',#4815,#4814,#5928,.T.);
#3847=EDGE_CURVE('',#4577,#4815,#5929,.T.);
#3848=EDGE_CURVE('',#4816,#4815,#5930,.T.);
#3849=EDGE_CURVE('',#4578,#4816,#5931,.T.);
#3850=EDGE_CURVE('',#4817,#4816,#5932,.T.);
#3851=EDGE_CURVE('',#4579,#4817,#5933,.T.);
#3852=EDGE_CURVE('',#4818,#4819,#5934,.T.);
#3853=EDGE_CURVE('',#4818,#4566,#5935,.F.);
#3854=EDGE_CURVE('',#4580,#4819,#5936,.T.);
#3855=EDGE_CURVE('',#4567,#4820,#5937,.F.);
#3856=EDGE_CURVE('',#4820,#4818,#5938,.F.);
#3857=EDGE_CURVE('',#4821,#4820,#5939,.T.);
#3858=EDGE_CURVE('',#4581,#4821,#5940,.T.);
#3859=EDGE_CURVE('',#4819,#4817,#5941,.T.);
#3860=EDGE_CURVE('',#4822,#4821,#5942,.T.);
#3861=EDGE_CURVE('',#4822,#4582,#5943,.F.);
#3862=EDGE_CURVE('',#4806,#4822,#5944,.T.);
#3863=EDGE_CURVE('',#4823,#4824,#5945,.T.);
#3864=EDGE_CURVE('',#4601,#4823,#5946,.T.);
#3865=EDGE_CURVE('',#4600,#4824,#5947,.T.);
#3866=EDGE_CURVE('',#4825,#4823,#5948,.T.);
#3867=EDGE_CURVE('',#4602,#4825,#5949,.T.);
#3868=EDGE_CURVE('',#4826,#4825,#5950,.T.);
#3869=EDGE_CURVE('',#4603,#4826,#5951,.T.);
#3870=EDGE_CURVE('',#4827,#4826,#5952,.T.);
#3871=EDGE_CURVE('',#4604,#4827,#5953,.T.);
#3872=EDGE_CURVE('',#4828,#4827,#5954,.T.);
#3873=EDGE_CURVE('',#4828,#4584,#5955,.F.);
#3874=EDGE_CURVE('',#4829,#4585,#99,.F.);
#3875=EDGE_CURVE('',#4829,#4828,#5956,.T.);
#3876=EDGE_CURVE('',#4830,#4587,#100,.F.);
#3877=EDGE_CURVE('',#4830,#4829,#158,.T.);
#3878=EDGE_CURVE('',#4589,#4831,#5957,.F.);
#3879=EDGE_CURVE('',#4831,#4830,#5958,.T.);
#3880=EDGE_CURVE('',#4832,#4831,#5959,.T.);
#3881=EDGE_CURVE('',#4595,#4832,#5960,.T.);
#3882=EDGE_CURVE('',#4833,#4832,#5961,.T.);
#3883=EDGE_CURVE('',#4596,#4833,#5962,.T.);
#3884=EDGE_CURVE('',#4834,#4833,#5963,.T.);
#3885=EDGE_CURVE('',#4597,#4834,#5964,.T.);
#3886=EDGE_CURVE('',#4835,#4834,#5965,.T.);
#3887=EDGE_CURVE('',#4598,#4835,#5966,.T.);
#3888=EDGE_CURVE('',#4836,#4835,#5967,.T.);
#3889=EDGE_CURVE('',#4599,#4836,#5968,.T.);
#3890=EDGE_CURVE('',#4824,#4836,#5969,.T.);
#3891=EDGE_CURVE('',#4632,#4837,#5970,.T.);
#3892=EDGE_CURVE('',#4837,#4838,#5971,.T.);
#3893=EDGE_CURVE('',#4608,#4838,#5972,.F.);
#3894=EDGE_CURVE('',#4839,#4838,#5973,.T.);
#3895=EDGE_CURVE('',#4839,#4605,#101,.T.);
#3896=EDGE_CURVE('',#4839,#4840,#159,.F.);
#3897=EDGE_CURVE('',#4840,#4609,#102,.F.);
#3898=EDGE_CURVE('',#4841,#4840,#5974,.F.);
#3899=EDGE_CURVE('',#4841,#4618,#5975,.F.);
#3900=EDGE_CURVE('',#4616,#4842,#5976,.T.);
#3901=EDGE_CURVE('',#4843,#4842,#5977,.F.);
#3902=EDGE_CURVE('',#4614,#4843,#5978,.F.);
#3903=EDGE_CURVE('',#4843,#4844,#5979,.T.);
#3904=EDGE_CURVE('',#4844,#4612,#5980,.F.);
#3905=EDGE_CURVE('',#4844,#4845,#5981,.F.);
#3906=EDGE_CURVE('',#4615,#4845,#5982,.T.);
#3907=EDGE_CURVE('',#4846,#4845,#5983,.T.);
#3908=EDGE_CURVE('',#4623,#4846,#5984,.T.);
#3909=EDGE_CURVE('',#4842,#4841,#5985,.T.);
#3910=EDGE_CURVE('',#4846,#4847,#5986,.T.);
#3911=EDGE_CURVE('',#4624,#4847,#5987,.T.);
#3912=EDGE_CURVE('',#4847,#4848,#5988,.F.);
#3913=EDGE_CURVE('',#4625,#4848,#5989,.T.);
#3914=EDGE_CURVE('',#4849,#4848,#5990,.T.);
#3915=EDGE_CURVE('',#4626,#4849,#5991,.T.);
#3916=EDGE_CURVE('',#4850,#4849,#5992,.T.);
#3917=EDGE_CURVE('',#4627,#4850,#5993,.T.);
#3918=EDGE_CURVE('',#4851,#4850,#5994,.T.);
#3919=EDGE_CURVE('',#4628,#4851,#5995,.T.);
#3920=EDGE_CURVE('',#4851,#4852,#5996,.T.);
#3921=EDGE_CURVE('',#4629,#4852,#5997,.T.);
#3922=EDGE_CURVE('',#4853,#4852,#5998,.T.);
#3923=EDGE_CURVE('',#4630,#4853,#5999,.T.);
#3924=EDGE_CURVE('',#4854,#4853,#6000,.T.);
#3925=EDGE_CURVE('',#4631,#4854,#6001,.T.);
#3926=EDGE_CURVE('',#4837,#4854,#6002,.T.);
#3927=EDGE_CURVE('',#4704,#4855,#6003,.T.);
#3928=EDGE_CURVE('',#4703,#4856,#6004,.T.);
#3929=EDGE_CURVE('',#4856,#4855,#6005,.T.);
#3930=EDGE_CURVE('',#4857,#4803,#6006,.T.);
#3931=EDGE_CURVE('',#4804,#4858,#6007,.T.);
#3932=EDGE_CURVE('',#4858,#4857,#6008,.T.);
#3933=EDGE_CURVE('',#4686,#4859,#6009,.T.);
#3934=EDGE_CURVE('',#4860,#4859,#6010,.T.);
#3935=EDGE_CURVE('',#4685,#4860,#6011,.T.);
#3936=EDGE_CURVE('',#4680,#4861,#6012,.T.);
#3937=EDGE_CURVE('',#4679,#4862,#6013,.T.);
#3938=EDGE_CURVE('',#4861,#4862,#6014,.T.);
#3939=EDGE_CURVE('',#4674,#4863,#6015,.T.);
#3940=EDGE_CURVE('',#4673,#4864,#6016,.T.);
#3941=EDGE_CURVE('',#4863,#4864,#6017,.T.);
#3942=EDGE_CURVE('',#4668,#4865,#6018,.T.);
#3943=EDGE_CURVE('',#4667,#4866,#6019,.T.);
#3944=EDGE_CURVE('',#4865,#4866,#6020,.T.);
#3945=EDGE_CURVE('',#4662,#4867,#6021,.T.);
#3946=EDGE_CURVE('',#4661,#4868,#6022,.T.);
#3947=EDGE_CURVE('',#4867,#4868,#6023,.T.);
#3948=EDGE_CURVE('',#4656,#4869,#6024,.T.);
#3949=EDGE_CURVE('',#4655,#4870,#6025,.T.);
#3950=EDGE_CURVE('',#4869,#4870,#6026,.T.);
#3951=EDGE_CURVE('',#4650,#4871,#6027,.T.);
#3952=EDGE_CURVE('',#4649,#4872,#6028,.T.);
#3953=EDGE_CURVE('',#4871,#4872,#6029,.T.);
#3954=EDGE_CURVE('',#4644,#4873,#6030,.T.);
#3955=EDGE_CURVE('',#4643,#4874,#6031,.T.);
#3956=EDGE_CURVE('',#4873,#4874,#6032,.T.);
#3957=EDGE_CURVE('',#4638,#4875,#6033,.T.);
#3958=EDGE_CURVE('',#4637,#4876,#6034,.T.);
#3959=EDGE_CURVE('',#4875,#4876,#6035,.T.);
#3960=EDGE_CURVE('',#4877,#4878,#6036,.T.);
#3961=EDGE_CURVE('',#4633,#4878,#6037,.T.);
#3962=EDGE_CURVE('',#4875,#4877,#6038,.T.);
#3963=EDGE_CURVE('',#4879,#4878,#6039,.T.);
#3964=EDGE_CURVE('',#4636,#4879,#6040,.T.);
#3965=EDGE_CURVE('',#4876,#4880,#6041,.T.);
#3966=EDGE_CURVE('',#4879,#4880,#6042,.T.);
#3967=EDGE_CURVE('',#4881,#4882,#6043,.T.);
#3968=EDGE_CURVE('',#4639,#4882,#6044,.T.);
#3969=EDGE_CURVE('',#4873,#4881,#6045,.T.);
#3970=EDGE_CURVE('',#4883,#4882,#6046,.T.);
#3971=EDGE_CURVE('',#4642,#4883,#6047,.T.);
#3972=EDGE_CURVE('',#4874,#4884,#6048,.T.);
#3973=EDGE_CURVE('',#4883,#4884,#6049,.T.);
#3974=EDGE_CURVE('',#4885,#4886,#6050,.T.);
#3975=EDGE_CURVE('',#4645,#4886,#6051,.T.);
#3976=EDGE_CURVE('',#4871,#4885,#6052,.T.);
#3977=EDGE_CURVE('',#4887,#4886,#6053,.T.);
#3978=EDGE_CURVE('',#4648,#4887,#6054,.T.);
#3979=EDGE_CURVE('',#4872,#4888,#6055,.T.);
#3980=EDGE_CURVE('',#4887,#4888,#6056,.T.);
#3981=EDGE_CURVE('',#4889,#4890,#6057,.T.);
#3982=EDGE_CURVE('',#4651,#4890,#6058,.T.);
#3983=EDGE_CURVE('',#4869,#4889,#6059,.T.);
#3984=EDGE_CURVE('',#4891,#4890,#6060,.T.);
#3985=EDGE_CURVE('',#4654,#4891,#6061,.T.);
#3986=EDGE_CURVE('',#4870,#4892,#6062,.T.);
#3987=EDGE_CURVE('',#4891,#4892,#6063,.T.);
#3988=EDGE_CURVE('',#4893,#4894,#6064,.T.);
#3989=EDGE_CURVE('',#4657,#4894,#6065,.T.);
#3990=EDGE_CURVE('',#4867,#4893,#6066,.T.);
#3991=EDGE_CURVE('',#4895,#4894,#6067,.T.);
#3992=EDGE_CURVE('',#4660,#4895,#6068,.T.);
#3993=EDGE_CURVE('',#4868,#4896,#6069,.T.);
#3994=EDGE_CURVE('',#4895,#4896,#6070,.T.);
#3995=EDGE_CURVE('',#4897,#4898,#6071,.T.);
#3996=EDGE_CURVE('',#4663,#4898,#6072,.T.);
#3997=EDGE_CURVE('',#4865,#4897,#6073,.T.);
#3998=EDGE_CURVE('',#4899,#4898,#6074,.T.);
#3999=EDGE_CURVE('',#4666,#4899,#6075,.T.);
#4000=EDGE_CURVE('',#4866,#4900,#6076,.T.);
#4001=EDGE_CURVE('',#4899,#4900,#6077,.T.);
#4002=EDGE_CURVE('',#4901,#4902,#6078,.T.);
#4003=EDGE_CURVE('',#4669,#4902,#6079,.T.);
#4004=EDGE_CURVE('',#4863,#4901,#6080,.T.);
#4005=EDGE_CURVE('',#4903,#4902,#6081,.T.);
#4006=EDGE_CURVE('',#4672,#4903,#6082,.T.);
#4007=EDGE_CURVE('',#4864,#4904,#6083,.T.);
#4008=EDGE_CURVE('',#4903,#4904,#6084,.T.);
#4009=EDGE_CURVE('',#4905,#4906,#6085,.T.);
#4010=EDGE_CURVE('',#4675,#4906,#6086,.T.);
#4011=EDGE_CURVE('',#4861,#4905,#6087,.T.);
#4012=EDGE_CURVE('',#4907,#4906,#6088,.T.);
#4013=EDGE_CURVE('',#4678,#4907,#6089,.T.);
#4014=EDGE_CURVE('',#4862,#4908,#6090,.T.);
#4015=EDGE_CURVE('',#4907,#4908,#6091,.T.);
#4016=EDGE_CURVE('',#4860,#4909,#6092,.T.);
#4017=EDGE_CURVE('',#4910,#4909,#6093,.T.);
#4018=EDGE_CURVE('',#4682,#4910,#6094,.T.);
#4019=EDGE_CURVE('',#4911,#4910,#6095,.T.);
#4020=EDGE_CURVE('',#4683,#4911,#6096,.T.);
#4021=EDGE_CURVE('',#4912,#4911,#6097,.F.);
#4022=EDGE_CURVE('',#4859,#4912,#6098,.F.);
#4023=EDGE_CURVE('',#4857,#4913,#6099,.T.);
#4024=EDGE_CURVE('',#4913,#4914,#6100,.T.);
#4025=EDGE_CURVE('',#4914,#4693,#160,.T.);
#4026=EDGE_CURVE('',#4915,#4914,#6101,.T.);
#4027=EDGE_CURVE('',#4915,#4695,#161,.T.);
#4028=EDGE_CURVE('',#4915,#4916,#6102,.T.);
#4029=EDGE_CURVE('',#4858,#4916,#6103,.T.);
#4030=EDGE_CURVE('',#4917,#4918,#6104,.T.);
#4031=EDGE_CURVE('',#4699,#4918,#6105,.T.);
#4032=EDGE_CURVE('',#4855,#4917,#6106,.T.);
#4033=EDGE_CURVE('',#4918,#4919,#6107,.T.);
#4034=EDGE_CURVE('',#4702,#4919,#6108,.T.);
#4035=EDGE_CURVE('',#4856,#4920,#6109,.T.);
#4036=EDGE_CURVE('',#4919,#4920,#6110,.T.);
#4037=EDGE_CURVE('',#4160,#4877,#6111,.T.);
#4038=EDGE_CURVE('',#4880,#4881,#6112,.T.);
#4039=EDGE_CURVE('',#4884,#4885,#6113,.T.);
#4040=EDGE_CURVE('',#4888,#4889,#6114,.T.);
#4041=EDGE_CURVE('',#4892,#4893,#6115,.T.);
#4042=EDGE_CURVE('',#4896,#4897,#6116,.T.);
#4043=EDGE_CURVE('',#4900,#4901,#6117,.T.);
#4044=EDGE_CURVE('',#4904,#4905,#6118,.T.);
#4045=EDGE_CURVE('',#4908,#4909,#6119,.T.);
#4046=EDGE_CURVE('',#4912,#4913,#6120,.T.);
#4047=EDGE_CURVE('',#4916,#4917,#6121,.T.);
#4048=EDGE_CURVE('',#4920,#4155,#6122,.T.);
#4049=EDGE_CURVE('',#4921,#4922,#6123,.T.);
#4050=EDGE_CURVE('',#4921,#4923,#6124,.T.);
#4051=EDGE_CURVE('',#4923,#4924,#6125,.T.);
#4052=EDGE_CURVE('',#4924,#4922,#6126,.T.);
#4053=EDGE_CURVE('',#4925,#4926,#6127,.T.);
#4054=EDGE_CURVE('',#4925,#4927,#162,.F.);
#4055=EDGE_CURVE('',#4928,#4927,#6128,.T.);
#4056=EDGE_CURVE('',#4928,#4929,#6129,.T.);
#4057=EDGE_CURVE('',#4929,#4930,#6130,.F.);
#4058=EDGE_CURVE('',#4930,#4921,#163,.T.);
#4059=EDGE_CURVE('',#4922,#4926,#6131,.T.);
#4060=EDGE_CURVE('',#4931,#4932,#6132,.T.);
#4061=EDGE_CURVE('',#4931,#4925,#6133,.T.);
#4062=EDGE_CURVE('',#4926,#4932,#6134,.T.);
#4063=EDGE_CURVE('',#4933,#4934,#6135,.T.);
#4064=EDGE_CURVE('',#4933,#4931,#164,.F.);
#4065=EDGE_CURVE('',#4932,#4924,#6136,.T.);
#4066=EDGE_CURVE('',#4923,#4935,#165,.T.);
#4067=EDGE_CURVE('',#4936,#4935,#6137,.T.);
#4068=EDGE_CURVE('',#4936,#4934,#6138,.T.);
#4069=EDGE_CURVE('',#4927,#4933,#6139,.F.);
#4070=EDGE_CURVE('',#4934,#4928,#6140,.T.);
#4071=EDGE_CURVE('',#4937,#4938,#6141,.T.);
#4072=EDGE_CURVE('',#4938,#4939,#6142,.T.);
#4073=EDGE_CURVE('',#4939,#4940,#6143,.T.);
#4074=EDGE_CURVE('',#4940,#4937,#6144,.T.);
#4075=EDGE_CURVE('',#4935,#4930,#6145,.F.);
#4076=EDGE_CURVE('',#4929,#4936,#6146,.T.);
#4077=EDGE_CURVE('',#4941,#4942,#6147,.T.);
#4078=EDGE_CURVE('',#4942,#4943,#6148,.T.);
#4079=EDGE_CURVE('',#4943,#4944,#6149,.T.);
#4080=EDGE_CURVE('',#4944,#4941,#6150,.T.);
#4081=EDGE_CURVE('',#4929,#4944,#6151,.T.);
#4082=EDGE_CURVE('',#4941,#4928,#6152,.T.);
#4083=EDGE_CURVE('',#4942,#4934,#6153,.T.);
#4084=EDGE_CURVE('',#4936,#4943,#6154,.F.);
#4085=EDGE_CURVE('',#4937,#4926,#6155,.T.);
#4086=EDGE_CURVE('',#4932,#4940,#6156,.F.);
#4087=EDGE_CURVE('',#4924,#4939,#6157,.F.);
#4088=EDGE_CURVE('',#4938,#4922,#6158,.F.);
#4089=VERTEX_POINT('',#12178);
#4090=VERTEX_POINT('',#12179);
#4091=VERTEX_POINT('',#12181);
#4092=VERTEX_POINT('',#12183);
#4093=VERTEX_POINT('',#12185);
#4094=VERTEX_POINT('',#12189);
#4095=VERTEX_POINT('',#12190);
#4096=VERTEX_POINT('',#12192);
#4097=VERTEX_POINT('',#12194);
#4098=VERTEX_POINT('',#12201);
#4099=VERTEX_POINT('',#12209);
#4100=VERTEX_POINT('',#12213);
#4101=VERTEX_POINT('',#12214);
#4102=VERTEX_POINT('',#12219);
#4103=VERTEX_POINT('',#12220);
#4104=VERTEX_POINT('',#12222);
#4105=VERTEX_POINT('',#12224);
#4106=VERTEX_POINT('',#12228);
#4107=VERTEX_POINT('',#12229);
#4108=VERTEX_POINT('',#12231);
#4109=VERTEX_POINT('',#12233);
#4110=VERTEX_POINT('',#12237);
#4111=VERTEX_POINT('',#12239);
#4112=VERTEX_POINT('',#12244);
#4113=VERTEX_POINT('',#12245);
#4114=VERTEX_POINT('',#12247);
#4115=VERTEX_POINT('',#12249);
#4116=VERTEX_POINT('',#12253);
#4117=VERTEX_POINT('',#12254);
#4118=VERTEX_POINT('',#12256);
#4119=VERTEX_POINT('',#12258);
#4120=VERTEX_POINT('',#12262);
#4121=VERTEX_POINT('',#12264);
#4122=VERTEX_POINT('',#12268);
#4123=VERTEX_POINT('',#12270);
#4124=VERTEX_POINT('',#12276);
#4125=VERTEX_POINT('',#12277);
#4126=VERTEX_POINT('',#12279);
#4127=VERTEX_POINT('',#12281);
#4128=VERTEX_POINT('',#12285);
#4129=VERTEX_POINT('',#12287);
#4130=VERTEX_POINT('',#12291);
#4131=VERTEX_POINT('',#12293);
#4132=VERTEX_POINT('',#12297);
#4133=VERTEX_POINT('',#12299);
#4134=VERTEX_POINT('',#12303);
#4135=VERTEX_POINT('',#12310);
#4136=VERTEX_POINT('',#12312);
#4137=VERTEX_POINT('',#12316);
#4138=VERTEX_POINT('',#12318);
#4139=VERTEX_POINT('',#12322);
#4140=VERTEX_POINT('',#12324);
#4141=VERTEX_POINT('',#12328);
#4142=VERTEX_POINT('',#12330);
#4143=VERTEX_POINT('',#12334);
#4144=VERTEX_POINT('',#12344);
#4145=VERTEX_POINT('',#12346);
#4146=VERTEX_POINT('',#12350);
#4147=VERTEX_POINT('',#12355);
#4148=VERTEX_POINT('',#12361);
#4149=VERTEX_POINT('',#12365);
#4150=VERTEX_POINT('',#12366);
#4151=VERTEX_POINT('',#12368);
#4152=VERTEX_POINT('',#12370);
#4153=VERTEX_POINT('',#12374);
#4154=VERTEX_POINT('',#12377);
#4155=VERTEX_POINT('',#12381);
#4156=VERTEX_POINT('',#12382);
#4157=VERTEX_POINT('',#12384);
#4158=VERTEX_POINT('',#12389);
#4159=VERTEX_POINT('',#12391);
#4160=VERTEX_POINT('',#12396);
#4161=VERTEX_POINT('',#12403);
#4162=VERTEX_POINT('',#12404);
#4163=VERTEX_POINT('',#12406);
#4164=VERTEX_POINT('',#12408);
#4165=VERTEX_POINT('',#12412);
#4166=VERTEX_POINT('',#12414);
#4167=VERTEX_POINT('',#12417);
#4168=VERTEX_POINT('',#12420);
#4169=VERTEX_POINT('',#12421);
#4170=VERTEX_POINT('',#12423);
#4171=VERTEX_POINT('',#12425);
#4172=VERTEX_POINT('',#12429);
#4173=VERTEX_POINT('',#12431);
#4174=VERTEX_POINT('',#12434);
#4175=VERTEX_POINT('',#12437);
#4176=VERTEX_POINT('',#12438);
#4177=VERTEX_POINT('',#12440);
#4178=VERTEX_POINT('',#12442);
#4179=VERTEX_POINT('',#12446);
#4180=VERTEX_POINT('',#12448);
#4181=VERTEX_POINT('',#12451);
#4182=VERTEX_POINT('',#12454);
#4183=VERTEX_POINT('',#12455);
#4184=VERTEX_POINT('',#12457);
#4185=VERTEX_POINT('',#12459);
#4186=VERTEX_POINT('',#12463);
#4187=VERTEX_POINT('',#12465);
#4188=VERTEX_POINT('',#12468);
#4189=VERTEX_POINT('',#12471);
#4190=VERTEX_POINT('',#12472);
#4191=VERTEX_POINT('',#12474);
#4192=VERTEX_POINT('',#12476);
#4193=VERTEX_POINT('',#12480);
#4194=VERTEX_POINT('',#12482);
#4195=VERTEX_POINT('',#12485);
#4196=VERTEX_POINT('',#12488);
#4197=VERTEX_POINT('',#12489);
#4198=VERTEX_POINT('',#12491);
#4199=VERTEX_POINT('',#12493);
#4200=VERTEX_POINT('',#12497);
#4201=VERTEX_POINT('',#12499);
#4202=VERTEX_POINT('',#12502);
#4203=VERTEX_POINT('',#12505);
#4204=VERTEX_POINT('',#12506);
#4205=VERTEX_POINT('',#12508);
#4206=VERTEX_POINT('',#12510);
#4207=VERTEX_POINT('',#12514);
#4208=VERTEX_POINT('',#12516);
#4209=VERTEX_POINT('',#12519);
#4210=VERTEX_POINT('',#12522);
#4211=VERTEX_POINT('',#12523);
#4212=VERTEX_POINT('',#12525);
#4213=VERTEX_POINT('',#12527);
#4214=VERTEX_POINT('',#12531);
#4215=VERTEX_POINT('',#12533);
#4216=VERTEX_POINT('',#12536);
#4217=VERTEX_POINT('',#12539);
#4218=VERTEX_POINT('',#12540);
#4219=VERTEX_POINT('',#12542);
#4220=VERTEX_POINT('',#12544);
#4221=VERTEX_POINT('',#12548);
#4222=VERTEX_POINT('',#12550);
#4223=VERTEX_POINT('',#12553);
#4224=VERTEX_POINT('',#12556);
#4225=VERTEX_POINT('',#12557);
#4226=VERTEX_POINT('',#12559);
#4227=VERTEX_POINT('',#12561);
#4228=VERTEX_POINT('',#12565);
#4229=VERTEX_POINT('',#12567);
#4230=VERTEX_POINT('',#12570);
#4231=VERTEX_POINT('',#12573);
#4232=VERTEX_POINT('',#12574);
#4233=VERTEX_POINT('',#12576);
#4234=VERTEX_POINT('',#12578);
#4235=VERTEX_POINT('',#12582);
#4236=VERTEX_POINT('',#12585);
#4237=VERTEX_POINT('',#12586);
#4238=VERTEX_POINT('',#12588);
#4239=VERTEX_POINT('',#12590);
#4240=VERTEX_POINT('',#12594);
#4241=VERTEX_POINT('',#12597);
#4242=VERTEX_POINT('',#12598);
#4243=VERTEX_POINT('',#12600);
#4244=VERTEX_POINT('',#12602);
#4245=VERTEX_POINT('',#12606);
#4246=VERTEX_POINT('',#12609);
#4247=VERTEX_POINT('',#12610);
#4248=VERTEX_POINT('',#12612);
#4249=VERTEX_POINT('',#12614);
#4250=VERTEX_POINT('',#12618);
#4251=VERTEX_POINT('',#12621);
#4252=VERTEX_POINT('',#12622);
#4253=VERTEX_POINT('',#12624);
#4254=VERTEX_POINT('',#12626);
#4255=VERTEX_POINT('',#12630);
#4256=VERTEX_POINT('',#12633);
#4257=VERTEX_POINT('',#12634);
#4258=VERTEX_POINT('',#12636);
#4259=VERTEX_POINT('',#12638);
#4260=VERTEX_POINT('',#12642);
#4261=VERTEX_POINT('',#12645);
#4262=VERTEX_POINT('',#12646);
#4263=VERTEX_POINT('',#12648);
#4264=VERTEX_POINT('',#12650);
#4265=VERTEX_POINT('',#12654);
#4266=VERTEX_POINT('',#12657);
#4267=VERTEX_POINT('',#12658);
#4268=VERTEX_POINT('',#12660);
#4269=VERTEX_POINT('',#12662);
#4270=VERTEX_POINT('',#12666);
#4271=VERTEX_POINT('',#12669);
#4272=VERTEX_POINT('',#12670);
#4273=VERTEX_POINT('',#12672);
#4274=VERTEX_POINT('',#12674);
#4275=VERTEX_POINT('',#12678);
#4276=VERTEX_POINT('',#12681);
#4277=VERTEX_POINT('',#12682);
#4278=VERTEX_POINT('',#12684);
#4279=VERTEX_POINT('',#12686);
#4280=VERTEX_POINT('',#12690);
#4281=VERTEX_POINT('',#12693);
#4282=VERTEX_POINT('',#12695);
#4283=VERTEX_POINT('',#12699);
#4284=VERTEX_POINT('',#12700);
#4285=VERTEX_POINT('',#12702);
#4286=VERTEX_POINT('',#12704);
#4287=VERTEX_POINT('',#12709);
#4288=VERTEX_POINT('',#12713);
#4289=VERTEX_POINT('',#12717);
#4290=VERTEX_POINT('',#12719);
#4291=VERTEX_POINT('',#12723);
#4292=VERTEX_POINT('',#12725);
#4293=VERTEX_POINT('',#12729);
#4294=VERTEX_POINT('',#12731);
#4295=VERTEX_POINT('',#12735);
#4296=VERTEX_POINT('',#12736);
#4297=VERTEX_POINT('',#12738);
#4298=VERTEX_POINT('',#12740);
#4299=VERTEX_POINT('',#12745);
#4300=VERTEX_POINT('',#12749);
#4301=VERTEX_POINT('',#12753);
#4302=VERTEX_POINT('',#12755);
#4303=VERTEX_POINT('',#12759);
#4304=VERTEX_POINT('',#12761);
#4305=VERTEX_POINT('',#12765);
#4306=VERTEX_POINT('',#12767);
#4307=VERTEX_POINT('',#12771);
#4308=VERTEX_POINT('',#12772);
#4309=VERTEX_POINT('',#12774);
#4310=VERTEX_POINT('',#12776);
#4311=VERTEX_POINT('',#12781);
#4312=VERTEX_POINT('',#12785);
#4313=VERTEX_POINT('',#12789);
#4314=VERTEX_POINT('',#12791);
#4315=VERTEX_POINT('',#12795);
#4316=VERTEX_POINT('',#12797);
#4317=VERTEX_POINT('',#12801);
#4318=VERTEX_POINT('',#12803);
#4319=VERTEX_POINT('',#12807);
#4320=VERTEX_POINT('',#12808);
#4321=VERTEX_POINT('',#12810);
#4322=VERTEX_POINT('',#12812);
#4323=VERTEX_POINT('',#12817);
#4324=VERTEX_POINT('',#12821);
#4325=VERTEX_POINT('',#12825);
#4326=VERTEX_POINT('',#12827);
#4327=VERTEX_POINT('',#12831);
#4328=VERTEX_POINT('',#12833);
#4329=VERTEX_POINT('',#12837);
#4330=VERTEX_POINT('',#12839);
#4331=VERTEX_POINT('',#12843);
#4332=VERTEX_POINT('',#12844);
#4333=VERTEX_POINT('',#12846);
#4334=VERTEX_POINT('',#12848);
#4335=VERTEX_POINT('',#12853);
#4336=VERTEX_POINT('',#12857);
#4337=VERTEX_POINT('',#12861);
#4338=VERTEX_POINT('',#12863);
#4339=VERTEX_POINT('',#12867);
#4340=VERTEX_POINT('',#12869);
#4341=VERTEX_POINT('',#12873);
#4342=VERTEX_POINT('',#12875);
#4343=VERTEX_POINT('',#12879);
#4344=VERTEX_POINT('',#12880);
#4345=VERTEX_POINT('',#12882);
#4346=VERTEX_POINT('',#12884);
#4347=VERTEX_POINT('',#12889);
#4348=VERTEX_POINT('',#12893);
#4349=VERTEX_POINT('',#12897);
#4350=VERTEX_POINT('',#12899);
#4351=VERTEX_POINT('',#12903);
#4352=VERTEX_POINT('',#12905);
#4353=VERTEX_POINT('',#12909);
#4354=VERTEX_POINT('',#12911);
#4355=VERTEX_POINT('',#12915);
#4356=VERTEX_POINT('',#12916);
#4357=VERTEX_POINT('',#12918);
#4358=VERTEX_POINT('',#12920);
#4359=VERTEX_POINT('',#12925);
#4360=VERTEX_POINT('',#12929);
#4361=VERTEX_POINT('',#12933);
#4362=VERTEX_POINT('',#12935);
#4363=VERTEX_POINT('',#12939);
#4364=VERTEX_POINT('',#12941);
#4365=VERTEX_POINT('',#12945);
#4366=VERTEX_POINT('',#12947);
#4367=VERTEX_POINT('',#12951);
#4368=VERTEX_POINT('',#12952);
#4369=VERTEX_POINT('',#12954);
#4370=VERTEX_POINT('',#12956);
#4371=VERTEX_POINT('',#12961);
#4372=VERTEX_POINT('',#12965);
#4373=VERTEX_POINT('',#12969);
#4374=VERTEX_POINT('',#12971);
#4375=VERTEX_POINT('',#12975);
#4376=VERTEX_POINT('',#12977);
#4377=VERTEX_POINT('',#12981);
#4378=VERTEX_POINT('',#12983);
#4379=VERTEX_POINT('',#12987);
#4380=VERTEX_POINT('',#12988);
#4381=VERTEX_POINT('',#12990);
#4382=VERTEX_POINT('',#12992);
#4383=VERTEX_POINT('',#12996);
#4384=VERTEX_POINT('',#13001);
#4385=VERTEX_POINT('',#13005);
#4386=VERTEX_POINT('',#13007);
#4387=VERTEX_POINT('',#13011);
#4388=VERTEX_POINT('',#13013);
#4389=VERTEX_POINT('',#13017);
#4390=VERTEX_POINT('',#13019);
#4391=VERTEX_POINT('',#13023);
#4392=VERTEX_POINT('',#13024);
#4393=VERTEX_POINT('',#13026);
#4394=VERTEX_POINT('',#13028);
#4395=VERTEX_POINT('',#13033);
#4396=VERTEX_POINT('',#13037);
#4397=VERTEX_POINT('',#13041);
#4398=VERTEX_POINT('',#13043);
#4399=VERTEX_POINT('',#13047);
#4400=VERTEX_POINT('',#13049);
#4401=VERTEX_POINT('',#13053);
#4402=VERTEX_POINT('',#13054);
#4403=VERTEX_POINT('',#13056);
#4404=VERTEX_POINT('',#13058);
#4405=VERTEX_POINT('',#13062);
#4406=VERTEX_POINT('',#13064);
#4407=VERTEX_POINT('',#13068);
#4408=VERTEX_POINT('',#13070);
#4409=VERTEX_POINT('',#13074);
#4410=VERTEX_POINT('',#13076);
#4411=VERTEX_POINT('',#13080);
#4412=VERTEX_POINT('',#13084);
#4413=VERTEX_POINT('',#13088);
#4414=VERTEX_POINT('',#13090);
#4415=VERTEX_POINT('',#13092);
#4416=VERTEX_POINT('',#13094);
#4417=VERTEX_POINT('',#13096);
#4418=VERTEX_POINT('',#13099);
#4419=VERTEX_POINT('',#13101);
#4420=VERTEX_POINT('',#13103);
#4421=VERTEX_POINT('',#13105);
#4422=VERTEX_POINT('',#13107);
#4423=VERTEX_POINT('',#13111);
#4424=VERTEX_POINT('',#13112);
#4425=VERTEX_POINT('',#13114);
#4426=VERTEX_POINT('',#13116);
#4427=VERTEX_POINT('',#13120);
#4428=VERTEX_POINT('',#13122);
#4429=VERTEX_POINT('',#13126);
#4430=VERTEX_POINT('',#13128);
#4431=VERTEX_POINT('',#13132);
#4432=VERTEX_POINT('',#13134);
#4433=VERTEX_POINT('',#13138);
#4434=VERTEX_POINT('',#13142);
#4435=VERTEX_POINT('',#13146);
#4436=VERTEX_POINT('',#13148);
#4437=VERTEX_POINT('',#13150);
#4438=VERTEX_POINT('',#13152);
#4439=VERTEX_POINT('',#13154);
#4440=VERTEX_POINT('',#13157);
#4441=VERTEX_POINT('',#13159);
#4442=VERTEX_POINT('',#13161);
#4443=VERTEX_POINT('',#13163);
#4444=VERTEX_POINT('',#13165);
#4445=VERTEX_POINT('',#13169);
#4446=VERTEX_POINT('',#13170);
#4447=VERTEX_POINT('',#13172);
#4448=VERTEX_POINT('',#13174);
#4449=VERTEX_POINT('',#13178);
#4450=VERTEX_POINT('',#13180);
#4451=VERTEX_POINT('',#13184);
#4452=VERTEX_POINT('',#13186);
#4453=VERTEX_POINT('',#13190);
#4454=VERTEX_POINT('',#13192);
#4455=VERTEX_POINT('',#13196);
#4456=VERTEX_POINT('',#13200);
#4457=VERTEX_POINT('',#13204);
#4458=VERTEX_POINT('',#13206);
#4459=VERTEX_POINT('',#13208);
#4460=VERTEX_POINT('',#13210);
#4461=VERTEX_POINT('',#13212);
#4462=VERTEX_POINT('',#13215);
#4463=VERTEX_POINT('',#13217);
#4464=VERTEX_POINT('',#13219);
#4465=VERTEX_POINT('',#13221);
#4466=VERTEX_POINT('',#13223);
#4467=VERTEX_POINT('',#13227);
#4468=VERTEX_POINT('',#13228);
#4469=VERTEX_POINT('',#13230);
#4470=VERTEX_POINT('',#13232);
#4471=VERTEX_POINT('',#13236);
#4472=VERTEX_POINT('',#13238);
#4473=VERTEX_POINT('',#13242);
#4474=VERTEX_POINT('',#13244);
#4475=VERTEX_POINT('',#13248);
#4476=VERTEX_POINT('',#13250);
#4477=VERTEX_POINT('',#13254);
#4478=VERTEX_POINT('',#13258);
#4479=VERTEX_POINT('',#13262);
#4480=VERTEX_POINT('',#13264);
#4481=VERTEX_POINT('',#13266);
#4482=VERTEX_POINT('',#13268);
#4483=VERTEX_POINT('',#13270);
#4484=VERTEX_POINT('',#13273);
#4485=VERTEX_POINT('',#13275);
#4486=VERTEX_POINT('',#13277);
#4487=VERTEX_POINT('',#13279);
#4488=VERTEX_POINT('',#13281);
#4489=VERTEX_POINT('',#13285);
#4490=VERTEX_POINT('',#13286);
#4491=VERTEX_POINT('',#13288);
#4492=VERTEX_POINT('',#13290);
#4493=VERTEX_POINT('',#13294);
#4494=VERTEX_POINT('',#13296);
#4495=VERTEX_POINT('',#13300);
#4496=VERTEX_POINT('',#13302);
#4497=VERTEX_POINT('',#13306);
#4498=VERTEX_POINT('',#13308);
#4499=VERTEX_POINT('',#13312);
#4500=VERTEX_POINT('',#13316);
#4501=VERTEX_POINT('',#13320);
#4502=VERTEX_POINT('',#13322);
#4503=VERTEX_POINT('',#13324);
#4504=VERTEX_POINT('',#13326);
#4505=VERTEX_POINT('',#13328);
#4506=VERTEX_POINT('',#13331);
#4507=VERTEX_POINT('',#13333);
#4508=VERTEX_POINT('',#13335);
#4509=VERTEX_POINT('',#13337);
#4510=VERTEX_POINT('',#13339);
#4511=VERTEX_POINT('',#13343);
#4512=VERTEX_POINT('',#13344);
#4513=VERTEX_POINT('',#13346);
#4514=VERTEX_POINT('',#13348);
#4515=VERTEX_POINT('',#13352);
#4516=VERTEX_POINT('',#13354);
#4517=VERTEX_POINT('',#13358);
#4518=VERTEX_POINT('',#13360);
#4519=VERTEX_POINT('',#13364);
#4520=VERTEX_POINT('',#13366);
#4521=VERTEX_POINT('',#13370);
#4522=VERTEX_POINT('',#13374);
#4523=VERTEX_POINT('',#13378);
#4524=VERTEX_POINT('',#13380);
#4525=VERTEX_POINT('',#13382);
#4526=VERTEX_POINT('',#13384);
#4527=VERTEX_POINT('',#13386);
#4528=VERTEX_POINT('',#13389);
#4529=VERTEX_POINT('',#13391);
#4530=VERTEX_POINT('',#13393);
#4531=VERTEX_POINT('',#13395);
#4532=VERTEX_POINT('',#13397);
#4533=VERTEX_POINT('',#13401);
#4534=VERTEX_POINT('',#13402);
#4535=VERTEX_POINT('',#13404);
#4536=VERTEX_POINT('',#13406);
#4537=VERTEX_POINT('',#13410);
#4538=VERTEX_POINT('',#13412);
#4539=VERTEX_POINT('',#13416);
#4540=VERTEX_POINT('',#13418);
#4541=VERTEX_POINT('',#13422);
#4542=VERTEX_POINT('',#13424);
#4543=VERTEX_POINT('',#13428);
#4544=VERTEX_POINT('',#13432);
#4545=VERTEX_POINT('',#13436);
#4546=VERTEX_POINT('',#13438);
#4547=VERTEX_POINT('',#13440);
#4548=VERTEX_POINT('',#13442);
#4549=VERTEX_POINT('',#13444);
#4550=VERTEX_POINT('',#13447);
#4551=VERTEX_POINT('',#13449);
#4552=VERTEX_POINT('',#13451);
#4553=VERTEX_POINT('',#13453);
#4554=VERTEX_POINT('',#13455);
#4555=VERTEX_POINT('',#13459);
#4556=VERTEX_POINT('',#13460);
#4557=VERTEX_POINT('',#13462);
#4558=VERTEX_POINT('',#13464);
#4559=VERTEX_POINT('',#13468);
#4560=VERTEX_POINT('',#13470);
#4561=VERTEX_POINT('',#13474);
#4562=VERTEX_POINT('',#13476);
#4563=VERTEX_POINT('',#13480);
#4564=VERTEX_POINT('',#13484);
#4565=VERTEX_POINT('',#13488);
#4566=VERTEX_POINT('',#13489);
#4567=VERTEX_POINT('',#13491);
#4568=VERTEX_POINT('',#13493);
#4569=VERTEX_POINT('',#13497);
#4570=VERTEX_POINT('',#13499);
#4571=VERTEX_POINT('',#13501);
#4572=VERTEX_POINT('',#13503);
#4573=VERTEX_POINT('',#13505);
#4574=VERTEX_POINT('',#13507);
#4575=VERTEX_POINT('',#13510);
#4576=VERTEX_POINT('',#13512);
#4577=VERTEX_POINT('',#13514);
#4578=VERTEX_POINT('',#13516);
#4579=VERTEX_POINT('',#13518);
#4580=VERTEX_POINT('',#13522);
#4581=VERTEX_POINT('',#13524);
#4582=VERTEX_POINT('',#13528);
#4583=VERTEX_POINT('',#13532);
#4584=VERTEX_POINT('',#13533);
#4585=VERTEX_POINT('',#13535);
#4586=VERTEX_POINT('',#13537);
#4587=VERTEX_POINT('',#13541);
#4588=VERTEX_POINT('',#13543);
#4589=VERTEX_POINT('',#13547);
#4590=VERTEX_POINT('',#13549);
#4591=VERTEX_POINT('',#13553);
#4592=VERTEX_POINT('',#13555);
#4593=VERTEX_POINT('',#13559);
#4594=VERTEX_POINT('',#13563);
#4595=VERTEX_POINT('',#13567);
#4596=VERTEX_POINT('',#13569);
#4597=VERTEX_POINT('',#13571);
#4598=VERTEX_POINT('',#13573);
#4599=VERTEX_POINT('',#13575);
#4600=VERTEX_POINT('',#13578);
#4601=VERTEX_POINT('',#13580);
#4602=VERTEX_POINT('',#13582);
#4603=VERTEX_POINT('',#13584);
#4604=VERTEX_POINT('',#13586);
#4605=VERTEX_POINT('',#13590);
#4606=VERTEX_POINT('',#13591);
#4607=VERTEX_POINT('',#13593);
#4608=VERTEX_POINT('',#13595);
#4609=VERTEX_POINT('',#13599);
#4610=VERTEX_POINT('',#13600);
#4611=VERTEX_POINT('',#13605);
#4612=VERTEX_POINT('',#13606);
#4613=VERTEX_POINT('',#13608);
#4614=VERTEX_POINT('',#13610);
#4615=VERTEX_POINT('',#13614);
#4616=VERTEX_POINT('',#13616);
#4617=VERTEX_POINT('',#13620);
#4618=VERTEX_POINT('',#13621);
#4619=VERTEX_POINT('',#13626);
#4620=VERTEX_POINT('',#13628);
#4621=VERTEX_POINT('',#13632);
#4622=VERTEX_POINT('',#13636);
#4623=VERTEX_POINT('',#13640);
#4624=VERTEX_POINT('',#13642);
#4625=VERTEX_POINT('',#13644);
#4626=VERTEX_POINT('',#13646);
#4627=VERTEX_POINT('',#13648);
#4628=VERTEX_POINT('',#13651);
#4629=VERTEX_POINT('',#13653);
#4630=VERTEX_POINT('',#13655);
#4631=VERTEX_POINT('',#13657);
#4632=VERTEX_POINT('',#13659);
#4633=VERTEX_POINT('',#13663);
#4634=VERTEX_POINT('',#13665);
#4635=VERTEX_POINT('',#13671);
#4636=VERTEX_POINT('',#13673);
#4637=VERTEX_POINT('',#13677);
#4638=VERTEX_POINT('',#13678);
#4639=VERTEX_POINT('',#13683);
#4640=VERTEX_POINT('',#13685);
#4641=VERTEX_POINT('',#13691);
#4642=VERTEX_POINT('',#13693);
#4643=VERTEX_POINT('',#13697);
#4644=VERTEX_POINT('',#13698);
#4645=VERTEX_POINT('',#13703);
#4646=VERTEX_POINT('',#13705);
#4647=VERTEX_POINT('',#13711);
#4648=VERTEX_POINT('',#13713);
#4649=VERTEX_POINT('',#13717);
#4650=VERTEX_POINT('',#13718);
#4651=VERTEX_POINT('',#13723);
#4652=VERTEX_POINT('',#13725);
#4653=VERTEX_POINT('',#13731);
#4654=VERTEX_POINT('',#13733);
#4655=VERTEX_POINT('',#13737);
#4656=VERTEX_POINT('',#13738);
#4657=VERTEX_POINT('',#13743);
#4658=VERTEX_POINT('',#13745);
#4659=VERTEX_POINT('',#13751);
#4660=VERTEX_POINT('',#13753);
#4661=VERTEX_POINT('',#13757);
#4662=VERTEX_POINT('',#13758);
#4663=VERTEX_POINT('',#13763);
#4664=VERTEX_POINT('',#13765);
#4665=VERTEX_POINT('',#13771);
#4666=VERTEX_POINT('',#13773);
#4667=VERTEX_POINT('',#13777);
#4668=VERTEX_POINT('',#13778);
#4669=VERTEX_POINT('',#13783);
#4670=VERTEX_POINT('',#13785);
#4671=VERTEX_POINT('',#13791);
#4672=VERTEX_POINT('',#13793);
#4673=VERTEX_POINT('',#13797);
#4674=VERTEX_POINT('',#13798);
#4675=VERTEX_POINT('',#13803);
#4676=VERTEX_POINT('',#13805);
#4677=VERTEX_POINT('',#13811);
#4678=VERTEX_POINT('',#13813);
#4679=VERTEX_POINT('',#13817);
#4680=VERTEX_POINT('',#13818);
#4681=VERTEX_POINT('',#13823);
#4682=VERTEX_POINT('',#13825);
#4683=VERTEX_POINT('',#13831);
#4684=VERTEX_POINT('',#13833);
#4685=VERTEX_POINT('',#13837);
#4686=VERTEX_POINT('',#13838);
#4687=VERTEX_POINT('',#13843);
#4688=VERTEX_POINT('',#13844);
#4689=VERTEX_POINT('',#13846);
#4690=VERTEX_POINT('',#13848);
#4691=VERTEX_POINT('',#13852);
#4692=VERTEX_POINT('',#13854);
#4693=VERTEX_POINT('',#13858);
#4694=VERTEX_POINT('',#13859);
#4695=VERTEX_POINT('',#13861);
#4696=VERTEX_POINT('',#13863);
#4697=VERTEX_POINT('',#13867);
#4698=VERTEX_POINT('',#13869);
#4699=VERTEX_POINT('',#13876);
#4700=VERTEX_POINT('',#13878);
#4701=VERTEX_POINT('',#13884);
#4702=VERTEX_POINT('',#13886);
#4703=VERTEX_POINT('',#13890);
#4704=VERTEX_POINT('',#13891);
#4705=VERTEX_POINT('',#13896);
#4706=VERTEX_POINT('',#13897);
#4707=VERTEX_POINT('',#13902);
#4708=VERTEX_POINT('',#13906);
#4709=VERTEX_POINT('',#13910);
#4710=VERTEX_POINT('',#13914);
#4711=VERTEX_POINT('',#13921);
#4712=VERTEX_POINT('',#13928);
#4713=VERTEX_POINT('',#13932);
#4714=VERTEX_POINT('',#13936);
#4715=VERTEX_POINT('',#13940);
#4716=VERTEX_POINT('',#13944);
#4717=VERTEX_POINT('',#13948);
#4718=VERTEX_POINT('',#13952);
#4719=VERTEX_POINT('',#13958);
#4720=VERTEX_POINT('',#13959);
#4721=VERTEX_POINT('',#13964);
#4722=VERTEX_POINT('',#13968);
#4723=VERTEX_POINT('',#13972);
#4724=VERTEX_POINT('',#13976);
#4725=VERTEX_POINT('',#13983);
#4726=VERTEX_POINT('',#13990);
#4727=VERTEX_POINT('',#13994);
#4728=VERTEX_POINT('',#13998);
#4729=VERTEX_POINT('',#14002);
#4730=VERTEX_POINT('',#14006);
#4731=VERTEX_POINT('',#14010);
#4732=VERTEX_POINT('',#14014);
#4733=VERTEX_POINT('',#14020);
#4734=VERTEX_POINT('',#14021);
#4735=VERTEX_POINT('',#14026);
#4736=VERTEX_POINT('',#14030);
#4737=VERTEX_POINT('',#14034);
#4738=VERTEX_POINT('',#14038);
#4739=VERTEX_POINT('',#14045);
#4740=VERTEX_POINT('',#14052);
#4741=VERTEX_POINT('',#14056);
#4742=VERTEX_POINT('',#14060);
#4743=VERTEX_POINT('',#14064);
#4744=VERTEX_POINT('',#14068);
#4745=VERTEX_POINT('',#14072);
#4746=VERTEX_POINT('',#14076);
#4747=VERTEX_POINT('',#14082);
#4748=VERTEX_POINT('',#14083);
#4749=VERTEX_POINT('',#14088);
#4750=VERTEX_POINT('',#14092);
#4751=VERTEX_POINT('',#14096);
#4752=VERTEX_POINT('',#14100);
#4753=VERTEX_POINT('',#14107);
#4754=VERTEX_POINT('',#14114);
#4755=VERTEX_POINT('',#14118);
#4756=VERTEX_POINT('',#14122);
#4757=VERTEX_POINT('',#14126);
#4758=VERTEX_POINT('',#14130);
#4759=VERTEX_POINT('',#14134);
#4760=VERTEX_POINT('',#14138);
#4761=VERTEX_POINT('',#14144);
#4762=VERTEX_POINT('',#14145);
#4763=VERTEX_POINT('',#14150);
#4764=VERTEX_POINT('',#14154);
#4765=VERTEX_POINT('',#14158);
#4766=VERTEX_POINT('',#14162);
#4767=VERTEX_POINT('',#14169);
#4768=VERTEX_POINT('',#14176);
#4769=VERTEX_POINT('',#14180);
#4770=VERTEX_POINT('',#14184);
#4771=VERTEX_POINT('',#14188);
#4772=VERTEX_POINT('',#14192);
#4773=VERTEX_POINT('',#14196);
#4774=VERTEX_POINT('',#14200);
#4775=VERTEX_POINT('',#14206);
#4776=VERTEX_POINT('',#14207);
#4777=VERTEX_POINT('',#14212);
#4778=VERTEX_POINT('',#14216);
#4779=VERTEX_POINT('',#14220);
#4780=VERTEX_POINT('',#14224);
#4781=VERTEX_POINT('',#14231);
#4782=VERTEX_POINT('',#14238);
#4783=VERTEX_POINT('',#14242);
#4784=VERTEX_POINT('',#14246);
#4785=VERTEX_POINT('',#14250);
#4786=VERTEX_POINT('',#14254);
#4787=VERTEX_POINT('',#14258);
#4788=VERTEX_POINT('',#14262);
#4789=VERTEX_POINT('',#14268);
#4790=VERTEX_POINT('',#14269);
#4791=VERTEX_POINT('',#14274);
#4792=VERTEX_POINT('',#14278);
#4793=VERTEX_POINT('',#14282);
#4794=VERTEX_POINT('',#14286);
#4795=VERTEX_POINT('',#14293);
#4796=VERTEX_POINT('',#14300);
#4797=VERTEX_POINT('',#14304);
#4798=VERTEX_POINT('',#14308);
#4799=VERTEX_POINT('',#14312);
#4800=VERTEX_POINT('',#14316);
#4801=VERTEX_POINT('',#14320);
#4802=VERTEX_POINT('',#14324);
#4803=VERTEX_POINT('',#14330);
#4804=VERTEX_POINT('',#14332);
#4805=VERTEX_POINT('',#14339);
#4806=VERTEX_POINT('',#14344);
#4807=VERTEX_POINT('',#14348);
#4808=VERTEX_POINT('',#14352);
#4809=VERTEX_POINT('',#14356);
#4810=VERTEX_POINT('',#14360);
#4811=VERTEX_POINT('',#14364);
#4812=VERTEX_POINT('',#14368);
#4813=VERTEX_POINT('',#14372);
#4814=VERTEX_POINT('',#14376);
#4815=VERTEX_POINT('',#14380);
#4816=VERTEX_POINT('',#14384);
#4817=VERTEX_POINT('',#14388);
#4818=VERTEX_POINT('',#14392);
#4819=VERTEX_POINT('',#14393);
#4820=VERTEX_POINT('',#14398);
#4821=VERTEX_POINT('',#14402);
#4822=VERTEX_POINT('',#14407);
#4823=VERTEX_POINT('',#14413);
#4824=VERTEX_POINT('',#14414);
#4825=VERTEX_POINT('',#14419);
#4826=VERTEX_POINT('',#14423);
#4827=VERTEX_POINT('',#14427);
#4828=VERTEX_POINT('',#14431);
#4829=VERTEX_POINT('',#14438);
#4830=VERTEX_POINT('',#14445);
#4831=VERTEX_POINT('',#14449);
#4832=VERTEX_POINT('',#14453);
#4833=VERTEX_POINT('',#14457);
#4834=VERTEX_POINT('',#14461);
#4835=VERTEX_POINT('',#14465);
#4836=VERTEX_POINT('',#14469);
#4837=VERTEX_POINT('',#14475);
#4838=VERTEX_POINT('',#14477);
#4839=VERTEX_POINT('',#14481);
#4840=VERTEX_POINT('',#14488);
#4841=VERTEX_POINT('',#14495);
#4842=VERTEX_POINT('',#14499);
#4843=VERTEX_POINT('',#14501);
#4844=VERTEX_POINT('',#14505);
#4845=VERTEX_POINT('',#14509);
#4846=VERTEX_POINT('',#14513);
#4847=VERTEX_POINT('',#14518);
#4848=VERTEX_POINT('',#14522);
#4849=VERTEX_POINT('',#14526);
#4850=VERTEX_POINT('',#14530);
#4851=VERTEX_POINT('',#14534);
#4852=VERTEX_POINT('',#14538);
#4853=VERTEX_POINT('',#14542);
#4854=VERTEX_POINT('',#14546);
#4855=VERTEX_POINT('',#14552);
#4856=VERTEX_POINT('',#14554);
#4857=VERTEX_POINT('',#14558);
#4858=VERTEX_POINT('',#14560);
#4859=VERTEX_POINT('',#14564);
#4860=VERTEX_POINT('',#14566);
#4861=VERTEX_POINT('',#14570);
#4862=VERTEX_POINT('',#14572);
#4863=VERTEX_POINT('',#14576);
#4864=VERTEX_POINT('',#14578);
#4865=VERTEX_POINT('',#14582);
#4866=VERTEX_POINT('',#14584);
#4867=VERTEX_POINT('',#14588);
#4868=VERTEX_POINT('',#14590);
#4869=VERTEX_POINT('',#14594);
#4870=VERTEX_POINT('',#14596);
#4871=VERTEX_POINT('',#14600);
#4872=VERTEX_POINT('',#14602);
#4873=VERTEX_POINT('',#14606);
#4874=VERTEX_POINT('',#14608);
#4875=VERTEX_POINT('',#14612);
#4876=VERTEX_POINT('',#14614);
#4877=VERTEX_POINT('',#14618);
#4878=VERTEX_POINT('',#14619);
#4879=VERTEX_POINT('',#14624);
#4880=VERTEX_POINT('',#14628);
#4881=VERTEX_POINT('',#14632);
#4882=VERTEX_POINT('',#14633);
#4883=VERTEX_POINT('',#14638);
#4884=VERTEX_POINT('',#14642);
#4885=VERTEX_POINT('',#14646);
#4886=VERTEX_POINT('',#14647);
#4887=VERTEX_POINT('',#14652);
#4888=VERTEX_POINT('',#14656);
#4889=VERTEX_POINT('',#14660);
#4890=VERTEX_POINT('',#14661);
#4891=VERTEX_POINT('',#14666);
#4892=VERTEX_POINT('',#14670);
#4893=VERTEX_POINT('',#14674);
#4894=VERTEX_POINT('',#14675);
#4895=VERTEX_POINT('',#14680);
#4896=VERTEX_POINT('',#14684);
#4897=VERTEX_POINT('',#14688);
#4898=VERTEX_POINT('',#14689);
#4899=VERTEX_POINT('',#14694);
#4900=VERTEX_POINT('',#14698);
#4901=VERTEX_POINT('',#14702);
#4902=VERTEX_POINT('',#14703);
#4903=VERTEX_POINT('',#14708);
#4904=VERTEX_POINT('',#14712);
#4905=VERTEX_POINT('',#14716);
#4906=VERTEX_POINT('',#14717);
#4907=VERTEX_POINT('',#14722);
#4908=VERTEX_POINT('',#14726);
#4909=VERTEX_POINT('',#14730);
#4910=VERTEX_POINT('',#14732);
#4911=VERTEX_POINT('',#14736);
#4912=VERTEX_POINT('',#14740);
#4913=VERTEX_POINT('',#14744);
#4914=VERTEX_POINT('',#14746);
#4915=VERTEX_POINT('',#14750);
#4916=VERTEX_POINT('',#14754);
#4917=VERTEX_POINT('',#14758);
#4918=VERTEX_POINT('',#14759);
#4919=VERTEX_POINT('',#14764);
#4920=VERTEX_POINT('',#14768);
#4921=VERTEX_POINT('',#14787);
#4922=VERTEX_POINT('',#14788);
#4923=VERTEX_POINT('',#14790);
#4924=VERTEX_POINT('',#14792);
#4925=VERTEX_POINT('',#14796);
#4926=VERTEX_POINT('',#14797);
#4927=VERTEX_POINT('',#14799);
#4928=VERTEX_POINT('',#14801);
#4929=VERTEX_POINT('',#14803);
#4930=VERTEX_POINT('',#14805);
#4931=VERTEX_POINT('',#14810);
#4932=VERTEX_POINT('',#14811);
#4933=VERTEX_POINT('',#14816);
#4934=VERTEX_POINT('',#14817);
#4935=VERTEX_POINT('',#14821);
#4936=VERTEX_POINT('',#14823);
#4937=VERTEX_POINT('',#14830);
#4938=VERTEX_POINT('',#14831);
#4939=VERTEX_POINT('',#14833);
#4940=VERTEX_POINT('',#14835);
#4941=VERTEX_POINT('',#14842);
#4942=VERTEX_POINT('',#14843);
#4943=VERTEX_POINT('',#14845);
#4944=VERTEX_POINT('',#14847);
#4945=LINE('',#12177,#6159);
#4946=LINE('',#12180,#6160);
#4947=LINE('',#12182,#6161);
#4948=LINE('',#12184,#6162);
#4949=LINE('',#12186,#6163);
#4950=LINE('',#12188,#6164);
#4951=LINE('',#12193,#6165);
#4952=LINE('',#12202,#6166);
#4953=LINE('',#12203,#6167);
#4954=LINE('',#12212,#6168);
#4955=LINE('',#12215,#6169);
#4956=LINE('',#12216,#6170);
#4957=LINE('',#12218,#6171);
#4958=LINE('',#12221,#6172);
#4959=LINE('',#12223,#6173);
#4960=LINE('',#12225,#6174);
#4961=LINE('',#12227,#6175);
#4962=LINE('',#12230,#6176);
#4963=LINE('',#12232,#6177);
#4964=LINE('',#12234,#6178);
#4965=LINE('',#12236,#6179);
#4966=LINE('',#12238,#6180);
#4967=LINE('',#12240,#6181);
#4968=LINE('',#12241,#6182);
#4969=LINE('',#12243,#6183);
#4970=LINE('',#12246,#6184);
#4971=LINE('',#12248,#6185);
#4972=LINE('',#12250,#6186);
#4973=LINE('',#12252,#6187);
#4974=LINE('',#12255,#6188);
#4975=LINE('',#12257,#6189);
#4976=LINE('',#12259,#6190);
#4977=LINE('',#12261,#6191);
#4978=LINE('',#12263,#6192);
#4979=LINE('',#12265,#6193);
#4980=LINE('',#12267,#6194);
#4981=LINE('',#12269,#6195);
#4982=LINE('',#12271,#6196);
#4983=LINE('',#12273,#6197);
#4984=LINE('',#12275,#6198);
#4985=LINE('',#12278,#6199);
#4986=LINE('',#12280,#6200);
#4987=LINE('',#12282,#6201);
#4988=LINE('',#12284,#6202);
#4989=LINE('',#12286,#6203);
#4990=LINE('',#12288,#6204);
#4991=LINE('',#12290,#6205);
#4992=LINE('',#12292,#6206);
#4993=LINE('',#12294,#6207);
#4994=LINE('',#12296,#6208);
#4995=LINE('',#12298,#6209);
#4996=LINE('',#12300,#6210);
#4997=LINE('',#12302,#6211);
#4998=LINE('',#12304,#6212);
#4999=LINE('',#12305,#6213);
#5000=LINE('',#12307,#6214);
#5001=LINE('',#12309,#6215);
#5002=LINE('',#12311,#6216);
#5003=LINE('',#12313,#6217);
#5004=LINE('',#12315,#6218);
#5005=LINE('',#12317,#6219);
#5006=LINE('',#12319,#6220);
#5007=LINE('',#12321,#6221);
#5008=LINE('',#12323,#6222);
#5009=LINE('',#12325,#6223);
#5010=LINE('',#12327,#6224);
#5011=LINE('',#12329,#6225);
#5012=LINE('',#12331,#6226);
#5013=LINE('',#12335,#6227);
#5014=LINE('',#12336,#6228);
#5015=LINE('',#12337,#6229);
#5016=LINE('',#12339,#6230);
#5017=LINE('',#12342,#6231);
#5018=LINE('',#12343,#6232);
#5019=LINE('',#12345,#6233);
#5020=LINE('',#12347,#6234);
#5021=LINE('',#12349,#6235);
#5022=LINE('',#12351,#6236);
#5023=LINE('',#12353,#6237);
#5024=LINE('',#12354,#6238);
#5025=LINE('',#12356,#6239);
#5026=LINE('',#12358,#6240);
#5027=LINE('',#12364,#6241);
#5028=LINE('',#12367,#6242);
#5029=LINE('',#12369,#6243);
#5030=LINE('',#12371,#6244);
#5031=LINE('',#12373,#6245);
#5032=LINE('',#12375,#6246);
#5033=LINE('',#12376,#6247);
#5034=LINE('',#12378,#6248);
#5035=LINE('',#12380,#6249);
#5036=LINE('',#12383,#6250);
#5037=LINE('',#12385,#6251);
#5038=LINE('',#12386,#6252);
#5039=LINE('',#12388,#6253);
#5040=LINE('',#12390,#6254);
#5041=LINE('',#12392,#6255);
#5042=LINE('',#12393,#6256);
#5043=LINE('',#12395,#6257);
#5044=LINE('',#12397,#6258);
#5045=LINE('',#12398,#6259);
#5046=LINE('',#12402,#6260);
#5047=LINE('',#12405,#6261);
#5048=LINE('',#12407,#6262);
#5049=LINE('',#12409,#6263);
#5050=LINE('',#12411,#6264);
#5051=LINE('',#12413,#6265);
#5052=LINE('',#12415,#6266);
#5053=LINE('',#12419,#6267);
#5054=LINE('',#12422,#6268);
#5055=LINE('',#12424,#6269);
#5056=LINE('',#12426,#6270);
#5057=LINE('',#12428,#6271);
#5058=LINE('',#12430,#6272);
#5059=LINE('',#12432,#6273);
#5060=LINE('',#12436,#6274);
#5061=LINE('',#12439,#6275);
#5062=LINE('',#12441,#6276);
#5063=LINE('',#12443,#6277);
#5064=LINE('',#12445,#6278);
#5065=LINE('',#12447,#6279);
#5066=LINE('',#12449,#6280);
#5067=LINE('',#12453,#6281);
#5068=LINE('',#12456,#6282);
#5069=LINE('',#12458,#6283);
#5070=LINE('',#12460,#6284);
#5071=LINE('',#12462,#6285);
#5072=LINE('',#12464,#6286);
#5073=LINE('',#12466,#6287);
#5074=LINE('',#12470,#6288);
#5075=LINE('',#12473,#6289);
#5076=LINE('',#12475,#6290);
#5077=LINE('',#12477,#6291);
#5078=LINE('',#12479,#6292);
#5079=LINE('',#12481,#6293);
#5080=LINE('',#12483,#6294);
#5081=LINE('',#12487,#6295);
#5082=LINE('',#12490,#6296);
#5083=LINE('',#12492,#6297);
#5084=LINE('',#12494,#6298);
#5085=LINE('',#12496,#6299);
#5086=LINE('',#12498,#6300);
#5087=LINE('',#12500,#6301);
#5088=LINE('',#12504,#6302);
#5089=LINE('',#12507,#6303);
#5090=LINE('',#12509,#6304);
#5091=LINE('',#12511,#6305);
#5092=LINE('',#12513,#6306);
#5093=LINE('',#12515,#6307);
#5094=LINE('',#12517,#6308);
#5095=LINE('',#12521,#6309);
#5096=LINE('',#12524,#6310);
#5097=LINE('',#12526,#6311);
#5098=LINE('',#12528,#6312);
#5099=LINE('',#12530,#6313);
#5100=LINE('',#12532,#6314);
#5101=LINE('',#12534,#6315);
#5102=LINE('',#12538,#6316);
#5103=LINE('',#12541,#6317);
#5104=LINE('',#12543,#6318);
#5105=LINE('',#12545,#6319);
#5106=LINE('',#12547,#6320);
#5107=LINE('',#12549,#6321);
#5108=LINE('',#12551,#6322);
#5109=LINE('',#12555,#6323);
#5110=LINE('',#12558,#6324);
#5111=LINE('',#12560,#6325);
#5112=LINE('',#12562,#6326);
#5113=LINE('',#12564,#6327);
#5114=LINE('',#12566,#6328);
#5115=LINE('',#12568,#6329);
#5116=LINE('',#12572,#6330);
#5117=LINE('',#12575,#6331);
#5118=LINE('',#12577,#6332);
#5119=LINE('',#12579,#6333);
#5120=LINE('',#12584,#6334);
#5121=LINE('',#12587,#6335);
#5122=LINE('',#12589,#6336);
#5123=LINE('',#12591,#6337);
#5124=LINE('',#12596,#6338);
#5125=LINE('',#12599,#6339);
#5126=LINE('',#12601,#6340);
#5127=LINE('',#12603,#6341);
#5128=LINE('',#12608,#6342);
#5129=LINE('',#12611,#6343);
#5130=LINE('',#12613,#6344);
#5131=LINE('',#12615,#6345);
#5132=LINE('',#12620,#6346);
#5133=LINE('',#12623,#6347);
#5134=LINE('',#12625,#6348);
#5135=LINE('',#12627,#6349);
#5136=LINE('',#12632,#6350);
#5137=LINE('',#12635,#6351);
#5138=LINE('',#12637,#6352);
#5139=LINE('',#12639,#6353);
#5140=LINE('',#12644,#6354);
#5141=LINE('',#12647,#6355);
#5142=LINE('',#12649,#6356);
#5143=LINE('',#12651,#6357);
#5144=LINE('',#12656,#6358);
#5145=LINE('',#12659,#6359);
#5146=LINE('',#12661,#6360);
#5147=LINE('',#12663,#6361);
#5148=LINE('',#12668,#6362);
#5149=LINE('',#12671,#6363);
#5150=LINE('',#12673,#6364);
#5151=LINE('',#12675,#6365);
#5152=LINE('',#12680,#6366);
#5153=LINE('',#12683,#6367);
#5154=LINE('',#12685,#6368);
#5155=LINE('',#12687,#6369);
#5156=LINE('',#12692,#6370);
#5157=LINE('',#12694,#6371);
#5158=LINE('',#12696,#6372);
#5159=LINE('',#12698,#6373);
#5160=LINE('',#12701,#6374);
#5161=LINE('',#12703,#6375);
#5162=LINE('',#12705,#6376);
#5163=LINE('',#12707,#6377);
#5164=LINE('',#12708,#6378);
#5165=LINE('',#12710,#6379);
#5166=LINE('',#12712,#6380);
#5167=LINE('',#12714,#6381);
#5168=LINE('',#12716,#6382);
#5169=LINE('',#12718,#6383);
#5170=LINE('',#12720,#6384);
#5171=LINE('',#12722,#6385);
#5172=LINE('',#12724,#6386);
#5173=LINE('',#12726,#6387);
#5174=LINE('',#12728,#6388);
#5175=LINE('',#12730,#6389);
#5176=LINE('',#12732,#6390);
#5177=LINE('',#12734,#6391);
#5178=LINE('',#12737,#6392);
#5179=LINE('',#12739,#6393);
#5180=LINE('',#12741,#6394);
#5181=LINE('',#12743,#6395);
#5182=LINE('',#12744,#6396);
#5183=LINE('',#12746,#6397);
#5184=LINE('',#12748,#6398);
#5185=LINE('',#12750,#6399);
#5186=LINE('',#12752,#6400);
#5187=LINE('',#12754,#6401);
#5188=LINE('',#12756,#6402);
#5189=LINE('',#12758,#6403);
#5190=LINE('',#12760,#6404);
#5191=LINE('',#12762,#6405);
#5192=LINE('',#12764,#6406);
#5193=LINE('',#12766,#6407);
#5194=LINE('',#12768,#6408);
#5195=LINE('',#12770,#6409);
#5196=LINE('',#12773,#6410);
#5197=LINE('',#12775,#6411);
#5198=LINE('',#12777,#6412);
#5199=LINE('',#12779,#6413);
#5200=LINE('',#12780,#6414);
#5201=LINE('',#12782,#6415);
#5202=LINE('',#12784,#6416);
#5203=LINE('',#12786,#6417);
#5204=LINE('',#12788,#6418);
#5205=LINE('',#12790,#6419);
#5206=LINE('',#12792,#6420);
#5207=LINE('',#12794,#6421);
#5208=LINE('',#12796,#6422);
#5209=LINE('',#12798,#6423);
#5210=LINE('',#12800,#6424);
#5211=LINE('',#12802,#6425);
#5212=LINE('',#12804,#6426);
#5213=LINE('',#12806,#6427);
#5214=LINE('',#12809,#6428);
#5215=LINE('',#12811,#6429);
#5216=LINE('',#12813,#6430);
#5217=LINE('',#12815,#6431);
#5218=LINE('',#12816,#6432);
#5219=LINE('',#12818,#6433);
#5220=LINE('',#12820,#6434);
#5221=LINE('',#12822,#6435);
#5222=LINE('',#12824,#6436);
#5223=LINE('',#12826,#6437);
#5224=LINE('',#12828,#6438);
#5225=LINE('',#12830,#6439);
#5226=LINE('',#12832,#6440);
#5227=LINE('',#12834,#6441);
#5228=LINE('',#12836,#6442);
#5229=LINE('',#12838,#6443);
#5230=LINE('',#12840,#6444);
#5231=LINE('',#12842,#6445);
#5232=LINE('',#12845,#6446);
#5233=LINE('',#12847,#6447);
#5234=LINE('',#12849,#6448);
#5235=LINE('',#12851,#6449);
#5236=LINE('',#12852,#6450);
#5237=LINE('',#12854,#6451);
#5238=LINE('',#12856,#6452);
#5239=LINE('',#12858,#6453);
#5240=LINE('',#12860,#6454);
#5241=LINE('',#12862,#6455);
#5242=LINE('',#12864,#6456);
#5243=LINE('',#12866,#6457);
#5244=LINE('',#12868,#6458);
#5245=LINE('',#12870,#6459);
#5246=LINE('',#12872,#6460);
#5247=LINE('',#12874,#6461);
#5248=LINE('',#12876,#6462);
#5249=LINE('',#12878,#6463);
#5250=LINE('',#12881,#6464);
#5251=LINE('',#12883,#6465);
#5252=LINE('',#12885,#6466);
#5253=LINE('',#12887,#6467);
#5254=LINE('',#12888,#6468);
#5255=LINE('',#12890,#6469);
#5256=LINE('',#12892,#6470);
#5257=LINE('',#12894,#6471);
#5258=LINE('',#12896,#6472);
#5259=LINE('',#12898,#6473);
#5260=LINE('',#12900,#6474);
#5261=LINE('',#12902,#6475);
#5262=LINE('',#12904,#6476);
#5263=LINE('',#12906,#6477);
#5264=LINE('',#12908,#6478);
#5265=LINE('',#12910,#6479);
#5266=LINE('',#12912,#6480);
#5267=LINE('',#12914,#6481);
#5268=LINE('',#12917,#6482);
#5269=LINE('',#12919,#6483);
#5270=LINE('',#12921,#6484);
#5271=LINE('',#12923,#6485);
#5272=LINE('',#12924,#6486);
#5273=LINE('',#12926,#6487);
#5274=LINE('',#12928,#6488);
#5275=LINE('',#12930,#6489);
#5276=LINE('',#12932,#6490);
#5277=LINE('',#12934,#6491);
#5278=LINE('',#12936,#6492);
#5279=LINE('',#12938,#6493);
#5280=LINE('',#12940,#6494);
#5281=LINE('',#12942,#6495);
#5282=LINE('',#12944,#6496);
#5283=LINE('',#12946,#6497);
#5284=LINE('',#12948,#6498);
#5285=LINE('',#12950,#6499);
#5286=LINE('',#12953,#6500);
#5287=LINE('',#12955,#6501);
#5288=LINE('',#12957,#6502);
#5289=LINE('',#12959,#6503);
#5290=LINE('',#12960,#6504);
#5291=LINE('',#12962,#6505);
#5292=LINE('',#12964,#6506);
#5293=LINE('',#12966,#6507);
#5294=LINE('',#12968,#6508);
#5295=LINE('',#12970,#6509);
#5296=LINE('',#12972,#6510);
#5297=LINE('',#12974,#6511);
#5298=LINE('',#12976,#6512);
#5299=LINE('',#12978,#6513);
#5300=LINE('',#12980,#6514);
#5301=LINE('',#12982,#6515);
#5302=LINE('',#12984,#6516);
#5303=LINE('',#12986,#6517);
#5304=LINE('',#12989,#6518);
#5305=LINE('',#12991,#6519);
#5306=LINE('',#12993,#6520);
#5307=LINE('',#12995,#6521);
#5308=LINE('',#12997,#6522);
#5309=LINE('',#12998,#6523);
#5310=LINE('',#13000,#6524);
#5311=LINE('',#13002,#6525);
#5312=LINE('',#13004,#6526);
#5313=LINE('',#13006,#6527);
#5314=LINE('',#13008,#6528);
#5315=LINE('',#13010,#6529);
#5316=LINE('',#13012,#6530);
#5317=LINE('',#13014,#6531);
#5318=LINE('',#13016,#6532);
#5319=LINE('',#13018,#6533);
#5320=LINE('',#13020,#6534);
#5321=LINE('',#13022,#6535);
#5322=LINE('',#13025,#6536);
#5323=LINE('',#13027,#6537);
#5324=LINE('',#13029,#6538);
#5325=LINE('',#13031,#6539);
#5326=LINE('',#13032,#6540);
#5327=LINE('',#13034,#6541);
#5328=LINE('',#13036,#6542);
#5329=LINE('',#13038,#6543);
#5330=LINE('',#13040,#6544);
#5331=LINE('',#13042,#6545);
#5332=LINE('',#13044,#6546);
#5333=LINE('',#13046,#6547);
#5334=LINE('',#13048,#6548);
#5335=LINE('',#13050,#6549);
#5336=LINE('',#13052,#6550);
#5337=LINE('',#13055,#6551);
#5338=LINE('',#13057,#6552);
#5339=LINE('',#13059,#6553);
#5340=LINE('',#13063,#6554);
#5341=LINE('',#13067,#6555);
#5342=LINE('',#13069,#6556);
#5343=LINE('',#13071,#6557);
#5344=LINE('',#13073,#6558);
#5345=LINE('',#13075,#6559);
#5346=LINE('',#13077,#6560);
#5347=LINE('',#13079,#6561);
#5348=LINE('',#13081,#6562);
#5349=LINE('',#13083,#6563);
#5350=LINE('',#13085,#6564);
#5351=LINE('',#13087,#6565);
#5352=LINE('',#13089,#6566);
#5353=LINE('',#13091,#6567);
#5354=LINE('',#13093,#6568);
#5355=LINE('',#13095,#6569);
#5356=LINE('',#13097,#6570);
#5357=LINE('',#13098,#6571);
#5358=LINE('',#13100,#6572);
#5359=LINE('',#13102,#6573);
#5360=LINE('',#13104,#6574);
#5361=LINE('',#13106,#6575);
#5362=LINE('',#13108,#6576);
#5363=LINE('',#13110,#6577);
#5364=LINE('',#13113,#6578);
#5365=LINE('',#13115,#6579);
#5366=LINE('',#13117,#6580);
#5367=LINE('',#13121,#6581);
#5368=LINE('',#13125,#6582);
#5369=LINE('',#13127,#6583);
#5370=LINE('',#13129,#6584);
#5371=LINE('',#13131,#6585);
#5372=LINE('',#13133,#6586);
#5373=LINE('',#13135,#6587);
#5374=LINE('',#13137,#6588);
#5375=LINE('',#13139,#6589);
#5376=LINE('',#13141,#6590);
#5377=LINE('',#13143,#6591);
#5378=LINE('',#13145,#6592);
#5379=LINE('',#13147,#6593);
#5380=LINE('',#13149,#6594);
#5381=LINE('',#13151,#6595);
#5382=LINE('',#13153,#6596);
#5383=LINE('',#13155,#6597);
#5384=LINE('',#13156,#6598);
#5385=LINE('',#13158,#6599);
#5386=LINE('',#13160,#6600);
#5387=LINE('',#13162,#6601);
#5388=LINE('',#13164,#6602);
#5389=LINE('',#13166,#6603);
#5390=LINE('',#13168,#6604);
#5391=LINE('',#13171,#6605);
#5392=LINE('',#13173,#6606);
#5393=LINE('',#13175,#6607);
#5394=LINE('',#13179,#6608);
#5395=LINE('',#13183,#6609);
#5396=LINE('',#13185,#6610);
#5397=LINE('',#13187,#6611);
#5398=LINE('',#13189,#6612);
#5399=LINE('',#13191,#6613);
#5400=LINE('',#13193,#6614);
#5401=LINE('',#13195,#6615);
#5402=LINE('',#13197,#6616);
#5403=LINE('',#13199,#6617);
#5404=LINE('',#13201,#6618);
#5405=LINE('',#13203,#6619);
#5406=LINE('',#13205,#6620);
#5407=LINE('',#13207,#6621);
#5408=LINE('',#13209,#6622);
#5409=LINE('',#13211,#6623);
#5410=LINE('',#13213,#6624);
#5411=LINE('',#13214,#6625);
#5412=LINE('',#13216,#6626);
#5413=LINE('',#13218,#6627);
#5414=LINE('',#13220,#6628);
#5415=LINE('',#13222,#6629);
#5416=LINE('',#13224,#6630);
#5417=LINE('',#13226,#6631);
#5418=LINE('',#13229,#6632);
#5419=LINE('',#13231,#6633);
#5420=LINE('',#13233,#6634);
#5421=LINE('',#13237,#6635);
#5422=LINE('',#13241,#6636);
#5423=LINE('',#13243,#6637);
#5424=LINE('',#13245,#6638);
#5425=LINE('',#13247,#6639);
#5426=LINE('',#13249,#6640);
#5427=LINE('',#13251,#6641);
#5428=LINE('',#13253,#6642);
#5429=LINE('',#13255,#6643);
#5430=LINE('',#13257,#6644);
#5431=LINE('',#13259,#6645);
#5432=LINE('',#13261,#6646);
#5433=LINE('',#13263,#6647);
#5434=LINE('',#13265,#6648);
#5435=LINE('',#13267,#6649);
#5436=LINE('',#13269,#6650);
#5437=LINE('',#13271,#6651);
#5438=LINE('',#13272,#6652);
#5439=LINE('',#13274,#6653);
#5440=LINE('',#13276,#6654);
#5441=LINE('',#13278,#6655);
#5442=LINE('',#13280,#6656);
#5443=LINE('',#13282,#6657);
#5444=LINE('',#13284,#6658);
#5445=LINE('',#13287,#6659);
#5446=LINE('',#13289,#6660);
#5447=LINE('',#13291,#6661);
#5448=LINE('',#13295,#6662);
#5449=LINE('',#13299,#6663);
#5450=LINE('',#13301,#6664);
#5451=LINE('',#13303,#6665);
#5452=LINE('',#13305,#6666);
#5453=LINE('',#13307,#6667);
#5454=LINE('',#13309,#6668);
#5455=LINE('',#13311,#6669);
#5456=LINE('',#13313,#6670);
#5457=LINE('',#13315,#6671);
#5458=LINE('',#13317,#6672);
#5459=LINE('',#13319,#6673);
#5460=LINE('',#13321,#6674);
#5461=LINE('',#13323,#6675);
#5462=LINE('',#13325,#6676);
#5463=LINE('',#13327,#6677);
#5464=LINE('',#13329,#6678);
#5465=LINE('',#13330,#6679);
#5466=LINE('',#13332,#6680);
#5467=LINE('',#13334,#6681);
#5468=LINE('',#13336,#6682);
#5469=LINE('',#13338,#6683);
#5470=LINE('',#13340,#6684);
#5471=LINE('',#13342,#6685);
#5472=LINE('',#13345,#6686);
#5473=LINE('',#13347,#6687);
#5474=LINE('',#13349,#6688);
#5475=LINE('',#13353,#6689);
#5476=LINE('',#13357,#6690);
#5477=LINE('',#13359,#6691);
#5478=LINE('',#13361,#6692);
#5479=LINE('',#13363,#6693);
#5480=LINE('',#13365,#6694);
#5481=LINE('',#13367,#6695);
#5482=LINE('',#13369,#6696);
#5483=LINE('',#13371,#6697);
#5484=LINE('',#13373,#6698);
#5485=LINE('',#13375,#6699);
#5486=LINE('',#13377,#6700);
#5487=LINE('',#13379,#6701);
#5488=LINE('',#13381,#6702);
#5489=LINE('',#13383,#6703);
#5490=LINE('',#13385,#6704);
#5491=LINE('',#13387,#6705);
#5492=LINE('',#13388,#6706);
#5493=LINE('',#13390,#6707);
#5494=LINE('',#13392,#6708);
#5495=LINE('',#13394,#6709);
#5496=LINE('',#13396,#6710);
#5497=LINE('',#13398,#6711);
#5498=LINE('',#13400,#6712);
#5499=LINE('',#13403,#6713);
#5500=LINE('',#13405,#6714);
#5501=LINE('',#13407,#6715);
#5502=LINE('',#13411,#6716);
#5503=LINE('',#13415,#6717);
#5504=LINE('',#13417,#6718);
#5505=LINE('',#13419,#6719);
#5506=LINE('',#13421,#6720);
#5507=LINE('',#13423,#6721);
#5508=LINE('',#13425,#6722);
#5509=LINE('',#13427,#6723);
#5510=LINE('',#13429,#6724);
#5511=LINE('',#13431,#6725);
#5512=LINE('',#13433,#6726);
#5513=LINE('',#13435,#6727);
#5514=LINE('',#13437,#6728);
#5515=LINE('',#13439,#6729);
#5516=LINE('',#13441,#6730);
#5517=LINE('',#13443,#6731);
#5518=LINE('',#13445,#6732);
#5519=LINE('',#13446,#6733);
#5520=LINE('',#13448,#6734);
#5521=LINE('',#13450,#6735);
#5522=LINE('',#13452,#6736);
#5523=LINE('',#13454,#6737);
#5524=LINE('',#13456,#6738);
#5525=LINE('',#13458,#6739);
#5526=LINE('',#13463,#6740);
#5527=LINE('',#13467,#6741);
#5528=LINE('',#13469,#6742);
#5529=LINE('',#13471,#6743);
#5530=LINE('',#13473,#6744);
#5531=LINE('',#13475,#6745);
#5532=LINE('',#13477,#6746);
#5533=LINE('',#13479,#6747);
#5534=LINE('',#13481,#6748);
#5535=LINE('',#13483,#6749);
#5536=LINE('',#13485,#6750);
#5537=LINE('',#13487,#6751);
#5538=LINE('',#13490,#6752);
#5539=LINE('',#13492,#6753);
#5540=LINE('',#13494,#6754);
#5541=LINE('',#13496,#6755);
#5542=LINE('',#13498,#6756);
#5543=LINE('',#13500,#6757);
#5544=LINE('',#13502,#6758);
#5545=LINE('',#13504,#6759);
#5546=LINE('',#13506,#6760);
#5547=LINE('',#13508,#6761);
#5548=LINE('',#13509,#6762);
#5549=LINE('',#13511,#6763);
#5550=LINE('',#13513,#6764);
#5551=LINE('',#13515,#6765);
#5552=LINE('',#13517,#6766);
#5553=LINE('',#13519,#6767);
#5554=LINE('',#13521,#6768);
#5555=LINE('',#13523,#6769);
#5556=LINE('',#13525,#6770);
#5557=LINE('',#13527,#6771);
#5558=LINE('',#13529,#6772);
#5559=LINE('',#13531,#6773);
#5560=LINE('',#13534,#6774);
#5561=LINE('',#13536,#6775);
#5562=LINE('',#13538,#6776);
#5563=LINE('',#13542,#6777);
#5564=LINE('',#13546,#6778);
#5565=LINE('',#13548,#6779);
#5566=LINE('',#13550,#6780);
#5567=LINE('',#13552,#6781);
#5568=LINE('',#13554,#6782);
#5569=LINE('',#13556,#6783);
#5570=LINE('',#13558,#6784);
#5571=LINE('',#13560,#6785);
#5572=LINE('',#13562,#6786);
#5573=LINE('',#13564,#6787);
#5574=LINE('',#13566,#6788);
#5575=LINE('',#13568,#6789);
#5576=LINE('',#13570,#6790);
#5577=LINE('',#13572,#6791);
#5578=LINE('',#13574,#6792);
#5579=LINE('',#13576,#6793);
#5580=LINE('',#13577,#6794);
#5581=LINE('',#13579,#6795);
#5582=LINE('',#13581,#6796);
#5583=LINE('',#13583,#6797);
#5584=LINE('',#13585,#6798);
#5585=LINE('',#13587,#6799);
#5586=LINE('',#13589,#6800);
#5587=LINE('',#13592,#6801);
#5588=LINE('',#13594,#6802);
#5589=LINE('',#13596,#6803);
#5590=LINE('',#13598,#6804);
#5591=LINE('',#13604,#6805);
#5592=LINE('',#13607,#6806);
#5593=LINE('',#13609,#6807);
#5594=LINE('',#13611,#6808);
#5595=LINE('',#13613,#6809);
#5596=LINE('',#13615,#6810);
#5597=LINE('',#13617,#6811);
#5598=LINE('',#13619,#6812);
#5599=LINE('',#13622,#6813);
#5600=LINE('',#13623,#6814);
#5601=LINE('',#13625,#6815);
#5602=LINE('',#13627,#6816);
#5603=LINE('',#13629,#6817);
#5604=LINE('',#13631,#6818);
#5605=LINE('',#13633,#6819);
#5606=LINE('',#13635,#6820);
#5607=LINE('',#13637,#6821);
#5608=LINE('',#13639,#6822);
#5609=LINE('',#13641,#6823);
#5610=LINE('',#13643,#6824);
#5611=LINE('',#13645,#6825);
#5612=LINE('',#13647,#6826);
#5613=LINE('',#13649,#6827);
#5614=LINE('',#13650,#6828);
#5615=LINE('',#13652,#6829);
#5616=LINE('',#13654,#6830);
#5617=LINE('',#13656,#6831);
#5618=LINE('',#13658,#6832);
#5619=LINE('',#13660,#6833);
#5620=LINE('',#13662,#6834);
#5621=LINE('',#13664,#6835);
#5622=LINE('',#13666,#6836);
#5623=LINE('',#13668,#6837);
#5624=LINE('',#13670,#6838);
#5625=LINE('',#13672,#6839);
#5626=LINE('',#13674,#6840);
#5627=LINE('',#13676,#6841);
#5628=LINE('',#13679,#6842);
#5629=LINE('',#13680,#6843);
#5630=LINE('',#13682,#6844);
#5631=LINE('',#13684,#6845);
#5632=LINE('',#13686,#6846);
#5633=LINE('',#13688,#6847);
#5634=LINE('',#13690,#6848);
#5635=LINE('',#13692,#6849);
#5636=LINE('',#13694,#6850);
#5637=LINE('',#13696,#6851);
#5638=LINE('',#13699,#6852);
#5639=LINE('',#13700,#6853);
#5640=LINE('',#13702,#6854);
#5641=LINE('',#13704,#6855);
#5642=LINE('',#13706,#6856);
#5643=LINE('',#13708,#6857);
#5644=LINE('',#13710,#6858);
#5645=LINE('',#13712,#6859);
#5646=LINE('',#13714,#6860);
#5647=LINE('',#13716,#6861);
#5648=LINE('',#13719,#6862);
#5649=LINE('',#13720,#6863);
#5650=LINE('',#13722,#6864);
#5651=LINE('',#13724,#6865);
#5652=LINE('',#13726,#6866);
#5653=LINE('',#13728,#6867);
#5654=LINE('',#13730,#6868);
#5655=LINE('',#13732,#6869);
#5656=LINE('',#13734,#6870);
#5657=LINE('',#13736,#6871);
#5658=LINE('',#13739,#6872);
#5659=LINE('',#13740,#6873);
#5660=LINE('',#13742,#6874);
#5661=LINE('',#13744,#6875);
#5662=LINE('',#13746,#6876);
#5663=LINE('',#13748,#6877);
#5664=LINE('',#13750,#6878);
#5665=LINE('',#13752,#6879);
#5666=LINE('',#13754,#6880);
#5667=LINE('',#13756,#6881);
#5668=LINE('',#13759,#6882);
#5669=LINE('',#13760,#6883);
#5670=LINE('',#13762,#6884);
#5671=LINE('',#13764,#6885);
#5672=LINE('',#13766,#6886);
#5673=LINE('',#13768,#6887);
#5674=LINE('',#13770,#6888);
#5675=LINE('',#13772,#6889);
#5676=LINE('',#13774,#6890);
#5677=LINE('',#13776,#6891);
#5678=LINE('',#13779,#6892);
#5679=LINE('',#13780,#6893);
#5680=LINE('',#13782,#6894);
#5681=LINE('',#13784,#6895);
#5682=LINE('',#13786,#6896);
#5683=LINE('',#13788,#6897);
#5684=LINE('',#13790,#6898);
#5685=LINE('',#13792,#6899);
#5686=LINE('',#13794,#6900);
#5687=LINE('',#13796,#6901);
#5688=LINE('',#13799,#6902);
#5689=LINE('',#13800,#6903);
#5690=LINE('',#13802,#6904);
#5691=LINE('',#13804,#6905);
#5692=LINE('',#13806,#6906);
#5693=LINE('',#13808,#6907);
#5694=LINE('',#13810,#6908);
#5695=LINE('',#13812,#6909);
#5696=LINE('',#13814,#6910);
#5697=LINE('',#13816,#6911);
#5698=LINE('',#13819,#6912);
#5699=LINE('',#13820,#6913);
#5700=LINE('',#13822,#6914);
#5701=LINE('',#13824,#6915);
#5702=LINE('',#13826,#6916);
#5703=LINE('',#13828,#6917);
#5704=LINE('',#13830,#6918);
#5705=LINE('',#13832,#6919);
#5706=LINE('',#13834,#6920);
#5707=LINE('',#13836,#6921);
#5708=LINE('',#13839,#6922);
#5709=LINE('',#13840,#6923);
#5710=LINE('',#13842,#6924);
#5711=LINE('',#13845,#6925);
#5712=LINE('',#13847,#6926);
#5713=LINE('',#13849,#6927);
#5714=LINE('',#13851,#6928);
#5715=LINE('',#13853,#6929);
#5716=LINE('',#13855,#6930);
#5717=LINE('',#13857,#6931);
#5718=LINE('',#13860,#6932);
#5719=LINE('',#13862,#6933);
#5720=LINE('',#13864,#6934);
#5721=LINE('',#13866,#6935);
#5722=LINE('',#13868,#6936);
#5723=LINE('',#13870,#6937);
#5724=LINE('',#13875,#6938);
#5725=LINE('',#13877,#6939);
#5726=LINE('',#13879,#6940);
#5727=LINE('',#13881,#6941);
#5728=LINE('',#13883,#6942);
#5729=LINE('',#13885,#6943);
#5730=LINE('',#13887,#6944);
#5731=LINE('',#13889,#6945);
#5732=LINE('',#13892,#6946);
#5733=LINE('',#13893,#6947);
#5734=LINE('',#13895,#6948);
#5735=LINE('',#13898,#6949);
#5736=LINE('',#13899,#6950);
#5737=LINE('',#13901,#6951);
#5738=LINE('',#13903,#6952);
#5739=LINE('',#13905,#6953);
#5740=LINE('',#13907,#6954);
#5741=LINE('',#13909,#6955);
#5742=LINE('',#13911,#6956);
#5743=LINE('',#13913,#6957);
#5744=LINE('',#13915,#6958);
#5745=LINE('',#13922,#6959);
#5746=LINE('',#13931,#6960);
#5747=LINE('',#13933,#6961);
#5748=LINE('',#13935,#6962);
#5749=LINE('',#13937,#6963);
#5750=LINE('',#13939,#6964);
#5751=LINE('',#13941,#6965);
#5752=LINE('',#13943,#6966);
#5753=LINE('',#13945,#6967);
#5754=LINE('',#13947,#6968);
#5755=LINE('',#13949,#6969);
#5756=LINE('',#13951,#6970);
#5757=LINE('',#13953,#6971);
#5758=LINE('',#13955,#6972);
#5759=LINE('',#13957,#6973);
#5760=LINE('',#13960,#6974);
#5761=LINE('',#13961,#6975);
#5762=LINE('',#13963,#6976);
#5763=LINE('',#13965,#6977);
#5764=LINE('',#13967,#6978);
#5765=LINE('',#13969,#6979);
#5766=LINE('',#13971,#6980);
#5767=LINE('',#13973,#6981);
#5768=LINE('',#13975,#6982);
#5769=LINE('',#13977,#6983);
#5770=LINE('',#13984,#6984);
#5771=LINE('',#13993,#6985);
#5772=LINE('',#13995,#6986);
#5773=LINE('',#13997,#6987);
#5774=LINE('',#13999,#6988);
#5775=LINE('',#14001,#6989);
#5776=LINE('',#14003,#6990);
#5777=LINE('',#14005,#6991);
#5778=LINE('',#14007,#6992);
#5779=LINE('',#14009,#6993);
#5780=LINE('',#14011,#6994);
#5781=LINE('',#14013,#6995);
#5782=LINE('',#14015,#6996);
#5783=LINE('',#14017,#6997);
#5784=LINE('',#14019,#6998);
#5785=LINE('',#14022,#6999);
#5786=LINE('',#14023,#7000);
#5787=LINE('',#14025,#7001);
#5788=LINE('',#14027,#7002);
#5789=LINE('',#14029,#7003);
#5790=LINE('',#14031,#7004);
#5791=LINE('',#14033,#7005);
#5792=LINE('',#14035,#7006);
#5793=LINE('',#14037,#7007);
#5794=LINE('',#14039,#7008);
#5795=LINE('',#14046,#7009);
#5796=LINE('',#14055,#7010);
#5797=LINE('',#14057,#7011);
#5798=LINE('',#14059,#7012);
#5799=LINE('',#14061,#7013);
#5800=LINE('',#14063,#7014);
#5801=LINE('',#14065,#7015);
#5802=LINE('',#14067,#7016);
#5803=LINE('',#14069,#7017);
#5804=LINE('',#14071,#7018);
#5805=LINE('',#14073,#7019);
#5806=LINE('',#14075,#7020);
#5807=LINE('',#14077,#7021);
#5808=LINE('',#14079,#7022);
#5809=LINE('',#14081,#7023);
#5810=LINE('',#14084,#7024);
#5811=LINE('',#14085,#7025);
#5812=LINE('',#14087,#7026);
#5813=LINE('',#14089,#7027);
#5814=LINE('',#14091,#7028);
#5815=LINE('',#14093,#7029);
#5816=LINE('',#14095,#7030);
#5817=LINE('',#14097,#7031);
#5818=LINE('',#14099,#7032);
#5819=LINE('',#14101,#7033);
#5820=LINE('',#14108,#7034);
#5821=LINE('',#14117,#7035);
#5822=LINE('',#14119,#7036);
#5823=LINE('',#14121,#7037);
#5824=LINE('',#14123,#7038);
#5825=LINE('',#14125,#7039);
#5826=LINE('',#14127,#7040);
#5827=LINE('',#14129,#7041);
#5828=LINE('',#14131,#7042);
#5829=LINE('',#14133,#7043);
#5830=LINE('',#14135,#7044);
#5831=LINE('',#14137,#7045);
#5832=LINE('',#14139,#7046);
#5833=LINE('',#14141,#7047);
#5834=LINE('',#14143,#7048);
#5835=LINE('',#14146,#7049);
#5836=LINE('',#14147,#7050);
#5837=LINE('',#14149,#7051);
#5838=LINE('',#14151,#7052);
#5839=LINE('',#14153,#7053);
#5840=LINE('',#14155,#7054);
#5841=LINE('',#14157,#7055);
#5842=LINE('',#14159,#7056);
#5843=LINE('',#14161,#7057);
#5844=LINE('',#14163,#7058);
#5845=LINE('',#14170,#7059);
#5846=LINE('',#14179,#7060);
#5847=LINE('',#14181,#7061);
#5848=LINE('',#14183,#7062);
#5849=LINE('',#14185,#7063);
#5850=LINE('',#14187,#7064);
#5851=LINE('',#14189,#7065);
#5852=LINE('',#14191,#7066);
#5853=LINE('',#14193,#7067);
#5854=LINE('',#14195,#7068);
#5855=LINE('',#14197,#7069);
#5856=LINE('',#14199,#7070);
#5857=LINE('',#14201,#7071);
#5858=LINE('',#14203,#7072);
#5859=LINE('',#14205,#7073);
#5860=LINE('',#14208,#7074);
#5861=LINE('',#14209,#7075);
#5862=LINE('',#14211,#7076);
#5863=LINE('',#14213,#7077);
#5864=LINE('',#14215,#7078);
#5865=LINE('',#14217,#7079);
#5866=LINE('',#14219,#7080);
#5867=LINE('',#14221,#7081);
#5868=LINE('',#14223,#7082);
#5869=LINE('',#14225,#7083);
#5870=LINE('',#14232,#7084);
#5871=LINE('',#14241,#7085);
#5872=LINE('',#14243,#7086);
#5873=LINE('',#14245,#7087);
#5874=LINE('',#14247,#7088);
#5875=LINE('',#14249,#7089);
#5876=LINE('',#14251,#7090);
#5877=LINE('',#14253,#7091);
#5878=LINE('',#14255,#7092);
#5879=LINE('',#14257,#7093);
#5880=LINE('',#14259,#7094);
#5881=LINE('',#14261,#7095);
#5882=LINE('',#14263,#7096);
#5883=LINE('',#14265,#7097);
#5884=LINE('',#14267,#7098);
#5885=LINE('',#14270,#7099);
#5886=LINE('',#14271,#7100);
#5887=LINE('',#14273,#7101);
#5888=LINE('',#14275,#7102);
#5889=LINE('',#14277,#7103);
#5890=LINE('',#14279,#7104);
#5891=LINE('',#14281,#7105);
#5892=LINE('',#14283,#7106);
#5893=LINE('',#14285,#7107);
#5894=LINE('',#14287,#7108);
#5895=LINE('',#14294,#7109);
#5896=LINE('',#14303,#7110);
#5897=LINE('',#14305,#7111);
#5898=LINE('',#14307,#7112);
#5899=LINE('',#14309,#7113);
#5900=LINE('',#14311,#7114);
#5901=LINE('',#14313,#7115);
#5902=LINE('',#14315,#7116);
#5903=LINE('',#14317,#7117);
#5904=LINE('',#14319,#7118);
#5905=LINE('',#14321,#7119);
#5906=LINE('',#14323,#7120);
#5907=LINE('',#14325,#7121);
#5908=LINE('',#14327,#7122);
#5909=LINE('',#14329,#7123);
#5910=LINE('',#14331,#7124);
#5911=LINE('',#14333,#7125);
#5912=LINE('',#14347,#7126);
#5913=LINE('',#14349,#7127);
#5914=LINE('',#14351,#7128);
#5915=LINE('',#14353,#7129);
#5916=LINE('',#14355,#7130);
#5917=LINE('',#14357,#7131);
#5918=LINE('',#14359,#7132);
#5919=LINE('',#14361,#7133);
#5920=LINE('',#14363,#7134);
#5921=LINE('',#14365,#7135);
#5922=LINE('',#14367,#7136);
#5923=LINE('',#14369,#7137);
#5924=LINE('',#14371,#7138);
#5925=LINE('',#14373,#7139);
#5926=LINE('',#14375,#7140);
#5927=LINE('',#14377,#7141);
#5928=LINE('',#14379,#7142);
#5929=LINE('',#14381,#7143);
#5930=LINE('',#14383,#7144);
#5931=LINE('',#14385,#7145);
#5932=LINE('',#14387,#7146);
#5933=LINE('',#14389,#7147);
#5934=LINE('',#14391,#7148);
#5935=LINE('',#14394,#7149);
#5936=LINE('',#14395,#7150);
#5937=LINE('',#14397,#7151);
#5938=LINE('',#14399,#7152);
#5939=LINE('',#14401,#7153);
#5940=LINE('',#14403,#7154);
#5941=LINE('',#14405,#7155);
#5942=LINE('',#14406,#7156);
#5943=LINE('',#14408,#7157);
#5944=LINE('',#14410,#7158);
#5945=LINE('',#14412,#7159);
#5946=LINE('',#14415,#7160);
#5947=LINE('',#14416,#7161);
#5948=LINE('',#14418,#7162);
#5949=LINE('',#14420,#7163);
#5950=LINE('',#14422,#7164);
#5951=LINE('',#14424,#7165);
#5952=LINE('',#14426,#7166);
#5953=LINE('',#14428,#7167);
#5954=LINE('',#14430,#7168);
#5955=LINE('',#14432,#7169);
#5956=LINE('',#14439,#7170);
#5957=LINE('',#14448,#7171);
#5958=LINE('',#14450,#7172);
#5959=LINE('',#14452,#7173);
#5960=LINE('',#14454,#7174);
#5961=LINE('',#14456,#7175);
#5962=LINE('',#14458,#7176);
#5963=LINE('',#14460,#7177);
#5964=LINE('',#14462,#7178);
#5965=LINE('',#14464,#7179);
#5966=LINE('',#14466,#7180);
#5967=LINE('',#14468,#7181);
#5968=LINE('',#14470,#7182);
#5969=LINE('',#14472,#7183);
#5970=LINE('',#14474,#7184);
#5971=LINE('',#14476,#7185);
#5972=LINE('',#14478,#7186);
#5973=LINE('',#14480,#7187);
#5974=LINE('',#14494,#7188);
#5975=LINE('',#14496,#7189);
#5976=LINE('',#14498,#7190);
#5977=LINE('',#14500,#7191);
#5978=LINE('',#14502,#7192);
#5979=LINE('',#14504,#7193);
#5980=LINE('',#14506,#7194);
#5981=LINE('',#14508,#7195);
#5982=LINE('',#14510,#7196);
#5983=LINE('',#14512,#7197);
#5984=LINE('',#14514,#7198);
#5985=LINE('',#14515,#7199);
#5986=LINE('',#14517,#7200);
#5987=LINE('',#14519,#7201);
#5988=LINE('',#14521,#7202);
#5989=LINE('',#14523,#7203);
#5990=LINE('',#14525,#7204);
#5991=LINE('',#14527,#7205);
#5992=LINE('',#14529,#7206);
#5993=LINE('',#14531,#7207);
#5994=LINE('',#14533,#7208);
#5995=LINE('',#14535,#7209);
#5996=LINE('',#14537,#7210);
#5997=LINE('',#14539,#7211);
#5998=LINE('',#14541,#7212);
#5999=LINE('',#14543,#7213);
#6000=LINE('',#14545,#7214);
#6001=LINE('',#14547,#7215);
#6002=LINE('',#14549,#7216);
#6003=LINE('',#14551,#7217);
#6004=LINE('',#14553,#7218);
#6005=LINE('',#14555,#7219);
#6006=LINE('',#14557,#7220);
#6007=LINE('',#14559,#7221);
#6008=LINE('',#14561,#7222);
#6009=LINE('',#14563,#7223);
#6010=LINE('',#14565,#7224);
#6011=LINE('',#14567,#7225);
#6012=LINE('',#14569,#7226);
#6013=LINE('',#14571,#7227);
#6014=LINE('',#14573,#7228);
#6015=LINE('',#14575,#7229);
#6016=LINE('',#14577,#7230);
#6017=LINE('',#14579,#7231);
#6018=LINE('',#14581,#7232);
#6019=LINE('',#14583,#7233);
#6020=LINE('',#14585,#7234);
#6021=LINE('',#14587,#7235);
#6022=LINE('',#14589,#7236);
#6023=LINE('',#14591,#7237);
#6024=LINE('',#14593,#7238);
#6025=LINE('',#14595,#7239);
#6026=LINE('',#14597,#7240);
#6027=LINE('',#14599,#7241);
#6028=LINE('',#14601,#7242);
#6029=LINE('',#14603,#7243);
#6030=LINE('',#14605,#7244);
#6031=LINE('',#14607,#7245);
#6032=LINE('',#14609,#7246);
#6033=LINE('',#14611,#7247);
#6034=LINE('',#14613,#7248);
#6035=LINE('',#14615,#7249);
#6036=LINE('',#14617,#7250);
#6037=LINE('',#14620,#7251);
#6038=LINE('',#14621,#7252);
#6039=LINE('',#14623,#7253);
#6040=LINE('',#14625,#7254);
#6041=LINE('',#14627,#7255);
#6042=LINE('',#14629,#7256);
#6043=LINE('',#14631,#7257);
#6044=LINE('',#14634,#7258);
#6045=LINE('',#14635,#7259);
#6046=LINE('',#14637,#7260);
#6047=LINE('',#14639,#7261);
#6048=LINE('',#14641,#7262);
#6049=LINE('',#14643,#7263);
#6050=LINE('',#14645,#7264);
#6051=LINE('',#14648,#7265);
#6052=LINE('',#14649,#7266);
#6053=LINE('',#14651,#7267);
#6054=LINE('',#14653,#7268);
#6055=LINE('',#14655,#7269);
#6056=LINE('',#14657,#7270);
#6057=LINE('',#14659,#7271);
#6058=LINE('',#14662,#7272);
#6059=LINE('',#14663,#7273);
#6060=LINE('',#14665,#7274);
#6061=LINE('',#14667,#7275);
#6062=LINE('',#14669,#7276);
#6063=LINE('',#14671,#7277);
#6064=LINE('',#14673,#7278);
#6065=LINE('',#14676,#7279);
#6066=LINE('',#14677,#7280);
#6067=LINE('',#14679,#7281);
#6068=LINE('',#14681,#7282);
#6069=LINE('',#14683,#7283);
#6070=LINE('',#14685,#7284);
#6071=LINE('',#14687,#7285);
#6072=LINE('',#14690,#7286);
#6073=LINE('',#14691,#7287);
#6074=LINE('',#14693,#7288);
#6075=LINE('',#14695,#7289);
#6076=LINE('',#14697,#7290);
#6077=LINE('',#14699,#7291);
#6078=LINE('',#14701,#7292);
#6079=LINE('',#14704,#7293);
#6080=LINE('',#14705,#7294);
#6081=LINE('',#14707,#7295);
#6082=LINE('',#14709,#7296);
#6083=LINE('',#14711,#7297);
#6084=LINE('',#14713,#7298);
#6085=LINE('',#14715,#7299);
#6086=LINE('',#14718,#7300);
#6087=LINE('',#14719,#7301);
#6088=LINE('',#14721,#7302);
#6089=LINE('',#14723,#7303);
#6090=LINE('',#14725,#7304);
#6091=LINE('',#14727,#7305);
#6092=LINE('',#14729,#7306);
#6093=LINE('',#14731,#7307);
#6094=LINE('',#14733,#7308);
#6095=LINE('',#14735,#7309);
#6096=LINE('',#14737,#7310);
#6097=LINE('',#14739,#7311);
#6098=LINE('',#14741,#7312);
#6099=LINE('',#14743,#7313);
#6100=LINE('',#14745,#7314);
#6101=LINE('',#14749,#7315);
#6102=LINE('',#14753,#7316);
#6103=LINE('',#14755,#7317);
#6104=LINE('',#14757,#7318);
#6105=LINE('',#14760,#7319);
#6106=LINE('',#14761,#7320);
#6107=LINE('',#14763,#7321);
#6108=LINE('',#14765,#7322);
#6109=LINE('',#14767,#7323);
#6110=LINE('',#14769,#7324);
#6111=LINE('',#14771,#7325);
#6112=LINE('',#14772,#7326);
#6113=LINE('',#14773,#7327);
#6114=LINE('',#14774,#7328);
#6115=LINE('',#14775,#7329);
#6116=LINE('',#14776,#7330);
#6117=LINE('',#14777,#7331);
#6118=LINE('',#14778,#7332);
#6119=LINE('',#14779,#7333);
#6120=LINE('',#14780,#7334);
#6121=LINE('',#14781,#7335);
#6122=LINE('',#14782,#7336);
#6123=LINE('',#14786,#7337);
#6124=LINE('',#14789,#7338);
#6125=LINE('',#14791,#7339);
#6126=LINE('',#14793,#7340);
#6127=LINE('',#14795,#7341);
#6128=LINE('',#14800,#7342);
#6129=LINE('',#14802,#7343);
#6130=LINE('',#14804,#7344);
#6131=LINE('',#14807,#7345);
#6132=LINE('',#14809,#7346);
#6133=LINE('',#14812,#7347);
#6134=LINE('',#14813,#7348);
#6135=LINE('',#14815,#7349);
#6136=LINE('',#14819,#7350);
#6137=LINE('',#14822,#7351);
#6138=LINE('',#14824,#7352);
#6139=LINE('',#14826,#7353);
#6140=LINE('',#14827,#7354);
#6141=LINE('',#14829,#7355);
#6142=LINE('',#14832,#7356);
#6143=LINE('',#14834,#7357);
#6144=LINE('',#14836,#7358);
#6145=LINE('',#14838,#7359);
#6146=LINE('',#14839,#7360);
#6147=LINE('',#14841,#7361);
#6148=LINE('',#14844,#7362);
#6149=LINE('',#14846,#7363);
#6150=LINE('',#14848,#7364);
#6151=LINE('',#14850,#7365);
#6152=LINE('',#14851,#7366);
#6153=LINE('',#14853,#7367);
#6154=LINE('',#14855,#7368);
#6155=LINE('',#14858,#7369);
#6156=LINE('',#14859,#7370);
#6157=LINE('',#14861,#7371);
#6158=LINE('',#14863,#7372);
#6159=VECTOR('',#9875,1000.);
#6160=VECTOR('',#9876,1000.);
#6161=VECTOR('',#9877,1000.);
#6162=VECTOR('',#9878,1000.);
#6163=VECTOR('',#9879,1000.);
#6164=VECTOR('',#9882,1000.);
#6165=VECTOR('',#9885,1000.);
#6166=VECTOR('',#9890,1000.);
#6167=VECTOR('',#9891,1000.);
#6168=VECTOR('',#9898,1000.);
#6169=VECTOR('',#9899,1000.);
#6170=VECTOR('',#9900,1000.);
#6171=VECTOR('',#9903,1000.);
#6172=VECTOR('',#9904,1000.);
#6173=VECTOR('',#9905,1000.);
#6174=VECTOR('',#9906,1000.);
#6175=VECTOR('',#9909,1000.);
#6176=VECTOR('',#9910,1000.);
#6177=VECTOR('',#9911,1000.);
#6178=VECTOR('',#9912,1000.);
#6179=VECTOR('',#9915,1000.);
#6180=VECTOR('',#9916,1000.);
#6181=VECTOR('',#9917,1000.);
#6182=VECTOR('',#9918,1000.);
#6183=VECTOR('',#9921,1000.);
#6184=VECTOR('',#9922,1000.);
#6185=VECTOR('',#9923,1000.);
#6186=VECTOR('',#9924,1000.);
#6187=VECTOR('',#9927,1000.);
#6188=VECTOR('',#9928,1000.);
#6189=VECTOR('',#9929,1000.);
#6190=VECTOR('',#9930,1000.);
#6191=VECTOR('',#9933,1000.);
#6192=VECTOR('',#9934,1000.);
#6193=VECTOR('',#9935,1000.);
#6194=VECTOR('',#9938,1000.);
#6195=VECTOR('',#9939,1000.);
#6196=VECTOR('',#9940,1000.);
#6197=VECTOR('',#9943,1000.);
#6198=VECTOR('',#9946,1000.);
#6199=VECTOR('',#9947,1000.);
#6200=VECTOR('',#9948,1000.);
#6201=VECTOR('',#9949,1000.);
#6202=VECTOR('',#9952,1000.);
#6203=VECTOR('',#9953,1000.);
#6204=VECTOR('',#9954,1000.);
#6205=VECTOR('',#9957,1000.);
#6206=VECTOR('',#9958,1000.);
#6207=VECTOR('',#9959,1000.);
#6208=VECTOR('',#9962,1000.);
#6209=VECTOR('',#9963,1000.);
#6210=VECTOR('',#9964,1000.);
#6211=VECTOR('',#9967,1000.);
#6212=VECTOR('',#9968,1000.);
#6213=VECTOR('',#9969,1000.);
#6214=VECTOR('',#9972,1000.);
#6215=VECTOR('',#9975,1000.);
#6216=VECTOR('',#9976,1000.);
#6217=VECTOR('',#9977,1000.);
#6218=VECTOR('',#9980,1000.);
#6219=VECTOR('',#9981,1000.);
#6220=VECTOR('',#9982,1000.);
#6221=VECTOR('',#9985,1000.);
#6222=VECTOR('',#9986,1000.);
#6223=VECTOR('',#9987,1000.);
#6224=VECTOR('',#9990,1000.);
#6225=VECTOR('',#9991,1000.);
#6226=VECTOR('',#9992,1000.);
#6227=VECTOR('',#9997,1000.);
#6228=VECTOR('',#9998,1000.);
#6229=VECTOR('',#9999,1000.);
#6230=VECTOR('',#10002,1000.);
#6231=VECTOR('',#10007,1000.);
#6232=VECTOR('',#10008,1000.);
#6233=VECTOR('',#10009,1000.);
#6234=VECTOR('',#10010,1000.);
#6235=VECTOR('',#10013,1000.);
#6236=VECTOR('',#10014,1000.);
#6237=VECTOR('',#10017,1000.);
#6238=VECTOR('',#10018,1000.);
#6239=VECTOR('',#10019,1000.);
#6240=VECTOR('',#10022,1000.);
#6241=VECTOR('',#10031,1000.);
#6242=VECTOR('',#10032,1000.);
#6243=VECTOR('',#10033,1000.);
#6244=VECTOR('',#10034,1000.);
#6245=VECTOR('',#10037,1000.);
#6246=VECTOR('',#10038,1000.);
#6247=VECTOR('',#10039,1000.);
#6248=VECTOR('',#10040,1000.);
#6249=VECTOR('',#10043,1000.);
#6250=VECTOR('',#10044,1000.);
#6251=VECTOR('',#10045,1000.);
#6252=VECTOR('',#10046,1000.);
#6253=VECTOR('',#10049,1000.);
#6254=VECTOR('',#10050,1000.);
#6255=VECTOR('',#10051,1000.);
#6256=VECTOR('',#10052,1000.);
#6257=VECTOR('',#10055,1000.);
#6258=VECTOR('',#10056,1000.);
#6259=VECTOR('',#10057,1000.);
#6260=VECTOR('',#10064,1000.);
#6261=VECTOR('',#10065,1000.);
#6262=VECTOR('',#10066,1000.);
#6263=VECTOR('',#10067,1000.);
#6264=VECTOR('',#10070,1000.);
#6265=VECTOR('',#10071,1000.);
#6266=VECTOR('',#10072,1000.);
#6267=VECTOR('',#10077,1000.);
#6268=VECTOR('',#10078,1000.);
#6269=VECTOR('',#10079,1000.);
#6270=VECTOR('',#10080,1000.);
#6271=VECTOR('',#10083,1000.);
#6272=VECTOR('',#10084,1000.);
#6273=VECTOR('',#10085,1000.);
#6274=VECTOR('',#10090,1000.);
#6275=VECTOR('',#10091,1000.);
#6276=VECTOR('',#10092,1000.);
#6277=VECTOR('',#10093,1000.);
#6278=VECTOR('',#10096,1000.);
#6279=VECTOR('',#10097,1000.);
#6280=VECTOR('',#10098,1000.);
#6281=VECTOR('',#10103,1000.);
#6282=VECTOR('',#10104,1000.);
#6283=VECTOR('',#10105,1000.);
#6284=VECTOR('',#10106,1000.);
#6285=VECTOR('',#10109,1000.);
#6286=VECTOR('',#10110,1000.);
#6287=VECTOR('',#10111,1000.);
#6288=VECTOR('',#10116,1000.);
#6289=VECTOR('',#10117,1000.);
#6290=VECTOR('',#10118,1000.);
#6291=VECTOR('',#10119,1000.);
#6292=VECTOR('',#10122,1000.);
#6293=VECTOR('',#10123,1000.);
#6294=VECTOR('',#10124,1000.);
#6295=VECTOR('',#10129,1000.);
#6296=VECTOR('',#10130,1000.);
#6297=VECTOR('',#10131,1000.);
#6298=VECTOR('',#10132,1000.);
#6299=VECTOR('',#10135,1000.);
#6300=VECTOR('',#10136,1000.);
#6301=VECTOR('',#10137,1000.);
#6302=VECTOR('',#10142,1000.);
#6303=VECTOR('',#10143,1000.);
#6304=VECTOR('',#10144,1000.);
#6305=VECTOR('',#10145,1000.);
#6306=VECTOR('',#10148,1000.);
#6307=VECTOR('',#10149,1000.);
#6308=VECTOR('',#10150,1000.);
#6309=VECTOR('',#10155,1000.);
#6310=VECTOR('',#10156,1000.);
#6311=VECTOR('',#10157,1000.);
#6312=VECTOR('',#10158,1000.);
#6313=VECTOR('',#10161,1000.);
#6314=VECTOR('',#10162,1000.);
#6315=VECTOR('',#10163,1000.);
#6316=VECTOR('',#10168,1000.);
#6317=VECTOR('',#10169,1000.);
#6318=VECTOR('',#10170,1000.);
#6319=VECTOR('',#10171,1000.);
#6320=VECTOR('',#10174,1000.);
#6321=VECTOR('',#10175,1000.);
#6322=VECTOR('',#10176,1000.);
#6323=VECTOR('',#10181,1000.);
#6324=VECTOR('',#10182,1000.);
#6325=VECTOR('',#10183,1000.);
#6326=VECTOR('',#10184,1000.);
#6327=VECTOR('',#10187,1000.);
#6328=VECTOR('',#10188,1000.);
#6329=VECTOR('',#10189,1000.);
#6330=VECTOR('',#10194,1000.);
#6331=VECTOR('',#10195,1000.);
#6332=VECTOR('',#10196,1000.);
#6333=VECTOR('',#10197,1000.);
#6334=VECTOR('',#10204,1000.);
#6335=VECTOR('',#10205,1000.);
#6336=VECTOR('',#10206,1000.);
#6337=VECTOR('',#10207,1000.);
#6338=VECTOR('',#10214,1000.);
#6339=VECTOR('',#10215,1000.);
#6340=VECTOR('',#10216,1000.);
#6341=VECTOR('',#10217,1000.);
#6342=VECTOR('',#10224,1000.);
#6343=VECTOR('',#10225,1000.);
#6344=VECTOR('',#10226,1000.);
#6345=VECTOR('',#10227,1000.);
#6346=VECTOR('',#10234,1000.);
#6347=VECTOR('',#10235,1000.);
#6348=VECTOR('',#10236,1000.);
#6349=VECTOR('',#10237,1000.);
#6350=VECTOR('',#10244,1000.);
#6351=VECTOR('',#10245,1000.);
#6352=VECTOR('',#10246,1000.);
#6353=VECTOR('',#10247,1000.);
#6354=VECTOR('',#10254,1000.);
#6355=VECTOR('',#10255,1000.);
#6356=VECTOR('',#10256,1000.);
#6357=VECTOR('',#10257,1000.);
#6358=VECTOR('',#10264,1000.);
#6359=VECTOR('',#10265,1000.);
#6360=VECTOR('',#10266,1000.);
#6361=VECTOR('',#10267,1000.);
#6362=VECTOR('',#10274,1000.);
#6363=VECTOR('',#10275,1000.);
#6364=VECTOR('',#10276,1000.);
#6365=VECTOR('',#10277,1000.);
#6366=VECTOR('',#10284,1000.);
#6367=VECTOR('',#10285,1000.);
#6368=VECTOR('',#10286,1000.);
#6369=VECTOR('',#10287,1000.);
#6370=VECTOR('',#10294,1000.);
#6371=VECTOR('',#10295,1000.);
#6372=VECTOR('',#10296,1000.);
#6373=VECTOR('',#10299,1000.);
#6374=VECTOR('',#10300,1000.);
#6375=VECTOR('',#10301,1000.);
#6376=VECTOR('',#10302,1000.);
#6377=VECTOR('',#10305,1000.);
#6378=VECTOR('',#10306,1000.);
#6379=VECTOR('',#10307,1000.);
#6380=VECTOR('',#10310,1000.);
#6381=VECTOR('',#10311,1000.);
#6382=VECTOR('',#10314,1000.);
#6383=VECTOR('',#10315,1000.);
#6384=VECTOR('',#10316,1000.);
#6385=VECTOR('',#10319,1000.);
#6386=VECTOR('',#10320,1000.);
#6387=VECTOR('',#10321,1000.);
#6388=VECTOR('',#10324,1000.);
#6389=VECTOR('',#10325,1000.);
#6390=VECTOR('',#10326,1000.);
#6391=VECTOR('',#10329,1000.);
#6392=VECTOR('',#10330,1000.);
#6393=VECTOR('',#10331,1000.);
#6394=VECTOR('',#10332,1000.);
#6395=VECTOR('',#10335,1000.);
#6396=VECTOR('',#10336,1000.);
#6397=VECTOR('',#10337,1000.);
#6398=VECTOR('',#10340,1000.);
#6399=VECTOR('',#10341,1000.);
#6400=VECTOR('',#10344,1000.);
#6401=VECTOR('',#10345,1000.);
#6402=VECTOR('',#10346,1000.);
#6403=VECTOR('',#10349,1000.);
#6404=VECTOR('',#10350,1000.);
#6405=VECTOR('',#10351,1000.);
#6406=VECTOR('',#10354,1000.);
#6407=VECTOR('',#10355,1000.);
#6408=VECTOR('',#10356,1000.);
#6409=VECTOR('',#10359,1000.);
#6410=VECTOR('',#10360,1000.);
#6411=VECTOR('',#10361,1000.);
#6412=VECTOR('',#10362,1000.);
#6413=VECTOR('',#10365,1000.);
#6414=VECTOR('',#10366,1000.);
#6415=VECTOR('',#10367,1000.);
#6416=VECTOR('',#10370,1000.);
#6417=VECTOR('',#10371,1000.);
#6418=VECTOR('',#10374,1000.);
#6419=VECTOR('',#10375,1000.);
#6420=VECTOR('',#10376,1000.);
#6421=VECTOR('',#10379,1000.);
#6422=VECTOR('',#10380,1000.);
#6423=VECTOR('',#10381,1000.);
#6424=VECTOR('',#10384,1000.);
#6425=VECTOR('',#10385,1000.);
#6426=VECTOR('',#10386,1000.);
#6427=VECTOR('',#10389,1000.);
#6428=VECTOR('',#10390,1000.);
#6429=VECTOR('',#10391,1000.);
#6430=VECTOR('',#10392,1000.);
#6431=VECTOR('',#10395,1000.);
#6432=VECTOR('',#10396,1000.);
#6433=VECTOR('',#10397,1000.);
#6434=VECTOR('',#10400,1000.);
#6435=VECTOR('',#10401,1000.);
#6436=VECTOR('',#10404,1000.);
#6437=VECTOR('',#10405,1000.);
#6438=VECTOR('',#10406,1000.);
#6439=VECTOR('',#10409,1000.);
#6440=VECTOR('',#10410,1000.);
#6441=VECTOR('',#10411,1000.);
#6442=VECTOR('',#10414,1000.);
#6443=VECTOR('',#10415,1000.);
#6444=VECTOR('',#10416,1000.);
#6445=VECTOR('',#10419,1000.);
#6446=VECTOR('',#10420,1000.);
#6447=VECTOR('',#10421,1000.);
#6448=VECTOR('',#10422,1000.);
#6449=VECTOR('',#10425,1000.);
#6450=VECTOR('',#10426,1000.);
#6451=VECTOR('',#10427,1000.);
#6452=VECTOR('',#10430,1000.);
#6453=VECTOR('',#10431,1000.);
#6454=VECTOR('',#10434,1000.);
#6455=VECTOR('',#10435,1000.);
#6456=VECTOR('',#10436,1000.);
#6457=VECTOR('',#10439,1000.);
#6458=VECTOR('',#10440,1000.);
#6459=VECTOR('',#10441,1000.);
#6460=VECTOR('',#10444,1000.);
#6461=VECTOR('',#10445,1000.);
#6462=VECTOR('',#10446,1000.);
#6463=VECTOR('',#10449,1000.);
#6464=VECTOR('',#10450,1000.);
#6465=VECTOR('',#10451,1000.);
#6466=VECTOR('',#10452,1000.);
#6467=VECTOR('',#10455,1000.);
#6468=VECTOR('',#10456,1000.);
#6469=VECTOR('',#10457,1000.);
#6470=VECTOR('',#10460,1000.);
#6471=VECTOR('',#10461,1000.);
#6472=VECTOR('',#10464,1000.);
#6473=VECTOR('',#10465,1000.);
#6474=VECTOR('',#10466,1000.);
#6475=VECTOR('',#10469,1000.);
#6476=VECTOR('',#10470,1000.);
#6477=VECTOR('',#10471,1000.);
#6478=VECTOR('',#10474,1000.);
#6479=VECTOR('',#10475,1000.);
#6480=VECTOR('',#10476,1000.);
#6481=VECTOR('',#10479,1000.);
#6482=VECTOR('',#10480,1000.);
#6483=VECTOR('',#10481,1000.);
#6484=VECTOR('',#10482,1000.);
#6485=VECTOR('',#10485,1000.);
#6486=VECTOR('',#10486,1000.);
#6487=VECTOR('',#10487,1000.);
#6488=VECTOR('',#10490,1000.);
#6489=VECTOR('',#10491,1000.);
#6490=VECTOR('',#10494,1000.);
#6491=VECTOR('',#10495,1000.);
#6492=VECTOR('',#10496,1000.);
#6493=VECTOR('',#10499,1000.);
#6494=VECTOR('',#10500,1000.);
#6495=VECTOR('',#10501,1000.);
#6496=VECTOR('',#10504,1000.);
#6497=VECTOR('',#10505,1000.);
#6498=VECTOR('',#10506,1000.);
#6499=VECTOR('',#10509,1000.);
#6500=VECTOR('',#10510,1000.);
#6501=VECTOR('',#10511,1000.);
#6502=VECTOR('',#10512,1000.);
#6503=VECTOR('',#10515,1000.);
#6504=VECTOR('',#10516,1000.);
#6505=VECTOR('',#10517,1000.);
#6506=VECTOR('',#10520,1000.);
#6507=VECTOR('',#10521,1000.);
#6508=VECTOR('',#10524,1000.);
#6509=VECTOR('',#10525,1000.);
#6510=VECTOR('',#10526,1000.);
#6511=VECTOR('',#10529,1000.);
#6512=VECTOR('',#10530,1000.);
#6513=VECTOR('',#10531,1000.);
#6514=VECTOR('',#10534,1000.);
#6515=VECTOR('',#10535,1000.);
#6516=VECTOR('',#10536,1000.);
#6517=VECTOR('',#10539,1000.);
#6518=VECTOR('',#10540,1000.);
#6519=VECTOR('',#10541,1000.);
#6520=VECTOR('',#10542,1000.);
#6521=VECTOR('',#10545,1000.);
#6522=VECTOR('',#10546,1000.);
#6523=VECTOR('',#10547,1000.);
#6524=VECTOR('',#10550,1000.);
#6525=VECTOR('',#10551,1000.);
#6526=VECTOR('',#10554,1000.);
#6527=VECTOR('',#10555,1000.);
#6528=VECTOR('',#10556,1000.);
#6529=VECTOR('',#10559,1000.);
#6530=VECTOR('',#10560,1000.);
#6531=VECTOR('',#10561,1000.);
#6532=VECTOR('',#10564,1000.);
#6533=VECTOR('',#10565,1000.);
#6534=VECTOR('',#10566,1000.);
#6535=VECTOR('',#10569,1000.);
#6536=VECTOR('',#10570,1000.);
#6537=VECTOR('',#10571,1000.);
#6538=VECTOR('',#10572,1000.);
#6539=VECTOR('',#10575,1000.);
#6540=VECTOR('',#10576,1000.);
#6541=VECTOR('',#10577,1000.);
#6542=VECTOR('',#10580,1000.);
#6543=VECTOR('',#10581,1000.);
#6544=VECTOR('',#10584,1000.);
#6545=VECTOR('',#10585,1000.);
#6546=VECTOR('',#10586,1000.);
#6547=VECTOR('',#10589,1000.);
#6548=VECTOR('',#10590,1000.);
#6549=VECTOR('',#10591,1000.);
#6550=VECTOR('',#10594,1000.);
#6551=VECTOR('',#10595,1000.);
#6552=VECTOR('',#10596,1000.);
#6553=VECTOR('',#10597,1000.);
#6554=VECTOR('',#10602,1000.);
#6555=VECTOR('',#10607,1000.);
#6556=VECTOR('',#10608,1000.);
#6557=VECTOR('',#10609,1000.);
#6558=VECTOR('',#10612,1000.);
#6559=VECTOR('',#10613,1000.);
#6560=VECTOR('',#10614,1000.);
#6561=VECTOR('',#10617,1000.);
#6562=VECTOR('',#10618,1000.);
#6563=VECTOR('',#10621,1000.);
#6564=VECTOR('',#10622,1000.);
#6565=VECTOR('',#10625,1000.);
#6566=VECTOR('',#10626,1000.);
#6567=VECTOR('',#10627,1000.);
#6568=VECTOR('',#10628,1000.);
#6569=VECTOR('',#10629,1000.);
#6570=VECTOR('',#10630,1000.);
#6571=VECTOR('',#10631,1000.);
#6572=VECTOR('',#10632,1000.);
#6573=VECTOR('',#10633,1000.);
#6574=VECTOR('',#10634,1000.);
#6575=VECTOR('',#10635,1000.);
#6576=VECTOR('',#10636,1000.);
#6577=VECTOR('',#10639,1000.);
#6578=VECTOR('',#10640,1000.);
#6579=VECTOR('',#10641,1000.);
#6580=VECTOR('',#10642,1000.);
#6581=VECTOR('',#10647,1000.);
#6582=VECTOR('',#10652,1000.);
#6583=VECTOR('',#10653,1000.);
#6584=VECTOR('',#10654,1000.);
#6585=VECTOR('',#10657,1000.);
#6586=VECTOR('',#10658,1000.);
#6587=VECTOR('',#10659,1000.);
#6588=VECTOR('',#10662,1000.);
#6589=VECTOR('',#10663,1000.);
#6590=VECTOR('',#10666,1000.);
#6591=VECTOR('',#10667,1000.);
#6592=VECTOR('',#10670,1000.);
#6593=VECTOR('',#10671,1000.);
#6594=VECTOR('',#10672,1000.);
#6595=VECTOR('',#10673,1000.);
#6596=VECTOR('',#10674,1000.);
#6597=VECTOR('',#10675,1000.);
#6598=VECTOR('',#10676,1000.);
#6599=VECTOR('',#10677,1000.);
#6600=VECTOR('',#10678,1000.);
#6601=VECTOR('',#10679,1000.);
#6602=VECTOR('',#10680,1000.);
#6603=VECTOR('',#10681,1000.);
#6604=VECTOR('',#10684,1000.);
#6605=VECTOR('',#10685,1000.);
#6606=VECTOR('',#10686,1000.);
#6607=VECTOR('',#10687,1000.);
#6608=VECTOR('',#10692,1000.);
#6609=VECTOR('',#10697,1000.);
#6610=VECTOR('',#10698,1000.);
#6611=VECTOR('',#10699,1000.);
#6612=VECTOR('',#10702,1000.);
#6613=VECTOR('',#10703,1000.);
#6614=VECTOR('',#10704,1000.);
#6615=VECTOR('',#10707,1000.);
#6616=VECTOR('',#10708,1000.);
#6617=VECTOR('',#10711,1000.);
#6618=VECTOR('',#10712,1000.);
#6619=VECTOR('',#10715,1000.);
#6620=VECTOR('',#10716,1000.);
#6621=VECTOR('',#10717,1000.);
#6622=VECTOR('',#10718,1000.);
#6623=VECTOR('',#10719,1000.);
#6624=VECTOR('',#10720,1000.);
#6625=VECTOR('',#10721,1000.);
#6626=VECTOR('',#10722,1000.);
#6627=VECTOR('',#10723,1000.);
#6628=VECTOR('',#10724,1000.);
#6629=VECTOR('',#10725,1000.);
#6630=VECTOR('',#10726,1000.);
#6631=VECTOR('',#10729,1000.);
#6632=VECTOR('',#10730,1000.);
#6633=VECTOR('',#10731,1000.);
#6634=VECTOR('',#10732,1000.);
#6635=VECTOR('',#10737,1000.);
#6636=VECTOR('',#10742,1000.);
#6637=VECTOR('',#10743,1000.);
#6638=VECTOR('',#10744,1000.);
#6639=VECTOR('',#10747,1000.);
#6640=VECTOR('',#10748,1000.);
#6641=VECTOR('',#10749,1000.);
#6642=VECTOR('',#10752,1000.);
#6643=VECTOR('',#10753,1000.);
#6644=VECTOR('',#10756,1000.);
#6645=VECTOR('',#10757,1000.);
#6646=VECTOR('',#10760,1000.);
#6647=VECTOR('',#10761,1000.);
#6648=VECTOR('',#10762,1000.);
#6649=VECTOR('',#10763,1000.);
#6650=VECTOR('',#10764,1000.);
#6651=VECTOR('',#10765,1000.);
#6652=VECTOR('',#10766,1000.);
#6653=VECTOR('',#10767,1000.);
#6654=VECTOR('',#10768,1000.);
#6655=VECTOR('',#10769,1000.);
#6656=VECTOR('',#10770,1000.);
#6657=VECTOR('',#10771,1000.);
#6658=VECTOR('',#10774,1000.);
#6659=VECTOR('',#10775,1000.);
#6660=VECTOR('',#10776,1000.);
#6661=VECTOR('',#10777,1000.);
#6662=VECTOR('',#10782,1000.);
#6663=VECTOR('',#10787,1000.);
#6664=VECTOR('',#10788,1000.);
#6665=VECTOR('',#10789,1000.);
#6666=VECTOR('',#10792,1000.);
#6667=VECTOR('',#10793,1000.);
#6668=VECTOR('',#10794,1000.);
#6669=VECTOR('',#10797,1000.);
#6670=VECTOR('',#10798,1000.);
#6671=VECTOR('',#10801,1000.);
#6672=VECTOR('',#10802,1000.);
#6673=VECTOR('',#10805,1000.);
#6674=VECTOR('',#10806,1000.);
#6675=VECTOR('',#10807,1000.);
#6676=VECTOR('',#10808,1000.);
#6677=VECTOR('',#10809,1000.);
#6678=VECTOR('',#10810,1000.);
#6679=VECTOR('',#10811,1000.);
#6680=VECTOR('',#10812,1000.);
#6681=VECTOR('',#10813,1000.);
#6682=VECTOR('',#10814,1000.);
#6683=VECTOR('',#10815,1000.);
#6684=VECTOR('',#10816,1000.);
#6685=VECTOR('',#10819,1000.);
#6686=VECTOR('',#10820,1000.);
#6687=VECTOR('',#10821,1000.);
#6688=VECTOR('',#10822,1000.);
#6689=VECTOR('',#10827,1000.);
#6690=VECTOR('',#10832,1000.);
#6691=VECTOR('',#10833,1000.);
#6692=VECTOR('',#10834,1000.);
#6693=VECTOR('',#10837,1000.);
#6694=VECTOR('',#10838,1000.);
#6695=VECTOR('',#10839,1000.);
#6696=VECTOR('',#10842,1000.);
#6697=VECTOR('',#10843,1000.);
#6698=VECTOR('',#10846,1000.);
#6699=VECTOR('',#10847,1000.);
#6700=VECTOR('',#10850,1000.);
#6701=VECTOR('',#10851,1000.);
#6702=VECTOR('',#10852,1000.);
#6703=VECTOR('',#10853,1000.);
#6704=VECTOR('',#10854,1000.);
#6705=VECTOR('',#10855,1000.);
#6706=VECTOR('',#10856,1000.);
#6707=VECTOR('',#10857,1000.);
#6708=VECTOR('',#10858,1000.);
#6709=VECTOR('',#10859,1000.);
#6710=VECTOR('',#10860,1000.);
#6711=VECTOR('',#10861,1000.);
#6712=VECTOR('',#10864,1000.);
#6713=VECTOR('',#10865,1000.);
#6714=VECTOR('',#10866,1000.);
#6715=VECTOR('',#10867,1000.);
#6716=VECTOR('',#10872,1000.);
#6717=VECTOR('',#10877,1000.);
#6718=VECTOR('',#10878,1000.);
#6719=VECTOR('',#10879,1000.);
#6720=VECTOR('',#10882,1000.);
#6721=VECTOR('',#10883,1000.);
#6722=VECTOR('',#10884,1000.);
#6723=VECTOR('',#10887,1000.);
#6724=VECTOR('',#10888,1000.);
#6725=VECTOR('',#10891,1000.);
#6726=VECTOR('',#10892,1000.);
#6727=VECTOR('',#10895,1000.);
#6728=VECTOR('',#10896,1000.);
#6729=VECTOR('',#10897,1000.);
#6730=VECTOR('',#10898,1000.);
#6731=VECTOR('',#10899,1000.);
#6732=VECTOR('',#10900,1000.);
#6733=VECTOR('',#10901,1000.);
#6734=VECTOR('',#10902,1000.);
#6735=VECTOR('',#10903,1000.);
#6736=VECTOR('',#10904,1000.);
#6737=VECTOR('',#10905,1000.);
#6738=VECTOR('',#10906,1000.);
#6739=VECTOR('',#10909,1000.);
#6740=VECTOR('',#10912,1000.);
#6741=VECTOR('',#10917,1000.);
#6742=VECTOR('',#10918,1000.);
#6743=VECTOR('',#10919,1000.);
#6744=VECTOR('',#10922,1000.);
#6745=VECTOR('',#10923,1000.);
#6746=VECTOR('',#10924,1000.);
#6747=VECTOR('',#10927,1000.);
#6748=VECTOR('',#10928,1000.);
#6749=VECTOR('',#10931,1000.);
#6750=VECTOR('',#10932,1000.);
#6751=VECTOR('',#10935,1000.);
#6752=VECTOR('',#10936,1000.);
#6753=VECTOR('',#10937,1000.);
#6754=VECTOR('',#10938,1000.);
#6755=VECTOR('',#10941,1000.);
#6756=VECTOR('',#10942,1000.);
#6757=VECTOR('',#10943,1000.);
#6758=VECTOR('',#10944,1000.);
#6759=VECTOR('',#10945,1000.);
#6760=VECTOR('',#10946,1000.);
#6761=VECTOR('',#10947,1000.);
#6762=VECTOR('',#10948,1000.);
#6763=VECTOR('',#10949,1000.);
#6764=VECTOR('',#10950,1000.);
#6765=VECTOR('',#10951,1000.);
#6766=VECTOR('',#10952,1000.);
#6767=VECTOR('',#10953,1000.);
#6768=VECTOR('',#10956,1000.);
#6769=VECTOR('',#10957,1000.);
#6770=VECTOR('',#10958,1000.);
#6771=VECTOR('',#10961,1000.);
#6772=VECTOR('',#10962,1000.);
#6773=VECTOR('',#10965,1000.);
#6774=VECTOR('',#10966,1000.);
#6775=VECTOR('',#10967,1000.);
#6776=VECTOR('',#10968,1000.);
#6777=VECTOR('',#10973,1000.);
#6778=VECTOR('',#10978,1000.);
#6779=VECTOR('',#10979,1000.);
#6780=VECTOR('',#10980,1000.);
#6781=VECTOR('',#10983,1000.);
#6782=VECTOR('',#10984,1000.);
#6783=VECTOR('',#10985,1000.);
#6784=VECTOR('',#10988,1000.);
#6785=VECTOR('',#10989,1000.);
#6786=VECTOR('',#10992,1000.);
#6787=VECTOR('',#10993,1000.);
#6788=VECTOR('',#10996,1000.);
#6789=VECTOR('',#10997,1000.);
#6790=VECTOR('',#10998,1000.);
#6791=VECTOR('',#10999,1000.);
#6792=VECTOR('',#11000,1000.);
#6793=VECTOR('',#11001,1000.);
#6794=VECTOR('',#11002,1000.);
#6795=VECTOR('',#11003,1000.);
#6796=VECTOR('',#11004,1000.);
#6797=VECTOR('',#11005,1000.);
#6798=VECTOR('',#11006,1000.);
#6799=VECTOR('',#11007,1000.);
#6800=VECTOR('',#11010,1000.);
#6801=VECTOR('',#11011,1000.);
#6802=VECTOR('',#11012,1000.);
#6803=VECTOR('',#11013,1000.);
#6804=VECTOR('',#11016,1000.);
#6805=VECTOR('',#11023,1000.);
#6806=VECTOR('',#11024,1000.);
#6807=VECTOR('',#11025,1000.);
#6808=VECTOR('',#11026,1000.);
#6809=VECTOR('',#11029,1000.);
#6810=VECTOR('',#11030,1000.);
#6811=VECTOR('',#11031,1000.);
#6812=VECTOR('',#11034,1000.);
#6813=VECTOR('',#11035,1000.);
#6814=VECTOR('',#11036,1000.);
#6815=VECTOR('',#11039,1000.);
#6816=VECTOR('',#11040,1000.);
#6817=VECTOR('',#11041,1000.);
#6818=VECTOR('',#11044,1000.);
#6819=VECTOR('',#11045,1000.);
#6820=VECTOR('',#11048,1000.);
#6821=VECTOR('',#11049,1000.);
#6822=VECTOR('',#11052,1000.);
#6823=VECTOR('',#11053,1000.);
#6824=VECTOR('',#11054,1000.);
#6825=VECTOR('',#11055,1000.);
#6826=VECTOR('',#11056,1000.);
#6827=VECTOR('',#11057,1000.);
#6828=VECTOR('',#11058,1000.);
#6829=VECTOR('',#11059,1000.);
#6830=VECTOR('',#11060,1000.);
#6831=VECTOR('',#11061,1000.);
#6832=VECTOR('',#11062,1000.);
#6833=VECTOR('',#11063,1000.);
#6834=VECTOR('',#11066,1000.);
#6835=VECTOR('',#11067,1000.);
#6836=VECTOR('',#11068,1000.);
#6837=VECTOR('',#11071,1000.);
#6838=VECTOR('',#11074,1000.);
#6839=VECTOR('',#11075,1000.);
#6840=VECTOR('',#11076,1000.);
#6841=VECTOR('',#11079,1000.);
#6842=VECTOR('',#11080,1000.);
#6843=VECTOR('',#11081,1000.);
#6844=VECTOR('',#11084,1000.);
#6845=VECTOR('',#11085,1000.);
#6846=VECTOR('',#11086,1000.);
#6847=VECTOR('',#11089,1000.);
#6848=VECTOR('',#11092,1000.);
#6849=VECTOR('',#11093,1000.);
#6850=VECTOR('',#11094,1000.);
#6851=VECTOR('',#11097,1000.);
#6852=VECTOR('',#11098,1000.);
#6853=VECTOR('',#11099,1000.);
#6854=VECTOR('',#11102,1000.);
#6855=VECTOR('',#11103,1000.);
#6856=VECTOR('',#11104,1000.);
#6857=VECTOR('',#11107,1000.);
#6858=VECTOR('',#11110,1000.);
#6859=VECTOR('',#11111,1000.);
#6860=VECTOR('',#11112,1000.);
#6861=VECTOR('',#11115,1000.);
#6862=VECTOR('',#11116,1000.);
#6863=VECTOR('',#11117,1000.);
#6864=VECTOR('',#11120,1000.);
#6865=VECTOR('',#11121,1000.);
#6866=VECTOR('',#11122,1000.);
#6867=VECTOR('',#11125,1000.);
#6868=VECTOR('',#11128,1000.);
#6869=VECTOR('',#11129,1000.);
#6870=VECTOR('',#11130,1000.);
#6871=VECTOR('',#11133,1000.);
#6872=VECTOR('',#11134,1000.);
#6873=VECTOR('',#11135,1000.);
#6874=VECTOR('',#11138,1000.);
#6875=VECTOR('',#11139,1000.);
#6876=VECTOR('',#11140,1000.);
#6877=VECTOR('',#11143,1000.);
#6878=VECTOR('',#11146,1000.);
#6879=VECTOR('',#11147,1000.);
#6880=VECTOR('',#11148,1000.);
#6881=VECTOR('',#11151,1000.);
#6882=VECTOR('',#11152,1000.);
#6883=VECTOR('',#11153,1000.);
#6884=VECTOR('',#11156,1000.);
#6885=VECTOR('',#11157,1000.);
#6886=VECTOR('',#11158,1000.);
#6887=VECTOR('',#11161,1000.);
#6888=VECTOR('',#11164,1000.);
#6889=VECTOR('',#11165,1000.);
#6890=VECTOR('',#11166,1000.);
#6891=VECTOR('',#11169,1000.);
#6892=VECTOR('',#11170,1000.);
#6893=VECTOR('',#11171,1000.);
#6894=VECTOR('',#11174,1000.);
#6895=VECTOR('',#11175,1000.);
#6896=VECTOR('',#11176,1000.);
#6897=VECTOR('',#11179,1000.);
#6898=VECTOR('',#11182,1000.);
#6899=VECTOR('',#11183,1000.);
#6900=VECTOR('',#11184,1000.);
#6901=VECTOR('',#11187,1000.);
#6902=VECTOR('',#11188,1000.);
#6903=VECTOR('',#11189,1000.);
#6904=VECTOR('',#11192,1000.);
#6905=VECTOR('',#11193,1000.);
#6906=VECTOR('',#11194,1000.);
#6907=VECTOR('',#11197,1000.);
#6908=VECTOR('',#11200,1000.);
#6909=VECTOR('',#11201,1000.);
#6910=VECTOR('',#11202,1000.);
#6911=VECTOR('',#11205,1000.);
#6912=VECTOR('',#11206,1000.);
#6913=VECTOR('',#11207,1000.);
#6914=VECTOR('',#11210,1000.);
#6915=VECTOR('',#11211,1000.);
#6916=VECTOR('',#11212,1000.);
#6917=VECTOR('',#11215,1000.);
#6918=VECTOR('',#11218,1000.);
#6919=VECTOR('',#11219,1000.);
#6920=VECTOR('',#11220,1000.);
#6921=VECTOR('',#11223,1000.);
#6922=VECTOR('',#11224,1000.);
#6923=VECTOR('',#11225,1000.);
#6924=VECTOR('',#11228,1000.);
#6925=VECTOR('',#11229,1000.);
#6926=VECTOR('',#11230,1000.);
#6927=VECTOR('',#11231,1000.);
#6928=VECTOR('',#11234,1000.);
#6929=VECTOR('',#11235,1000.);
#6930=VECTOR('',#11236,1000.);
#6931=VECTOR('',#11239,1000.);
#6932=VECTOR('',#11240,1000.);
#6933=VECTOR('',#11241,1000.);
#6934=VECTOR('',#11242,1000.);
#6935=VECTOR('',#11245,1000.);
#6936=VECTOR('',#11246,1000.);
#6937=VECTOR('',#11247,1000.);
#6938=VECTOR('',#11256,1000.);
#6939=VECTOR('',#11257,1000.);
#6940=VECTOR('',#11258,1000.);
#6941=VECTOR('',#11261,1000.);
#6942=VECTOR('',#11264,1000.);
#6943=VECTOR('',#11265,1000.);
#6944=VECTOR('',#11266,1000.);
#6945=VECTOR('',#11269,1000.);
#6946=VECTOR('',#11270,1000.);
#6947=VECTOR('',#11271,1000.);
#6948=VECTOR('',#11274,1000.);
#6949=VECTOR('',#11275,1000.);
#6950=VECTOR('',#11276,1000.);
#6951=VECTOR('',#11279,1000.);
#6952=VECTOR('',#11280,1000.);
#6953=VECTOR('',#11283,1000.);
#6954=VECTOR('',#11284,1000.);
#6955=VECTOR('',#11287,1000.);
#6956=VECTOR('',#11288,1000.);
#6957=VECTOR('',#11291,1000.);
#6958=VECTOR('',#11292,1000.);
#6959=VECTOR('',#11295,1000.);
#6960=VECTOR('',#11302,1000.);
#6961=VECTOR('',#11303,1000.);
#6962=VECTOR('',#11306,1000.);
#6963=VECTOR('',#11307,1000.);
#6964=VECTOR('',#11310,1000.);
#6965=VECTOR('',#11311,1000.);
#6966=VECTOR('',#11314,1000.);
#6967=VECTOR('',#11315,1000.);
#6968=VECTOR('',#11318,1000.);
#6969=VECTOR('',#11319,1000.);
#6970=VECTOR('',#11322,1000.);
#6971=VECTOR('',#11323,1000.);
#6972=VECTOR('',#11326,1000.);
#6973=VECTOR('',#11329,1000.);
#6974=VECTOR('',#11330,1000.);
#6975=VECTOR('',#11331,1000.);
#6976=VECTOR('',#11334,1000.);
#6977=VECTOR('',#11335,1000.);
#6978=VECTOR('',#11338,1000.);
#6979=VECTOR('',#11339,1000.);
#6980=VECTOR('',#11342,1000.);
#6981=VECTOR('',#11343,1000.);
#6982=VECTOR('',#11346,1000.);
#6983=VECTOR('',#11347,1000.);
#6984=VECTOR('',#11350,1000.);
#6985=VECTOR('',#11357,1000.);
#6986=VECTOR('',#11358,1000.);
#6987=VECTOR('',#11361,1000.);
#6988=VECTOR('',#11362,1000.);
#6989=VECTOR('',#11365,1000.);
#6990=VECTOR('',#11366,1000.);
#6991=VECTOR('',#11369,1000.);
#6992=VECTOR('',#11370,1000.);
#6993=VECTOR('',#11373,1000.);
#6994=VECTOR('',#11374,1000.);
#6995=VECTOR('',#11377,1000.);
#6996=VECTOR('',#11378,1000.);
#6997=VECTOR('',#11381,1000.);
#6998=VECTOR('',#11384,1000.);
#6999=VECTOR('',#11385,1000.);
#7000=VECTOR('',#11386,1000.);
#7001=VECTOR('',#11389,1000.);
#7002=VECTOR('',#11390,1000.);
#7003=VECTOR('',#11393,1000.);
#7004=VECTOR('',#11394,1000.);
#7005=VECTOR('',#11397,1000.);
#7006=VECTOR('',#11398,1000.);
#7007=VECTOR('',#11401,1000.);
#7008=VECTOR('',#11402,1000.);
#7009=VECTOR('',#11405,1000.);
#7010=VECTOR('',#11412,1000.);
#7011=VECTOR('',#11413,1000.);
#7012=VECTOR('',#11416,1000.);
#7013=VECTOR('',#11417,1000.);
#7014=VECTOR('',#11420,1000.);
#7015=VECTOR('',#11421,1000.);
#7016=VECTOR('',#11424,1000.);
#7017=VECTOR('',#11425,1000.);
#7018=VECTOR('',#11428,1000.);
#7019=VECTOR('',#11429,1000.);
#7020=VECTOR('',#11432,1000.);
#7021=VECTOR('',#11433,1000.);
#7022=VECTOR('',#11436,1000.);
#7023=VECTOR('',#11439,1000.);
#7024=VECTOR('',#11440,1000.);
#7025=VECTOR('',#11441,1000.);
#7026=VECTOR('',#11444,1000.);
#7027=VECTOR('',#11445,1000.);
#7028=VECTOR('',#11448,1000.);
#7029=VECTOR('',#11449,1000.);
#7030=VECTOR('',#11452,1000.);
#7031=VECTOR('',#11453,1000.);
#7032=VECTOR('',#11456,1000.);
#7033=VECTOR('',#11457,1000.);
#7034=VECTOR('',#11460,1000.);
#7035=VECTOR('',#11467,1000.);
#7036=VECTOR('',#11468,1000.);
#7037=VECTOR('',#11471,1000.);
#7038=VECTOR('',#11472,1000.);
#7039=VECTOR('',#11475,1000.);
#7040=VECTOR('',#11476,1000.);
#7041=VECTOR('',#11479,1000.);
#7042=VECTOR('',#11480,1000.);
#7043=VECTOR('',#11483,1000.);
#7044=VECTOR('',#11484,1000.);
#7045=VECTOR('',#11487,1000.);
#7046=VECTOR('',#11488,1000.);
#7047=VECTOR('',#11491,1000.);
#7048=VECTOR('',#11494,1000.);
#7049=VECTOR('',#11495,1000.);
#7050=VECTOR('',#11496,1000.);
#7051=VECTOR('',#11499,1000.);
#7052=VECTOR('',#11500,1000.);
#7053=VECTOR('',#11503,1000.);
#7054=VECTOR('',#11504,1000.);
#7055=VECTOR('',#11507,1000.);
#7056=VECTOR('',#11508,1000.);
#7057=VECTOR('',#11511,1000.);
#7058=VECTOR('',#11512,1000.);
#7059=VECTOR('',#11515,1000.);
#7060=VECTOR('',#11522,1000.);
#7061=VECTOR('',#11523,1000.);
#7062=VECTOR('',#11526,1000.);
#7063=VECTOR('',#11527,1000.);
#7064=VECTOR('',#11530,1000.);
#7065=VECTOR('',#11531,1000.);
#7066=VECTOR('',#11534,1000.);
#7067=VECTOR('',#11535,1000.);
#7068=VECTOR('',#11538,1000.);
#7069=VECTOR('',#11539,1000.);
#7070=VECTOR('',#11542,1000.);
#7071=VECTOR('',#11543,1000.);
#7072=VECTOR('',#11546,1000.);
#7073=VECTOR('',#11549,1000.);
#7074=VECTOR('',#11550,1000.);
#7075=VECTOR('',#11551,1000.);
#7076=VECTOR('',#11554,1000.);
#7077=VECTOR('',#11555,1000.);
#7078=VECTOR('',#11558,1000.);
#7079=VECTOR('',#11559,1000.);
#7080=VECTOR('',#11562,1000.);
#7081=VECTOR('',#11563,1000.);
#7082=VECTOR('',#11566,1000.);
#7083=VECTOR('',#11567,1000.);
#7084=VECTOR('',#11570,1000.);
#7085=VECTOR('',#11577,1000.);
#7086=VECTOR('',#11578,1000.);
#7087=VECTOR('',#11581,1000.);
#7088=VECTOR('',#11582,1000.);
#7089=VECTOR('',#11585,1000.);
#7090=VECTOR('',#11586,1000.);
#7091=VECTOR('',#11589,1000.);
#7092=VECTOR('',#11590,1000.);
#7093=VECTOR('',#11593,1000.);
#7094=VECTOR('',#11594,1000.);
#7095=VECTOR('',#11597,1000.);
#7096=VECTOR('',#11598,1000.);
#7097=VECTOR('',#11601,1000.);
#7098=VECTOR('',#11604,1000.);
#7099=VECTOR('',#11605,1000.);
#7100=VECTOR('',#11606,1000.);
#7101=VECTOR('',#11609,1000.);
#7102=VECTOR('',#11610,1000.);
#7103=VECTOR('',#11613,1000.);
#7104=VECTOR('',#11614,1000.);
#7105=VECTOR('',#11617,1000.);
#7106=VECTOR('',#11618,1000.);
#7107=VECTOR('',#11621,1000.);
#7108=VECTOR('',#11622,1000.);
#7109=VECTOR('',#11625,1000.);
#7110=VECTOR('',#11632,1000.);
#7111=VECTOR('',#11633,1000.);
#7112=VECTOR('',#11636,1000.);
#7113=VECTOR('',#11637,1000.);
#7114=VECTOR('',#11640,1000.);
#7115=VECTOR('',#11641,1000.);
#7116=VECTOR('',#11644,1000.);
#7117=VECTOR('',#11645,1000.);
#7118=VECTOR('',#11648,1000.);
#7119=VECTOR('',#11649,1000.);
#7120=VECTOR('',#11652,1000.);
#7121=VECTOR('',#11653,1000.);
#7122=VECTOR('',#11656,1000.);
#7123=VECTOR('',#11659,1000.);
#7124=VECTOR('',#11660,1000.);
#7125=VECTOR('',#11661,1000.);
#7126=VECTOR('',#11668,1000.);
#7127=VECTOR('',#11669,1000.);
#7128=VECTOR('',#11672,1000.);
#7129=VECTOR('',#11673,1000.);
#7130=VECTOR('',#11676,1000.);
#7131=VECTOR('',#11677,1000.);
#7132=VECTOR('',#11680,1000.);
#7133=VECTOR('',#11681,1000.);
#7134=VECTOR('',#11684,1000.);
#7135=VECTOR('',#11685,1000.);
#7136=VECTOR('',#11688,1000.);
#7137=VECTOR('',#11689,1000.);
#7138=VECTOR('',#11692,1000.);
#7139=VECTOR('',#11693,1000.);
#7140=VECTOR('',#11696,1000.);
#7141=VECTOR('',#11697,1000.);
#7142=VECTOR('',#11700,1000.);
#7143=VECTOR('',#11701,1000.);
#7144=VECTOR('',#11704,1000.);
#7145=VECTOR('',#11705,1000.);
#7146=VECTOR('',#11708,1000.);
#7147=VECTOR('',#11709,1000.);
#7148=VECTOR('',#11712,1000.);
#7149=VECTOR('',#11713,1000.);
#7150=VECTOR('',#11714,1000.);
#7151=VECTOR('',#11717,1000.);
#7152=VECTOR('',#11718,1000.);
#7153=VECTOR('',#11721,1000.);
#7154=VECTOR('',#11722,1000.);
#7155=VECTOR('',#11725,1000.);
#7156=VECTOR('',#11726,1000.);
#7157=VECTOR('',#11727,1000.);
#7158=VECTOR('',#11730,1000.);
#7159=VECTOR('',#11733,1000.);
#7160=VECTOR('',#11734,1000.);
#7161=VECTOR('',#11735,1000.);
#7162=VECTOR('',#11738,1000.);
#7163=VECTOR('',#11739,1000.);
#7164=VECTOR('',#11742,1000.);
#7165=VECTOR('',#11743,1000.);
#7166=VECTOR('',#11746,1000.);
#7167=VECTOR('',#11747,1000.);
#7168=VECTOR('',#11750,1000.);
#7169=VECTOR('',#11751,1000.);
#7170=VECTOR('',#11754,1000.);
#7171=VECTOR('',#11761,1000.);
#7172=VECTOR('',#11762,1000.);
#7173=VECTOR('',#11765,1000.);
#7174=VECTOR('',#11766,1000.);
#7175=VECTOR('',#11769,1000.);
#7176=VECTOR('',#11770,1000.);
#7177=VECTOR('',#11773,1000.);
#7178=VECTOR('',#11774,1000.);
#7179=VECTOR('',#11777,1000.);
#7180=VECTOR('',#11778,1000.);
#7181=VECTOR('',#11781,1000.);
#7182=VECTOR('',#11782,1000.);
#7183=VECTOR('',#11785,1000.);
#7184=VECTOR('',#11788,1000.);
#7185=VECTOR('',#11789,1000.);
#7186=VECTOR('',#11790,1000.);
#7187=VECTOR('',#11793,1000.);
#7188=VECTOR('',#11800,1000.);
#7189=VECTOR('',#11801,1000.);
#7190=VECTOR('',#11804,1000.);
#7191=VECTOR('',#11805,1000.);
#7192=VECTOR('',#11806,1000.);
#7193=VECTOR('',#11809,1000.);
#7194=VECTOR('',#11810,1000.);
#7195=VECTOR('',#11813,1000.);
#7196=VECTOR('',#11814,1000.);
#7197=VECTOR('',#11817,1000.);
#7198=VECTOR('',#11818,1000.);
#7199=VECTOR('',#11819,1000.);
#7200=VECTOR('',#11822,1000.);
#7201=VECTOR('',#11823,1000.);
#7202=VECTOR('',#11826,1000.);
#7203=VECTOR('',#11827,1000.);
#7204=VECTOR('',#11830,1000.);
#7205=VECTOR('',#11831,1000.);
#7206=VECTOR('',#11834,1000.);
#7207=VECTOR('',#11835,1000.);
#7208=VECTOR('',#11838,1000.);
#7209=VECTOR('',#11839,1000.);
#7210=VECTOR('',#11842,1000.);
#7211=VECTOR('',#11843,1000.);
#7212=VECTOR('',#11846,1000.);
#7213=VECTOR('',#11847,1000.);
#7214=VECTOR('',#11850,1000.);
#7215=VECTOR('',#11851,1000.);
#7216=VECTOR('',#11854,1000.);
#7217=VECTOR('',#11857,1000.);
#7218=VECTOR('',#11858,1000.);
#7219=VECTOR('',#11859,1000.);
#7220=VECTOR('',#11862,1000.);
#7221=VECTOR('',#11863,1000.);
#7222=VECTOR('',#11864,1000.);
#7223=VECTOR('',#11867,1000.);
#7224=VECTOR('',#11868,1000.);
#7225=VECTOR('',#11869,1000.);
#7226=VECTOR('',#11872,1000.);
#7227=VECTOR('',#11873,1000.);
#7228=VECTOR('',#11874,1000.);
#7229=VECTOR('',#11877,1000.);
#7230=VECTOR('',#11878,1000.);
#7231=VECTOR('',#11879,1000.);
#7232=VECTOR('',#11882,1000.);
#7233=VECTOR('',#11883,1000.);
#7234=VECTOR('',#11884,1000.);
#7235=VECTOR('',#11887,1000.);
#7236=VECTOR('',#11888,1000.);
#7237=VECTOR('',#11889,1000.);
#7238=VECTOR('',#11892,1000.);
#7239=VECTOR('',#11893,1000.);
#7240=VECTOR('',#11894,1000.);
#7241=VECTOR('',#11897,1000.);
#7242=VECTOR('',#11898,1000.);
#7243=VECTOR('',#11899,1000.);
#7244=VECTOR('',#11902,1000.);
#7245=VECTOR('',#11903,1000.);
#7246=VECTOR('',#11904,1000.);
#7247=VECTOR('',#11907,1000.);
#7248=VECTOR('',#11908,1000.);
#7249=VECTOR('',#11909,1000.);
#7250=VECTOR('',#11912,1000.);
#7251=VECTOR('',#11913,1000.);
#7252=VECTOR('',#11914,1000.);
#7253=VECTOR('',#11917,1000.);
#7254=VECTOR('',#11918,1000.);
#7255=VECTOR('',#11921,1000.);
#7256=VECTOR('',#11922,1000.);
#7257=VECTOR('',#11925,1000.);
#7258=VECTOR('',#11926,1000.);
#7259=VECTOR('',#11927,1000.);
#7260=VECTOR('',#11930,1000.);
#7261=VECTOR('',#11931,1000.);
#7262=VECTOR('',#11934,1000.);
#7263=VECTOR('',#11935,1000.);
#7264=VECTOR('',#11938,1000.);
#7265=VECTOR('',#11939,1000.);
#7266=VECTOR('',#11940,1000.);
#7267=VECTOR('',#11943,1000.);
#7268=VECTOR('',#11944,1000.);
#7269=VECTOR('',#11947,1000.);
#7270=VECTOR('',#11948,1000.);
#7271=VECTOR('',#11951,1000.);
#7272=VECTOR('',#11952,1000.);
#7273=VECTOR('',#11953,1000.);
#7274=VECTOR('',#11956,1000.);
#7275=VECTOR('',#11957,1000.);
#7276=VECTOR('',#11960,1000.);
#7277=VECTOR('',#11961,1000.);
#7278=VECTOR('',#11964,1000.);
#7279=VECTOR('',#11965,1000.);
#7280=VECTOR('',#11966,1000.);
#7281=VECTOR('',#11969,1000.);
#7282=VECTOR('',#11970,1000.);
#7283=VECTOR('',#11973,1000.);
#7284=VECTOR('',#11974,1000.);
#7285=VECTOR('',#11977,1000.);
#7286=VECTOR('',#11978,1000.);
#7287=VECTOR('',#11979,1000.);
#7288=VECTOR('',#11982,1000.);
#7289=VECTOR('',#11983,1000.);
#7290=VECTOR('',#11986,1000.);
#7291=VECTOR('',#11987,1000.);
#7292=VECTOR('',#11990,1000.);
#7293=VECTOR('',#11991,1000.);
#7294=VECTOR('',#11992,1000.);
#7295=VECTOR('',#11995,1000.);
#7296=VECTOR('',#11996,1000.);
#7297=VECTOR('',#11999,1000.);
#7298=VECTOR('',#12000,1000.);
#7299=VECTOR('',#12003,1000.);
#7300=VECTOR('',#12004,1000.);
#7301=VECTOR('',#12005,1000.);
#7302=VECTOR('',#12008,1000.);
#7303=VECTOR('',#12009,1000.);
#7304=VECTOR('',#12012,1000.);
#7305=VECTOR('',#12013,1000.);
#7306=VECTOR('',#12016,1000.);
#7307=VECTOR('',#12017,1000.);
#7308=VECTOR('',#12018,1000.);
#7309=VECTOR('',#12021,1000.);
#7310=VECTOR('',#12022,1000.);
#7311=VECTOR('',#12025,1000.);
#7312=VECTOR('',#12026,1000.);
#7313=VECTOR('',#12029,1000.);
#7314=VECTOR('',#12030,1000.);
#7315=VECTOR('',#12035,1000.);
#7316=VECTOR('',#12040,1000.);
#7317=VECTOR('',#12041,1000.);
#7318=VECTOR('',#12044,1000.);
#7319=VECTOR('',#12045,1000.);
#7320=VECTOR('',#12046,1000.);
#7321=VECTOR('',#12049,1000.);
#7322=VECTOR('',#12050,1000.);
#7323=VECTOR('',#12053,1000.);
#7324=VECTOR('',#12054,1000.);
#7325=VECTOR('',#12057,1000.);
#7326=VECTOR('',#12058,1000.);
#7327=VECTOR('',#12059,1000.);
#7328=VECTOR('',#12060,1000.);
#7329=VECTOR('',#12061,1000.);
#7330=VECTOR('',#12062,1000.);
#7331=VECTOR('',#12063,1000.);
#7332=VECTOR('',#12064,1000.);
#7333=VECTOR('',#12065,1000.);
#7334=VECTOR('',#12066,1000.);
#7335=VECTOR('',#12067,1000.);
#7336=VECTOR('',#12068,1000.);
#7337=VECTOR('',#12075,1000.);
#7338=VECTOR('',#12076,1000.);
#7339=VECTOR('',#12077,1000.);
#7340=VECTOR('',#12078,1000.);
#7341=VECTOR('',#12081,1000.);
#7342=VECTOR('',#12084,1000.);
#7343=VECTOR('',#12085,1000.);
#7344=VECTOR('',#12086,1000.);
#7345=VECTOR('',#12089,1000.);
#7346=VECTOR('',#12092,1000.);
#7347=VECTOR('',#12093,1000.);
#7348=VECTOR('',#12094,1000.);
#7349=VECTOR('',#12097,1000.);
#7350=VECTOR('',#12100,1000.);
#7351=VECTOR('',#12103,1000.);
#7352=VECTOR('',#12104,1000.);
#7353=VECTOR('',#12107,1000.);
#7354=VECTOR('',#12108,1000.);
#7355=VECTOR('',#12111,1000.);
#7356=VECTOR('',#12112,1000.);
#7357=VECTOR('',#12113,1000.);
#7358=VECTOR('',#12114,1000.);
#7359=VECTOR('',#12117,1000.);
#7360=VECTOR('',#12118,1000.);
#7361=VECTOR('',#12121,1000.);
#7362=VECTOR('',#12122,1000.);
#7363=VECTOR('',#12123,1000.);
#7364=VECTOR('',#12124,1000.);
#7365=VECTOR('',#12127,1000.);
#7366=VECTOR('',#12128,1000.);
#7367=VECTOR('',#12131,1000.);
#7368=VECTOR('',#12134,1000.);
#7369=VECTOR('',#12139,1000.);
#7370=VECTOR('',#12140,1000.);
#7371=VECTOR('',#12143,1000.);
#7372=VECTOR('',#12146,1000.);
#7373=EDGE_LOOP('',(#192,#193,#194,#195,#196));
#7374=EDGE_LOOP('',(#197,#198,#199,#200));
#7375=EDGE_LOOP('',(#201,#202,#203,#204));
#7376=EDGE_LOOP('',(#205,#206,#207,#208));
#7377=EDGE_LOOP('',(#209,#210,#211,#212));
#7378=EDGE_LOOP('',(#213,#214,#215,#216));
#7379=EDGE_LOOP('',(#217,#218,#219,#220));
#7380=EDGE_LOOP('',(#221,#222,#223,#224,#225,#226));
#7381=EDGE_LOOP('',(#227,#228,#229,#230));
#7382=EDGE_LOOP('',(#231,#232,#233,#234));
#7383=EDGE_LOOP('',(#235,#236,#237,#238));
#7384=EDGE_LOOP('',(#239,#240,#241,#242));
#7385=EDGE_LOOP('',(#243,#244,#245,#246));
#7386=EDGE_LOOP('',(#247,#248,#249,#250));
#7387=EDGE_LOOP('',(#251,#252,#253,#254));
#7388=EDGE_LOOP('',(#255,#256,#257,#258));
#7389=EDGE_LOOP('',(#259,#260,#261,#262));
#7390=EDGE_LOOP('',(#263,#264,#265,#266,#267));
#7391=EDGE_LOOP('',(#268,#269,#270,#271));
#7392=EDGE_LOOP('',(#272,#273,#274,#275));
#7393=EDGE_LOOP('',(#276,#277,#278,#279));
#7394=EDGE_LOOP('',(#280,#281,#282,#283));
#7395=EDGE_LOOP('',(#284,#285,#286,#287));
#7396=EDGE_LOOP('',(#288));
#7397=EDGE_LOOP('',(#289,#290,#291,#292,#293,#294,#295,#296,#297,#298,#299,
#300,#301,#302,#303,#304,#305,#306));
#7398=EDGE_LOOP('',(#307,#308,#309,#310,#311,#312,#313,#314));
#7399=EDGE_LOOP('',(#315,#316,#317,#318));
#7400=EDGE_LOOP('',(#319,#320,#321,#322,#323,#324,#325));
#7401=EDGE_LOOP('',(#326,#327,#328,#329));
#7402=EDGE_LOOP('',(#330,#331,#332,#333,#334,#335,#336));
#7403=EDGE_LOOP('',(#337,#338,#339,#340));
#7404=EDGE_LOOP('',(#341));
#7405=EDGE_LOOP('',(#342));
#7406=EDGE_LOOP('',(#343,#344,#345,#346));
#7407=EDGE_LOOP('',(#347));
#7408=EDGE_LOOP('',(#348,#349,#350,#351));
#7409=EDGE_LOOP('',(#352,#353,#354,#355,#356,#357,#358,#359,#360,#361));
#7410=EDGE_LOOP('',(#362,#363,#364,#365,#366,#367));
#7411=EDGE_LOOP('',(#368,#369,#370,#371,#372,#373));
#7412=EDGE_LOOP('',(#374,#375,#376,#377,#378,#379));
#7413=EDGE_LOOP('',(#380,#381,#382,#383));
#7414=EDGE_LOOP('',(#384,#385,#386,#387));
#7415=EDGE_LOOP('',(#388,#389,#390,#391));
#7416=EDGE_LOOP('',(#392,#393,#394,#395));
#7417=EDGE_LOOP('',(#396));
#7418=EDGE_LOOP('',(#397,#398,#399,#400));
#7419=EDGE_LOOP('',(#401,#402,#403,#404));
#7420=EDGE_LOOP('',(#405));
#7421=EDGE_LOOP('',(#406,#407,#408,#409));
#7422=EDGE_LOOP('',(#410,#411,#412,#413));
#7423=EDGE_LOOP('',(#414));
#7424=EDGE_LOOP('',(#415,#416,#417,#418));
#7425=EDGE_LOOP('',(#419,#420,#421,#422));
#7426=EDGE_LOOP('',(#423));
#7427=EDGE_LOOP('',(#424,#425,#426,#427));
#7428=EDGE_LOOP('',(#428,#429,#430,#431));
#7429=EDGE_LOOP('',(#432));
#7430=EDGE_LOOP('',(#433,#434,#435,#436));
#7431=EDGE_LOOP('',(#437,#438,#439,#440));
#7432=EDGE_LOOP('',(#441));
#7433=EDGE_LOOP('',(#442,#443,#444,#445));
#7434=EDGE_LOOP('',(#446,#447,#448,#449));
#7435=EDGE_LOOP('',(#450));
#7436=EDGE_LOOP('',(#451,#452,#453,#454));
#7437=EDGE_LOOP('',(#455,#456,#457,#458));
#7438=EDGE_LOOP('',(#459));
#7439=EDGE_LOOP('',(#460,#461,#462,#463));
#7440=EDGE_LOOP('',(#464,#465,#466,#467));
#7441=EDGE_LOOP('',(#468));
#7442=EDGE_LOOP('',(#469,#470,#471,#472));
#7443=EDGE_LOOP('',(#473,#474,#475,#476));
#7444=EDGE_LOOP('',(#477));
#7445=EDGE_LOOP('',(#478,#479,#480,#481));
#7446=EDGE_LOOP('',(#482));
#7447=EDGE_LOOP('',(#483));
#7448=EDGE_LOOP('',(#484,#485,#486,#487));
#7449=EDGE_LOOP('',(#488));
#7450=EDGE_LOOP('',(#489));
#7451=EDGE_LOOP('',(#490,#491,#492,#493));
#7452=EDGE_LOOP('',(#494));
#7453=EDGE_LOOP('',(#495));
#7454=EDGE_LOOP('',(#496,#497,#498,#499));
#7455=EDGE_LOOP('',(#500));
#7456=EDGE_LOOP('',(#501));
#7457=EDGE_LOOP('',(#502,#503,#504,#505));
#7458=EDGE_LOOP('',(#506));
#7459=EDGE_LOOP('',(#507));
#7460=EDGE_LOOP('',(#508,#509,#510,#511));
#7461=EDGE_LOOP('',(#512));
#7462=EDGE_LOOP('',(#513));
#7463=EDGE_LOOP('',(#514,#515,#516,#517));
#7464=EDGE_LOOP('',(#518));
#7465=EDGE_LOOP('',(#519));
#7466=EDGE_LOOP('',(#520,#521,#522,#523));
#7467=EDGE_LOOP('',(#524));
#7468=EDGE_LOOP('',(#525));
#7469=EDGE_LOOP('',(#526,#527,#528,#529));
#7470=EDGE_LOOP('',(#530));
#7471=EDGE_LOOP('',(#531));
#7472=EDGE_LOOP('',(#532,#533,#534,#535));
#7473=EDGE_LOOP('',(#536));
#7474=EDGE_LOOP('',(#537));
#7475=EDGE_LOOP('',(#538,#539,#540,#541));
#7476=EDGE_LOOP('',(#542,#543,#544,#545));
#7477=EDGE_LOOP('',(#546,#547,#548,#549,#550,#551,#552));
#7478=EDGE_LOOP('',(#553,#554,#555,#556));
#7479=EDGE_LOOP('',(#557,#558,#559,#560,#561,#562,#563));
#7480=EDGE_LOOP('',(#564,#565,#566,#567));
#7481=EDGE_LOOP('',(#568,#569,#570,#571));
#7482=EDGE_LOOP('',(#572,#573,#574,#575));
#7483=EDGE_LOOP('',(#576,#577,#578,#579,#580,#581,#582));
#7484=EDGE_LOOP('',(#583,#584,#585,#586));
#7485=EDGE_LOOP('',(#587,#588,#589,#590,#591,#592,#593));
#7486=EDGE_LOOP('',(#594,#595,#596,#597));
#7487=EDGE_LOOP('',(#598,#599,#600,#601));
#7488=EDGE_LOOP('',(#602,#603,#604,#605));
#7489=EDGE_LOOP('',(#606,#607,#608,#609,#610,#611,#612));
#7490=EDGE_LOOP('',(#613,#614,#615,#616));
#7491=EDGE_LOOP('',(#617,#618,#619,#620,#621,#622,#623));
#7492=EDGE_LOOP('',(#624,#625,#626,#627));
#7493=EDGE_LOOP('',(#628,#629,#630,#631));
#7494=EDGE_LOOP('',(#632,#633,#634,#635));
#7495=EDGE_LOOP('',(#636,#637,#638,#639,#640,#641,#642));
#7496=EDGE_LOOP('',(#643,#644,#645,#646));
#7497=EDGE_LOOP('',(#647,#648,#649,#650,#651,#652,#653));
#7498=EDGE_LOOP('',(#654,#655,#656,#657));
#7499=EDGE_LOOP('',(#658,#659,#660,#661));
#7500=EDGE_LOOP('',(#662,#663,#664,#665));
#7501=EDGE_LOOP('',(#666,#667,#668,#669,#670,#671,#672));
#7502=EDGE_LOOP('',(#673,#674,#675,#676));
#7503=EDGE_LOOP('',(#677,#678,#679,#680,#681,#682,#683));
#7504=EDGE_LOOP('',(#684,#685,#686,#687));
#7505=EDGE_LOOP('',(#688,#689,#690,#691));
#7506=EDGE_LOOP('',(#692,#693,#694,#695));
#7507=EDGE_LOOP('',(#696,#697,#698,#699,#700,#701,#702));
#7508=EDGE_LOOP('',(#703,#704,#705,#706));
#7509=EDGE_LOOP('',(#707,#708,#709,#710,#711,#712,#713));
#7510=EDGE_LOOP('',(#714,#715,#716,#717));
#7511=EDGE_LOOP('',(#718,#719,#720,#721));
#7512=EDGE_LOOP('',(#722,#723,#724,#725));
#7513=EDGE_LOOP('',(#726,#727,#728,#729,#730,#731,#732));
#7514=EDGE_LOOP('',(#733,#734,#735,#736));
#7515=EDGE_LOOP('',(#737,#738,#739,#740,#741,#742,#743));
#7516=EDGE_LOOP('',(#744,#745,#746,#747));
#7517=EDGE_LOOP('',(#748,#749,#750,#751));
#7518=EDGE_LOOP('',(#752,#753,#754,#755));
#7519=EDGE_LOOP('',(#756,#757,#758,#759,#760,#761,#762));
#7520=EDGE_LOOP('',(#763,#764,#765,#766));
#7521=EDGE_LOOP('',(#767,#768,#769,#770,#771,#772,#773));
#7522=EDGE_LOOP('',(#774,#775,#776,#777));
#7523=EDGE_LOOP('',(#778,#779,#780,#781));
#7524=EDGE_LOOP('',(#782,#783,#784,#785));
#7525=EDGE_LOOP('',(#786,#787,#788,#789,#790,#791,#792));
#7526=EDGE_LOOP('',(#793,#794,#795,#796));
#7527=EDGE_LOOP('',(#797,#798,#799,#800,#801,#802,#803));
#7528=EDGE_LOOP('',(#804,#805,#806,#807));
#7529=EDGE_LOOP('',(#808,#809,#810,#811));
#7530=EDGE_LOOP('',(#812,#813,#814,#815));
#7531=EDGE_LOOP('',(#816,#817,#818,#819,#820,#821,#822));
#7532=EDGE_LOOP('',(#823,#824,#825,#826));
#7533=EDGE_LOOP('',(#827,#828,#829,#830,#831,#832,#833));
#7534=EDGE_LOOP('',(#834,#835,#836,#837));
#7535=EDGE_LOOP('',(#838,#839,#840,#841));
#7536=EDGE_LOOP('',(#842,#843,#844,#845));
#7537=EDGE_LOOP('',(#846,#847,#848,#849));
#7538=EDGE_LOOP('',(#850,#851,#852,#853));
#7539=EDGE_LOOP('',(#854,#855,#856,#857));
#7540=EDGE_LOOP('',(#858,#859,#860,#861));
#7541=EDGE_LOOP('',(#862));
#7542=EDGE_LOOP('',(#863,#864,#865,#866,#867,#868,#869,#870,#871,#872,#873,
#874,#875,#876,#877,#878,#879,#880));
#7543=EDGE_LOOP('',(#881,#882,#883,#884));
#7544=EDGE_LOOP('',(#885,#886,#887,#888));
#7545=EDGE_LOOP('',(#889,#890,#891,#892));
#7546=EDGE_LOOP('',(#893,#894,#895,#896));
#7547=EDGE_LOOP('',(#897,#898,#899,#900));
#7548=EDGE_LOOP('',(#901,#902,#903,#904));
#7549=EDGE_LOOP('',(#905));
#7550=EDGE_LOOP('',(#906,#907,#908,#909,#910,#911,#912,#913,#914,#915,#916,
#917,#918,#919,#920,#921,#922,#923));
#7551=EDGE_LOOP('',(#924,#925,#926,#927));
#7552=EDGE_LOOP('',(#928,#929,#930,#931));
#7553=EDGE_LOOP('',(#932,#933,#934,#935));
#7554=EDGE_LOOP('',(#936,#937,#938,#939));
#7555=EDGE_LOOP('',(#940,#941,#942,#943));
#7556=EDGE_LOOP('',(#944,#945,#946,#947));
#7557=EDGE_LOOP('',(#948));
#7558=EDGE_LOOP('',(#949,#950,#951,#952,#953,#954,#955,#956,#957,#958,#959,
#960,#961,#962,#963,#964,#965,#966));
#7559=EDGE_LOOP('',(#967,#968,#969,#970));
#7560=EDGE_LOOP('',(#971,#972,#973,#974));
#7561=EDGE_LOOP('',(#975,#976,#977,#978));
#7562=EDGE_LOOP('',(#979,#980,#981,#982));
#7563=EDGE_LOOP('',(#983,#984,#985,#986));
#7564=EDGE_LOOP('',(#987,#988,#989,#990));
#7565=EDGE_LOOP('',(#991));
#7566=EDGE_LOOP('',(#992,#993,#994,#995,#996,#997,#998,#999,#1000,#1001,
#1002,#1003,#1004,#1005,#1006,#1007,#1008,#1009));
#7567=EDGE_LOOP('',(#1010,#1011,#1012,#1013));
#7568=EDGE_LOOP('',(#1014,#1015,#1016,#1017));
#7569=EDGE_LOOP('',(#1018,#1019,#1020,#1021));
#7570=EDGE_LOOP('',(#1022,#1023,#1024,#1025));
#7571=EDGE_LOOP('',(#1026,#1027,#1028,#1029));
#7572=EDGE_LOOP('',(#1030,#1031,#1032,#1033));
#7573=EDGE_LOOP('',(#1034));
#7574=EDGE_LOOP('',(#1035,#1036,#1037,#1038,#1039,#1040,#1041,#1042,#1043,
#1044,#1045,#1046,#1047,#1048,#1049,#1050,#1051,#1052));
#7575=EDGE_LOOP('',(#1053,#1054,#1055,#1056));
#7576=EDGE_LOOP('',(#1057,#1058,#1059,#1060));
#7577=EDGE_LOOP('',(#1061,#1062,#1063,#1064));
#7578=EDGE_LOOP('',(#1065,#1066,#1067,#1068));
#7579=EDGE_LOOP('',(#1069,#1070,#1071,#1072));
#7580=EDGE_LOOP('',(#1073,#1074,#1075,#1076));
#7581=EDGE_LOOP('',(#1077));
#7582=EDGE_LOOP('',(#1078,#1079,#1080,#1081,#1082,#1083,#1084,#1085,#1086,
#1087,#1088,#1089,#1090,#1091,#1092,#1093,#1094,#1095));
#7583=EDGE_LOOP('',(#1096,#1097,#1098,#1099));
#7584=EDGE_LOOP('',(#1100,#1101,#1102,#1103));
#7585=EDGE_LOOP('',(#1104,#1105,#1106,#1107));
#7586=EDGE_LOOP('',(#1108,#1109,#1110,#1111));
#7587=EDGE_LOOP('',(#1112,#1113,#1114,#1115));
#7588=EDGE_LOOP('',(#1116,#1117,#1118,#1119));
#7589=EDGE_LOOP('',(#1120));
#7590=EDGE_LOOP('',(#1121,#1122,#1123,#1124,#1125,#1126,#1127,#1128,#1129,
#1130,#1131,#1132,#1133,#1134,#1135,#1136,#1137,#1138));
#7591=EDGE_LOOP('',(#1139,#1140,#1141,#1142));
#7592=EDGE_LOOP('',(#1143,#1144,#1145,#1146));
#7593=EDGE_LOOP('',(#1147,#1148,#1149,#1150));
#7594=EDGE_LOOP('',(#1151,#1152,#1153,#1154));
#7595=EDGE_LOOP('',(#1155,#1156,#1157,#1158));
#7596=EDGE_LOOP('',(#1159,#1160,#1161,#1162));
#7597=EDGE_LOOP('',(#1163));
#7598=EDGE_LOOP('',(#1164,#1165,#1166,#1167,#1168,#1169,#1170,#1171,#1172,
#1173,#1174,#1175,#1176,#1177,#1178,#1179,#1180,#1181));
#7599=EDGE_LOOP('',(#1182,#1183,#1184,#1185));
#7600=EDGE_LOOP('',(#1186,#1187,#1188,#1189));
#7601=EDGE_LOOP('',(#1190,#1191,#1192,#1193));
#7602=EDGE_LOOP('',(#1194,#1195,#1196,#1197));
#7603=EDGE_LOOP('',(#1198,#1199,#1200,#1201));
#7604=EDGE_LOOP('',(#1202,#1203,#1204,#1205));
#7605=EDGE_LOOP('',(#1206,#1207,#1208,#1209));
#7606=EDGE_LOOP('',(#1210,#1211,#1212,#1213));
#7607=EDGE_LOOP('',(#1214));
#7608=EDGE_LOOP('',(#1215,#1216,#1217,#1218,#1219,#1220,#1221,#1222,#1223,
#1224,#1225,#1226,#1227,#1228,#1229,#1230,#1231,#1232));
#7609=EDGE_LOOP('',(#1233,#1234,#1235,#1236));
#7610=EDGE_LOOP('',(#1237,#1238,#1239,#1240));
#7611=EDGE_LOOP('',(#1241,#1242,#1243,#1244));
#7612=EDGE_LOOP('',(#1245,#1246,#1247,#1248));
#7613=EDGE_LOOP('',(#1249,#1250,#1251,#1252));
#7614=EDGE_LOOP('',(#1253,#1254,#1255,#1256));
#7615=EDGE_LOOP('',(#1257,#1258,#1259,#1260));
#7616=EDGE_LOOP('',(#1261,#1262,#1263,#1264));
#7617=EDGE_LOOP('',(#1265));
#7618=EDGE_LOOP('',(#1266,#1267,#1268,#1269,#1270,#1271,#1272,#1273,#1274,
#1275,#1276,#1277,#1278,#1279,#1280,#1281,#1282,#1283));
#7619=EDGE_LOOP('',(#1284,#1285,#1286,#1287));
#7620=EDGE_LOOP('',(#1288,#1289,#1290,#1291,#1292,#1293));
#7621=EDGE_LOOP('',(#1294,#1295,#1296,#1297));
#7622=EDGE_LOOP('',(#1298,#1299,#1300,#1301,#1302,#1303,#1304,#1305,#1306,
#1307));
#7623=EDGE_LOOP('',(#1308,#1309,#1310,#1311));
#7624=EDGE_LOOP('',(#1312,#1313,#1314,#1315,#1316,#1317));
#7625=EDGE_LOOP('',(#1318,#1319,#1320,#1321));
#7626=EDGE_LOOP('',(#1322,#1323,#1324,#1325,#1326,#1327,#1328,#1329,#1330,
#1331));
#7627=EDGE_LOOP('',(#1332,#1333,#1334,#1335));
#7628=EDGE_LOOP('',(#1336,#1337,#1338,#1339,#1340,#1341));
#7629=EDGE_LOOP('',(#1342,#1343,#1344,#1345));
#7630=EDGE_LOOP('',(#1346,#1347,#1348,#1349,#1350,#1351,#1352,#1353,#1354,
#1355));
#7631=EDGE_LOOP('',(#1356,#1357,#1358,#1359));
#7632=EDGE_LOOP('',(#1360,#1361,#1362,#1363,#1364,#1365));
#7633=EDGE_LOOP('',(#1366,#1367,#1368,#1369));
#7634=EDGE_LOOP('',(#1370,#1371,#1372,#1373,#1374,#1375,#1376,#1377,#1378,
#1379));
#7635=EDGE_LOOP('',(#1380,#1381,#1382,#1383));
#7636=EDGE_LOOP('',(#1384,#1385,#1386,#1387,#1388,#1389));
#7637=EDGE_LOOP('',(#1390,#1391,#1392,#1393));
#7638=EDGE_LOOP('',(#1394,#1395,#1396,#1397,#1398,#1399,#1400,#1401,#1402,
#1403));
#7639=EDGE_LOOP('',(#1404,#1405,#1406,#1407));
#7640=EDGE_LOOP('',(#1408,#1409,#1410,#1411,#1412,#1413));
#7641=EDGE_LOOP('',(#1414,#1415,#1416,#1417));
#7642=EDGE_LOOP('',(#1418,#1419,#1420,#1421,#1422,#1423,#1424,#1425,#1426,
#1427));
#7643=EDGE_LOOP('',(#1428,#1429,#1430,#1431));
#7644=EDGE_LOOP('',(#1432,#1433,#1434,#1435,#1436,#1437));
#7645=EDGE_LOOP('',(#1438,#1439,#1440,#1441));
#7646=EDGE_LOOP('',(#1442,#1443,#1444,#1445,#1446,#1447,#1448,#1449,#1450,
#1451));
#7647=EDGE_LOOP('',(#1452,#1453,#1454,#1455));
#7648=EDGE_LOOP('',(#1456,#1457,#1458,#1459,#1460,#1461));
#7649=EDGE_LOOP('',(#1462,#1463,#1464,#1465));
#7650=EDGE_LOOP('',(#1466,#1467,#1468,#1469,#1470,#1471,#1472,#1473,#1474,
#1475));
#7651=EDGE_LOOP('',(#1476,#1477,#1478,#1479));
#7652=EDGE_LOOP('',(#1480,#1481,#1482,#1483,#1484,#1485));
#7653=EDGE_LOOP('',(#1486,#1487,#1488,#1489));
#7654=EDGE_LOOP('',(#1490,#1491,#1492,#1493,#1494,#1495,#1496,#1497,#1498,
#1499));
#7655=EDGE_LOOP('',(#1500,#1501,#1502,#1503));
#7656=EDGE_LOOP('',(#1504,#1505,#1506,#1507));
#7657=EDGE_LOOP('',(#1508,#1509,#1510,#1511));
#7658=EDGE_LOOP('',(#1512,#1513,#1514,#1515));
#7659=EDGE_LOOP('',(#1516,#1517,#1518,#1519));
#7660=EDGE_LOOP('',(#1520,#1521,#1522,#1523));
#7661=EDGE_LOOP('',(#1524,#1525,#1526,#1527,#1528,#1529));
#7662=EDGE_LOOP('',(#1530,#1531,#1532,#1533));
#7663=EDGE_LOOP('',(#1534,#1535,#1536,#1537,#1538,#1539,#1540,#1541,#1542,
#1543));
#7664=EDGE_LOOP('',(#1544,#1545,#1546,#1547));
#7665=EDGE_LOOP('',(#1548,#1549,#1550,#1551));
#7666=EDGE_LOOP('',(#1552,#1553,#1554,#1555));
#7667=EDGE_LOOP('',(#1556,#1557,#1558,#1559));
#7668=EDGE_LOOP('',(#1560,#1561,#1562,#1563,#1564));
#7669=EDGE_LOOP('',(#1565,#1566,#1567,#1568));
#7670=EDGE_LOOP('',(#1569,#1570,#1571,#1572));
#7671=EDGE_LOOP('',(#1573,#1574,#1575,#1576));
#7672=EDGE_LOOP('',(#1577,#1578,#1579,#1580,#1581));
#7673=EDGE_LOOP('',(#1582,#1583,#1584,#1585));
#7674=EDGE_LOOP('',(#1586,#1587,#1588,#1589));
#7675=EDGE_LOOP('',(#1590,#1591,#1592,#1593));
#7676=EDGE_LOOP('',(#1594,#1595,#1596,#1597));
#7677=EDGE_LOOP('',(#1598,#1599,#1600,#1601,#1602,#1603,#1604,#1605));
#7678=EDGE_LOOP('',(#1606,#1607,#1608,#1609));
#7679=EDGE_LOOP('',(#1610,#1611,#1612,#1613));
#7680=EDGE_LOOP('',(#1614,#1615,#1616,#1617));
#7681=EDGE_LOOP('',(#1618,#1619,#1620,#1621));
#7682=EDGE_LOOP('',(#1622,#1623,#1624,#1625,#1626));
#7683=EDGE_LOOP('',(#1627,#1628,#1629,#1630));
#7684=EDGE_LOOP('',(#1631,#1632,#1633,#1634));
#7685=EDGE_LOOP('',(#1635,#1636,#1637,#1638));
#7686=EDGE_LOOP('',(#1639,#1640,#1641,#1642,#1643));
#7687=EDGE_LOOP('',(#1644,#1645,#1646,#1647));
#7688=EDGE_LOOP('',(#1648,#1649,#1650,#1651));
#7689=EDGE_LOOP('',(#1652,#1653,#1654,#1655));
#7690=EDGE_LOOP('',(#1656,#1657,#1658,#1659));
#7691=EDGE_LOOP('',(#1660,#1661,#1662,#1663,#1664,#1665,#1666,#1667));
#7692=EDGE_LOOP('',(#1668,#1669,#1670,#1671));
#7693=EDGE_LOOP('',(#1672,#1673,#1674,#1675));
#7694=EDGE_LOOP('',(#1676,#1677,#1678,#1679));
#7695=EDGE_LOOP('',(#1680,#1681,#1682,#1683));
#7696=EDGE_LOOP('',(#1684,#1685,#1686,#1687,#1688));
#7697=EDGE_LOOP('',(#1689,#1690,#1691,#1692));
#7698=EDGE_LOOP('',(#1693,#1694,#1695,#1696));
#7699=EDGE_LOOP('',(#1697,#1698,#1699,#1700));
#7700=EDGE_LOOP('',(#1701,#1702,#1703,#1704,#1705));
#7701=EDGE_LOOP('',(#1706,#1707,#1708,#1709));
#7702=EDGE_LOOP('',(#1710,#1711,#1712,#1713));
#7703=EDGE_LOOP('',(#1714,#1715,#1716,#1717));
#7704=EDGE_LOOP('',(#1718,#1719,#1720,#1721));
#7705=EDGE_LOOP('',(#1722,#1723,#1724,#1725,#1726,#1727,#1728,#1729));
#7706=EDGE_LOOP('',(#1730,#1731,#1732,#1733));
#7707=EDGE_LOOP('',(#1734,#1735,#1736,#1737));
#7708=EDGE_LOOP('',(#1738,#1739,#1740,#1741));
#7709=EDGE_LOOP('',(#1742,#1743,#1744,#1745));
#7710=EDGE_LOOP('',(#1746,#1747,#1748,#1749,#1750));
#7711=EDGE_LOOP('',(#1751,#1752,#1753,#1754));
#7712=EDGE_LOOP('',(#1755,#1756,#1757,#1758));
#7713=EDGE_LOOP('',(#1759,#1760,#1761,#1762));
#7714=EDGE_LOOP('',(#1763,#1764,#1765,#1766,#1767));
#7715=EDGE_LOOP('',(#1768,#1769,#1770,#1771));
#7716=EDGE_LOOP('',(#1772,#1773,#1774,#1775));
#7717=EDGE_LOOP('',(#1776,#1777,#1778,#1779));
#7718=EDGE_LOOP('',(#1780,#1781,#1782,#1783));
#7719=EDGE_LOOP('',(#1784,#1785,#1786,#1787,#1788,#1789,#1790,#1791));
#7720=EDGE_LOOP('',(#1792,#1793,#1794,#1795));
#7721=EDGE_LOOP('',(#1796,#1797,#1798,#1799));
#7722=EDGE_LOOP('',(#1800,#1801,#1802,#1803));
#7723=EDGE_LOOP('',(#1804,#1805,#1806,#1807));
#7724=EDGE_LOOP('',(#1808,#1809,#1810,#1811,#1812));
#7725=EDGE_LOOP('',(#1813,#1814,#1815,#1816));
#7726=EDGE_LOOP('',(#1817,#1818,#1819,#1820));
#7727=EDGE_LOOP('',(#1821,#1822,#1823,#1824));
#7728=EDGE_LOOP('',(#1825,#1826,#1827,#1828,#1829));
#7729=EDGE_LOOP('',(#1830,#1831,#1832,#1833));
#7730=EDGE_LOOP('',(#1834,#1835,#1836,#1837));
#7731=EDGE_LOOP('',(#1838,#1839,#1840,#1841));
#7732=EDGE_LOOP('',(#1842,#1843,#1844,#1845));
#7733=EDGE_LOOP('',(#1846,#1847,#1848,#1849,#1850,#1851,#1852,#1853));
#7734=EDGE_LOOP('',(#1854,#1855,#1856,#1857));
#7735=EDGE_LOOP('',(#1858,#1859,#1860,#1861));
#7736=EDGE_LOOP('',(#1862,#1863,#1864,#1865));
#7737=EDGE_LOOP('',(#1866,#1867,#1868,#1869));
#7738=EDGE_LOOP('',(#1870,#1871,#1872,#1873,#1874));
#7739=EDGE_LOOP('',(#1875,#1876,#1877,#1878));
#7740=EDGE_LOOP('',(#1879,#1880,#1881,#1882));
#7741=EDGE_LOOP('',(#1883,#1884,#1885,#1886));
#7742=EDGE_LOOP('',(#1887,#1888,#1889,#1890,#1891));
#7743=EDGE_LOOP('',(#1892,#1893,#1894,#1895));
#7744=EDGE_LOOP('',(#1896,#1897,#1898,#1899));
#7745=EDGE_LOOP('',(#1900,#1901,#1902,#1903));
#7746=EDGE_LOOP('',(#1904,#1905,#1906,#1907));
#7747=EDGE_LOOP('',(#1908,#1909,#1910,#1911,#1912,#1913,#1914,#1915));
#7748=EDGE_LOOP('',(#1916,#1917,#1918,#1919));
#7749=EDGE_LOOP('',(#1920,#1921,#1922,#1923));
#7750=EDGE_LOOP('',(#1924,#1925,#1926,#1927));
#7751=EDGE_LOOP('',(#1928,#1929,#1930,#1931));
#7752=EDGE_LOOP('',(#1932,#1933,#1934,#1935,#1936));
#7753=EDGE_LOOP('',(#1937,#1938,#1939,#1940));
#7754=EDGE_LOOP('',(#1941,#1942,#1943,#1944));
#7755=EDGE_LOOP('',(#1945,#1946,#1947,#1948));
#7756=EDGE_LOOP('',(#1949,#1950,#1951,#1952,#1953));
#7757=EDGE_LOOP('',(#1954,#1955,#1956,#1957));
#7758=EDGE_LOOP('',(#1958,#1959,#1960,#1961));
#7759=EDGE_LOOP('',(#1962,#1963,#1964,#1965));
#7760=EDGE_LOOP('',(#1966,#1967,#1968,#1969));
#7761=EDGE_LOOP('',(#1970,#1971,#1972,#1973,#1974,#1975,#1976,#1977));
#7762=EDGE_LOOP('',(#1978,#1979,#1980,#1981));
#7763=EDGE_LOOP('',(#1982,#1983,#1984,#1985));
#7764=EDGE_LOOP('',(#1986,#1987,#1988,#1989));
#7765=EDGE_LOOP('',(#1990,#1991,#1992,#1993,#1994));
#7766=EDGE_LOOP('',(#1995,#1996,#1997,#1998));
#7767=EDGE_LOOP('',(#1999,#2000,#2001,#2002));
#7768=EDGE_LOOP('',(#2003,#2004,#2005,#2006));
#7769=EDGE_LOOP('',(#2007,#2008,#2009,#2010));
#7770=EDGE_LOOP('',(#2011,#2012,#2013,#2014,#2015,#2016,#2017,#2018));
#7771=EDGE_LOOP('',(#2019,#2020,#2021,#2022));
#7772=EDGE_LOOP('',(#2023,#2024,#2025,#2026));
#7773=EDGE_LOOP('',(#2027,#2028,#2029,#2030));
#7774=EDGE_LOOP('',(#2031,#2032,#2033,#2034));
#7775=EDGE_LOOP('',(#2035,#2036,#2037,#2038,#2039));
#7776=EDGE_LOOP('',(#2040,#2041,#2042,#2043));
#7777=EDGE_LOOP('',(#2044,#2045,#2046,#2047,#2048));
#7778=EDGE_LOOP('',(#2049,#2050,#2051,#2052,#2053,#2054,#2055,#2056,#2057));
#7779=EDGE_LOOP('',(#2058,#2059,#2060,#2061));
#7780=EDGE_LOOP('',(#2062,#2063,#2064,#2065));
#7781=EDGE_LOOP('',(#2066,#2067,#2068,#2069));
#7782=EDGE_LOOP('',(#2070,#2071,#2072,#2073));
#7783=EDGE_LOOP('',(#2074,#2075,#2076,#2077));
#7784=EDGE_LOOP('',(#2078,#2079,#2080,#2081,#2082));
#7785=EDGE_LOOP('',(#2083,#2084,#2085,#2086));
#7786=EDGE_LOOP('',(#2087,#2088,#2089,#2090));
#7787=EDGE_LOOP('',(#2091,#2092,#2093,#2094));
#7788=EDGE_LOOP('',(#2095,#2096,#2097,#2098,#2099));
#7789=EDGE_LOOP('',(#2100,#2101,#2102,#2103));
#7790=EDGE_LOOP('',(#2104,#2105,#2106,#2107));
#7791=EDGE_LOOP('',(#2108,#2109,#2110,#2111));
#7792=EDGE_LOOP('',(#2112,#2113,#2114,#2115));
#7793=EDGE_LOOP('',(#2116,#2117,#2118,#2119,#2120,#2121,#2122,#2123));
#7794=EDGE_LOOP('',(#2124,#2125,#2126,#2127,#2128));
#7795=EDGE_LOOP('',(#2129,#2130,#2131,#2132));
#7796=EDGE_LOOP('',(#2133,#2134,#2135,#2136));
#7797=EDGE_LOOP('',(#2137,#2138,#2139,#2140));
#7798=EDGE_LOOP('',(#2141,#2142,#2143,#2144,#2145));
#7799=EDGE_LOOP('',(#2146,#2147,#2148,#2149));
#7800=EDGE_LOOP('',(#2150,#2151,#2152,#2153,#2154));
#7801=EDGE_LOOP('',(#2155,#2156,#2157,#2158,#2159,#2160,#2161,#2162,#2163));
#7802=EDGE_LOOP('',(#2164,#2165,#2166,#2167));
#7803=EDGE_LOOP('',(#2168,#2169,#2170,#2171));
#7804=EDGE_LOOP('',(#2172,#2173,#2174,#2175));
#7805=EDGE_LOOP('',(#2176,#2177,#2178,#2179));
#7806=EDGE_LOOP('',(#2180,#2181,#2182,#2183,#2184,#2185,#2186,#2187));
#7807=EDGE_LOOP('',(#2188,#2189,#2190,#2191));
#7808=EDGE_LOOP('',(#2192,#2193,#2194,#2195));
#7809=EDGE_LOOP('',(#2196,#2197,#2198,#2199));
#7810=EDGE_LOOP('',(#2200,#2201,#2202,#2203));
#7811=EDGE_LOOP('',(#2204,#2205,#2206,#2207));
#7812=EDGE_LOOP('',(#2208,#2209,#2210,#2211,#2212,#2213,#2214,#2215,#2216,
#2217,#2218,#2219,#2220,#2221,#2222,#2223,#2224,#2225));
#7813=EDGE_LOOP('',(#2226,#2227,#2228,#2229,#2230,#2231,#2232,#2233,#2234,
#2235,#2236,#2237,#2238,#2239));
#7814=EDGE_LOOP('',(#2240,#2241,#2242,#2243,#2244,#2245,#2246,#2247,#2248,
#2249,#2250,#2251,#2252,#2253,#2254,#2255,#2256,#2257));
#7815=EDGE_LOOP('',(#2258,#2259,#2260,#2261));
#7816=EDGE_LOOP('',(#2262,#2263,#2264,#2265,#2266,#2267,#2268,#2269,#2270,
#2271,#2272,#2273,#2274,#2275));
#7817=EDGE_LOOP('',(#2276,#2277,#2278,#2279,#2280,#2281,#2282,#2283,#2284,
#2285,#2286,#2287,#2288,#2289));
#7818=EDGE_LOOP('',(#2290,#2291,#2292,#2293,#2294,#2295,#2296,#2297,#2298,
#2299,#2300,#2301,#2302,#2303));
#7819=EDGE_LOOP('',(#2304,#2305,#2306,#2307,#2308,#2309,#2310,#2311,#2312,
#2313,#2314,#2315,#2316,#2317));
#7820=EDGE_LOOP('',(#2318,#2319,#2320,#2321,#2322,#2323,#2324,#2325,#2326,
#2327,#2328,#2329,#2330,#2331));
#7821=EDGE_LOOP('',(#2332,#2333,#2334,#2335,#2336,#2337,#2338,#2339,#2340,
#2341,#2342,#2343,#2344,#2345));
#7822=EDGE_LOOP('',(#2346,#2347,#2348,#2349,#2350,#2351,#2352,#2353,#2354,
#2355,#2356,#2357,#2358,#2359));
#7823=EDGE_LOOP('',(#2360,#2361,#2362,#2363,#2364,#2365,#2366,#2367,#2368,
#2369,#2370,#2371,#2372,#2373));
#7824=EDGE_LOOP('',(#2374,#2375,#2376,#2377));
#7825=EDGE_LOOP('',(#2378,#2379,#2380,#2381));
#7826=EDGE_LOOP('',(#2382,#2383,#2384,#2385));
#7827=EDGE_LOOP('',(#2386,#2387,#2388,#2389));
#7828=EDGE_LOOP('',(#2390,#2391,#2392,#2393));
#7829=EDGE_LOOP('',(#2394,#2395,#2396,#2397));
#7830=EDGE_LOOP('',(#2398,#2399,#2400,#2401));
#7831=EDGE_LOOP('',(#2402,#2403,#2404,#2405));
#7832=EDGE_LOOP('',(#2406,#2407,#2408,#2409));
#7833=EDGE_LOOP('',(#2410,#2411,#2412,#2413,#2414,#2415));
#7834=EDGE_LOOP('',(#2416,#2417,#2418,#2419,#2420,#2421));
#7835=EDGE_LOOP('',(#2422,#2423,#2424,#2425,#2426,#2427));
#7836=EDGE_LOOP('',(#2428,#2429,#2430,#2431,#2432,#2433));
#7837=EDGE_LOOP('',(#2434,#2435,#2436,#2437,#2438,#2439));
#7838=EDGE_LOOP('',(#2440,#2441,#2442,#2443,#2444,#2445));
#7839=EDGE_LOOP('',(#2446,#2447,#2448,#2449,#2450,#2451));
#7840=EDGE_LOOP('',(#2452,#2453,#2454,#2455,#2456,#2457));
#7841=EDGE_LOOP('',(#2458,#2459,#2460,#2461,#2462,#2463));
#7842=EDGE_LOOP('',(#2464,#2465,#2466,#2467,#2468,#2469));
#7843=EDGE_LOOP('',(#2470,#2471,#2472,#2473,#2474,#2475));
#7844=EDGE_LOOP('',(#2476,#2477,#2478,#2479,#2480,#2481));
#7845=EDGE_LOOP('',(#2482,#2483,#2484,#2485,#2486,#2487));
#7846=EDGE_LOOP('',(#2488,#2489,#2490,#2491,#2492,#2493));
#7847=EDGE_LOOP('',(#2494,#2495,#2496,#2497,#2498,#2499));
#7848=EDGE_LOOP('',(#2500,#2501,#2502,#2503,#2504,#2505));
#7849=EDGE_LOOP('',(#2506,#2507,#2508,#2509,#2510,#2511));
#7850=EDGE_LOOP('',(#2512,#2513,#2514,#2515,#2516,#2517));
#7851=EDGE_LOOP('',(#2518,#2519,#2520,#2521,#2522,#2523));
#7852=EDGE_LOOP('',(#2524,#2525,#2526,#2527,#2528,#2529));
#7853=EDGE_LOOP('',(#2530,#2531,#2532,#2533,#2534,#2535));
#7854=EDGE_LOOP('',(#2536,#2537,#2538,#2539,#2540,#2541));
#7855=EDGE_LOOP('',(#2542,#2543,#2544,#2545,#2546,#2547));
#7856=EDGE_LOOP('',(#2548,#2549,#2550,#2551,#2552,#2553));
#7857=EDGE_LOOP('',(#2554,#2555,#2556,#2557,#2558,#2559));
#7858=EDGE_LOOP('',(#2560,#2561,#2562,#2563,#2564,#2565));
#7859=EDGE_LOOP('',(#2566,#2567,#2568,#2569,#2570,#2571));
#7860=EDGE_LOOP('',(#2572,#2573,#2574,#2575,#2576,#2577,#2578,#2579,#2580,
#2581));
#7861=EDGE_LOOP('',(#2582,#2583,#2584,#2585));
#7862=EDGE_LOOP('',(#2586,#2587,#2588,#2589,#2590,#2591,#2592,#2593,#2594,
#2595));
#7863=EDGE_LOOP('',(#2596,#2597,#2598,#2599,#2600,#2601));
#7864=EDGE_LOOP('',(#2602,#2603,#2604,#2605,#2606,#2607));
#7865=EDGE_LOOP('',(#2608,#2609,#2610,#2611,#2612,#2613));
#7866=EDGE_LOOP('',(#2614,#2615,#2616,#2617,#2618,#2619,#2620,#2621,#2622,
#2623,#2624,#2625,#2626,#2627,#2628,#2629,#2630,#2631,#2632,#2633,#2634,
#2635,#2636,#2637,#2638,#2639,#2640,#2641,#2642,#2643,#2644,#2645,#2646,
#2647,#2648,#2649,#2650,#2651,#2652,#2653,#2654,#2655,#2656,#2657,#2658,
#2659,#2660,#2661));
#7867=EDGE_LOOP('',(#2662,#2663,#2664,#2665,#2666,#2667,#2668,#2669,#2670,
#2671,#2672,#2673,#2674,#2675,#2676,#2677,#2678,#2679,#2680,#2681,#2682,
#2683,#2684,#2685,#2686,#2687,#2688,#2689,#2690,#2691,#2692,#2693,#2694,
#2695,#2696,#2697,#2698,#2699,#2700,#2701,#2702,#2703,#2704,#2705,#2706,
#2707,#2708,#2709));
#7868=EDGE_LOOP('',(#2710,#2711,#2712,#2713));
#7869=EDGE_LOOP('',(#2714,#2715,#2716,#2717,#2718,#2719,#2720,#2721));
#7870=EDGE_LOOP('',(#2722,#2723,#2724,#2725));
#7871=EDGE_LOOP('',(#2726,#2727,#2728,#2729,#2730,#2731,#2732,#2733));
#7872=EDGE_LOOP('',(#2734,#2735,#2736,#2737));
#7873=EDGE_LOOP('',(#2738,#2739,#2740,#2741));
#7874=EDGE_LOOP('',(#2742,#2743,#2744,#2745));
#7875=EDGE_LOOP('',(#2746,#2747,#2748,#2749));
#7876=EDGE_LOOP('',(#2750,#2751,#2752,#2753));
#7877=EDGE_LOOP('',(#2754,#2755,#2756,#2757));
#7878=EDGE_LOOP('',(#2758,#2759,#2760,#2761));
#7879=EDGE_LOOP('',(#2762,#2763,#2764,#2765));
#7880=EDGE_LOOP('',(#2766,#2767,#2768,#2769));
#7881=EDGE_LOOP('',(#2770,#2771,#2772,#2773));
#7882=EDGE_LOOP('',(#2774,#2775,#2776,#2777));
#7883=EDGE_LOOP('',(#2778,#2779,#2780,#2781));
#7884=EDGE_LOOP('',(#2782,#2783,#2784,#2785));
#7885=EDGE_LOOP('',(#2786,#2787,#2788,#2789));
#7886=FACE_BOUND('',#7373,.T.);
#7887=FACE_BOUND('',#7374,.T.);
#7888=FACE_BOUND('',#7375,.T.);
#7889=FACE_BOUND('',#7376,.T.);
#7890=FACE_BOUND('',#7377,.T.);
#7891=FACE_BOUND('',#7378,.T.);
#7892=FACE_BOUND('',#7379,.T.);
#7893=FACE_BOUND('',#7380,.T.);
#7894=FACE_BOUND('',#7381,.T.);
#7895=FACE_BOUND('',#7382,.T.);
#7896=FACE_BOUND('',#7383,.T.);
#7897=FACE_BOUND('',#7384,.T.);
#7898=FACE_BOUND('',#7385,.T.);
#7899=FACE_BOUND('',#7386,.T.);
#7900=FACE_BOUND('',#7387,.T.);
#7901=FACE_BOUND('',#7388,.T.);
#7902=FACE_BOUND('',#7389,.T.);
#7903=FACE_BOUND('',#7390,.T.);
#7904=FACE_BOUND('',#7391,.T.);
#7905=FACE_BOUND('',#7392,.T.);
#7906=FACE_BOUND('',#7393,.T.);
#7907=FACE_BOUND('',#7394,.T.);
#7908=FACE_BOUND('',#7395,.T.);
#7909=FACE_BOUND('',#7396,.T.);
#7910=FACE_BOUND('',#7397,.T.);
#7911=FACE_BOUND('',#7398,.T.);
#7912=FACE_BOUND('',#7399,.T.);
#7913=FACE_BOUND('',#7400,.T.);
#7914=FACE_BOUND('',#7401,.T.);
#7915=FACE_BOUND('',#7402,.T.);
#7916=FACE_BOUND('',#7403,.T.);
#7917=FACE_BOUND('',#7404,.T.);
#7918=FACE_BOUND('',#7405,.T.);
#7919=FACE_BOUND('',#7406,.T.);
#7920=FACE_BOUND('',#7407,.T.);
#7921=FACE_BOUND('',#7408,.T.);
#7922=FACE_BOUND('',#7409,.T.);
#7923=FACE_BOUND('',#7410,.T.);
#7924=FACE_BOUND('',#7411,.T.);
#7925=FACE_BOUND('',#7412,.T.);
#7926=FACE_BOUND('',#7413,.T.);
#7927=FACE_BOUND('',#7414,.T.);
#7928=FACE_BOUND('',#7415,.T.);
#7929=FACE_BOUND('',#7416,.T.);
#7930=FACE_BOUND('',#7417,.T.);
#7931=FACE_BOUND('',#7418,.T.);
#7932=FACE_BOUND('',#7419,.T.);
#7933=FACE_BOUND('',#7420,.T.);
#7934=FACE_BOUND('',#7421,.T.);
#7935=FACE_BOUND('',#7422,.T.);
#7936=FACE_BOUND('',#7423,.T.);
#7937=FACE_BOUND('',#7424,.T.);
#7938=FACE_BOUND('',#7425,.T.);
#7939=FACE_BOUND('',#7426,.T.);
#7940=FACE_BOUND('',#7427,.T.);
#7941=FACE_BOUND('',#7428,.T.);
#7942=FACE_BOUND('',#7429,.T.);
#7943=FACE_BOUND('',#7430,.T.);
#7944=FACE_BOUND('',#7431,.T.);
#7945=FACE_BOUND('',#7432,.T.);
#7946=FACE_BOUND('',#7433,.T.);
#7947=FACE_BOUND('',#7434,.T.);
#7948=FACE_BOUND('',#7435,.T.);
#7949=FACE_BOUND('',#7436,.T.);
#7950=FACE_BOUND('',#7437,.T.);
#7951=FACE_BOUND('',#7438,.T.);
#7952=FACE_BOUND('',#7439,.T.);
#7953=FACE_BOUND('',#7440,.T.);
#7954=FACE_BOUND('',#7441,.T.);
#7955=FACE_BOUND('',#7442,.T.);
#7956=FACE_BOUND('',#7443,.T.);
#7957=FACE_BOUND('',#7444,.T.);
#7958=FACE_BOUND('',#7445,.T.);
#7959=FACE_BOUND('',#7446,.T.);
#7960=FACE_BOUND('',#7447,.T.);
#7961=FACE_BOUND('',#7448,.T.);
#7962=FACE_BOUND('',#7449,.T.);
#7963=FACE_BOUND('',#7450,.T.);
#7964=FACE_BOUND('',#7451,.T.);
#7965=FACE_BOUND('',#7452,.T.);
#7966=FACE_BOUND('',#7453,.T.);
#7967=FACE_BOUND('',#7454,.T.);
#7968=FACE_BOUND('',#7455,.T.);
#7969=FACE_BOUND('',#7456,.T.);
#7970=FACE_BOUND('',#7457,.T.);
#7971=FACE_BOUND('',#7458,.T.);
#7972=FACE_BOUND('',#7459,.T.);
#7973=FACE_BOUND('',#7460,.T.);
#7974=FACE_BOUND('',#7461,.T.);
#7975=FACE_BOUND('',#7462,.T.);
#7976=FACE_BOUND('',#7463,.T.);
#7977=FACE_BOUND('',#7464,.T.);
#7978=FACE_BOUND('',#7465,.T.);
#7979=FACE_BOUND('',#7466,.T.);
#7980=FACE_BOUND('',#7467,.T.);
#7981=FACE_BOUND('',#7468,.T.);
#7982=FACE_BOUND('',#7469,.T.);
#7983=FACE_BOUND('',#7470,.T.);
#7984=FACE_BOUND('',#7471,.T.);
#7985=FACE_BOUND('',#7472,.T.);
#7986=FACE_BOUND('',#7473,.T.);
#7987=FACE_BOUND('',#7474,.T.);
#7988=FACE_BOUND('',#7475,.T.);
#7989=FACE_BOUND('',#7476,.T.);
#7990=FACE_BOUND('',#7477,.T.);
#7991=FACE_BOUND('',#7478,.T.);
#7992=FACE_BOUND('',#7479,.T.);
#7993=FACE_BOUND('',#7480,.T.);
#7994=FACE_BOUND('',#7481,.T.);
#7995=FACE_BOUND('',#7482,.T.);
#7996=FACE_BOUND('',#7483,.T.);
#7997=FACE_BOUND('',#7484,.T.);
#7998=FACE_BOUND('',#7485,.T.);
#7999=FACE_BOUND('',#7486,.T.);
#8000=FACE_BOUND('',#7487,.T.);
#8001=FACE_BOUND('',#7488,.T.);
#8002=FACE_BOUND('',#7489,.T.);
#8003=FACE_BOUND('',#7490,.T.);
#8004=FACE_BOUND('',#7491,.T.);
#8005=FACE_BOUND('',#7492,.T.);
#8006=FACE_BOUND('',#7493,.T.);
#8007=FACE_BOUND('',#7494,.T.);
#8008=FACE_BOUND('',#7495,.T.);
#8009=FACE_BOUND('',#7496,.T.);
#8010=FACE_BOUND('',#7497,.T.);
#8011=FACE_BOUND('',#7498,.T.);
#8012=FACE_BOUND('',#7499,.T.);
#8013=FACE_BOUND('',#7500,.T.);
#8014=FACE_BOUND('',#7501,.T.);
#8015=FACE_BOUND('',#7502,.T.);
#8016=FACE_BOUND('',#7503,.T.);
#8017=FACE_BOUND('',#7504,.T.);
#8018=FACE_BOUND('',#7505,.T.);
#8019=FACE_BOUND('',#7506,.T.);
#8020=FACE_BOUND('',#7507,.T.);
#8021=FACE_BOUND('',#7508,.T.);
#8022=FACE_BOUND('',#7509,.T.);
#8023=FACE_BOUND('',#7510,.T.);
#8024=FACE_BOUND('',#7511,.T.);
#8025=FACE_BOUND('',#7512,.T.);
#8026=FACE_BOUND('',#7513,.T.);
#8027=FACE_BOUND('',#7514,.T.);
#8028=FACE_BOUND('',#7515,.T.);
#8029=FACE_BOUND('',#7516,.T.);
#8030=FACE_BOUND('',#7517,.T.);
#8031=FACE_BOUND('',#7518,.T.);
#8032=FACE_BOUND('',#7519,.T.);
#8033=FACE_BOUND('',#7520,.T.);
#8034=FACE_BOUND('',#7521,.T.);
#8035=FACE_BOUND('',#7522,.T.);
#8036=FACE_BOUND('',#7523,.T.);
#8037=FACE_BOUND('',#7524,.T.);
#8038=FACE_BOUND('',#7525,.T.);
#8039=FACE_BOUND('',#7526,.T.);
#8040=FACE_BOUND('',#7527,.T.);
#8041=FACE_BOUND('',#7528,.T.);
#8042=FACE_BOUND('',#7529,.T.);
#8043=FACE_BOUND('',#7530,.T.);
#8044=FACE_BOUND('',#7531,.T.);
#8045=FACE_BOUND('',#7532,.T.);
#8046=FACE_BOUND('',#7533,.T.);
#8047=FACE_BOUND('',#7534,.T.);
#8048=FACE_BOUND('',#7535,.T.);
#8049=FACE_BOUND('',#7536,.T.);
#8050=FACE_BOUND('',#7537,.T.);
#8051=FACE_BOUND('',#7538,.T.);
#8052=FACE_BOUND('',#7539,.T.);
#8053=FACE_BOUND('',#7540,.T.);
#8054=FACE_BOUND('',#7541,.T.);
#8055=FACE_BOUND('',#7542,.T.);
#8056=FACE_BOUND('',#7543,.T.);
#8057=FACE_BOUND('',#7544,.T.);
#8058=FACE_BOUND('',#7545,.T.);
#8059=FACE_BOUND('',#7546,.T.);
#8060=FACE_BOUND('',#7547,.T.);
#8061=FACE_BOUND('',#7548,.T.);
#8062=FACE_BOUND('',#7549,.T.);
#8063=FACE_BOUND('',#7550,.T.);
#8064=FACE_BOUND('',#7551,.T.);
#8065=FACE_BOUND('',#7552,.T.);
#8066=FACE_BOUND('',#7553,.T.);
#8067=FACE_BOUND('',#7554,.T.);
#8068=FACE_BOUND('',#7555,.T.);
#8069=FACE_BOUND('',#7556,.T.);
#8070=FACE_BOUND('',#7557,.T.);
#8071=FACE_BOUND('',#7558,.T.);
#8072=FACE_BOUND('',#7559,.T.);
#8073=FACE_BOUND('',#7560,.T.);
#8074=FACE_BOUND('',#7561,.T.);
#8075=FACE_BOUND('',#7562,.T.);
#8076=FACE_BOUND('',#7563,.T.);
#8077=FACE_BOUND('',#7564,.T.);
#8078=FACE_BOUND('',#7565,.T.);
#8079=FACE_BOUND('',#7566,.T.);
#8080=FACE_BOUND('',#7567,.T.);
#8081=FACE_BOUND('',#7568,.T.);
#8082=FACE_BOUND('',#7569,.T.);
#8083=FACE_BOUND('',#7570,.T.);
#8084=FACE_BOUND('',#7571,.T.);
#8085=FACE_BOUND('',#7572,.T.);
#8086=FACE_BOUND('',#7573,.T.);
#8087=FACE_BOUND('',#7574,.T.);
#8088=FACE_BOUND('',#7575,.T.);
#8089=FACE_BOUND('',#7576,.T.);
#8090=FACE_BOUND('',#7577,.T.);
#8091=FACE_BOUND('',#7578,.T.);
#8092=FACE_BOUND('',#7579,.T.);
#8093=FACE_BOUND('',#7580,.T.);
#8094=FACE_BOUND('',#7581,.T.);
#8095=FACE_BOUND('',#7582,.T.);
#8096=FACE_BOUND('',#7583,.T.);
#8097=FACE_BOUND('',#7584,.T.);
#8098=FACE_BOUND('',#7585,.T.);
#8099=FACE_BOUND('',#7586,.T.);
#8100=FACE_BOUND('',#7587,.T.);
#8101=FACE_BOUND('',#7588,.T.);
#8102=FACE_BOUND('',#7589,.T.);
#8103=FACE_BOUND('',#7590,.T.);
#8104=FACE_BOUND('',#7591,.T.);
#8105=FACE_BOUND('',#7592,.T.);
#8106=FACE_BOUND('',#7593,.T.);
#8107=FACE_BOUND('',#7594,.T.);
#8108=FACE_BOUND('',#7595,.T.);
#8109=FACE_BOUND('',#7596,.T.);
#8110=FACE_BOUND('',#7597,.T.);
#8111=FACE_BOUND('',#7598,.T.);
#8112=FACE_BOUND('',#7599,.T.);
#8113=FACE_BOUND('',#7600,.T.);
#8114=FACE_BOUND('',#7601,.T.);
#8115=FACE_BOUND('',#7602,.T.);
#8116=FACE_BOUND('',#7603,.T.);
#8117=FACE_BOUND('',#7604,.T.);
#8118=FACE_BOUND('',#7605,.T.);
#8119=FACE_BOUND('',#7606,.T.);
#8120=FACE_BOUND('',#7607,.T.);
#8121=FACE_BOUND('',#7608,.T.);
#8122=FACE_BOUND('',#7609,.T.);
#8123=FACE_BOUND('',#7610,.T.);
#8124=FACE_BOUND('',#7611,.T.);
#8125=FACE_BOUND('',#7612,.T.);
#8126=FACE_BOUND('',#7613,.T.);
#8127=FACE_BOUND('',#7614,.T.);
#8128=FACE_BOUND('',#7615,.T.);
#8129=FACE_BOUND('',#7616,.T.);
#8130=FACE_BOUND('',#7617,.T.);
#8131=FACE_BOUND('',#7618,.T.);
#8132=FACE_BOUND('',#7619,.T.);
#8133=FACE_BOUND('',#7620,.T.);
#8134=FACE_BOUND('',#7621,.T.);
#8135=FACE_BOUND('',#7622,.T.);
#8136=FACE_BOUND('',#7623,.T.);
#8137=FACE_BOUND('',#7624,.T.);
#8138=FACE_BOUND('',#7625,.T.);
#8139=FACE_BOUND('',#7626,.T.);
#8140=FACE_BOUND('',#7627,.T.);
#8141=FACE_BOUND('',#7628,.T.);
#8142=FACE_BOUND('',#7629,.T.);
#8143=FACE_BOUND('',#7630,.T.);
#8144=FACE_BOUND('',#7631,.T.);
#8145=FACE_BOUND('',#7632,.T.);
#8146=FACE_BOUND('',#7633,.T.);
#8147=FACE_BOUND('',#7634,.T.);
#8148=FACE_BOUND('',#7635,.T.);
#8149=FACE_BOUND('',#7636,.T.);
#8150=FACE_BOUND('',#7637,.T.);
#8151=FACE_BOUND('',#7638,.T.);
#8152=FACE_BOUND('',#7639,.T.);
#8153=FACE_BOUND('',#7640,.T.);
#8154=FACE_BOUND('',#7641,.T.);
#8155=FACE_BOUND('',#7642,.T.);
#8156=FACE_BOUND('',#7643,.T.);
#8157=FACE_BOUND('',#7644,.T.);
#8158=FACE_BOUND('',#7645,.T.);
#8159=FACE_BOUND('',#7646,.T.);
#8160=FACE_BOUND('',#7647,.T.);
#8161=FACE_BOUND('',#7648,.T.);
#8162=FACE_BOUND('',#7649,.T.);
#8163=FACE_BOUND('',#7650,.T.);
#8164=FACE_BOUND('',#7651,.T.);
#8165=FACE_BOUND('',#7652,.T.);
#8166=FACE_BOUND('',#7653,.T.);
#8167=FACE_BOUND('',#7654,.T.);
#8168=FACE_BOUND('',#7655,.T.);
#8169=FACE_BOUND('',#7656,.T.);
#8170=FACE_BOUND('',#7657,.T.);
#8171=FACE_BOUND('',#7658,.T.);
#8172=FACE_BOUND('',#7659,.T.);
#8173=FACE_BOUND('',#7660,.T.);
#8174=FACE_BOUND('',#7661,.T.);
#8175=FACE_BOUND('',#7662,.T.);
#8176=FACE_BOUND('',#7663,.T.);
#8177=FACE_BOUND('',#7664,.T.);
#8178=FACE_BOUND('',#7665,.T.);
#8179=FACE_BOUND('',#7666,.T.);
#8180=FACE_BOUND('',#7667,.T.);
#8181=FACE_BOUND('',#7668,.T.);
#8182=FACE_BOUND('',#7669,.T.);
#8183=FACE_BOUND('',#7670,.T.);
#8184=FACE_BOUND('',#7671,.T.);
#8185=FACE_BOUND('',#7672,.T.);
#8186=FACE_BOUND('',#7673,.T.);
#8187=FACE_BOUND('',#7674,.T.);
#8188=FACE_BOUND('',#7675,.T.);
#8189=FACE_BOUND('',#7676,.T.);
#8190=FACE_BOUND('',#7677,.T.);
#8191=FACE_BOUND('',#7678,.T.);
#8192=FACE_BOUND('',#7679,.T.);
#8193=FACE_BOUND('',#7680,.T.);
#8194=FACE_BOUND('',#7681,.T.);
#8195=FACE_BOUND('',#7682,.T.);
#8196=FACE_BOUND('',#7683,.T.);
#8197=FACE_BOUND('',#7684,.T.);
#8198=FACE_BOUND('',#7685,.T.);
#8199=FACE_BOUND('',#7686,.T.);
#8200=FACE_BOUND('',#7687,.T.);
#8201=FACE_BOUND('',#7688,.T.);
#8202=FACE_BOUND('',#7689,.T.);
#8203=FACE_BOUND('',#7690,.T.);
#8204=FACE_BOUND('',#7691,.T.);
#8205=FACE_BOUND('',#7692,.T.);
#8206=FACE_BOUND('',#7693,.T.);
#8207=FACE_BOUND('',#7694,.T.);
#8208=FACE_BOUND('',#7695,.T.);
#8209=FACE_BOUND('',#7696,.T.);
#8210=FACE_BOUND('',#7697,.T.);
#8211=FACE_BOUND('',#7698,.T.);
#8212=FACE_BOUND('',#7699,.T.);
#8213=FACE_BOUND('',#7700,.T.);
#8214=FACE_BOUND('',#7701,.T.);
#8215=FACE_BOUND('',#7702,.T.);
#8216=FACE_BOUND('',#7703,.T.);
#8217=FACE_BOUND('',#7704,.T.);
#8218=FACE_BOUND('',#7705,.T.);
#8219=FACE_BOUND('',#7706,.T.);
#8220=FACE_BOUND('',#7707,.T.);
#8221=FACE_BOUND('',#7708,.T.);
#8222=FACE_BOUND('',#7709,.T.);
#8223=FACE_BOUND('',#7710,.T.);
#8224=FACE_BOUND('',#7711,.T.);
#8225=FACE_BOUND('',#7712,.T.);
#8226=FACE_BOUND('',#7713,.T.);
#8227=FACE_BOUND('',#7714,.T.);
#8228=FACE_BOUND('',#7715,.T.);
#8229=FACE_BOUND('',#7716,.T.);
#8230=FACE_BOUND('',#7717,.T.);
#8231=FACE_BOUND('',#7718,.T.);
#8232=FACE_BOUND('',#7719,.T.);
#8233=FACE_BOUND('',#7720,.T.);
#8234=FACE_BOUND('',#7721,.T.);
#8235=FACE_BOUND('',#7722,.T.);
#8236=FACE_BOUND('',#7723,.T.);
#8237=FACE_BOUND('',#7724,.T.);
#8238=FACE_BOUND('',#7725,.T.);
#8239=FACE_BOUND('',#7726,.T.);
#8240=FACE_BOUND('',#7727,.T.);
#8241=FACE_BOUND('',#7728,.T.);
#8242=FACE_BOUND('',#7729,.T.);
#8243=FACE_BOUND('',#7730,.T.);
#8244=FACE_BOUND('',#7731,.T.);
#8245=FACE_BOUND('',#7732,.T.);
#8246=FACE_BOUND('',#7733,.T.);
#8247=FACE_BOUND('',#7734,.T.);
#8248=FACE_BOUND('',#7735,.T.);
#8249=FACE_BOUND('',#7736,.T.);
#8250=FACE_BOUND('',#7737,.T.);
#8251=FACE_BOUND('',#7738,.T.);
#8252=FACE_BOUND('',#7739,.T.);
#8253=FACE_BOUND('',#7740,.T.);
#8254=FACE_BOUND('',#7741,.T.);
#8255=FACE_BOUND('',#7742,.T.);
#8256=FACE_BOUND('',#7743,.T.);
#8257=FACE_BOUND('',#7744,.T.);
#8258=FACE_BOUND('',#7745,.T.);
#8259=FACE_BOUND('',#7746,.T.);
#8260=FACE_BOUND('',#7747,.T.);
#8261=FACE_BOUND('',#7748,.T.);
#8262=FACE_BOUND('',#7749,.T.);
#8263=FACE_BOUND('',#7750,.T.);
#8264=FACE_BOUND('',#7751,.T.);
#8265=FACE_BOUND('',#7752,.T.);
#8266=FACE_BOUND('',#7753,.T.);
#8267=FACE_BOUND('',#7754,.T.);
#8268=FACE_BOUND('',#7755,.T.);
#8269=FACE_BOUND('',#7756,.T.);
#8270=FACE_BOUND('',#7757,.T.);
#8271=FACE_BOUND('',#7758,.T.);
#8272=FACE_BOUND('',#7759,.T.);
#8273=FACE_BOUND('',#7760,.T.);
#8274=FACE_BOUND('',#7761,.T.);
#8275=FACE_BOUND('',#7762,.T.);
#8276=FACE_BOUND('',#7763,.T.);
#8277=FACE_BOUND('',#7764,.T.);
#8278=FACE_BOUND('',#7765,.T.);
#8279=FACE_BOUND('',#7766,.T.);
#8280=FACE_BOUND('',#7767,.T.);
#8281=FACE_BOUND('',#7768,.T.);
#8282=FACE_BOUND('',#7769,.T.);
#8283=FACE_BOUND('',#7770,.T.);
#8284=FACE_BOUND('',#7771,.T.);
#8285=FACE_BOUND('',#7772,.T.);
#8286=FACE_BOUND('',#7773,.T.);
#8287=FACE_BOUND('',#7774,.T.);
#8288=FACE_BOUND('',#7775,.T.);
#8289=FACE_BOUND('',#7776,.T.);
#8290=FACE_BOUND('',#7777,.T.);
#8291=FACE_BOUND('',#7778,.T.);
#8292=FACE_BOUND('',#7779,.T.);
#8293=FACE_BOUND('',#7780,.T.);
#8294=FACE_BOUND('',#7781,.T.);
#8295=FACE_BOUND('',#7782,.T.);
#8296=FACE_BOUND('',#7783,.T.);
#8297=FACE_BOUND('',#7784,.T.);
#8298=FACE_BOUND('',#7785,.T.);
#8299=FACE_BOUND('',#7786,.T.);
#8300=FACE_BOUND('',#7787,.T.);
#8301=FACE_BOUND('',#7788,.T.);
#8302=FACE_BOUND('',#7789,.T.);
#8303=FACE_BOUND('',#7790,.T.);
#8304=FACE_BOUND('',#7791,.T.);
#8305=FACE_BOUND('',#7792,.T.);
#8306=FACE_BOUND('',#7793,.T.);
#8307=FACE_BOUND('',#7794,.T.);
#8308=FACE_BOUND('',#7795,.T.);
#8309=FACE_BOUND('',#7796,.T.);
#8310=FACE_BOUND('',#7797,.T.);
#8311=FACE_BOUND('',#7798,.T.);
#8312=FACE_BOUND('',#7799,.T.);
#8313=FACE_BOUND('',#7800,.T.);
#8314=FACE_BOUND('',#7801,.T.);
#8315=FACE_BOUND('',#7802,.T.);
#8316=FACE_BOUND('',#7803,.T.);
#8317=FACE_BOUND('',#7804,.T.);
#8318=FACE_BOUND('',#7805,.T.);
#8319=FACE_BOUND('',#7806,.T.);
#8320=FACE_BOUND('',#7807,.T.);
#8321=FACE_BOUND('',#7808,.T.);
#8322=FACE_BOUND('',#7809,.T.);
#8323=FACE_BOUND('',#7810,.T.);
#8324=FACE_BOUND('',#7811,.T.);
#8325=FACE_BOUND('',#7812,.T.);
#8326=FACE_BOUND('',#7813,.T.);
#8327=FACE_BOUND('',#7814,.T.);
#8328=FACE_BOUND('',#7815,.T.);
#8329=FACE_BOUND('',#7816,.T.);
#8330=FACE_BOUND('',#7817,.T.);
#8331=FACE_BOUND('',#7818,.T.);
#8332=FACE_BOUND('',#7819,.T.);
#8333=FACE_BOUND('',#7820,.T.);
#8334=FACE_BOUND('',#7821,.T.);
#8335=FACE_BOUND('',#7822,.T.);
#8336=FACE_BOUND('',#7823,.T.);
#8337=FACE_BOUND('',#7824,.T.);
#8338=FACE_BOUND('',#7825,.T.);
#8339=FACE_BOUND('',#7826,.T.);
#8340=FACE_BOUND('',#7827,.T.);
#8341=FACE_BOUND('',#7828,.T.);
#8342=FACE_BOUND('',#7829,.T.);
#8343=FACE_BOUND('',#7830,.T.);
#8344=FACE_BOUND('',#7831,.T.);
#8345=FACE_BOUND('',#7832,.T.);
#8346=FACE_BOUND('',#7833,.T.);
#8347=FACE_BOUND('',#7834,.T.);
#8348=FACE_BOUND('',#7835,.T.);
#8349=FACE_BOUND('',#7836,.T.);
#8350=FACE_BOUND('',#7837,.T.);
#8351=FACE_BOUND('',#7838,.T.);
#8352=FACE_BOUND('',#7839,.T.);
#8353=FACE_BOUND('',#7840,.T.);
#8354=FACE_BOUND('',#7841,.T.);
#8355=FACE_BOUND('',#7842,.T.);
#8356=FACE_BOUND('',#7843,.T.);
#8357=FACE_BOUND('',#7844,.T.);
#8358=FACE_BOUND('',#7845,.T.);
#8359=FACE_BOUND('',#7846,.T.);
#8360=FACE_BOUND('',#7847,.T.);
#8361=FACE_BOUND('',#7848,.T.);
#8362=FACE_BOUND('',#7849,.T.);
#8363=FACE_BOUND('',#7850,.T.);
#8364=FACE_BOUND('',#7851,.T.);
#8365=FACE_BOUND('',#7852,.T.);
#8366=FACE_BOUND('',#7853,.T.);
#8367=FACE_BOUND('',#7854,.T.);
#8368=FACE_BOUND('',#7855,.T.);
#8369=FACE_BOUND('',#7856,.T.);
#8370=FACE_BOUND('',#7857,.T.);
#8371=FACE_BOUND('',#7858,.T.);
#8372=FACE_BOUND('',#7859,.T.);
#8373=FACE_BOUND('',#7860,.T.);
#8374=FACE_BOUND('',#7861,.T.);
#8375=FACE_BOUND('',#7862,.T.);
#8376=FACE_BOUND('',#7863,.T.);
#8377=FACE_BOUND('',#7864,.T.);
#8378=FACE_BOUND('',#7865,.T.);
#8379=FACE_BOUND('',#7866,.T.);
#8380=FACE_BOUND('',#7867,.T.);
#8381=FACE_BOUND('',#7868,.T.);
#8382=FACE_BOUND('',#7869,.T.);
#8383=FACE_BOUND('',#7870,.T.);
#8384=FACE_BOUND('',#7871,.T.);
#8385=FACE_BOUND('',#7872,.T.);
#8386=FACE_BOUND('',#7873,.T.);
#8387=FACE_BOUND('',#7874,.T.);
#8388=FACE_BOUND('',#7875,.T.);
#8389=FACE_BOUND('',#7876,.T.);
#8390=FACE_BOUND('',#7877,.T.);
#8391=FACE_BOUND('',#7878,.T.);
#8392=FACE_BOUND('',#7879,.T.);
#8393=FACE_BOUND('',#7880,.T.);
#8394=FACE_BOUND('',#7881,.T.);
#8395=FACE_BOUND('',#7882,.T.);
#8396=FACE_BOUND('',#7883,.T.);
#8397=FACE_BOUND('',#7884,.T.);
#8398=FACE_BOUND('',#7885,.T.);
#8399=PLANE('',#9327);
#8400=PLANE('',#9331);
#8401=PLANE('',#9334);
#8402=PLANE('',#9335);
#8403=PLANE('',#9336);
#8404=PLANE('',#9337);
#8405=PLANE('',#9338);
#8406=PLANE('',#9339);
#8407=PLANE('',#9340);
#8408=PLANE('',#9341);
#8409=PLANE('',#9342);
#8410=PLANE('',#9343);
#8411=PLANE('',#9344);
#8412=PLANE('',#9345);
#8413=PLANE('',#9346);
#8414=PLANE('',#9347);
#8415=PLANE('',#9348);
#8416=PLANE('',#9349);
#8417=PLANE('',#9350);
#8418=PLANE('',#9351);
#8419=PLANE('',#9352);
#8420=PLANE('',#9353);
#8421=PLANE('',#9355);
#8422=PLANE('',#9356);
#8423=PLANE('',#9357);
#8424=PLANE('',#9358);
#8425=PLANE('',#9359);
#8426=PLANE('',#9360);
#8427=PLANE('',#9363);
#8428=PLANE('',#9364);
#8429=PLANE('',#9365);
#8430=PLANE('',#9366);
#8431=PLANE('',#9367);
#8432=PLANE('',#9368);
#8433=PLANE('',#9369);
#8434=PLANE('',#9370);
#8435=PLANE('',#9371);
#8436=PLANE('',#9372);
#8437=PLANE('',#9374);
#8438=PLANE('',#9375);
#8439=PLANE('',#9377);
#8440=PLANE('',#9378);
#8441=PLANE('',#9380);
#8442=PLANE('',#9381);
#8443=PLANE('',#9383);
#8444=PLANE('',#9384);
#8445=PLANE('',#9386);
#8446=PLANE('',#9387);
#8447=PLANE('',#9389);
#8448=PLANE('',#9390);
#8449=PLANE('',#9392);
#8450=PLANE('',#9393);
#8451=PLANE('',#9395);
#8452=PLANE('',#9396);
#8453=PLANE('',#9398);
#8454=PLANE('',#9399);
#8455=PLANE('',#9401);
#8456=PLANE('',#9404);
#8457=PLANE('',#9407);
#8458=PLANE('',#9410);
#8459=PLANE('',#9413);
#8460=PLANE('',#9416);
#8461=PLANE('',#9419);
#8462=PLANE('',#9422);
#8463=PLANE('',#9425);
#8464=PLANE('',#9428);
#8465=PLANE('',#9431);
#8466=PLANE('',#9432);
#8467=PLANE('',#9433);
#8468=PLANE('',#9434);
#8469=PLANE('',#9435);
#8470=PLANE('',#9436);
#8471=PLANE('',#9437);
#8472=PLANE('',#9438);
#8473=PLANE('',#9439);
#8474=PLANE('',#9440);
#8475=PLANE('',#9441);
#8476=PLANE('',#9442);
#8477=PLANE('',#9443);
#8478=PLANE('',#9444);
#8479=PLANE('',#9445);
#8480=PLANE('',#9446);
#8481=PLANE('',#9447);
#8482=PLANE('',#9448);
#8483=PLANE('',#9449);
#8484=PLANE('',#9450);
#8485=PLANE('',#9451);
#8486=PLANE('',#9452);
#8487=PLANE('',#9453);
#8488=PLANE('',#9454);
#8489=PLANE('',#9455);
#8490=PLANE('',#9456);
#8491=PLANE('',#9457);
#8492=PLANE('',#9458);
#8493=PLANE('',#9459);
#8494=PLANE('',#9460);
#8495=PLANE('',#9461);
#8496=PLANE('',#9462);
#8497=PLANE('',#9463);
#8498=PLANE('',#9464);
#8499=PLANE('',#9465);
#8500=PLANE('',#9466);
#8501=PLANE('',#9467);
#8502=PLANE('',#9468);
#8503=PLANE('',#9469);
#8504=PLANE('',#9470);
#8505=PLANE('',#9471);
#8506=PLANE('',#9472);
#8507=PLANE('',#9473);
#8508=PLANE('',#9474);
#8509=PLANE('',#9475);
#8510=PLANE('',#9476);
#8511=PLANE('',#9477);
#8512=PLANE('',#9478);
#8513=PLANE('',#9479);
#8514=PLANE('',#9480);
#8515=PLANE('',#9481);
#8516=PLANE('',#9482);
#8517=PLANE('',#9483);
#8518=PLANE('',#9484);
#8519=PLANE('',#9485);
#8520=PLANE('',#9486);
#8521=PLANE('',#9487);
#8522=PLANE('',#9488);
#8523=PLANE('',#9489);
#8524=PLANE('',#9490);
#8525=PLANE('',#9491);
#8526=PLANE('',#9495);
#8527=PLANE('',#9496);
#8528=PLANE('',#9497);
#8529=PLANE('',#9498);
#8530=PLANE('',#9499);
#8531=PLANE('',#9500);
#8532=PLANE('',#9504);
#8533=PLANE('',#9505);
#8534=PLANE('',#9506);
#8535=PLANE('',#9507);
#8536=PLANE('',#9508);
#8537=PLANE('',#9509);
#8538=PLANE('',#9513);
#8539=PLANE('',#9514);
#8540=PLANE('',#9515);
#8541=PLANE('',#9516);
#8542=PLANE('',#9517);
#8543=PLANE('',#9518);
#8544=PLANE('',#9522);
#8545=PLANE('',#9523);
#8546=PLANE('',#9524);
#8547=PLANE('',#9525);
#8548=PLANE('',#9526);
#8549=PLANE('',#9527);
#8550=PLANE('',#9531);
#8551=PLANE('',#9532);
#8552=PLANE('',#9533);
#8553=PLANE('',#9534);
#8554=PLANE('',#9535);
#8555=PLANE('',#9536);
#8556=PLANE('',#9540);
#8557=PLANE('',#9541);
#8558=PLANE('',#9542);
#8559=PLANE('',#9543);
#8560=PLANE('',#9544);
#8561=PLANE('',#9545);
#8562=PLANE('',#9549);
#8563=PLANE('',#9550);
#8564=PLANE('',#9551);
#8565=PLANE('',#9552);
#8566=PLANE('',#9553);
#8567=PLANE('',#9557);
#8568=PLANE('',#9558);
#8569=PLANE('',#9559);
#8570=PLANE('',#9560);
#8571=PLANE('',#9561);
#8572=PLANE('',#9562);
#8573=PLANE('',#9563);
#8574=PLANE('',#9564);
#8575=PLANE('',#9565);
#8576=PLANE('',#9569);
#8577=PLANE('',#9570);
#8578=PLANE('',#9571);
#8579=PLANE('',#9572);
#8580=PLANE('',#9573);
#8581=PLANE('',#9574);
#8582=PLANE('',#9578);
#8583=PLANE('',#9579);
#8584=PLANE('',#9580);
#8585=PLANE('',#9581);
#8586=PLANE('',#9582);
#8587=PLANE('',#9583);
#8588=PLANE('',#9584);
#8589=PLANE('',#9585);
#8590=PLANE('',#9586);
#8591=PLANE('',#9587);
#8592=PLANE('',#9588);
#8593=PLANE('',#9589);
#8594=PLANE('',#9590);
#8595=PLANE('',#9591);
#8596=PLANE('',#9592);
#8597=PLANE('',#9593);
#8598=PLANE('',#9594);
#8599=PLANE('',#9595);
#8600=PLANE('',#9596);
#8601=PLANE('',#9597);
#8602=PLANE('',#9598);
#8603=PLANE('',#9599);
#8604=PLANE('',#9600);
#8605=PLANE('',#9601);
#8606=PLANE('',#9602);
#8607=PLANE('',#9603);
#8608=PLANE('',#9604);
#8609=PLANE('',#9605);
#8610=PLANE('',#9606);
#8611=PLANE('',#9607);
#8612=PLANE('',#9608);
#8613=PLANE('',#9609);
#8614=PLANE('',#9610);
#8615=PLANE('',#9611);
#8616=PLANE('',#9612);
#8617=PLANE('',#9613);
#8618=PLANE('',#9614);
#8619=PLANE('',#9615);
#8620=PLANE('',#9616);
#8621=PLANE('',#9617);
#8622=PLANE('',#9618);
#8623=PLANE('',#9619);
#8624=PLANE('',#9620);
#8625=PLANE('',#9621);
#8626=PLANE('',#9622);
#8627=PLANE('',#9623);
#8628=PLANE('',#9624);
#8629=PLANE('',#9628);
#8630=PLANE('',#9629);
#8631=PLANE('',#9630);
#8632=PLANE('',#9631);
#8633=PLANE('',#9632);
#8634=PLANE('',#9633);
#8635=PLANE('',#9634);
#8636=PLANE('',#9635);
#8637=PLANE('',#9636);
#8638=PLANE('',#9637);
#8639=PLANE('',#9640);
#8640=PLANE('',#9641);
#8641=PLANE('',#9642);
#8642=PLANE('',#9643);
#8643=PLANE('',#9644);
#8644=PLANE('',#9645);
#8645=PLANE('',#9646);
#8646=PLANE('',#9647);
#8647=PLANE('',#9648);
#8648=PLANE('',#9649);
#8649=PLANE('',#9650);
#8650=PLANE('',#9651);
#8651=PLANE('',#9652);
#8652=PLANE('',#9655);
#8653=PLANE('',#9656);
#8654=PLANE('',#9657);
#8655=PLANE('',#9658);
#8656=PLANE('',#9659);
#8657=PLANE('',#9660);
#8658=PLANE('',#9661);
#8659=PLANE('',#9662);
#8660=PLANE('',#9663);
#8661=PLANE('',#9664);
#8662=PLANE('',#9665);
#8663=PLANE('',#9666);
#8664=PLANE('',#9667);
#8665=PLANE('',#9670);
#8666=PLANE('',#9671);
#8667=PLANE('',#9672);
#8668=PLANE('',#9673);
#8669=PLANE('',#9674);
#8670=PLANE('',#9675);
#8671=PLANE('',#9676);
#8672=PLANE('',#9677);
#8673=PLANE('',#9678);
#8674=PLANE('',#9679);
#8675=PLANE('',#9680);
#8676=PLANE('',#9681);
#8677=PLANE('',#9682);
#8678=PLANE('',#9685);
#8679=PLANE('',#9686);
#8680=PLANE('',#9687);
#8681=PLANE('',#9688);
#8682=PLANE('',#9689);
#8683=PLANE('',#9690);
#8684=PLANE('',#9691);
#8685=PLANE('',#9692);
#8686=PLANE('',#9693);
#8687=PLANE('',#9694);
#8688=PLANE('',#9695);
#8689=PLANE('',#9696);
#8690=PLANE('',#9697);
#8691=PLANE('',#9700);
#8692=PLANE('',#9701);
#8693=PLANE('',#9702);
#8694=PLANE('',#9703);
#8695=PLANE('',#9704);
#8696=PLANE('',#9705);
#8697=PLANE('',#9706);
#8698=PLANE('',#9707);
#8699=PLANE('',#9708);
#8700=PLANE('',#9709);
#8701=PLANE('',#9710);
#8702=PLANE('',#9711);
#8703=PLANE('',#9712);
#8704=PLANE('',#9715);
#8705=PLANE('',#9716);
#8706=PLANE('',#9717);
#8707=PLANE('',#9718);
#8708=PLANE('',#9719);
#8709=PLANE('',#9720);
#8710=PLANE('',#9721);
#8711=PLANE('',#9722);
#8712=PLANE('',#9723);
#8713=PLANE('',#9724);
#8714=PLANE('',#9725);
#8715=PLANE('',#9726);
#8716=PLANE('',#9727);
#8717=PLANE('',#9730);
#8718=PLANE('',#9731);
#8719=PLANE('',#9732);
#8720=PLANE('',#9733);
#8721=PLANE('',#9734);
#8722=PLANE('',#9735);
#8723=PLANE('',#9736);
#8724=PLANE('',#9737);
#8725=PLANE('',#9740);
#8726=PLANE('',#9741);
#8727=PLANE('',#9742);
#8728=PLANE('',#9743);
#8729=PLANE('',#9744);
#8730=PLANE('',#9745);
#8731=PLANE('',#9746);
#8732=PLANE('',#9747);
#8733=PLANE('',#9748);
#8734=PLANE('',#9749);
#8735=PLANE('',#9750);
#8736=PLANE('',#9751);
#8737=PLANE('',#9752);
#8738=PLANE('',#9753);
#8739=PLANE('',#9754);
#8740=PLANE('',#9755);
#8741=PLANE('',#9756);
#8742=PLANE('',#9757);
#8743=PLANE('',#9758);
#8744=PLANE('',#9759);
#8745=PLANE('',#9760);
#8746=PLANE('',#9761);
#8747=PLANE('',#9764);
#8748=PLANE('',#9765);
#8749=PLANE('',#9766);
#8750=PLANE('',#9767);
#8751=PLANE('',#9768);
#8752=PLANE('',#9769);
#8753=PLANE('',#9770);
#8754=PLANE('',#9771);
#8755=PLANE('',#9772);
#8756=PLANE('',#9775);
#8757=PLANE('',#9776);
#8758=PLANE('',#9777);
#8759=PLANE('',#9778);
#8760=PLANE('',#9779);
#8761=PLANE('',#9780);
#8762=PLANE('',#9781);
#8763=PLANE('',#9782);
#8764=PLANE('',#9783);
#8765=PLANE('',#9784);
#8766=PLANE('',#9785);
#8767=PLANE('',#9786);
#8768=PLANE('',#9787);
#8769=PLANE('',#9788);
#8770=PLANE('',#9789);
#8771=PLANE('',#9790);
#8772=PLANE('',#9791);
#8773=PLANE('',#9792);
#8774=PLANE('',#9793);
#8775=PLANE('',#9794);
#8776=PLANE('',#9795);
#8777=PLANE('',#9796);
#8778=PLANE('',#9797);
#8779=PLANE('',#9798);
#8780=PLANE('',#9799);
#8781=PLANE('',#9800);
#8782=PLANE('',#9801);
#8783=PLANE('',#9802);
#8784=PLANE('',#9803);
#8785=PLANE('',#9804);
#8786=PLANE('',#9805);
#8787=PLANE('',#9806);
#8788=PLANE('',#9807);
#8789=PLANE('',#9808);
#8790=PLANE('',#9809);
#8791=PLANE('',#9810);
#8792=PLANE('',#9811);
#8793=PLANE('',#9812);
#8794=PLANE('',#9813);
#8795=PLANE('',#9814);
#8796=PLANE('',#9815);
#8797=PLANE('',#9816);
#8798=PLANE('',#9817);
#8799=PLANE('',#9818);
#8800=PLANE('',#9819);
#8801=PLANE('',#9820);
#8802=PLANE('',#9821);
#8803=PLANE('',#9822);
#8804=PLANE('',#9823);
#8805=PLANE('',#9824);
#8806=PLANE('',#9825);
#8807=PLANE('',#9826);
#8808=PLANE('',#9827);
#8809=PLANE('',#9831);
#8810=PLANE('',#9832);
#8811=PLANE('',#9833);
#8812=PLANE('',#9834);
#8813=PLANE('',#9835);
#8814=PLANE('',#9836);
#8815=PLANE('',#9838);
#8816=PLANE('',#9839);
#8817=PLANE('',#9842);
#8818=PLANE('',#9843);
#8819=PLANE('',#9846);
#8820=PLANE('',#9847);
#8821=PLANE('',#9848);
#8822=PLANE('',#9849);
#8823=PLANE('',#9850);
#8824=PLANE('',#9851);
#8825=PLANE('',#9852);
#8826=PLANE('',#9853);
#8827=PLANE('',#9854);
#8828=PLANE('',#9855);
#8829=PLANE('',#9856);
#8830=PLANE('',#9857);
#8831=ADVANCED_FACE('',(#7886),#8399,.T.);
#8832=ADVANCED_FACE('',(#7887),#166,.T.);
#8833=ADVANCED_FACE('',(#7888),#8400,.F.);
#8834=ADVANCED_FACE('',(#7889),#70,.T.);
#8835=ADVANCED_FACE('',(#7890),#8401,.F.);
#8836=ADVANCED_FACE('',(#7891),#8402,.T.);
#8837=ADVANCED_FACE('',(#7892),#8403,.T.);
#8838=ADVANCED_FACE('',(#7893),#8404,.T.);
#8839=ADVANCED_FACE('',(#7894),#8405,.T.);
#8840=ADVANCED_FACE('',(#7895),#8406,.F.);
#8841=ADVANCED_FACE('',(#7896),#8407,.F.);
#8842=ADVANCED_FACE('',(#7897),#8408,.F.);
#8843=ADVANCED_FACE('',(#7898),#8409,.T.);
#8844=ADVANCED_FACE('',(#7899),#8410,.T.);
#8845=ADVANCED_FACE('',(#7900),#8411,.T.);
#8846=ADVANCED_FACE('',(#7901),#8412,.T.);
#8847=ADVANCED_FACE('',(#7902),#8413,.T.);
#8848=ADVANCED_FACE('',(#7903),#8414,.T.);
#8849=ADVANCED_FACE('',(#7904),#8415,.T.);
#8850=ADVANCED_FACE('',(#7905),#8416,.T.);
#8851=ADVANCED_FACE('',(#7906),#8417,.T.);
#8852=ADVANCED_FACE('',(#7907),#8418,.T.);
#8853=ADVANCED_FACE('',(#7908),#8419,.T.);
#8854=ADVANCED_FACE('',(#7909,#7910),#8420,.F.);
#8855=ADVANCED_FACE('',(#7911),#8421,.T.);
#8856=ADVANCED_FACE('',(#7912),#8422,.T.);
#8857=ADVANCED_FACE('',(#7913),#8423,.F.);
#8858=ADVANCED_FACE('',(#7914),#8424,.F.);
#8859=ADVANCED_FACE('',(#7915),#8425,.F.);
#8860=ADVANCED_FACE('',(#7916),#8426,.F.);
#8861=ADVANCED_FACE('',(#7917,#7918),#167,.T.);
#8862=ADVANCED_FACE('',(#7919,#7920),#8427,.F.);
#8863=ADVANCED_FACE('',(#7921),#8428,.F.);
#8864=ADVANCED_FACE('',(#7922),#8429,.T.);
#8865=ADVANCED_FACE('',(#7923),#8430,.F.);
#8866=ADVANCED_FACE('',(#7924),#8431,.F.);
#8867=ADVANCED_FACE('',(#7925),#8432,.F.);
#8868=ADVANCED_FACE('',(#7926),#8433,.T.);
#8869=ADVANCED_FACE('',(#7927),#8434,.T.);
#8870=ADVANCED_FACE('',(#7928),#8435,.F.);
#8871=ADVANCED_FACE('',(#7929,#7930),#8436,.F.);
#8872=ADVANCED_FACE('',(#7931),#8437,.F.);
#8873=ADVANCED_FACE('',(#7932,#7933),#8438,.F.);
#8874=ADVANCED_FACE('',(#7934),#8439,.F.);
#8875=ADVANCED_FACE('',(#7935,#7936),#8440,.F.);
#8876=ADVANCED_FACE('',(#7937),#8441,.F.);
#8877=ADVANCED_FACE('',(#7938,#7939),#8442,.F.);
#8878=ADVANCED_FACE('',(#7940),#8443,.F.);
#8879=ADVANCED_FACE('',(#7941,#7942),#8444,.F.);
#8880=ADVANCED_FACE('',(#7943),#8445,.F.);
#8881=ADVANCED_FACE('',(#7944,#7945),#8446,.F.);
#8882=ADVANCED_FACE('',(#7946),#8447,.F.);
#8883=ADVANCED_FACE('',(#7947,#7948),#8448,.F.);
#8884=ADVANCED_FACE('',(#7949),#8449,.F.);
#8885=ADVANCED_FACE('',(#7950,#7951),#8450,.F.);
#8886=ADVANCED_FACE('',(#7952),#8451,.F.);
#8887=ADVANCED_FACE('',(#7953,#7954),#8452,.F.);
#8888=ADVANCED_FACE('',(#7955),#8453,.F.);
#8889=ADVANCED_FACE('',(#7956,#7957),#8454,.F.);
#8890=ADVANCED_FACE('',(#7958),#8455,.F.);
#8891=ADVANCED_FACE('',(#7959,#7960),#168,.T.);
#8892=ADVANCED_FACE('',(#7961),#8456,.F.);
#8893=ADVANCED_FACE('',(#7962,#7963),#169,.T.);
#8894=ADVANCED_FACE('',(#7964),#8457,.F.);
#8895=ADVANCED_FACE('',(#7965,#7966),#170,.T.);
#8896=ADVANCED_FACE('',(#7967),#8458,.F.);
#8897=ADVANCED_FACE('',(#7968,#7969),#171,.T.);
#8898=ADVANCED_FACE('',(#7970),#8459,.F.);
#8899=ADVANCED_FACE('',(#7971,#7972),#172,.T.);
#8900=ADVANCED_FACE('',(#7973),#8460,.F.);
#8901=ADVANCED_FACE('',(#7974,#7975),#173,.T.);
#8902=ADVANCED_FACE('',(#7976),#8461,.F.);
#8903=ADVANCED_FACE('',(#7977,#7978),#174,.T.);
#8904=ADVANCED_FACE('',(#7979),#8462,.F.);
#8905=ADVANCED_FACE('',(#7980,#7981),#175,.T.);
#8906=ADVANCED_FACE('',(#7982),#8463,.F.);
#8907=ADVANCED_FACE('',(#7983,#7984),#176,.T.);
#8908=ADVANCED_FACE('',(#7985),#8464,.F.);
#8909=ADVANCED_FACE('',(#7986,#7987),#177,.T.);
#8910=ADVANCED_FACE('',(#7988),#8465,.F.);
#8911=ADVANCED_FACE('',(#7989),#8466,.T.);
#8912=ADVANCED_FACE('',(#7990),#8467,.F.);
#8913=ADVANCED_FACE('',(#7991),#8468,.T.);
#8914=ADVANCED_FACE('',(#7992),#8469,.F.);
#8915=ADVANCED_FACE('',(#7993),#8470,.T.);
#8916=ADVANCED_FACE('',(#7994),#8471,.F.);
#8917=ADVANCED_FACE('',(#7995),#8472,.T.);
#8918=ADVANCED_FACE('',(#7996),#8473,.F.);
#8919=ADVANCED_FACE('',(#7997),#8474,.T.);
#8920=ADVANCED_FACE('',(#7998),#8475,.F.);
#8921=ADVANCED_FACE('',(#7999),#8476,.T.);
#8922=ADVANCED_FACE('',(#8000),#8477,.F.);
#8923=ADVANCED_FACE('',(#8001),#8478,.T.);
#8924=ADVANCED_FACE('',(#8002),#8479,.F.);
#8925=ADVANCED_FACE('',(#8003),#8480,.T.);
#8926=ADVANCED_FACE('',(#8004),#8481,.F.);
#8927=ADVANCED_FACE('',(#8005),#8482,.T.);
#8928=ADVANCED_FACE('',(#8006),#8483,.F.);
#8929=ADVANCED_FACE('',(#8007),#8484,.T.);
#8930=ADVANCED_FACE('',(#8008),#8485,.F.);
#8931=ADVANCED_FACE('',(#8009),#8486,.T.);
#8932=ADVANCED_FACE('',(#8010),#8487,.F.);
#8933=ADVANCED_FACE('',(#8011),#8488,.T.);
#8934=ADVANCED_FACE('',(#8012),#8489,.F.);
#8935=ADVANCED_FACE('',(#8013),#8490,.T.);
#8936=ADVANCED_FACE('',(#8014),#8491,.F.);
#8937=ADVANCED_FACE('',(#8015),#8492,.T.);
#8938=ADVANCED_FACE('',(#8016),#8493,.F.);
#8939=ADVANCED_FACE('',(#8017),#8494,.T.);
#8940=ADVANCED_FACE('',(#8018),#8495,.F.);
#8941=ADVANCED_FACE('',(#8019),#8496,.T.);
#8942=ADVANCED_FACE('',(#8020),#8497,.F.);
#8943=ADVANCED_FACE('',(#8021),#8498,.T.);
#8944=ADVANCED_FACE('',(#8022),#8499,.F.);
#8945=ADVANCED_FACE('',(#8023),#8500,.T.);
#8946=ADVANCED_FACE('',(#8024),#8501,.F.);
#8947=ADVANCED_FACE('',(#8025),#8502,.T.);
#8948=ADVANCED_FACE('',(#8026),#8503,.F.);
#8949=ADVANCED_FACE('',(#8027),#8504,.T.);
#8950=ADVANCED_FACE('',(#8028),#8505,.F.);
#8951=ADVANCED_FACE('',(#8029),#8506,.T.);
#8952=ADVANCED_FACE('',(#8030),#8507,.F.);
#8953=ADVANCED_FACE('',(#8031),#8508,.T.);
#8954=ADVANCED_FACE('',(#8032),#8509,.F.);
#8955=ADVANCED_FACE('',(#8033),#8510,.T.);
#8956=ADVANCED_FACE('',(#8034),#8511,.F.);
#8957=ADVANCED_FACE('',(#8035),#8512,.T.);
#8958=ADVANCED_FACE('',(#8036),#8513,.F.);
#8959=ADVANCED_FACE('',(#8037),#8514,.T.);
#8960=ADVANCED_FACE('',(#8038),#8515,.F.);
#8961=ADVANCED_FACE('',(#8039),#8516,.T.);
#8962=ADVANCED_FACE('',(#8040),#8517,.F.);
#8963=ADVANCED_FACE('',(#8041),#8518,.T.);
#8964=ADVANCED_FACE('',(#8042),#8519,.F.);
#8965=ADVANCED_FACE('',(#8043),#8520,.T.);
#8966=ADVANCED_FACE('',(#8044),#8521,.F.);
#8967=ADVANCED_FACE('',(#8045),#8522,.T.);
#8968=ADVANCED_FACE('',(#8046),#8523,.F.);
#8969=ADVANCED_FACE('',(#8047),#8524,.T.);
#8970=ADVANCED_FACE('',(#8048),#8525,.T.);
#8971=ADVANCED_FACE('',(#8049),#178,.T.);
#8972=ADVANCED_FACE('',(#8050),#8526,.T.);
#8973=ADVANCED_FACE('',(#8051),#8527,.F.);
#8974=ADVANCED_FACE('',(#8052),#8528,.T.);
#8975=ADVANCED_FACE('',(#8053),#8529,.F.);
#8976=ADVANCED_FACE('',(#8054,#8055),#8530,.F.);
#8977=ADVANCED_FACE('',(#8056),#8531,.T.);
#8978=ADVANCED_FACE('',(#8057),#179,.T.);
#8979=ADVANCED_FACE('',(#8058),#8532,.T.);
#8980=ADVANCED_FACE('',(#8059),#8533,.F.);
#8981=ADVANCED_FACE('',(#8060),#8534,.T.);
#8982=ADVANCED_FACE('',(#8061),#8535,.F.);
#8983=ADVANCED_FACE('',(#8062,#8063),#8536,.F.);
#8984=ADVANCED_FACE('',(#8064),#8537,.T.);
#8985=ADVANCED_FACE('',(#8065),#180,.T.);
#8986=ADVANCED_FACE('',(#8066),#8538,.T.);
#8987=ADVANCED_FACE('',(#8067),#8539,.F.);
#8988=ADVANCED_FACE('',(#8068),#8540,.T.);
#8989=ADVANCED_FACE('',(#8069),#8541,.F.);
#8990=ADVANCED_FACE('',(#8070,#8071),#8542,.F.);
#8991=ADVANCED_FACE('',(#8072),#8543,.T.);
#8992=ADVANCED_FACE('',(#8073),#181,.T.);
#8993=ADVANCED_FACE('',(#8074),#8544,.T.);
#8994=ADVANCED_FACE('',(#8075),#8545,.F.);
#8995=ADVANCED_FACE('',(#8076),#8546,.T.);
#8996=ADVANCED_FACE('',(#8077),#8547,.F.);
#8997=ADVANCED_FACE('',(#8078,#8079),#8548,.F.);
#8998=ADVANCED_FACE('',(#8080),#8549,.T.);
#8999=ADVANCED_FACE('',(#8081),#182,.T.);
#9000=ADVANCED_FACE('',(#8082),#8550,.T.);
#9001=ADVANCED_FACE('',(#8083),#8551,.F.);
#9002=ADVANCED_FACE('',(#8084),#8552,.T.);
#9003=ADVANCED_FACE('',(#8085),#8553,.F.);
#9004=ADVANCED_FACE('',(#8086,#8087),#8554,.F.);
#9005=ADVANCED_FACE('',(#8088),#8555,.T.);
#9006=ADVANCED_FACE('',(#8089),#183,.T.);
#9007=ADVANCED_FACE('',(#8090),#8556,.T.);
#9008=ADVANCED_FACE('',(#8091),#8557,.F.);
#9009=ADVANCED_FACE('',(#8092),#8558,.T.);
#9010=ADVANCED_FACE('',(#8093),#8559,.F.);
#9011=ADVANCED_FACE('',(#8094,#8095),#8560,.F.);
#9012=ADVANCED_FACE('',(#8096),#8561,.T.);
#9013=ADVANCED_FACE('',(#8097),#184,.T.);
#9014=ADVANCED_FACE('',(#8098),#8562,.T.);
#9015=ADVANCED_FACE('',(#8099),#8563,.F.);
#9016=ADVANCED_FACE('',(#8100),#8564,.T.);
#9017=ADVANCED_FACE('',(#8101),#8565,.F.);
#9018=ADVANCED_FACE('',(#8102,#8103),#8566,.F.);
#9019=ADVANCED_FACE('',(#8104),#185,.T.);
#9020=ADVANCED_FACE('',(#8105),#8567,.T.);
#9021=ADVANCED_FACE('',(#8106),#8568,.F.);
#9022=ADVANCED_FACE('',(#8107),#8569,.T.);
#9023=ADVANCED_FACE('',(#8108),#8570,.F.);
#9024=ADVANCED_FACE('',(#8109),#8571,.T.);
#9025=ADVANCED_FACE('',(#8110,#8111),#8572,.F.);
#9026=ADVANCED_FACE('',(#8112),#8573,.T.);
#9027=ADVANCED_FACE('',(#8113),#8574,.T.);
#9028=ADVANCED_FACE('',(#8114),#8575,.T.);
#9029=ADVANCED_FACE('',(#8115),#186,.T.);
#9030=ADVANCED_FACE('',(#8116),#8576,.T.);
#9031=ADVANCED_FACE('',(#8117),#8577,.F.);
#9032=ADVANCED_FACE('',(#8118),#8578,.T.);
#9033=ADVANCED_FACE('',(#8119),#8579,.F.);
#9034=ADVANCED_FACE('',(#8120,#8121),#8580,.F.);
#9035=ADVANCED_FACE('',(#8122),#8581,.T.);
#9036=ADVANCED_FACE('',(#8123),#187,.T.);
#9037=ADVANCED_FACE('',(#8124),#8582,.T.);
#9038=ADVANCED_FACE('',(#8125),#8583,.T.);
#9039=ADVANCED_FACE('',(#8126),#8584,.T.);
#9040=ADVANCED_FACE('',(#8127),#8585,.F.);
#9041=ADVANCED_FACE('',(#8128),#8586,.T.);
#9042=ADVANCED_FACE('',(#8129),#8587,.F.);
#9043=ADVANCED_FACE('',(#8130,#8131),#8588,.F.);
#9044=ADVANCED_FACE('',(#8132),#8589,.T.);
#9045=ADVANCED_FACE('',(#8133),#8590,.T.);
#9046=ADVANCED_FACE('',(#8134),#8591,.T.);
#9047=ADVANCED_FACE('',(#8135),#8592,.T.);
#9048=ADVANCED_FACE('',(#8136),#8593,.T.);
#9049=ADVANCED_FACE('',(#8137),#8594,.T.);
#9050=ADVANCED_FACE('',(#8138),#8595,.T.);
#9051=ADVANCED_FACE('',(#8139),#8596,.T.);
#9052=ADVANCED_FACE('',(#8140),#8597,.T.);
#9053=ADVANCED_FACE('',(#8141),#8598,.T.);
#9054=ADVANCED_FACE('',(#8142),#8599,.T.);
#9055=ADVANCED_FACE('',(#8143),#8600,.T.);
#9056=ADVANCED_FACE('',(#8144),#8601,.T.);
#9057=ADVANCED_FACE('',(#8145),#8602,.T.);
#9058=ADVANCED_FACE('',(#8146),#8603,.T.);
#9059=ADVANCED_FACE('',(#8147),#8604,.T.);
#9060=ADVANCED_FACE('',(#8148),#8605,.T.);
#9061=ADVANCED_FACE('',(#8149),#8606,.T.);
#9062=ADVANCED_FACE('',(#8150),#8607,.T.);
#9063=ADVANCED_FACE('',(#8151),#8608,.T.);
#9064=ADVANCED_FACE('',(#8152),#8609,.T.);
#9065=ADVANCED_FACE('',(#8153),#8610,.T.);
#9066=ADVANCED_FACE('',(#8154),#8611,.T.);
#9067=ADVANCED_FACE('',(#8155),#8612,.T.);
#9068=ADVANCED_FACE('',(#8156),#8613,.T.);
#9069=ADVANCED_FACE('',(#8157),#8614,.T.);
#9070=ADVANCED_FACE('',(#8158),#8615,.T.);
#9071=ADVANCED_FACE('',(#8159),#8616,.T.);
#9072=ADVANCED_FACE('',(#8160),#8617,.T.);
#9073=ADVANCED_FACE('',(#8161),#8618,.T.);
#9074=ADVANCED_FACE('',(#8162),#8619,.T.);
#9075=ADVANCED_FACE('',(#8163),#8620,.T.);
#9076=ADVANCED_FACE('',(#8164),#8621,.T.);
#9077=ADVANCED_FACE('',(#8165),#8622,.T.);
#9078=ADVANCED_FACE('',(#8166),#8623,.T.);
#9079=ADVANCED_FACE('',(#8167),#8624,.T.);
#9080=ADVANCED_FACE('',(#8168),#8625,.F.);
#9081=ADVANCED_FACE('',(#8169),#8626,.T.);
#9082=ADVANCED_FACE('',(#8170),#8627,.T.);
#9083=ADVANCED_FACE('',(#8171),#8628,.T.);
#9084=ADVANCED_FACE('',(#8172),#188,.T.);
#9085=ADVANCED_FACE('',(#8173),#8629,.T.);
#9086=ADVANCED_FACE('',(#8174),#8630,.T.);
#9087=ADVANCED_FACE('',(#8175),#8631,.T.);
#9088=ADVANCED_FACE('',(#8176),#8632,.T.);
#9089=ADVANCED_FACE('',(#8177),#8633,.T.);
#9090=ADVANCED_FACE('',(#8178),#8634,.T.);
#9091=ADVANCED_FACE('',(#8179),#8635,.T.);
#9092=ADVANCED_FACE('',(#8180),#8636,.T.);
#9093=ADVANCED_FACE('',(#8181),#8637,.T.);
#9094=ADVANCED_FACE('',(#8182),#8638,.F.);
#9095=ADVANCED_FACE('',(#8183),#71,.T.);
#9096=ADVANCED_FACE('',(#8184),#8639,.F.);
#9097=ADVANCED_FACE('',(#8185),#8640,.T.);
#9098=ADVANCED_FACE('',(#8186),#8641,.T.);
#9099=ADVANCED_FACE('',(#8187),#8642,.T.);
#9100=ADVANCED_FACE('',(#8188),#8643,.T.);
#9101=ADVANCED_FACE('',(#8189),#8644,.T.);
#9102=ADVANCED_FACE('',(#8190),#8645,.T.);
#9103=ADVANCED_FACE('',(#8191),#8646,.T.);
#9104=ADVANCED_FACE('',(#8192),#8647,.T.);
#9105=ADVANCED_FACE('',(#8193),#8648,.T.);
#9106=ADVANCED_FACE('',(#8194),#8649,.T.);
#9107=ADVANCED_FACE('',(#8195),#8650,.T.);
#9108=ADVANCED_FACE('',(#8196),#8651,.F.);
#9109=ADVANCED_FACE('',(#8197),#72,.T.);
#9110=ADVANCED_FACE('',(#8198),#8652,.F.);
#9111=ADVANCED_FACE('',(#8199),#8653,.T.);
#9112=ADVANCED_FACE('',(#8200),#8654,.T.);
#9113=ADVANCED_FACE('',(#8201),#8655,.T.);
#9114=ADVANCED_FACE('',(#8202),#8656,.T.);
#9115=ADVANCED_FACE('',(#8203),#8657,.T.);
#9116=ADVANCED_FACE('',(#8204),#8658,.T.);
#9117=ADVANCED_FACE('',(#8205),#8659,.T.);
#9118=ADVANCED_FACE('',(#8206),#8660,.T.);
#9119=ADVANCED_FACE('',(#8207),#8661,.T.);
#9120=ADVANCED_FACE('',(#8208),#8662,.T.);
#9121=ADVANCED_FACE('',(#8209),#8663,.T.);
#9122=ADVANCED_FACE('',(#8210),#8664,.F.);
#9123=ADVANCED_FACE('',(#8211),#73,.T.);
#9124=ADVANCED_FACE('',(#8212),#8665,.F.);
#9125=ADVANCED_FACE('',(#8213),#8666,.T.);
#9126=ADVANCED_FACE('',(#8214),#8667,.T.);
#9127=ADVANCED_FACE('',(#8215),#8668,.T.);
#9128=ADVANCED_FACE('',(#8216),#8669,.T.);
#9129=ADVANCED_FACE('',(#8217),#8670,.T.);
#9130=ADVANCED_FACE('',(#8218),#8671,.T.);
#9131=ADVANCED_FACE('',(#8219),#8672,.T.);
#9132=ADVANCED_FACE('',(#8220),#8673,.T.);
#9133=ADVANCED_FACE('',(#8221),#8674,.T.);
#9134=ADVANCED_FACE('',(#8222),#8675,.T.);
#9135=ADVANCED_FACE('',(#8223),#8676,.T.);
#9136=ADVANCED_FACE('',(#8224),#8677,.F.);
#9137=ADVANCED_FACE('',(#8225),#74,.T.);
#9138=ADVANCED_FACE('',(#8226),#8678,.F.);
#9139=ADVANCED_FACE('',(#8227),#8679,.T.);
#9140=ADVANCED_FACE('',(#8228),#8680,.T.);
#9141=ADVANCED_FACE('',(#8229),#8681,.T.);
#9142=ADVANCED_FACE('',(#8230),#8682,.T.);
#9143=ADVANCED_FACE('',(#8231),#8683,.T.);
#9144=ADVANCED_FACE('',(#8232),#8684,.T.);
#9145=ADVANCED_FACE('',(#8233),#8685,.T.);
#9146=ADVANCED_FACE('',(#8234),#8686,.T.);
#9147=ADVANCED_FACE('',(#8235),#8687,.T.);
#9148=ADVANCED_FACE('',(#8236),#8688,.T.);
#9149=ADVANCED_FACE('',(#8237),#8689,.T.);
#9150=ADVANCED_FACE('',(#8238),#8690,.F.);
#9151=ADVANCED_FACE('',(#8239),#75,.T.);
#9152=ADVANCED_FACE('',(#8240),#8691,.F.);
#9153=ADVANCED_FACE('',(#8241),#8692,.T.);
#9154=ADVANCED_FACE('',(#8242),#8693,.T.);
#9155=ADVANCED_FACE('',(#8243),#8694,.T.);
#9156=ADVANCED_FACE('',(#8244),#8695,.T.);
#9157=ADVANCED_FACE('',(#8245),#8696,.T.);
#9158=ADVANCED_FACE('',(#8246),#8697,.T.);
#9159=ADVANCED_FACE('',(#8247),#8698,.T.);
#9160=ADVANCED_FACE('',(#8248),#8699,.T.);
#9161=ADVANCED_FACE('',(#8249),#8700,.T.);
#9162=ADVANCED_FACE('',(#8250),#8701,.T.);
#9163=ADVANCED_FACE('',(#8251),#8702,.T.);
#9164=ADVANCED_FACE('',(#8252),#8703,.F.);
#9165=ADVANCED_FACE('',(#8253),#76,.T.);
#9166=ADVANCED_FACE('',(#8254),#8704,.F.);
#9167=ADVANCED_FACE('',(#8255),#8705,.T.);
#9168=ADVANCED_FACE('',(#8256),#8706,.T.);
#9169=ADVANCED_FACE('',(#8257),#8707,.T.);
#9170=ADVANCED_FACE('',(#8258),#8708,.T.);
#9171=ADVANCED_FACE('',(#8259),#8709,.T.);
#9172=ADVANCED_FACE('',(#8260),#8710,.T.);
#9173=ADVANCED_FACE('',(#8261),#8711,.T.);
#9174=ADVANCED_FACE('',(#8262),#8712,.T.);
#9175=ADVANCED_FACE('',(#8263),#8713,.T.);
#9176=ADVANCED_FACE('',(#8264),#8714,.T.);
#9177=ADVANCED_FACE('',(#8265),#8715,.T.);
#9178=ADVANCED_FACE('',(#8266),#8716,.F.);
#9179=ADVANCED_FACE('',(#8267),#77,.T.);
#9180=ADVANCED_FACE('',(#8268),#8717,.F.);
#9181=ADVANCED_FACE('',(#8269),#8718,.T.);
#9182=ADVANCED_FACE('',(#8270),#8719,.T.);
#9183=ADVANCED_FACE('',(#8271),#8720,.T.);
#9184=ADVANCED_FACE('',(#8272),#8721,.T.);
#9185=ADVANCED_FACE('',(#8273),#8722,.T.);
#9186=ADVANCED_FACE('',(#8274),#8723,.T.);
#9187=ADVANCED_FACE('',(#8275),#8724,.T.);
#9188=ADVANCED_FACE('',(#8276),#78,.T.);
#9189=ADVANCED_FACE('',(#8277),#8725,.F.);
#9190=ADVANCED_FACE('',(#8278),#8726,.T.);
#9191=ADVANCED_FACE('',(#8279),#8727,.T.);
#9192=ADVANCED_FACE('',(#8280),#8728,.T.);
#9193=ADVANCED_FACE('',(#8281),#8729,.T.);
#9194=ADVANCED_FACE('',(#8282),#8730,.T.);
#9195=ADVANCED_FACE('',(#8283),#8731,.T.);
#9196=ADVANCED_FACE('',(#8284),#8732,.T.);
#9197=ADVANCED_FACE('',(#8285),#8733,.T.);
#9198=ADVANCED_FACE('',(#8286),#8734,.T.);
#9199=ADVANCED_FACE('',(#8287),#8735,.T.);
#9200=ADVANCED_FACE('',(#8288),#8736,.T.);
#9201=ADVANCED_FACE('',(#8289),#8737,.F.);
#9202=ADVANCED_FACE('',(#8290),#8738,.T.);
#9203=ADVANCED_FACE('',(#8291),#8739,.T.);
#9204=ADVANCED_FACE('',(#8292),#8740,.F.);
#9205=ADVANCED_FACE('',(#8293),#8741,.T.);
#9206=ADVANCED_FACE('',(#8294),#8742,.T.);
#9207=ADVANCED_FACE('',(#8295),#8743,.T.);
#9208=ADVANCED_FACE('',(#8296),#8744,.T.);
#9209=ADVANCED_FACE('',(#8297),#8745,.T.);
#9210=ADVANCED_FACE('',(#8298),#8746,.F.);
#9211=ADVANCED_FACE('',(#8299),#79,.T.);
#9212=ADVANCED_FACE('',(#8300),#8747,.F.);
#9213=ADVANCED_FACE('',(#8301),#8748,.T.);
#9214=ADVANCED_FACE('',(#8302),#8749,.T.);
#9215=ADVANCED_FACE('',(#8303),#8750,.T.);
#9216=ADVANCED_FACE('',(#8304),#8751,.T.);
#9217=ADVANCED_FACE('',(#8305),#8752,.T.);
#9218=ADVANCED_FACE('',(#8306),#8753,.T.);
#9219=ADVANCED_FACE('',(#8307),#8754,.T.);
#9220=ADVANCED_FACE('',(#8308),#8755,.F.);
#9221=ADVANCED_FACE('',(#8309),#80,.T.);
#9222=ADVANCED_FACE('',(#8310),#8756,.F.);
#9223=ADVANCED_FACE('',(#8311),#8757,.T.);
#9224=ADVANCED_FACE('',(#8312),#8758,.F.);
#9225=ADVANCED_FACE('',(#8313),#8759,.T.);
#9226=ADVANCED_FACE('',(#8314),#8760,.T.);
#9227=ADVANCED_FACE('',(#8315),#8761,.T.);
#9228=ADVANCED_FACE('',(#8316),#8762,.T.);
#9229=ADVANCED_FACE('',(#8317),#8763,.T.);
#9230=ADVANCED_FACE('',(#8318),#8764,.T.);
#9231=ADVANCED_FACE('',(#8319),#8765,.T.);
#9232=ADVANCED_FACE('',(#8320),#8766,.T.);
#9233=ADVANCED_FACE('',(#8321),#8767,.T.);
#9234=ADVANCED_FACE('',(#8322),#8768,.T.);
#9235=ADVANCED_FACE('',(#8323),#8769,.T.);
#9236=ADVANCED_FACE('',(#8324),#8770,.F.);
#9237=ADVANCED_FACE('',(#8325,#8326,#8327,#8328,#8329,#8330,#8331,#8332,
#8333,#8334,#8335,#8336),#8771,.T.);
#9238=ADVANCED_FACE('',(#8337),#8772,.F.);
#9239=ADVANCED_FACE('',(#8338),#8773,.F.);
#9240=ADVANCED_FACE('',(#8339),#8774,.F.);
#9241=ADVANCED_FACE('',(#8340),#8775,.F.);
#9242=ADVANCED_FACE('',(#8341),#8776,.F.);
#9243=ADVANCED_FACE('',(#8342),#8777,.F.);
#9244=ADVANCED_FACE('',(#8343),#8778,.F.);
#9245=ADVANCED_FACE('',(#8344),#8779,.F.);
#9246=ADVANCED_FACE('',(#8345),#8780,.F.);
#9247=ADVANCED_FACE('',(#8346),#8781,.F.);
#9248=ADVANCED_FACE('',(#8347),#8782,.F.);
#9249=ADVANCED_FACE('',(#8348),#8783,.F.);
#9250=ADVANCED_FACE('',(#8349),#8784,.F.);
#9251=ADVANCED_FACE('',(#8350),#8785,.F.);
#9252=ADVANCED_FACE('',(#8351),#8786,.F.);
#9253=ADVANCED_FACE('',(#8352),#8787,.F.);
#9254=ADVANCED_FACE('',(#8353),#8788,.F.);
#9255=ADVANCED_FACE('',(#8354),#8789,.F.);
#9256=ADVANCED_FACE('',(#8355),#8790,.F.);
#9257=ADVANCED_FACE('',(#8356),#8791,.F.);
#9258=ADVANCED_FACE('',(#8357),#8792,.F.);
#9259=ADVANCED_FACE('',(#8358),#8793,.F.);
#9260=ADVANCED_FACE('',(#8359),#8794,.F.);
#9261=ADVANCED_FACE('',(#8360),#8795,.F.);
#9262=ADVANCED_FACE('',(#8361),#8796,.F.);
#9263=ADVANCED_FACE('',(#8362),#8797,.F.);
#9264=ADVANCED_FACE('',(#8363),#8798,.F.);
#9265=ADVANCED_FACE('',(#8364),#8799,.F.);
#9266=ADVANCED_FACE('',(#8365),#8800,.F.);
#9267=ADVANCED_FACE('',(#8366),#8801,.F.);
#9268=ADVANCED_FACE('',(#8367),#8802,.F.);
#9269=ADVANCED_FACE('',(#8368),#8803,.F.);
#9270=ADVANCED_FACE('',(#8369),#8804,.F.);
#9271=ADVANCED_FACE('',(#8370),#8805,.F.);
#9272=ADVANCED_FACE('',(#8371),#8806,.F.);
#9273=ADVANCED_FACE('',(#8372),#8807,.F.);
#9274=ADVANCED_FACE('',(#8373),#8808,.F.);
#9275=ADVANCED_FACE('',(#8374),#189,.T.);
#9276=ADVANCED_FACE('',(#8375),#8809,.F.);
#9277=ADVANCED_FACE('',(#8376),#8810,.F.);
#9278=ADVANCED_FACE('',(#8377),#8811,.F.);
#9279=ADVANCED_FACE('',(#8378),#8812,.F.);
#9280=ADVANCED_FACE('',(#8379),#8813,.F.);
#9281=ADVANCED_FACE('',(#8380),#8814,.F.);
#9282=ADVANCED_FACE('',(#8381),#8815,.F.);
#9283=ADVANCED_FACE('',(#8382),#8816,.F.);
#9284=ADVANCED_FACE('',(#8383),#8817,.F.);
#9285=ADVANCED_FACE('',(#8384),#8818,.F.);
#9286=ADVANCED_FACE('',(#8385),#8819,.T.);
#9287=ADVANCED_FACE('',(#8386),#8820,.F.);
#9288=ADVANCED_FACE('',(#8387),#8821,.F.);
#9289=ADVANCED_FACE('',(#8388),#8822,.F.);
#9290=ADVANCED_FACE('',(#8389),#8823,.F.);
#9291=ADVANCED_FACE('',(#8390),#8824,.T.);
#9292=ADVANCED_FACE('',(#8391),#8825,.F.);
#9293=ADVANCED_FACE('',(#8392),#8826,.F.);
#9294=ADVANCED_FACE('',(#8393),#8827,.F.);
#9295=ADVANCED_FACE('',(#8394),#8828,.F.);
#9296=ADVANCED_FACE('',(#8395),#8829,.F.);
#9297=ADVANCED_FACE('',(#8396),#8830,.F.);
#9298=ADVANCED_FACE('',(#8397),#190,.F.);
#9299=ADVANCED_FACE('',(#8398),#191,.T.);
#9300=CLOSED_SHELL('',(#8831,#8832,#8833,#8834,#8835,#8836,#8837,#8838,
#8839,#8840,#8841,#8842,#8843,#8844,#8845,#8846,#8847,#8848,#8849,#8850,
#8851,#8852,#8853,#8854,#8855,#8856,#8857,#8858,#8859,#8860,#8861,#8862,
#8863,#8864,#8865,#8866,#8867,#8868,#8869,#8870,#8871,#8872,#8873,#8874,
#8875,#8876,#8877,#8878,#8879,#8880,#8881,#8882,#8883,#8884,#8885,#8886,
#8887,#8888,#8889,#8890,#8891,#8892,#8893,#8894,#8895,#8896,#8897,#8898,
#8899,#8900,#8901,#8902,#8903,#8904,#8905,#8906,#8907,#8908,#8909,#8910,
#8911,#8912,#8913,#8914,#8915,#8916,#8917,#8918,#8919,#8920,#8921,#8922,
#8923,#8924,#8925,#8926,#8927,#8928,#8929,#8930,#8931,#8932,#8933,#8934,
#8935,#8936,#8937,#8938,#8939,#8940,#8941,#8942,#8943,#8944,#8945,#8946,
#8947,#8948,#8949,#8950,#8951,#8952,#8953,#8954,#8955,#8956,#8957,#8958,
#8959,#8960,#8961,#8962,#8963,#8964,#8965,#8966,#8967,#8968,#8969,#8970,
#8971,#8972,#8973,#8974,#8975,#8976,#8977,#8978,#8979,#8980,#8981,#8982,
#8983,#8984,#8985,#8986,#8987,#8988,#8989,#8990,#8991,#8992,#8993,#8994,
#8995,#8996,#8997,#8998,#8999,#9000,#9001,#9002,#9003,#9004,#9005,#9006,
#9007,#9008,#9009,#9010,#9011,#9012,#9013,#9014,#9015,#9016,#9017,#9018,
#9019,#9020,#9021,#9022,#9023,#9024,#9025,#9026,#9027,#9028,#9029,#9030,
#9031,#9032,#9033,#9034,#9035,#9036,#9037,#9038,#9039,#9040,#9041,#9042,
#9043,#9044,#9045,#9046,#9047,#9048,#9049,#9050,#9051,#9052,#9053,#9054,
#9055,#9056,#9057,#9058,#9059,#9060,#9061,#9062,#9063,#9064,#9065,#9066,
#9067,#9068,#9069,#9070,#9071,#9072,#9073,#9074,#9075,#9076,#9077,#9078,
#9079,#9080,#9081,#9082,#9083,#9084,#9085,#9086,#9087,#9088,#9089,#9090,
#9091,#9092,#9093,#9094,#9095,#9096,#9097,#9098,#9099,#9100,#9101,#9102,
#9103,#9104,#9105,#9106,#9107,#9108,#9109,#9110,#9111,#9112,#9113,#9114,
#9115,#9116,#9117,#9118,#9119,#9120,#9121,#9122,#9123,#9124,#9125,#9126,
#9127,#9128,#9129,#9130,#9131,#9132,#9133,#9134,#9135,#9136,#9137,#9138,
#9139,#9140,#9141,#9142,#9143,#9144,#9145,#9146,#9147,#9148,#9149,#9150,
#9151,#9152,#9153,#9154,#9155,#9156,#9157,#9158,#9159,#9160,#9161,#9162,
#9163,#9164,#9165,#9166,#9167,#9168,#9169,#9170,#9171,#9172,#9173,#9174,
#9175,#9176,#9177,#9178,#9179,#9180,#9181,#9182,#9183,#9184,#9185,#9186,
#9187,#9188,#9189,#9190,#9191,#9192,#9193,#9194,#9195,#9196,#9197,#9198,
#9199,#9200,#9201,#9202,#9203,#9204,#9205,#9206,#9207,#9208,#9209,#9210,
#9211,#9212,#9213,#9214,#9215,#9216,#9217,#9218,#9219,#9220,#9221,#9222,
#9223,#9224,#9225,#9226,#9227,#9228,#9229,#9230,#9231,#9232,#9233,#9234,
#9235,#9236,#9237,#9238,#9239,#9240,#9241,#9242,#9243,#9244,#9245,#9246,
#9247,#9248,#9249,#9250,#9251,#9252,#9253,#9254,#9255,#9256,#9257,#9258,
#9259,#9260,#9261,#9262,#9263,#9264,#9265,#9266,#9267,#9268,#9269,#9270,
#9271,#9272,#9273,#9274,#9275,#9276,#9277,#9278,#9279,#9280,#9281));
#9301=CLOSED_SHELL('',(#9282,#9283,#9284,#9285,#9286,#9287,#9288,#9289,
#9290,#9291,#9292,#9293,#9294,#9295,#9296,#9297,#9298,#9299));
#9302=STYLED_ITEM('',(#9304),#9318);
#9303=STYLED_ITEM('',(#9305),#9319);
#9304=PRESENTATION_STYLE_ASSIGNMENT((#9306));
#9305=PRESENTATION_STYLE_ASSIGNMENT((#9307));
#9306=SURFACE_STYLE_USAGE(.BOTH.,#9308);
#9307=SURFACE_STYLE_USAGE(.BOTH.,#9309);
#9308=SURFACE_SIDE_STYLE('',(#9310));
#9309=SURFACE_SIDE_STYLE('',(#9311));
#9310=SURFACE_STYLE_FILL_AREA(#9312);
#9311=SURFACE_STYLE_FILL_AREA(#9313);
#9312=FILL_AREA_STYLE('',(#9314));
#9313=FILL_AREA_STYLE('',(#9315));
#9314=FILL_AREA_STYLE_COLOUR('',#9316);
#9315=FILL_AREA_STYLE_COLOUR('',#9317);
#9316=COLOUR_RGB('',0.39215686917305,0.600000023841858,0.39215686917305);
#9317=COLOUR_RGB('',0.699999988079071,0.699999988079071,0.699999988079071);
#9318=MANIFOLD_SOLID_BREP('',#9300);
#9319=MANIFOLD_SOLID_BREP('',#9301);
#9320=SHAPE_DEFINITION_REPRESENTATION(#14889,#9323);
#9321=SHAPE_DEFINITION_REPRESENTATION(#14888,#9324);
#9322=SHAPE_DEFINITION_REPRESENTATION(#14891,#9325);
#9323=SHAPE_REPRESENTATION('15EDGxC-3.81-11P',(#9326),#14880);
#9324=SHAPE_REPRESENTATION('15EDGRC-3.81-11P',(#9326,#9837,#9860,#9861,
#9862,#9863,#9864,#9865,#9866,#9867,#9868,#9869,#9870),#14879);
#9325=SHAPE_REPRESENTATION('15EDGRC_pin',(#9326),#14881);
#9326=AXIS2_PLACEMENT_3D('',#12175,#9871,#9872);
#9327=AXIS2_PLACEMENT_3D('',#12176,#9873,#9874);
#9328=AXIS2_PLACEMENT_3D('',#12187,#9880,#9881);
#9329=AXIS2_PLACEMENT_3D('',#12191,#9883,#9884);
#9330=AXIS2_PLACEMENT_3D('',#12195,#9886,#9887);
#9331=AXIS2_PLACEMENT_3D('',#12196,#9888,#9889);
#9332=AXIS2_PLACEMENT_3D('',#12204,#9892,#9893);
#9333=AXIS2_PLACEMENT_3D('',#12210,#9894,#9895);
#9334=AXIS2_PLACEMENT_3D('',#12211,#9896,#9897);
#9335=AXIS2_PLACEMENT_3D('',#12217,#9901,#9902);
#9336=AXIS2_PLACEMENT_3D('',#12226,#9907,#9908);
#9337=AXIS2_PLACEMENT_3D('',#12235,#9913,#9914);
#9338=AXIS2_PLACEMENT_3D('',#12242,#9919,#9920);
#9339=AXIS2_PLACEMENT_3D('',#12251,#9925,#9926);
#9340=AXIS2_PLACEMENT_3D('',#12260,#9931,#9932);
#9341=AXIS2_PLACEMENT_3D('',#12266,#9936,#9937);
#9342=AXIS2_PLACEMENT_3D('',#12272,#9941,#9942);
#9343=AXIS2_PLACEMENT_3D('',#12274,#9944,#9945);
#9344=AXIS2_PLACEMENT_3D('',#12283,#9950,#9951);
#9345=AXIS2_PLACEMENT_3D('',#12289,#9955,#9956);
#9346=AXIS2_PLACEMENT_3D('',#12295,#9960,#9961);
#9347=AXIS2_PLACEMENT_3D('',#12301,#9965,#9966);
#9348=AXIS2_PLACEMENT_3D('',#12306,#9970,#9971);
#9349=AXIS2_PLACEMENT_3D('',#12308,#9973,#9974);
#9350=AXIS2_PLACEMENT_3D('',#12314,#9978,#9979);
#9351=AXIS2_PLACEMENT_3D('',#12320,#9983,#9984);
#9352=AXIS2_PLACEMENT_3D('',#12326,#9988,#9989);
#9353=AXIS2_PLACEMENT_3D('',#12332,#9993,#9994);
#9354=AXIS2_PLACEMENT_3D('',#12333,#9995,#9996);
#9355=AXIS2_PLACEMENT_3D('',#12338,#10000,#10001);
#9356=AXIS2_PLACEMENT_3D('',#12340,#10003,#10004);
#9357=AXIS2_PLACEMENT_3D('',#12341,#10005,#10006);
#9358=AXIS2_PLACEMENT_3D('',#12348,#10011,#10012);
#9359=AXIS2_PLACEMENT_3D('',#12352,#10015,#10016);
#9360=AXIS2_PLACEMENT_3D('',#12357,#10020,#10021);
#9361=AXIS2_PLACEMENT_3D('',#12359,#10023,#10024);
#9362=AXIS2_PLACEMENT_3D('',#12360,#10025,#10026);
#9363=AXIS2_PLACEMENT_3D('',#12362,#10027,#10028);
#9364=AXIS2_PLACEMENT_3D('',#12363,#10029,#10030);
#9365=AXIS2_PLACEMENT_3D('',#12372,#10035,#10036);
#9366=AXIS2_PLACEMENT_3D('',#12379,#10041,#10042);
#9367=AXIS2_PLACEMENT_3D('',#12387,#10047,#10048);
#9368=AXIS2_PLACEMENT_3D('',#12394,#10053,#10054);
#9369=AXIS2_PLACEMENT_3D('',#12399,#10058,#10059);
#9370=AXIS2_PLACEMENT_3D('',#12400,#10060,#10061);
#9371=AXIS2_PLACEMENT_3D('',#12401,#10062,#10063);
#9372=AXIS2_PLACEMENT_3D('',#12410,#10068,#10069);
#9373=AXIS2_PLACEMENT_3D('',#12416,#10073,#10074);
#9374=AXIS2_PLACEMENT_3D('',#12418,#10075,#10076);
#9375=AXIS2_PLACEMENT_3D('',#12427,#10081,#10082);
#9376=AXIS2_PLACEMENT_3D('',#12433,#10086,#10087);
#9377=AXIS2_PLACEMENT_3D('',#12435,#10088,#10089);
#9378=AXIS2_PLACEMENT_3D('',#12444,#10094,#10095);
#9379=AXIS2_PLACEMENT_3D('',#12450,#10099,#10100);
#9380=AXIS2_PLACEMENT_3D('',#12452,#10101,#10102);
#9381=AXIS2_PLACEMENT_3D('',#12461,#10107,#10108);
#9382=AXIS2_PLACEMENT_3D('',#12467,#10112,#10113);
#9383=AXIS2_PLACEMENT_3D('',#12469,#10114,#10115);
#9384=AXIS2_PLACEMENT_3D('',#12478,#10120,#10121);
#9385=AXIS2_PLACEMENT_3D('',#12484,#10125,#10126);
#9386=AXIS2_PLACEMENT_3D('',#12486,#10127,#10128);
#9387=AXIS2_PLACEMENT_3D('',#12495,#10133,#10134);
#9388=AXIS2_PLACEMENT_3D('',#12501,#10138,#10139);
#9389=AXIS2_PLACEMENT_3D('',#12503,#10140,#10141);
#9390=AXIS2_PLACEMENT_3D('',#12512,#10146,#10147);
#9391=AXIS2_PLACEMENT_3D('',#12518,#10151,#10152);
#9392=AXIS2_PLACEMENT_3D('',#12520,#10153,#10154);
#9393=AXIS2_PLACEMENT_3D('',#12529,#10159,#10160);
#9394=AXIS2_PLACEMENT_3D('',#12535,#10164,#10165);
#9395=AXIS2_PLACEMENT_3D('',#12537,#10166,#10167);
#9396=AXIS2_PLACEMENT_3D('',#12546,#10172,#10173);
#9397=AXIS2_PLACEMENT_3D('',#12552,#10177,#10178);
#9398=AXIS2_PLACEMENT_3D('',#12554,#10179,#10180);
#9399=AXIS2_PLACEMENT_3D('',#12563,#10185,#10186);
#9400=AXIS2_PLACEMENT_3D('',#12569,#10190,#10191);
#9401=AXIS2_PLACEMENT_3D('',#12571,#10192,#10193);
#9402=AXIS2_PLACEMENT_3D('',#12580,#10198,#10199);
#9403=AXIS2_PLACEMENT_3D('',#12581,#10200,#10201);
#9404=AXIS2_PLACEMENT_3D('',#12583,#10202,#10203);
#9405=AXIS2_PLACEMENT_3D('',#12592,#10208,#10209);
#9406=AXIS2_PLACEMENT_3D('',#12593,#10210,#10211);
#9407=AXIS2_PLACEMENT_3D('',#12595,#10212,#10213);
#9408=AXIS2_PLACEMENT_3D('',#12604,#10218,#10219);
#9409=AXIS2_PLACEMENT_3D('',#12605,#10220,#10221);
#9410=AXIS2_PLACEMENT_3D('',#12607,#10222,#10223);
#9411=AXIS2_PLACEMENT_3D('',#12616,#10228,#10229);
#9412=AXIS2_PLACEMENT_3D('',#12617,#10230,#10231);
#9413=AXIS2_PLACEMENT_3D('',#12619,#10232,#10233);
#9414=AXIS2_PLACEMENT_3D('',#12628,#10238,#10239);
#9415=AXIS2_PLACEMENT_3D('',#12629,#10240,#10241);
#9416=AXIS2_PLACEMENT_3D('',#12631,#10242,#10243);
#9417=AXIS2_PLACEMENT_3D('',#12640,#10248,#10249);
#9418=AXIS2_PLACEMENT_3D('',#12641,#10250,#10251);
#9419=AXIS2_PLACEMENT_3D('',#12643,#10252,#10253);
#9420=AXIS2_PLACEMENT_3D('',#12652,#10258,#10259);
#9421=AXIS2_PLACEMENT_3D('',#12653,#10260,#10261);
#9422=AXIS2_PLACEMENT_3D('',#12655,#10262,#10263);
#9423=AXIS2_PLACEMENT_3D('',#12664,#10268,#10269);
#9424=AXIS2_PLACEMENT_3D('',#12665,#10270,#10271);
#9425=AXIS2_PLACEMENT_3D('',#12667,#10272,#10273);
#9426=AXIS2_PLACEMENT_3D('',#12676,#10278,#10279);
#9427=AXIS2_PLACEMENT_3D('',#12677,#10280,#10281);
#9428=AXIS2_PLACEMENT_3D('',#12679,#10282,#10283);
#9429=AXIS2_PLACEMENT_3D('',#12688,#10288,#10289);
#9430=AXIS2_PLACEMENT_3D('',#12689,#10290,#10291);
#9431=AXIS2_PLACEMENT_3D('',#12691,#10292,#10293);
#9432=AXIS2_PLACEMENT_3D('',#12697,#10297,#10298);
#9433=AXIS2_PLACEMENT_3D('',#12706,#10303,#10304);
#9434=AXIS2_PLACEMENT_3D('',#12711,#10308,#10309);
#9435=AXIS2_PLACEMENT_3D('',#12715,#10312,#10313);
#9436=AXIS2_PLACEMENT_3D('',#12721,#10317,#10318);
#9437=AXIS2_PLACEMENT_3D('',#12727,#10322,#10323);
#9438=AXIS2_PLACEMENT_3D('',#12733,#10327,#10328);
#9439=AXIS2_PLACEMENT_3D('',#12742,#10333,#10334);
#9440=AXIS2_PLACEMENT_3D('',#12747,#10338,#10339);
#9441=AXIS2_PLACEMENT_3D('',#12751,#10342,#10343);
#9442=AXIS2_PLACEMENT_3D('',#12757,#10347,#10348);
#9443=AXIS2_PLACEMENT_3D('',#12763,#10352,#10353);
#9444=AXIS2_PLACEMENT_3D('',#12769,#10357,#10358);
#9445=AXIS2_PLACEMENT_3D('',#12778,#10363,#10364);
#9446=AXIS2_PLACEMENT_3D('',#12783,#10368,#10369);
#9447=AXIS2_PLACEMENT_3D('',#12787,#10372,#10373);
#9448=AXIS2_PLACEMENT_3D('',#12793,#10377,#10378);
#9449=AXIS2_PLACEMENT_3D('',#12799,#10382,#10383);
#9450=AXIS2_PLACEMENT_3D('',#12805,#10387,#10388);
#9451=AXIS2_PLACEMENT_3D('',#12814,#10393,#10394);
#9452=AXIS2_PLACEMENT_3D('',#12819,#10398,#10399);
#9453=AXIS2_PLACEMENT_3D('',#12823,#10402,#10403);
#9454=AXIS2_PLACEMENT_3D('',#12829,#10407,#10408);
#9455=AXIS2_PLACEMENT_3D('',#12835,#10412,#10413);
#9456=AXIS2_PLACEMENT_3D('',#12841,#10417,#10418);
#9457=AXIS2_PLACEMENT_3D('',#12850,#10423,#10424);
#9458=AXIS2_PLACEMENT_3D('',#12855,#10428,#10429);
#9459=AXIS2_PLACEMENT_3D('',#12859,#10432,#10433);
#9460=AXIS2_PLACEMENT_3D('',#12865,#10437,#10438);
#9461=AXIS2_PLACEMENT_3D('',#12871,#10442,#10443);
#9462=AXIS2_PLACEMENT_3D('',#12877,#10447,#10448);
#9463=AXIS2_PLACEMENT_3D('',#12886,#10453,#10454);
#9464=AXIS2_PLACEMENT_3D('',#12891,#10458,#10459);
#9465=AXIS2_PLACEMENT_3D('',#12895,#10462,#10463);
#9466=AXIS2_PLACEMENT_3D('',#12901,#10467,#10468);
#9467=AXIS2_PLACEMENT_3D('',#12907,#10472,#10473);
#9468=AXIS2_PLACEMENT_3D('',#12913,#10477,#10478);
#9469=AXIS2_PLACEMENT_3D('',#12922,#10483,#10484);
#9470=AXIS2_PLACEMENT_3D('',#12927,#10488,#10489);
#9471=AXIS2_PLACEMENT_3D('',#12931,#10492,#10493);
#9472=AXIS2_PLACEMENT_3D('',#12937,#10497,#10498);
#9473=AXIS2_PLACEMENT_3D('',#12943,#10502,#10503);
#9474=AXIS2_PLACEMENT_3D('',#12949,#10507,#10508);
#9475=AXIS2_PLACEMENT_3D('',#12958,#10513,#10514);
#9476=AXIS2_PLACEMENT_3D('',#12963,#10518,#10519);
#9477=AXIS2_PLACEMENT_3D('',#12967,#10522,#10523);
#9478=AXIS2_PLACEMENT_3D('',#12973,#10527,#10528);
#9479=AXIS2_PLACEMENT_3D('',#12979,#10532,#10533);
#9480=AXIS2_PLACEMENT_3D('',#12985,#10537,#10538);
#9481=AXIS2_PLACEMENT_3D('',#12994,#10543,#10544);
#9482=AXIS2_PLACEMENT_3D('',#12999,#10548,#10549);
#9483=AXIS2_PLACEMENT_3D('',#13003,#10552,#10553);
#9484=AXIS2_PLACEMENT_3D('',#13009,#10557,#10558);
#9485=AXIS2_PLACEMENT_3D('',#13015,#10562,#10563);
#9486=AXIS2_PLACEMENT_3D('',#13021,#10567,#10568);
#9487=AXIS2_PLACEMENT_3D('',#13030,#10573,#10574);
#9488=AXIS2_PLACEMENT_3D('',#13035,#10578,#10579);
#9489=AXIS2_PLACEMENT_3D('',#13039,#10582,#10583);
#9490=AXIS2_PLACEMENT_3D('',#13045,#10587,#10588);
#9491=AXIS2_PLACEMENT_3D('',#13051,#10592,#10593);
#9492=AXIS2_PLACEMENT_3D('',#13060,#10598,#10599);
#9493=AXIS2_PLACEMENT_3D('',#13061,#10600,#10601);
#9494=AXIS2_PLACEMENT_3D('',#13065,#10603,#10604);
#9495=AXIS2_PLACEMENT_3D('',#13066,#10605,#10606);
#9496=AXIS2_PLACEMENT_3D('',#13072,#10610,#10611);
#9497=AXIS2_PLACEMENT_3D('',#13078,#10615,#10616);
#9498=AXIS2_PLACEMENT_3D('',#13082,#10619,#10620);
#9499=AXIS2_PLACEMENT_3D('',#13086,#10623,#10624);
#9500=AXIS2_PLACEMENT_3D('',#13109,#10637,#10638);
#9501=AXIS2_PLACEMENT_3D('',#13118,#10643,#10644);
#9502=AXIS2_PLACEMENT_3D('',#13119,#10645,#10646);
#9503=AXIS2_PLACEMENT_3D('',#13123,#10648,#10649);
#9504=AXIS2_PLACEMENT_3D('',#13124,#10650,#10651);
#9505=AXIS2_PLACEMENT_3D('',#13130,#10655,#10656);
#9506=AXIS2_PLACEMENT_3D('',#13136,#10660,#10661);
#9507=AXIS2_PLACEMENT_3D('',#13140,#10664,#10665);
#9508=AXIS2_PLACEMENT_3D('',#13144,#10668,#10669);
#9509=AXIS2_PLACEMENT_3D('',#13167,#10682,#10683);
#9510=AXIS2_PLACEMENT_3D('',#13176,#10688,#10689);
#9511=AXIS2_PLACEMENT_3D('',#13177,#10690,#10691);
#9512=AXIS2_PLACEMENT_3D('',#13181,#10693,#10694);
#9513=AXIS2_PLACEMENT_3D('',#13182,#10695,#10696);
#9514=AXIS2_PLACEMENT_3D('',#13188,#10700,#10701);
#9515=AXIS2_PLACEMENT_3D('',#13194,#10705,#10706);
#9516=AXIS2_PLACEMENT_3D('',#13198,#10709,#10710);
#9517=AXIS2_PLACEMENT_3D('',#13202,#10713,#10714);
#9518=AXIS2_PLACEMENT_3D('',#13225,#10727,#10728);
#9519=AXIS2_PLACEMENT_3D('',#13234,#10733,#10734);
#9520=AXIS2_PLACEMENT_3D('',#13235,#10735,#10736);
#9521=AXIS2_PLACEMENT_3D('',#13239,#10738,#10739);
#9522=AXIS2_PLACEMENT_3D('',#13240,#10740,#10741);
#9523=AXIS2_PLACEMENT_3D('',#13246,#10745,#10746);
#9524=AXIS2_PLACEMENT_3D('',#13252,#10750,#10751);
#9525=AXIS2_PLACEMENT_3D('',#13256,#10754,#10755);
#9526=AXIS2_PLACEMENT_3D('',#13260,#10758,#10759);
#9527=AXIS2_PLACEMENT_3D('',#13283,#10772,#10773);
#9528=AXIS2_PLACEMENT_3D('',#13292,#10778,#10779);
#9529=AXIS2_PLACEMENT_3D('',#13293,#10780,#10781);
#9530=AXIS2_PLACEMENT_3D('',#13297,#10783,#10784);
#9531=AXIS2_PLACEMENT_3D('',#13298,#10785,#10786);
#9532=AXIS2_PLACEMENT_3D('',#13304,#10790,#10791);
#9533=AXIS2_PLACEMENT_3D('',#13310,#10795,#10796);
#9534=AXIS2_PLACEMENT_3D('',#13314,#10799,#10800);
#9535=AXIS2_PLACEMENT_3D('',#13318,#10803,#10804);
#9536=AXIS2_PLACEMENT_3D('',#13341,#10817,#10818);
#9537=AXIS2_PLACEMENT_3D('',#13350,#10823,#10824);
#9538=AXIS2_PLACEMENT_3D('',#13351,#10825,#10826);
#9539=AXIS2_PLACEMENT_3D('',#13355,#10828,#10829);
#9540=AXIS2_PLACEMENT_3D('',#13356,#10830,#10831);
#9541=AXIS2_PLACEMENT_3D('',#13362,#10835,#10836);
#9542=AXIS2_PLACEMENT_3D('',#13368,#10840,#10841);
#9543=AXIS2_PLACEMENT_3D('',#13372,#10844,#10845);
#9544=AXIS2_PLACEMENT_3D('',#13376,#10848,#10849);
#9545=AXIS2_PLACEMENT_3D('',#13399,#10862,#10863);
#9546=AXIS2_PLACEMENT_3D('',#13408,#10868,#10869);
#9547=AXIS2_PLACEMENT_3D('',#13409,#10870,#10871);
#9548=AXIS2_PLACEMENT_3D('',#13413,#10873,#10874);
#9549=AXIS2_PLACEMENT_3D('',#13414,#10875,#10876);
#9550=AXIS2_PLACEMENT_3D('',#13420,#10880,#10881);
#9551=AXIS2_PLACEMENT_3D('',#13426,#10885,#10886);
#9552=AXIS2_PLACEMENT_3D('',#13430,#10889,#10890);
#9553=AXIS2_PLACEMENT_3D('',#13434,#10893,#10894);
#9554=AXIS2_PLACEMENT_3D('',#13457,#10907,#10908);
#9555=AXIS2_PLACEMENT_3D('',#13461,#10910,#10911);
#9556=AXIS2_PLACEMENT_3D('',#13465,#10913,#10914);
#9557=AXIS2_PLACEMENT_3D('',#13466,#10915,#10916);
#9558=AXIS2_PLACEMENT_3D('',#13472,#10920,#10921);
#9559=AXIS2_PLACEMENT_3D('',#13478,#10925,#10926);
#9560=AXIS2_PLACEMENT_3D('',#13482,#10929,#10930);
#9561=AXIS2_PLACEMENT_3D('',#13486,#10933,#10934);
#9562=AXIS2_PLACEMENT_3D('',#13495,#10939,#10940);
#9563=AXIS2_PLACEMENT_3D('',#13520,#10954,#10955);
#9564=AXIS2_PLACEMENT_3D('',#13526,#10959,#10960);
#9565=AXIS2_PLACEMENT_3D('',#13530,#10963,#10964);
#9566=AXIS2_PLACEMENT_3D('',#13539,#10969,#10970);
#9567=AXIS2_PLACEMENT_3D('',#13540,#10971,#10972);
#9568=AXIS2_PLACEMENT_3D('',#13544,#10974,#10975);
#9569=AXIS2_PLACEMENT_3D('',#13545,#10976,#10977);
#9570=AXIS2_PLACEMENT_3D('',#13551,#10981,#10982);
#9571=AXIS2_PLACEMENT_3D('',#13557,#10986,#10987);
#9572=AXIS2_PLACEMENT_3D('',#13561,#10990,#10991);
#9573=AXIS2_PLACEMENT_3D('',#13565,#10994,#10995);
#9574=AXIS2_PLACEMENT_3D('',#13588,#11008,#11009);
#9575=AXIS2_PLACEMENT_3D('',#13597,#11014,#11015);
#9576=AXIS2_PLACEMENT_3D('',#13601,#11017,#11018);
#9577=AXIS2_PLACEMENT_3D('',#13602,#11019,#11020);
#9578=AXIS2_PLACEMENT_3D('',#13603,#11021,#11022);
#9579=AXIS2_PLACEMENT_3D('',#13612,#11027,#11028);
#9580=AXIS2_PLACEMENT_3D('',#13618,#11032,#11033);
#9581=AXIS2_PLACEMENT_3D('',#13624,#11037,#11038);
#9582=AXIS2_PLACEMENT_3D('',#13630,#11042,#11043);
#9583=AXIS2_PLACEMENT_3D('',#13634,#11046,#11047);
#9584=AXIS2_PLACEMENT_3D('',#13638,#11050,#11051);
#9585=AXIS2_PLACEMENT_3D('',#13661,#11064,#11065);
#9586=AXIS2_PLACEMENT_3D('',#13667,#11069,#11070);
#9587=AXIS2_PLACEMENT_3D('',#13669,#11072,#11073);
#9588=AXIS2_PLACEMENT_3D('',#13675,#11077,#11078);
#9589=AXIS2_PLACEMENT_3D('',#13681,#11082,#11083);
#9590=AXIS2_PLACEMENT_3D('',#13687,#11087,#11088);
#9591=AXIS2_PLACEMENT_3D('',#13689,#11090,#11091);
#9592=AXIS2_PLACEMENT_3D('',#13695,#11095,#11096);
#9593=AXIS2_PLACEMENT_3D('',#13701,#11100,#11101);
#9594=AXIS2_PLACEMENT_3D('',#13707,#11105,#11106);
#9595=AXIS2_PLACEMENT_3D('',#13709,#11108,#11109);
#9596=AXIS2_PLACEMENT_3D('',#13715,#11113,#11114);
#9597=AXIS2_PLACEMENT_3D('',#13721,#11118,#11119);
#9598=AXIS2_PLACEMENT_3D('',#13727,#11123,#11124);
#9599=AXIS2_PLACEMENT_3D('',#13729,#11126,#11127);
#9600=AXIS2_PLACEMENT_3D('',#13735,#11131,#11132);
#9601=AXIS2_PLACEMENT_3D('',#13741,#11136,#11137);
#9602=AXIS2_PLACEMENT_3D('',#13747,#11141,#11142);
#9603=AXIS2_PLACEMENT_3D('',#13749,#11144,#11145);
#9604=AXIS2_PLACEMENT_3D('',#13755,#11149,#11150);
#9605=AXIS2_PLACEMENT_3D('',#13761,#11154,#11155);
#9606=AXIS2_PLACEMENT_3D('',#13767,#11159,#11160);
#9607=AXIS2_PLACEMENT_3D('',#13769,#11162,#11163);
#9608=AXIS2_PLACEMENT_3D('',#13775,#11167,#11168);
#9609=AXIS2_PLACEMENT_3D('',#13781,#11172,#11173);
#9610=AXIS2_PLACEMENT_3D('',#13787,#11177,#11178);
#9611=AXIS2_PLACEMENT_3D('',#13789,#11180,#11181);
#9612=AXIS2_PLACEMENT_3D('',#13795,#11185,#11186);
#9613=AXIS2_PLACEMENT_3D('',#13801,#11190,#11191);
#9614=AXIS2_PLACEMENT_3D('',#13807,#11195,#11196);
#9615=AXIS2_PLACEMENT_3D('',#13809,#11198,#11199);
#9616=AXIS2_PLACEMENT_3D('',#13815,#11203,#11204);
#9617=AXIS2_PLACEMENT_3D('',#13821,#11208,#11209);
#9618=AXIS2_PLACEMENT_3D('',#13827,#11213,#11214);
#9619=AXIS2_PLACEMENT_3D('',#13829,#11216,#11217);
#9620=AXIS2_PLACEMENT_3D('',#13835,#11221,#11222);
#9621=AXIS2_PLACEMENT_3D('',#13841,#11226,#11227);
#9622=AXIS2_PLACEMENT_3D('',#13850,#11232,#11233);
#9623=AXIS2_PLACEMENT_3D('',#13856,#11237,#11238);
#9624=AXIS2_PLACEMENT_3D('',#13865,#11243,#11244);
#9625=AXIS2_PLACEMENT_3D('',#13871,#11248,#11249);
#9626=AXIS2_PLACEMENT_3D('',#13872,#11250,#11251);
#9627=AXIS2_PLACEMENT_3D('',#13873,#11252,#11253);
#9628=AXIS2_PLACEMENT_3D('',#13874,#11254,#11255);
#9629=AXIS2_PLACEMENT_3D('',#13880,#11259,#11260);
#9630=AXIS2_PLACEMENT_3D('',#13882,#11262,#11263);
#9631=AXIS2_PLACEMENT_3D('',#13888,#11267,#11268);
#9632=AXIS2_PLACEMENT_3D('',#13894,#11272,#11273);
#9633=AXIS2_PLACEMENT_3D('',#13900,#11277,#11278);
#9634=AXIS2_PLACEMENT_3D('',#13904,#11281,#11282);
#9635=AXIS2_PLACEMENT_3D('',#13908,#11285,#11286);
#9636=AXIS2_PLACEMENT_3D('',#13912,#11289,#11290);
#9637=AXIS2_PLACEMENT_3D('',#13916,#11293,#11294);
#9638=AXIS2_PLACEMENT_3D('',#13923,#11296,#11297);
#9639=AXIS2_PLACEMENT_3D('',#13929,#11298,#11299);
#9640=AXIS2_PLACEMENT_3D('',#13930,#11300,#11301);
#9641=AXIS2_PLACEMENT_3D('',#13934,#11304,#11305);
#9642=AXIS2_PLACEMENT_3D('',#13938,#11308,#11309);
#9643=AXIS2_PLACEMENT_3D('',#13942,#11312,#11313);
#9644=AXIS2_PLACEMENT_3D('',#13946,#11316,#11317);
#9645=AXIS2_PLACEMENT_3D('',#13950,#11320,#11321);
#9646=AXIS2_PLACEMENT_3D('',#13954,#11324,#11325);
#9647=AXIS2_PLACEMENT_3D('',#13956,#11327,#11328);
#9648=AXIS2_PLACEMENT_3D('',#13962,#11332,#11333);
#9649=AXIS2_PLACEMENT_3D('',#13966,#11336,#11337);
#9650=AXIS2_PLACEMENT_3D('',#13970,#11340,#11341);
#9651=AXIS2_PLACEMENT_3D('',#13974,#11344,#11345);
#9652=AXIS2_PLACEMENT_3D('',#13978,#11348,#11349);
#9653=AXIS2_PLACEMENT_3D('',#13985,#11351,#11352);
#9654=AXIS2_PLACEMENT_3D('',#13991,#11353,#11354);
#9655=AXIS2_PLACEMENT_3D('',#13992,#11355,#11356);
#9656=AXIS2_PLACEMENT_3D('',#13996,#11359,#11360);
#9657=AXIS2_PLACEMENT_3D('',#14000,#11363,#11364);
#9658=AXIS2_PLACEMENT_3D('',#14004,#11367,#11368);
#9659=AXIS2_PLACEMENT_3D('',#14008,#11371,#11372);
#9660=AXIS2_PLACEMENT_3D('',#14012,#11375,#11376);
#9661=AXIS2_PLACEMENT_3D('',#14016,#11379,#11380);
#9662=AXIS2_PLACEMENT_3D('',#14018,#11382,#11383);
#9663=AXIS2_PLACEMENT_3D('',#14024,#11387,#11388);
#9664=AXIS2_PLACEMENT_3D('',#14028,#11391,#11392);
#9665=AXIS2_PLACEMENT_3D('',#14032,#11395,#11396);
#9666=AXIS2_PLACEMENT_3D('',#14036,#11399,#11400);
#9667=AXIS2_PLACEMENT_3D('',#14040,#11403,#11404);
#9668=AXIS2_PLACEMENT_3D('',#14047,#11406,#11407);
#9669=AXIS2_PLACEMENT_3D('',#14053,#11408,#11409);
#9670=AXIS2_PLACEMENT_3D('',#14054,#11410,#11411);
#9671=AXIS2_PLACEMENT_3D('',#14058,#11414,#11415);
#9672=AXIS2_PLACEMENT_3D('',#14062,#11418,#11419);
#9673=AXIS2_PLACEMENT_3D('',#14066,#11422,#11423);
#9674=AXIS2_PLACEMENT_3D('',#14070,#11426,#11427);
#9675=AXIS2_PLACEMENT_3D('',#14074,#11430,#11431);
#9676=AXIS2_PLACEMENT_3D('',#14078,#11434,#11435);
#9677=AXIS2_PLACEMENT_3D('',#14080,#11437,#11438);
#9678=AXIS2_PLACEMENT_3D('',#14086,#11442,#11443);
#9679=AXIS2_PLACEMENT_3D('',#14090,#11446,#11447);
#9680=AXIS2_PLACEMENT_3D('',#14094,#11450,#11451);
#9681=AXIS2_PLACEMENT_3D('',#14098,#11454,#11455);
#9682=AXIS2_PLACEMENT_3D('',#14102,#11458,#11459);
#9683=AXIS2_PLACEMENT_3D('',#14109,#11461,#11462);
#9684=AXIS2_PLACEMENT_3D('',#14115,#11463,#11464);
#9685=AXIS2_PLACEMENT_3D('',#14116,#11465,#11466);
#9686=AXIS2_PLACEMENT_3D('',#14120,#11469,#11470);
#9687=AXIS2_PLACEMENT_3D('',#14124,#11473,#11474);
#9688=AXIS2_PLACEMENT_3D('',#14128,#11477,#11478);
#9689=AXIS2_PLACEMENT_3D('',#14132,#11481,#11482);
#9690=AXIS2_PLACEMENT_3D('',#14136,#11485,#11486);
#9691=AXIS2_PLACEMENT_3D('',#14140,#11489,#11490);
#9692=AXIS2_PLACEMENT_3D('',#14142,#11492,#11493);
#9693=AXIS2_PLACEMENT_3D('',#14148,#11497,#11498);
#9694=AXIS2_PLACEMENT_3D('',#14152,#11501,#11502);
#9695=AXIS2_PLACEMENT_3D('',#14156,#11505,#11506);
#9696=AXIS2_PLACEMENT_3D('',#14160,#11509,#11510);
#9697=AXIS2_PLACEMENT_3D('',#14164,#11513,#11514);
#9698=AXIS2_PLACEMENT_3D('',#14171,#11516,#11517);
#9699=AXIS2_PLACEMENT_3D('',#14177,#11518,#11519);
#9700=AXIS2_PLACEMENT_3D('',#14178,#11520,#11521);
#9701=AXIS2_PLACEMENT_3D('',#14182,#11524,#11525);
#9702=AXIS2_PLACEMENT_3D('',#14186,#11528,#11529);
#9703=AXIS2_PLACEMENT_3D('',#14190,#11532,#11533);
#9704=AXIS2_PLACEMENT_3D('',#14194,#11536,#11537);
#9705=AXIS2_PLACEMENT_3D('',#14198,#11540,#11541);
#9706=AXIS2_PLACEMENT_3D('',#14202,#11544,#11545);
#9707=AXIS2_PLACEMENT_3D('',#14204,#11547,#11548);
#9708=AXIS2_PLACEMENT_3D('',#14210,#11552,#11553);
#9709=AXIS2_PLACEMENT_3D('',#14214,#11556,#11557);
#9710=AXIS2_PLACEMENT_3D('',#14218,#11560,#11561);
#9711=AXIS2_PLACEMENT_3D('',#14222,#11564,#11565);
#9712=AXIS2_PLACEMENT_3D('',#14226,#11568,#11569);
#9713=AXIS2_PLACEMENT_3D('',#14233,#11571,#11572);
#9714=AXIS2_PLACEMENT_3D('',#14239,#11573,#11574);
#9715=AXIS2_PLACEMENT_3D('',#14240,#11575,#11576);
#9716=AXIS2_PLACEMENT_3D('',#14244,#11579,#11580);
#9717=AXIS2_PLACEMENT_3D('',#14248,#11583,#11584);
#9718=AXIS2_PLACEMENT_3D('',#14252,#11587,#11588);
#9719=AXIS2_PLACEMENT_3D('',#14256,#11591,#11592);
#9720=AXIS2_PLACEMENT_3D('',#14260,#11595,#11596);
#9721=AXIS2_PLACEMENT_3D('',#14264,#11599,#11600);
#9722=AXIS2_PLACEMENT_3D('',#14266,#11602,#11603);
#9723=AXIS2_PLACEMENT_3D('',#14272,#11607,#11608);
#9724=AXIS2_PLACEMENT_3D('',#14276,#11611,#11612);
#9725=AXIS2_PLACEMENT_3D('',#14280,#11615,#11616);
#9726=AXIS2_PLACEMENT_3D('',#14284,#11619,#11620);
#9727=AXIS2_PLACEMENT_3D('',#14288,#11623,#11624);
#9728=AXIS2_PLACEMENT_3D('',#14295,#11626,#11627);
#9729=AXIS2_PLACEMENT_3D('',#14301,#11628,#11629);
#9730=AXIS2_PLACEMENT_3D('',#14302,#11630,#11631);
#9731=AXIS2_PLACEMENT_3D('',#14306,#11634,#11635);
#9732=AXIS2_PLACEMENT_3D('',#14310,#11638,#11639);
#9733=AXIS2_PLACEMENT_3D('',#14314,#11642,#11643);
#9734=AXIS2_PLACEMENT_3D('',#14318,#11646,#11647);
#9735=AXIS2_PLACEMENT_3D('',#14322,#11650,#11651);
#9736=AXIS2_PLACEMENT_3D('',#14326,#11654,#11655);
#9737=AXIS2_PLACEMENT_3D('',#14328,#11657,#11658);
#9738=AXIS2_PLACEMENT_3D('',#14334,#11662,#11663);
#9739=AXIS2_PLACEMENT_3D('',#14345,#11664,#11665);
#9740=AXIS2_PLACEMENT_3D('',#14346,#11666,#11667);
#9741=AXIS2_PLACEMENT_3D('',#14350,#11670,#11671);
#9742=AXIS2_PLACEMENT_3D('',#14354,#11674,#11675);
#9743=AXIS2_PLACEMENT_3D('',#14358,#11678,#11679);
#9744=AXIS2_PLACEMENT_3D('',#14362,#11682,#11683);
#9745=AXIS2_PLACEMENT_3D('',#14366,#11686,#11687);
#9746=AXIS2_PLACEMENT_3D('',#14370,#11690,#11691);
#9747=AXIS2_PLACEMENT_3D('',#14374,#11694,#11695);
#9748=AXIS2_PLACEMENT_3D('',#14378,#11698,#11699);
#9749=AXIS2_PLACEMENT_3D('',#14382,#11702,#11703);
#9750=AXIS2_PLACEMENT_3D('',#14386,#11706,#11707);
#9751=AXIS2_PLACEMENT_3D('',#14390,#11710,#11711);
#9752=AXIS2_PLACEMENT_3D('',#14396,#11715,#11716);
#9753=AXIS2_PLACEMENT_3D('',#14400,#11719,#11720);
#9754=AXIS2_PLACEMENT_3D('',#14404,#11723,#11724);
#9755=AXIS2_PLACEMENT_3D('',#14409,#11728,#11729);
#9756=AXIS2_PLACEMENT_3D('',#14411,#11731,#11732);
#9757=AXIS2_PLACEMENT_3D('',#14417,#11736,#11737);
#9758=AXIS2_PLACEMENT_3D('',#14421,#11740,#11741);
#9759=AXIS2_PLACEMENT_3D('',#14425,#11744,#11745);
#9760=AXIS2_PLACEMENT_3D('',#14429,#11748,#11749);
#9761=AXIS2_PLACEMENT_3D('',#14433,#11752,#11753);
#9762=AXIS2_PLACEMENT_3D('',#14440,#11755,#11756);
#9763=AXIS2_PLACEMENT_3D('',#14446,#11757,#11758);
#9764=AXIS2_PLACEMENT_3D('',#14447,#11759,#11760);
#9765=AXIS2_PLACEMENT_3D('',#14451,#11763,#11764);
#9766=AXIS2_PLACEMENT_3D('',#14455,#11767,#11768);
#9767=AXIS2_PLACEMENT_3D('',#14459,#11771,#11772);
#9768=AXIS2_PLACEMENT_3D('',#14463,#11775,#11776);
#9769=AXIS2_PLACEMENT_3D('',#14467,#11779,#11780);
#9770=AXIS2_PLACEMENT_3D('',#14471,#11783,#11784);
#9771=AXIS2_PLACEMENT_3D('',#14473,#11786,#11787);
#9772=AXIS2_PLACEMENT_3D('',#14479,#11791,#11792);
#9773=AXIS2_PLACEMENT_3D('',#14486,#11794,#11795);
#9774=AXIS2_PLACEMENT_3D('',#14487,#11796,#11797);
#9775=AXIS2_PLACEMENT_3D('',#14493,#11798,#11799);
#9776=AXIS2_PLACEMENT_3D('',#14497,#11802,#11803);
#9777=AXIS2_PLACEMENT_3D('',#14503,#11807,#11808);
#9778=AXIS2_PLACEMENT_3D('',#14507,#11811,#11812);
#9779=AXIS2_PLACEMENT_3D('',#14511,#11815,#11816);
#9780=AXIS2_PLACEMENT_3D('',#14516,#11820,#11821);
#9781=AXIS2_PLACEMENT_3D('',#14520,#11824,#11825);
#9782=AXIS2_PLACEMENT_3D('',#14524,#11828,#11829);
#9783=AXIS2_PLACEMENT_3D('',#14528,#11832,#11833);
#9784=AXIS2_PLACEMENT_3D('',#14532,#11836,#11837);
#9785=AXIS2_PLACEMENT_3D('',#14536,#11840,#11841);
#9786=AXIS2_PLACEMENT_3D('',#14540,#11844,#11845);
#9787=AXIS2_PLACEMENT_3D('',#14544,#11848,#11849);
#9788=AXIS2_PLACEMENT_3D('',#14548,#11852,#11853);
#9789=AXIS2_PLACEMENT_3D('',#14550,#11855,#11856);
#9790=AXIS2_PLACEMENT_3D('',#14556,#11860,#11861);
#9791=AXIS2_PLACEMENT_3D('',#14562,#11865,#11866);
#9792=AXIS2_PLACEMENT_3D('',#14568,#11870,#11871);
#9793=AXIS2_PLACEMENT_3D('',#14574,#11875,#11876);
#9794=AXIS2_PLACEMENT_3D('',#14580,#11880,#11881);
#9795=AXIS2_PLACEMENT_3D('',#14586,#11885,#11886);
#9796=AXIS2_PLACEMENT_3D('',#14592,#11890,#11891);
#9797=AXIS2_PLACEMENT_3D('',#14598,#11895,#11896);
#9798=AXIS2_PLACEMENT_3D('',#14604,#11900,#11901);
#9799=AXIS2_PLACEMENT_3D('',#14610,#11905,#11906);
#9800=AXIS2_PLACEMENT_3D('',#14616,#11910,#11911);
#9801=AXIS2_PLACEMENT_3D('',#14622,#11915,#11916);
#9802=AXIS2_PLACEMENT_3D('',#14626,#11919,#11920);
#9803=AXIS2_PLACEMENT_3D('',#14630,#11923,#11924);
#9804=AXIS2_PLACEMENT_3D('',#14636,#11928,#11929);
#9805=AXIS2_PLACEMENT_3D('',#14640,#11932,#11933);
#9806=AXIS2_PLACEMENT_3D('',#14644,#11936,#11937);
#9807=AXIS2_PLACEMENT_3D('',#14650,#11941,#11942);
#9808=AXIS2_PLACEMENT_3D('',#14654,#11945,#11946);
#9809=AXIS2_PLACEMENT_3D('',#14658,#11949,#11950);
#9810=AXIS2_PLACEMENT_3D('',#14664,#11954,#11955);
#9811=AXIS2_PLACEMENT_3D('',#14668,#11958,#11959);
#9812=AXIS2_PLACEMENT_3D('',#14672,#11962,#11963);
#9813=AXIS2_PLACEMENT_3D('',#14678,#11967,#11968);
#9814=AXIS2_PLACEMENT_3D('',#14682,#11971,#11972);
#9815=AXIS2_PLACEMENT_3D('',#14686,#11975,#11976);
#9816=AXIS2_PLACEMENT_3D('',#14692,#11980,#11981);
#9817=AXIS2_PLACEMENT_3D('',#14696,#11984,#11985);
#9818=AXIS2_PLACEMENT_3D('',#14700,#11988,#11989);
#9819=AXIS2_PLACEMENT_3D('',#14706,#11993,#11994);
#9820=AXIS2_PLACEMENT_3D('',#14710,#11997,#11998);
#9821=AXIS2_PLACEMENT_3D('',#14714,#12001,#12002);
#9822=AXIS2_PLACEMENT_3D('',#14720,#12006,#12007);
#9823=AXIS2_PLACEMENT_3D('',#14724,#12010,#12011);
#9824=AXIS2_PLACEMENT_3D('',#14728,#12014,#12015);
#9825=AXIS2_PLACEMENT_3D('',#14734,#12019,#12020);
#9826=AXIS2_PLACEMENT_3D('',#14738,#12023,#12024);
#9827=AXIS2_PLACEMENT_3D('',#14742,#12027,#12028);
#9828=AXIS2_PLACEMENT_3D('',#14747,#12031,#12032);
#9829=AXIS2_PLACEMENT_3D('',#14748,#12033,#12034);
#9830=AXIS2_PLACEMENT_3D('',#14751,#12036,#12037);
#9831=AXIS2_PLACEMENT_3D('',#14752,#12038,#12039);
#9832=AXIS2_PLACEMENT_3D('',#14756,#12042,#12043);
#9833=AXIS2_PLACEMENT_3D('',#14762,#12047,#12048);
#9834=AXIS2_PLACEMENT_3D('',#14766,#12051,#12052);
#9835=AXIS2_PLACEMENT_3D('',#14770,#12055,#12056);
#9836=AXIS2_PLACEMENT_3D('',#14783,#12069,#12070);
#9837=AXIS2_PLACEMENT_3D('',#14784,#12071,#12072);
#9838=AXIS2_PLACEMENT_3D('',#14785,#12073,#12074);
#9839=AXIS2_PLACEMENT_3D('',#14794,#12079,#12080);
#9840=AXIS2_PLACEMENT_3D('',#14798,#12082,#12083);
#9841=AXIS2_PLACEMENT_3D('',#14806,#12087,#12088);
#9842=AXIS2_PLACEMENT_3D('',#14808,#12090,#12091);
#9843=AXIS2_PLACEMENT_3D('',#14814,#12095,#12096);
#9844=AXIS2_PLACEMENT_3D('',#14818,#12098,#12099);
#9845=AXIS2_PLACEMENT_3D('',#14820,#12101,#12102);
#9846=AXIS2_PLACEMENT_3D('',#14825,#12105,#12106);
#9847=AXIS2_PLACEMENT_3D('',#14828,#12109,#12110);
#9848=AXIS2_PLACEMENT_3D('',#14837,#12115,#12116);
#9849=AXIS2_PLACEMENT_3D('',#14840,#12119,#12120);
#9850=AXIS2_PLACEMENT_3D('',#14849,#12125,#12126);
#9851=AXIS2_PLACEMENT_3D('',#14852,#12129,#12130);
#9852=AXIS2_PLACEMENT_3D('',#14854,#12132,#12133);
#9853=AXIS2_PLACEMENT_3D('',#14856,#12135,#12136);
#9854=AXIS2_PLACEMENT_3D('',#14857,#12137,#12138);
#9855=AXIS2_PLACEMENT_3D('',#14860,#12141,#12142);
#9856=AXIS2_PLACEMENT_3D('',#14862,#12144,#12145);
#9857=AXIS2_PLACEMENT_3D('',#14864,#12147,#12148);
#9858=AXIS2_PLACEMENT_3D('',#14865,#12149,#12150);
#9859=AXIS2_PLACEMENT_3D('',#14866,#12151,#12152);
#9860=AXIS2_PLACEMENT_3D('',#14867,#12153,#12154);
#9861=AXIS2_PLACEMENT_3D('',#14868,#12155,#12156);
#9862=AXIS2_PLACEMENT_3D('',#14869,#12157,#12158);
#9863=AXIS2_PLACEMENT_3D('',#14870,#12159,#12160);
#9864=AXIS2_PLACEMENT_3D('',#14871,#12161,#12162);
#9865=AXIS2_PLACEMENT_3D('',#14872,#12163,#12164);
#9866=AXIS2_PLACEMENT_3D('',#14873,#12165,#12166);
#9867=AXIS2_PLACEMENT_3D('',#14874,#12167,#12168);
#9868=AXIS2_PLACEMENT_3D('',#14875,#12169,#12170);
#9869=AXIS2_PLACEMENT_3D('',#14876,#12171,#12172);
#9870=AXIS2_PLACEMENT_3D('',#14877,#12173,#12174);
#9871=DIRECTION('',(0.,0.,1.));
#9872=DIRECTION('',(1.,0.,0.));
#9873=DIRECTION('',(0.999961923064171,9.53108474188095E-17,0.00872653549837393));
#9874=DIRECTION('',(0.00872653549837393,0.,-0.999961923064171));
#9875=DIRECTION('',(-9.53144767020224E-17,1.,0.));
#9876=DIRECTION('',(-0.00846600192797804,-0.242526933229785,0.970107732919139));
#9877=DIRECTION('',(-0.00872653549837393,0.,0.999961923064171));
#9878=DIRECTION('',(-9.53144767020224E-17,1.,0.));
#9879=DIRECTION('',(-0.00872653549837393,0.,0.999961923064171));
#9880=DIRECTION('',(0.,0.,-1.));
#9881=DIRECTION('',(-1.,0.,0.));
#9882=DIRECTION('',(0.,0.,-1.));
#9883=DIRECTION('',(0.,0.,1.));
#9884=DIRECTION('',(1.,0.,0.));
#9885=DIRECTION('',(0.,0.,-1.));
#9886=DIRECTION('',(0.,0.,-1.));
#9887=DIRECTION('',(1.,0.,0.));
#9888=DIRECTION('',(0.,-0.970142500145332,-0.242535625036333));
#9889=DIRECTION('',(-1.,0.,0.));
#9890=DIRECTION('',(1.,0.,0.));
#9891=DIRECTION('',(-1.,0.,0.));
#9892=DIRECTION('',(0.,0.,-1.));
#9893=DIRECTION('',(-1.,0.,0.));
#9894=DIRECTION('',(0.,0.,1.));
#9895=DIRECTION('',(1.,0.,0.));
#9896=DIRECTION('',(0.,-0.970142500145332,-0.242535625036333));
#9897=DIRECTION('',(-1.,0.,0.));
#9898=DIRECTION('',(-0.00846600192797812,0.242526933229785,-0.970107732919139));
#9899=DIRECTION('',(1.,0.,0.));
#9900=DIRECTION('',(-1.,0.,0.));
#9901=DIRECTION('',(0.707106781186547,0.,-0.707106781186548));
#9902=DIRECTION('',(-0.707106781186548,0.,-0.707106781186547));
#9903=DIRECTION('',(-0.672213996993525,0.310252613997011,-0.672213996993525));
#9904=DIRECTION('',(0.,1.,0.));
#9905=DIRECTION('',(0.707106781186548,0.,0.707106781186547));
#9906=DIRECTION('',(0.,-1.,0.));
#9907=DIRECTION('',(-0.707106781186547,0.,-0.707106781186548));
#9908=DIRECTION('',(-0.707106781186548,0.,0.707106781186547));
#9909=DIRECTION('',(0.707106781186548,0.,-0.707106781186547));
#9910=DIRECTION('',(0.,-1.,0.));
#9911=DIRECTION('',(-0.672213996993525,-0.310252613997011,0.672213996993525));
#9912=DIRECTION('',(0.,1.,0.));
#9913=DIRECTION('',(0.,-0.907959384500452,-0.419058177461747));
#9914=DIRECTION('',(1.,0.,0.));
#9915=DIRECTION('',(0.,0.419058177461747,-0.907959384500452));
#9916=DIRECTION('',(1.,0.,0.));
#9917=DIRECTION('',(0.,-0.419058177461747,0.907959384500452));
#9918=DIRECTION('',(1.,-7.74430123203932E-17,0.));
#9919=DIRECTION('',(0.,0.,-1.));
#9920=DIRECTION('',(-1.,0.,0.));
#9921=DIRECTION('',(1.,0.,0.));
#9922=DIRECTION('',(0.,-1.,0.));
#9923=DIRECTION('',(-1.,0.,0.));
#9924=DIRECTION('',(0.,1.,0.));
#9925=DIRECTION('',(1.,0.,0.));
#9926=DIRECTION('',(0.,0.,-1.));
#9927=DIRECTION('',(0.,-1.,0.));
#9928=DIRECTION('',(0.,0.,-1.));
#9929=DIRECTION('',(0.,-1.,0.));
#9930=DIRECTION('',(0.,0.,-1.));
#9931=DIRECTION('',(0.,1.,0.));
#9932=DIRECTION('',(0.,0.,1.));
#9933=DIRECTION('',(1.,0.,0.));
#9934=DIRECTION('',(0.,0.,-1.));
#9935=DIRECTION('',(1.,0.,0.));
#9936=DIRECTION('',(-1.,0.,0.));
#9937=DIRECTION('',(0.,0.,1.));
#9938=DIRECTION('',(0.,1.,0.));
#9939=DIRECTION('',(0.,0.,-1.));
#9940=DIRECTION('',(0.,1.,0.));
#9941=DIRECTION('',(0.,0.,1.));
#9942=DIRECTION('',(1.,0.,0.));
#9943=DIRECTION('',(-1.,0.,0.));
#9944=DIRECTION('',(-0.932004671541296,0.362446261154949,0.));
#9945=DIRECTION('',(-0.362446261154949,-0.932004671541296,0.));
#9946=DIRECTION('',(-0.362446261154949,-0.932004671541296,0.));
#9947=DIRECTION('',(0.,0.,1.));
#9948=DIRECTION('',(-0.362446261154949,-0.932004671541296,0.));
#9949=DIRECTION('',(0.,0.,1.));
#9950=DIRECTION('',(0.,1.,0.));
#9951=DIRECTION('',(0.,0.,1.));
#9952=DIRECTION('',(-1.,0.,0.));
#9953=DIRECTION('',(-1.,0.,0.));
#9954=DIRECTION('',(0.,0.,1.));
#9955=DIRECTION('',(-1.,0.,0.));
#9956=DIRECTION('',(0.,0.,1.));
#9957=DIRECTION('',(0.,-1.,0.));
#9958=DIRECTION('',(0.,-1.,0.));
#9959=DIRECTION('',(0.,0.,1.));
#9960=DIRECTION('',(0.,-1.,0.));
#9961=DIRECTION('',(0.,0.,-1.));
#9962=DIRECTION('',(1.,0.,0.));
#9963=DIRECTION('',(1.,0.,0.));
#9964=DIRECTION('',(0.00872653549837393,0.,0.999961923064171));
#9965=DIRECTION('',(-0.999961923064171,-2.26363262619672E-16,0.00872653549837393));
#9966=DIRECTION('',(0.00872653549837393,0.,0.999961923064171));
#9967=DIRECTION('',(0.00872653549837393,0.,0.999961923064171));
#9968=DIRECTION('',(2.26371882167303E-16,-1.,0.));
#9969=DIRECTION('',(2.26371882167303E-16,-1.,0.));
#9970=DIRECTION('',(0.,1.,0.));
#9971=DIRECTION('',(0.,0.,1.));
#9972=DIRECTION('',(-1.,0.,0.));
#9973=DIRECTION('',(0.,-1.,0.));
#9974=DIRECTION('',(0.,0.,-1.));
#9975=DIRECTION('',(1.,0.,0.));
#9976=DIRECTION('',(1.,0.,0.));
#9977=DIRECTION('',(0.,0.,1.));
#9978=DIRECTION('',(1.,0.,0.));
#9979=DIRECTION('',(0.,0.,-1.));
#9980=DIRECTION('',(0.,1.,0.));
#9981=DIRECTION('',(0.,1.,0.));
#9982=DIRECTION('',(0.,0.,1.));
#9983=DIRECTION('',(0.,1.,0.));
#9984=DIRECTION('',(0.,0.,1.));
#9985=DIRECTION('',(-1.,0.,0.));
#9986=DIRECTION('',(-1.,0.,0.));
#9987=DIRECTION('',(0.,0.,1.));
#9988=DIRECTION('',(0.932004671541296,0.362446261154948,0.));
#9989=DIRECTION('',(-0.362446261154949,0.932004671541296,0.));
#9990=DIRECTION('',(-0.362446261154948,0.932004671541296,0.));
#9991=DIRECTION('',(-0.362446261154948,0.932004671541296,0.));
#9992=DIRECTION('',(0.,0.,1.));
#9993=DIRECTION('',(0.,0.,-1.));
#9994=DIRECTION('',(-1.,0.,0.));
#9995=DIRECTION('',(0.,0.,-1.));
#9996=DIRECTION('',(1.,0.,0.));
#9997=DIRECTION('',(-1.,0.,0.));
#9998=DIRECTION('',(1.,0.,0.));
#9999=DIRECTION('',(1.,0.,0.));
#10000=DIRECTION('',(0.,-1.,0.));
#10001=DIRECTION('',(0.,0.,-1.));
#10002=DIRECTION('',(1.,0.,0.));
#10003=DIRECTION('',(0.,1.,0.));
#10004=DIRECTION('',(0.,0.,1.));
#10005=DIRECTION('',(-1.,0.,0.));
#10006=DIRECTION('',(0.,0.,1.));
#10007=DIRECTION('',(0.,0.,-1.));
#10008=DIRECTION('',(0.,0.,1.));
#10009=DIRECTION('',(0.,-1.,0.));
#10010=DIRECTION('',(0.,0.,1.));
#10011=DIRECTION('',(0.,1.,0.));
#10012=DIRECTION('',(0.,0.,1.));
#10013=DIRECTION('',(0.,0.,1.));
#10014=DIRECTION('',(-1.,0.,0.));
#10015=DIRECTION('',(1.,0.,0.));
#10016=DIRECTION('',(0.,0.,-1.));
#10017=DIRECTION('',(0.,0.,-1.));
#10018=DIRECTION('',(0.,0.,1.));
#10019=DIRECTION('',(0.,1.,0.));
#10020=DIRECTION('',(0.,-1.,0.));
#10021=DIRECTION('',(0.,0.,-1.));
#10022=DIRECTION('',(1.,0.,0.));
#10023=DIRECTION('',(0.,0.,-1.));
#10024=DIRECTION('',(-1.,0.,0.));
#10025=DIRECTION('',(0.,0.,-1.));
#10026=DIRECTION('',(1.,0.,0.));
#10027=DIRECTION('',(0.,0.,-1.));
#10028=DIRECTION('',(-1.,0.,0.));
#10029=DIRECTION('',(0.,0.,1.));
#10030=DIRECTION('',(1.,0.,0.));
#10031=DIRECTION('',(0.,-1.,0.));
#10032=DIRECTION('',(-1.,0.,0.));
#10033=DIRECTION('',(0.,-1.,0.));
#10034=DIRECTION('',(1.,0.,0.));
#10035=DIRECTION('',(0.,-1.,0.));
#10036=DIRECTION('',(0.,0.,-1.));
#10037=DIRECTION('',(1.88556899562696E-16,0.,-1.));
#10038=DIRECTION('',(-1.,0.,0.));
#10039=DIRECTION('',(-1.,0.,0.));
#10040=DIRECTION('',(-5.18531473797415E-16,0.,1.));
#10041=DIRECTION('',(-1.,2.16840434497101E-16,0.));
#10042=DIRECTION('',(-2.16840434497101E-16,-1.,0.));
#10043=DIRECTION('',(2.16840434497101E-16,1.,0.));
#10044=DIRECTION('',(0.,0.,-1.));
#10045=DIRECTION('',(2.16840434497101E-16,1.,0.));
#10046=DIRECTION('',(0.,0.,-1.));
#10047=DIRECTION('',(7.74430123203932E-17,1.,0.));
#10048=DIRECTION('',(-1.,7.74430123203932E-17,0.));
#10049=DIRECTION('',(-1.,7.74430123203932E-17,0.));
#10050=DIRECTION('',(0.,0.,-1.));
#10051=DIRECTION('',(1.,-7.74430123203932E-17,0.));
#10052=DIRECTION('',(1.,-7.74430123203932E-17,0.));
#10053=DIRECTION('',(1.,-5.42101086242752E-17,0.));
#10054=DIRECTION('',(5.42101086242752E-17,1.,0.));
#10055=DIRECTION('',(0.,0.,-1.));
#10056=DIRECTION('',(-5.42101086242752E-17,-1.,0.));
#10057=DIRECTION('',(-5.42101086242752E-17,-1.,0.));
#10058=DIRECTION('',(0.,0.,-1.));
#10059=DIRECTION('',(-1.,0.,0.));
#10060=DIRECTION('',(0.,0.,-1.));
#10061=DIRECTION('',(-1.,0.,0.));
#10062=DIRECTION('',(0.,-1.,0.));
#10063=DIRECTION('',(0.,0.,-1.));
#10064=DIRECTION('',(1.,0.,0.));
#10065=DIRECTION('',(0.,0.,1.));
#10066=DIRECTION('',(1.,0.,0.));
#10067=DIRECTION('',(0.,0.,1.));
#10068=DIRECTION('',(0.,0.,-1.));
#10069=DIRECTION('',(-1.,0.,0.));
#10070=DIRECTION('',(0.,1.,0.));
#10071=DIRECTION('',(0.,-1.,0.));
#10072=DIRECTION('',(-1.,0.,0.));
#10073=DIRECTION('',(0.,0.,-1.));
#10074=DIRECTION('',(1.,0.,0.));
#10075=DIRECTION('',(0.,-1.,0.));
#10076=DIRECTION('',(0.,0.,-1.));
#10077=DIRECTION('',(1.,0.,0.));
#10078=DIRECTION('',(0.,0.,1.));
#10079=DIRECTION('',(1.,0.,0.));
#10080=DIRECTION('',(0.,0.,1.));
#10081=DIRECTION('',(0.,0.,-1.));
#10082=DIRECTION('',(-1.,0.,0.));
#10083=DIRECTION('',(0.,1.,0.));
#10084=DIRECTION('',(0.,-1.,0.));
#10085=DIRECTION('',(-1.,0.,0.));
#10086=DIRECTION('',(0.,0.,-1.));
#10087=DIRECTION('',(1.,0.,0.));
#10088=DIRECTION('',(0.,-1.,0.));
#10089=DIRECTION('',(0.,0.,-1.));
#10090=DIRECTION('',(1.,0.,0.));
#10091=DIRECTION('',(0.,0.,1.));
#10092=DIRECTION('',(1.,0.,0.));
#10093=DIRECTION('',(0.,0.,1.));
#10094=DIRECTION('',(0.,0.,-1.));
#10095=DIRECTION('',(-1.,0.,0.));
#10096=DIRECTION('',(0.,1.,0.));
#10097=DIRECTION('',(0.,-1.,0.));
#10098=DIRECTION('',(-1.,0.,0.));
#10099=DIRECTION('',(0.,0.,-1.));
#10100=DIRECTION('',(1.,0.,0.));
#10101=DIRECTION('',(0.,-1.,0.));
#10102=DIRECTION('',(0.,0.,-1.));
#10103=DIRECTION('',(1.,0.,0.));
#10104=DIRECTION('',(0.,0.,1.));
#10105=DIRECTION('',(1.,0.,0.));
#10106=DIRECTION('',(0.,0.,1.));
#10107=DIRECTION('',(0.,0.,-1.));
#10108=DIRECTION('',(-1.,0.,0.));
#10109=DIRECTION('',(0.,1.,0.));
#10110=DIRECTION('',(0.,-1.,0.));
#10111=DIRECTION('',(-1.,0.,0.));
#10112=DIRECTION('',(0.,0.,-1.));
#10113=DIRECTION('',(1.,0.,0.));
#10114=DIRECTION('',(0.,-1.,0.));
#10115=DIRECTION('',(0.,0.,-1.));
#10116=DIRECTION('',(1.,0.,0.));
#10117=DIRECTION('',(0.,0.,1.));
#10118=DIRECTION('',(1.,0.,0.));
#10119=DIRECTION('',(0.,0.,1.));
#10120=DIRECTION('',(0.,0.,-1.));
#10121=DIRECTION('',(-1.,0.,0.));
#10122=DIRECTION('',(0.,1.,0.));
#10123=DIRECTION('',(0.,-1.,0.));
#10124=DIRECTION('',(-1.,0.,0.));
#10125=DIRECTION('',(0.,0.,-1.));
#10126=DIRECTION('',(1.,0.,0.));
#10127=DIRECTION('',(0.,-1.,0.));
#10128=DIRECTION('',(0.,0.,-1.));
#10129=DIRECTION('',(1.,0.,0.));
#10130=DIRECTION('',(0.,0.,1.));
#10131=DIRECTION('',(1.,0.,0.));
#10132=DIRECTION('',(0.,0.,1.));
#10133=DIRECTION('',(0.,0.,-1.));
#10134=DIRECTION('',(-1.,0.,0.));
#10135=DIRECTION('',(0.,1.,0.));
#10136=DIRECTION('',(0.,-1.,0.));
#10137=DIRECTION('',(-1.,0.,0.));
#10138=DIRECTION('',(0.,0.,-1.));
#10139=DIRECTION('',(1.,0.,0.));
#10140=DIRECTION('',(0.,-1.,0.));
#10141=DIRECTION('',(0.,0.,-1.));
#10142=DIRECTION('',(1.,0.,0.));
#10143=DIRECTION('',(0.,0.,1.));
#10144=DIRECTION('',(1.,0.,0.));
#10145=DIRECTION('',(0.,0.,1.));
#10146=DIRECTION('',(0.,0.,-1.));
#10147=DIRECTION('',(-1.,0.,0.));
#10148=DIRECTION('',(0.,1.,0.));
#10149=DIRECTION('',(0.,-1.,0.));
#10150=DIRECTION('',(-1.,0.,0.));
#10151=DIRECTION('',(0.,0.,-1.));
#10152=DIRECTION('',(1.,0.,0.));
#10153=DIRECTION('',(0.,-1.,0.));
#10154=DIRECTION('',(0.,0.,-1.));
#10155=DIRECTION('',(1.,0.,0.));
#10156=DIRECTION('',(0.,0.,1.));
#10157=DIRECTION('',(1.,0.,0.));
#10158=DIRECTION('',(0.,0.,1.));
#10159=DIRECTION('',(0.,0.,-1.));
#10160=DIRECTION('',(-1.,0.,0.));
#10161=DIRECTION('',(0.,1.,0.));
#10162=DIRECTION('',(0.,-1.,0.));
#10163=DIRECTION('',(-1.,0.,0.));
#10164=DIRECTION('',(0.,0.,-1.));
#10165=DIRECTION('',(1.,0.,0.));
#10166=DIRECTION('',(0.,-1.,0.));
#10167=DIRECTION('',(0.,0.,-1.));
#10168=DIRECTION('',(-1.,0.,0.));
#10169=DIRECTION('',(0.,0.,1.));
#10170=DIRECTION('',(-1.,0.,0.));
#10171=DIRECTION('',(0.,0.,1.));
#10172=DIRECTION('',(0.,0.,-1.));
#10173=DIRECTION('',(1.,0.,0.));
#10174=DIRECTION('',(0.,1.,0.));
#10175=DIRECTION('',(1.,0.,0.));
#10176=DIRECTION('',(0.,-1.,0.));
#10177=DIRECTION('',(0.,0.,1.));
#10178=DIRECTION('',(-1.,0.,0.));
#10179=DIRECTION('',(0.,-1.,0.));
#10180=DIRECTION('',(0.,0.,-1.));
#10181=DIRECTION('',(1.,0.,0.));
#10182=DIRECTION('',(0.,0.,1.));
#10183=DIRECTION('',(1.,0.,0.));
#10184=DIRECTION('',(0.,0.,1.));
#10185=DIRECTION('',(0.,0.,-1.));
#10186=DIRECTION('',(-1.,0.,0.));
#10187=DIRECTION('',(0.,1.,0.));
#10188=DIRECTION('',(0.,-1.,0.));
#10189=DIRECTION('',(-1.,0.,0.));
#10190=DIRECTION('',(0.,0.,-1.));
#10191=DIRECTION('',(1.,0.,0.));
#10192=DIRECTION('',(0.,1.,0.));
#10193=DIRECTION('',(0.,0.,1.));
#10194=DIRECTION('',(1.,0.,0.));
#10195=DIRECTION('',(0.,0.,-1.));
#10196=DIRECTION('',(1.,0.,0.));
#10197=DIRECTION('',(0.,0.,-1.));
#10198=DIRECTION('',(0.,0.,-1.));
#10199=DIRECTION('',(-1.,0.,0.));
#10200=DIRECTION('',(0.,0.,-1.));
#10201=DIRECTION('',(1.,0.,0.));
#10202=DIRECTION('',(0.,1.,0.));
#10203=DIRECTION('',(0.,0.,1.));
#10204=DIRECTION('',(1.,0.,0.));
#10205=DIRECTION('',(0.,0.,-1.));
#10206=DIRECTION('',(1.,0.,0.));
#10207=DIRECTION('',(0.,0.,-1.));
#10208=DIRECTION('',(0.,0.,-1.));
#10209=DIRECTION('',(-1.,0.,0.));
#10210=DIRECTION('',(0.,0.,-1.));
#10211=DIRECTION('',(1.,0.,0.));
#10212=DIRECTION('',(0.,1.,0.));
#10213=DIRECTION('',(0.,0.,1.));
#10214=DIRECTION('',(1.,0.,0.));
#10215=DIRECTION('',(0.,0.,-1.));
#10216=DIRECTION('',(1.,0.,0.));
#10217=DIRECTION('',(0.,0.,-1.));
#10218=DIRECTION('',(0.,0.,-1.));
#10219=DIRECTION('',(-1.,0.,0.));
#10220=DIRECTION('',(0.,0.,-1.));
#10221=DIRECTION('',(1.,0.,0.));
#10222=DIRECTION('',(0.,1.,0.));
#10223=DIRECTION('',(0.,0.,1.));
#10224=DIRECTION('',(1.,0.,0.));
#10225=DIRECTION('',(0.,0.,-1.));
#10226=DIRECTION('',(1.,0.,0.));
#10227=DIRECTION('',(0.,0.,-1.));
#10228=DIRECTION('',(0.,0.,-1.));
#10229=DIRECTION('',(-1.,0.,0.));
#10230=DIRECTION('',(0.,0.,-1.));
#10231=DIRECTION('',(1.,0.,0.));
#10232=DIRECTION('',(0.,1.,0.));
#10233=DIRECTION('',(0.,0.,1.));
#10234=DIRECTION('',(1.,0.,0.));
#10235=DIRECTION('',(0.,0.,-1.));
#10236=DIRECTION('',(1.,0.,0.));
#10237=DIRECTION('',(0.,0.,-1.));
#10238=DIRECTION('',(0.,0.,-1.));
#10239=DIRECTION('',(-1.,0.,0.));
#10240=DIRECTION('',(0.,0.,-1.));
#10241=DIRECTION('',(1.,0.,0.));
#10242=DIRECTION('',(0.,1.,0.));
#10243=DIRECTION('',(0.,0.,1.));
#10244=DIRECTION('',(1.,0.,0.));
#10245=DIRECTION('',(0.,0.,-1.));
#10246=DIRECTION('',(1.,0.,0.));
#10247=DIRECTION('',(0.,0.,-1.));
#10248=DIRECTION('',(0.,0.,-1.));
#10249=DIRECTION('',(-1.,0.,0.));
#10250=DIRECTION('',(0.,0.,-1.));
#10251=DIRECTION('',(1.,0.,0.));
#10252=DIRECTION('',(0.,1.,0.));
#10253=DIRECTION('',(0.,0.,1.));
#10254=DIRECTION('',(1.,0.,0.));
#10255=DIRECTION('',(0.,0.,-1.));
#10256=DIRECTION('',(1.,0.,0.));
#10257=DIRECTION('',(0.,0.,-1.));
#10258=DIRECTION('',(0.,0.,-1.));
#10259=DIRECTION('',(-1.,0.,0.));
#10260=DIRECTION('',(0.,0.,-1.));
#10261=DIRECTION('',(1.,0.,0.));
#10262=DIRECTION('',(0.,1.,0.));
#10263=DIRECTION('',(0.,0.,1.));
#10264=DIRECTION('',(1.,0.,0.));
#10265=DIRECTION('',(0.,0.,-1.));
#10266=DIRECTION('',(1.,0.,0.));
#10267=DIRECTION('',(0.,0.,-1.));
#10268=DIRECTION('',(0.,0.,-1.));
#10269=DIRECTION('',(-1.,0.,0.));
#10270=DIRECTION('',(0.,0.,-1.));
#10271=DIRECTION('',(1.,0.,0.));
#10272=DIRECTION('',(0.,1.,0.));
#10273=DIRECTION('',(0.,0.,1.));
#10274=DIRECTION('',(1.,0.,0.));
#10275=DIRECTION('',(0.,0.,-1.));
#10276=DIRECTION('',(1.,0.,0.));
#10277=DIRECTION('',(0.,0.,-1.));
#10278=DIRECTION('',(0.,0.,-1.));
#10279=DIRECTION('',(-1.,0.,0.));
#10280=DIRECTION('',(0.,0.,-1.));
#10281=DIRECTION('',(1.,0.,0.));
#10282=DIRECTION('',(0.,1.,0.));
#10283=DIRECTION('',(0.,0.,1.));
#10284=DIRECTION('',(-1.,0.,0.));
#10285=DIRECTION('',(0.,0.,-1.));
#10286=DIRECTION('',(-1.,0.,0.));
#10287=DIRECTION('',(0.,0.,-1.));
#10288=DIRECTION('',(0.,0.,-1.));
#10289=DIRECTION('',(1.,0.,0.));
#10290=DIRECTION('',(0.,0.,1.));
#10291=DIRECTION('',(-1.,0.,0.));
#10292=DIRECTION('',(0.,1.,0.));
#10293=DIRECTION('',(0.,0.,1.));
#10294=DIRECTION('',(0.,0.,1.));
#10295=DIRECTION('',(1.,0.,0.));
#10296=DIRECTION('',(0.,0.,1.));
#10297=DIRECTION('',(-0.707106781186547,0.,-0.707106781186548));
#10298=DIRECTION('',(-0.707106781186548,0.,0.707106781186547));
#10299=DIRECTION('',(0.707106781186548,0.,-0.707106781186547));
#10300=DIRECTION('',(0.,-1.,0.));
#10301=DIRECTION('',(-0.672213996993525,-0.310252613997011,0.672213996993525));
#10302=DIRECTION('',(0.,1.,0.));
#10303=DIRECTION('',(1.,0.,0.));
#10304=DIRECTION('',(0.,0.,-1.));
#10305=DIRECTION('',(0.,0.419058177461747,-0.907959384500452));
#10306=DIRECTION('',(0.,0.,-1.));
#10307=DIRECTION('',(0.,-1.,0.));
#10308=DIRECTION('',(0.,0.,-1.));
#10309=DIRECTION('',(-1.,0.,0.));
#10310=DIRECTION('',(-1.,0.,0.));
#10311=DIRECTION('',(0.,1.,0.));
#10312=DIRECTION('',(-1.,0.,0.));
#10313=DIRECTION('',(0.,0.,1.));
#10314=DIRECTION('',(0.,0.,-1.));
#10315=DIRECTION('',(0.,1.,0.));
#10316=DIRECTION('',(0.,-0.419058177461747,0.907959384500452));
#10317=DIRECTION('',(0.707106781186547,0.,-0.707106781186548));
#10318=DIRECTION('',(-0.707106781186548,0.,-0.707106781186547));
#10319=DIRECTION('',(-0.672213996993525,0.310252613997011,-0.672213996993525));
#10320=DIRECTION('',(0.707106781186548,0.,0.707106781186547));
#10321=DIRECTION('',(0.,-1.,0.));
#10322=DIRECTION('',(0.,1.,0.));
#10323=DIRECTION('',(0.,0.,1.));
#10324=DIRECTION('',(0.,0.,1.));
#10325=DIRECTION('',(1.,0.,0.));
#10326=DIRECTION('',(0.,0.,1.));
#10327=DIRECTION('',(-0.707106781186547,0.,-0.707106781186548));
#10328=DIRECTION('',(-0.707106781186548,0.,0.707106781186547));
#10329=DIRECTION('',(0.707106781186548,0.,-0.707106781186547));
#10330=DIRECTION('',(0.,-1.,0.));
#10331=DIRECTION('',(-0.672213996993525,-0.310252613997011,0.672213996993525));
#10332=DIRECTION('',(0.,1.,0.));
#10333=DIRECTION('',(1.,0.,0.));
#10334=DIRECTION('',(0.,0.,-1.));
#10335=DIRECTION('',(0.,0.419058177461747,-0.907959384500452));
#10336=DIRECTION('',(0.,0.,-1.));
#10337=DIRECTION('',(0.,-1.,0.));
#10338=DIRECTION('',(0.,0.,-1.));
#10339=DIRECTION('',(-1.,0.,0.));
#10340=DIRECTION('',(-1.,0.,0.));
#10341=DIRECTION('',(0.,1.,0.));
#10342=DIRECTION('',(-1.,0.,0.));
#10343=DIRECTION('',(0.,0.,1.));
#10344=DIRECTION('',(0.,0.,-1.));
#10345=DIRECTION('',(0.,1.,0.));
#10346=DIRECTION('',(0.,-0.419058177461747,0.907959384500452));
#10347=DIRECTION('',(0.707106781186547,0.,-0.707106781186548));
#10348=DIRECTION('',(-0.707106781186548,0.,-0.707106781186547));
#10349=DIRECTION('',(-0.672213996993525,0.310252613997011,-0.672213996993525));
#10350=DIRECTION('',(0.707106781186548,0.,0.707106781186547));
#10351=DIRECTION('',(0.,-1.,0.));
#10352=DIRECTION('',(0.,1.,0.));
#10353=DIRECTION('',(0.,0.,1.));
#10354=DIRECTION('',(0.,0.,1.));
#10355=DIRECTION('',(1.,0.,0.));
#10356=DIRECTION('',(0.,0.,1.));
#10357=DIRECTION('',(-0.707106781186547,0.,-0.707106781186548));
#10358=DIRECTION('',(-0.707106781186548,0.,0.707106781186547));
#10359=DIRECTION('',(0.707106781186548,0.,-0.707106781186547));
#10360=DIRECTION('',(0.,-1.,0.));
#10361=DIRECTION('',(-0.672213996993525,-0.310252613997011,0.672213996993525));
#10362=DIRECTION('',(0.,1.,0.));
#10363=DIRECTION('',(1.,0.,0.));
#10364=DIRECTION('',(0.,0.,-1.));
#10365=DIRECTION('',(0.,0.419058177461747,-0.907959384500452));
#10366=DIRECTION('',(0.,0.,-1.));
#10367=DIRECTION('',(0.,-1.,0.));
#10368=DIRECTION('',(0.,0.,-1.));
#10369=DIRECTION('',(-1.,0.,0.));
#10370=DIRECTION('',(-1.,0.,0.));
#10371=DIRECTION('',(0.,1.,0.));
#10372=DIRECTION('',(-1.,0.,0.));
#10373=DIRECTION('',(0.,0.,1.));
#10374=DIRECTION('',(0.,0.,-1.));
#10375=DIRECTION('',(0.,1.,0.));
#10376=DIRECTION('',(0.,-0.419058177461747,0.907959384500452));
#10377=DIRECTION('',(0.707106781186547,0.,-0.707106781186548));
#10378=DIRECTION('',(-0.707106781186548,0.,-0.707106781186547));
#10379=DIRECTION('',(-0.672213996993525,0.310252613997011,-0.672213996993525));
#10380=DIRECTION('',(0.707106781186548,0.,0.707106781186547));
#10381=DIRECTION('',(0.,-1.,0.));
#10382=DIRECTION('',(0.,1.,0.));
#10383=DIRECTION('',(0.,0.,1.));
#10384=DIRECTION('',(0.,0.,1.));
#10385=DIRECTION('',(1.,0.,0.));
#10386=DIRECTION('',(0.,0.,1.));
#10387=DIRECTION('',(-0.707106781186547,0.,-0.707106781186548));
#10388=DIRECTION('',(-0.707106781186548,0.,0.707106781186547));
#10389=DIRECTION('',(0.707106781186548,0.,-0.707106781186547));
#10390=DIRECTION('',(0.,-1.,0.));
#10391=DIRECTION('',(-0.672213996993525,-0.310252613997011,0.672213996993525));
#10392=DIRECTION('',(0.,1.,0.));
#10393=DIRECTION('',(1.,0.,0.));
#10394=DIRECTION('',(0.,0.,-1.));
#10395=DIRECTION('',(0.,0.419058177461747,-0.907959384500452));
#10396=DIRECTION('',(0.,0.,-1.));
#10397=DIRECTION('',(0.,-1.,0.));
#10398=DIRECTION('',(0.,0.,-1.));
#10399=DIRECTION('',(-1.,0.,0.));
#10400=DIRECTION('',(-1.,0.,0.));
#10401=DIRECTION('',(0.,1.,0.));
#10402=DIRECTION('',(-1.,0.,0.));
#10403=DIRECTION('',(0.,0.,1.));
#10404=DIRECTION('',(0.,0.,-1.));
#10405=DIRECTION('',(0.,1.,0.));
#10406=DIRECTION('',(0.,-0.419058177461747,0.907959384500452));
#10407=DIRECTION('',(0.707106781186547,0.,-0.707106781186548));
#10408=DIRECTION('',(-0.707106781186548,0.,-0.707106781186547));
#10409=DIRECTION('',(-0.672213996993525,0.310252613997011,-0.672213996993525));
#10410=DIRECTION('',(0.707106781186548,0.,0.707106781186547));
#10411=DIRECTION('',(0.,-1.,0.));
#10412=DIRECTION('',(0.,1.,0.));
#10413=DIRECTION('',(0.,0.,1.));
#10414=DIRECTION('',(0.,0.,1.));
#10415=DIRECTION('',(1.,0.,0.));
#10416=DIRECTION('',(0.,0.,1.));
#10417=DIRECTION('',(-0.707106781186547,0.,-0.707106781186548));
#10418=DIRECTION('',(-0.707106781186548,0.,0.707106781186547));
#10419=DIRECTION('',(0.707106781186548,0.,-0.707106781186547));
#10420=DIRECTION('',(0.,-1.,0.));
#10421=DIRECTION('',(-0.672213996993525,-0.310252613997011,0.672213996993525));
#10422=DIRECTION('',(0.,1.,0.));
#10423=DIRECTION('',(1.,0.,0.));
#10424=DIRECTION('',(0.,0.,-1.));
#10425=DIRECTION('',(0.,0.419058177461747,-0.907959384500452));
#10426=DIRECTION('',(0.,0.,-1.));
#10427=DIRECTION('',(0.,-1.,0.));
#10428=DIRECTION('',(0.,0.,-1.));
#10429=DIRECTION('',(-1.,0.,0.));
#10430=DIRECTION('',(-1.,0.,0.));
#10431=DIRECTION('',(0.,1.,0.));
#10432=DIRECTION('',(-1.,0.,0.));
#10433=DIRECTION('',(0.,0.,1.));
#10434=DIRECTION('',(0.,0.,-1.));
#10435=DIRECTION('',(0.,1.,0.));
#10436=DIRECTION('',(0.,-0.419058177461747,0.907959384500452));
#10437=DIRECTION('',(0.707106781186547,0.,-0.707106781186548));
#10438=DIRECTION('',(-0.707106781186548,0.,-0.707106781186547));
#10439=DIRECTION('',(-0.672213996993525,0.310252613997011,-0.672213996993525));
#10440=DIRECTION('',(0.707106781186548,0.,0.707106781186547));
#10441=DIRECTION('',(0.,-1.,0.));
#10442=DIRECTION('',(0.,1.,0.));
#10443=DIRECTION('',(0.,0.,1.));
#10444=DIRECTION('',(0.,0.,1.));
#10445=DIRECTION('',(1.,0.,0.));
#10446=DIRECTION('',(0.,0.,1.));
#10447=DIRECTION('',(-0.707106781186547,0.,-0.707106781186548));
#10448=DIRECTION('',(-0.707106781186548,0.,0.707106781186547));
#10449=DIRECTION('',(0.707106781186548,0.,-0.707106781186547));
#10450=DIRECTION('',(0.,-1.,0.));
#10451=DIRECTION('',(-0.672213996993525,-0.310252613997011,0.672213996993525));
#10452=DIRECTION('',(0.,1.,0.));
#10453=DIRECTION('',(1.,0.,0.));
#10454=DIRECTION('',(0.,0.,-1.));
#10455=DIRECTION('',(0.,0.419058177461747,-0.907959384500452));
#10456=DIRECTION('',(0.,0.,-1.));
#10457=DIRECTION('',(0.,-1.,0.));
#10458=DIRECTION('',(0.,0.,-1.));
#10459=DIRECTION('',(-1.,0.,0.));
#10460=DIRECTION('',(-1.,0.,0.));
#10461=DIRECTION('',(0.,1.,0.));
#10462=DIRECTION('',(-1.,0.,0.));
#10463=DIRECTION('',(0.,0.,1.));
#10464=DIRECTION('',(0.,0.,-1.));
#10465=DIRECTION('',(0.,1.,0.));
#10466=DIRECTION('',(0.,-0.419058177461747,0.907959384500452));
#10467=DIRECTION('',(0.707106781186547,0.,-0.707106781186548));
#10468=DIRECTION('',(-0.707106781186548,0.,-0.707106781186547));
#10469=DIRECTION('',(-0.672213996993525,0.310252613997011,-0.672213996993525));
#10470=DIRECTION('',(0.707106781186548,0.,0.707106781186547));
#10471=DIRECTION('',(0.,-1.,0.));
#10472=DIRECTION('',(0.,1.,0.));
#10473=DIRECTION('',(0.,0.,1.));
#10474=DIRECTION('',(0.,0.,1.));
#10475=DIRECTION('',(1.,0.,0.));
#10476=DIRECTION('',(0.,0.,1.));
#10477=DIRECTION('',(-0.707106781186547,0.,-0.707106781186548));
#10478=DIRECTION('',(-0.707106781186548,0.,0.707106781186547));
#10479=DIRECTION('',(0.707106781186548,0.,-0.707106781186547));
#10480=DIRECTION('',(0.,-1.,0.));
#10481=DIRECTION('',(-0.672213996993525,-0.310252613997011,0.672213996993525));
#10482=DIRECTION('',(0.,1.,0.));
#10483=DIRECTION('',(1.,0.,0.));
#10484=DIRECTION('',(0.,0.,-1.));
#10485=DIRECTION('',(0.,0.419058177461747,-0.907959384500452));
#10486=DIRECTION('',(0.,0.,-1.));
#10487=DIRECTION('',(0.,-1.,0.));
#10488=DIRECTION('',(0.,0.,-1.));
#10489=DIRECTION('',(-1.,0.,0.));
#10490=DIRECTION('',(-1.,0.,0.));
#10491=DIRECTION('',(0.,1.,0.));
#10492=DIRECTION('',(-1.,0.,0.));
#10493=DIRECTION('',(0.,0.,1.));
#10494=DIRECTION('',(0.,0.,-1.));
#10495=DIRECTION('',(0.,1.,0.));
#10496=DIRECTION('',(0.,-0.419058177461747,0.907959384500452));
#10497=DIRECTION('',(0.707106781186547,0.,-0.707106781186548));
#10498=DIRECTION('',(-0.707106781186548,0.,-0.707106781186547));
#10499=DIRECTION('',(-0.672213996993525,0.310252613997011,-0.672213996993525));
#10500=DIRECTION('',(0.707106781186548,0.,0.707106781186547));
#10501=DIRECTION('',(0.,-1.,0.));
#10502=DIRECTION('',(0.,1.,0.));
#10503=DIRECTION('',(0.,0.,1.));
#10504=DIRECTION('',(0.,0.,1.));
#10505=DIRECTION('',(1.,0.,0.));
#10506=DIRECTION('',(0.,0.,1.));
#10507=DIRECTION('',(-0.707106781186547,0.,-0.707106781186548));
#10508=DIRECTION('',(-0.707106781186548,0.,0.707106781186547));
#10509=DIRECTION('',(0.707106781186548,0.,-0.707106781186547));
#10510=DIRECTION('',(0.,-1.,0.));
#10511=DIRECTION('',(-0.672213996993525,-0.310252613997011,0.672213996993525));
#10512=DIRECTION('',(0.,1.,0.));
#10513=DIRECTION('',(1.,0.,0.));
#10514=DIRECTION('',(0.,0.,-1.));
#10515=DIRECTION('',(0.,0.419058177461747,-0.907959384500452));
#10516=DIRECTION('',(0.,0.,-1.));
#10517=DIRECTION('',(0.,-1.,0.));
#10518=DIRECTION('',(0.,0.,-1.));
#10519=DIRECTION('',(-1.,0.,0.));
#10520=DIRECTION('',(-1.,0.,0.));
#10521=DIRECTION('',(0.,1.,0.));
#10522=DIRECTION('',(-1.,0.,0.));
#10523=DIRECTION('',(0.,0.,1.));
#10524=DIRECTION('',(0.,0.,-1.));
#10525=DIRECTION('',(0.,1.,0.));
#10526=DIRECTION('',(0.,-0.419058177461747,0.907959384500452));
#10527=DIRECTION('',(0.707106781186547,0.,-0.707106781186548));
#10528=DIRECTION('',(-0.707106781186548,0.,-0.707106781186547));
#10529=DIRECTION('',(-0.672213996993525,0.310252613997011,-0.672213996993525));
#10530=DIRECTION('',(0.707106781186548,0.,0.707106781186547));
#10531=DIRECTION('',(0.,-1.,0.));
#10532=DIRECTION('',(0.,1.,0.));
#10533=DIRECTION('',(0.,0.,1.));
#10534=DIRECTION('',(0.,0.,1.));
#10535=DIRECTION('',(0.,0.,1.));
#10536=DIRECTION('',(-1.,0.,0.));
#10537=DIRECTION('',(-0.707106781186547,0.,-0.707106781186548));
#10538=DIRECTION('',(0.,1.,0.));
#10539=DIRECTION('',(0.672213996993525,0.310252613997011,-0.672213996993525));
#10540=DIRECTION('',(0.,-1.,0.));
#10541=DIRECTION('',(-0.707106781186548,0.,0.707106781186547));
#10542=DIRECTION('',(0.,1.,0.));
#10543=DIRECTION('',(1.,0.,0.));
#10544=DIRECTION('',(0.,0.,1.));
#10545=DIRECTION('',(0.,0.,-1.));
#10546=DIRECTION('',(0.,1.,0.));
#10547=DIRECTION('',(0.,-0.419058177461747,0.907959384500452));
#10548=DIRECTION('',(0.,0.,-1.));
#10549=DIRECTION('',(1.,0.,0.));
#10550=DIRECTION('',(1.,0.,0.));
#10551=DIRECTION('',(0.,-1.,0.));
#10552=DIRECTION('',(-1.,0.,0.));
#10553=DIRECTION('',(0.,0.,-1.));
#10554=DIRECTION('',(0.,0.419058177461747,-0.907959384500452));
#10555=DIRECTION('',(0.,0.,-1.));
#10556=DIRECTION('',(0.,-1.,0.));
#10557=DIRECTION('',(0.707106781186548,0.,-0.707106781186547));
#10558=DIRECTION('',(0.,-1.,0.));
#10559=DIRECTION('',(-0.707106781186547,0.,-0.707106781186548));
#10560=DIRECTION('',(0.,1.,0.));
#10561=DIRECTION('',(0.672213996993525,-0.310252613997012,0.672213996993525));
#10562=DIRECTION('',(0.,1.,0.));
#10563=DIRECTION('',(0.,0.,1.));
#10564=DIRECTION('',(0.,0.,1.));
#10565=DIRECTION('',(1.,0.,0.));
#10566=DIRECTION('',(0.,0.,1.));
#10567=DIRECTION('',(-0.707106781186547,0.,-0.707106781186548));
#10568=DIRECTION('',(-0.707106781186548,0.,0.707106781186547));
#10569=DIRECTION('',(0.707106781186548,0.,-0.707106781186547));
#10570=DIRECTION('',(0.,-1.,0.));
#10571=DIRECTION('',(-0.672213996993525,-0.310252613997011,0.672213996993525));
#10572=DIRECTION('',(0.,1.,0.));
#10573=DIRECTION('',(1.,0.,0.));
#10574=DIRECTION('',(0.,0.,-1.));
#10575=DIRECTION('',(0.,0.419058177461747,-0.907959384500452));
#10576=DIRECTION('',(0.,0.,-1.));
#10577=DIRECTION('',(0.,-1.,0.));
#10578=DIRECTION('',(0.,0.,-1.));
#10579=DIRECTION('',(-1.,0.,0.));
#10580=DIRECTION('',(-1.,0.,0.));
#10581=DIRECTION('',(0.,1.,0.));
#10582=DIRECTION('',(-1.,0.,0.));
#10583=DIRECTION('',(0.,0.,1.));
#10584=DIRECTION('',(0.,0.,-1.));
#10585=DIRECTION('',(0.,1.,0.));
#10586=DIRECTION('',(0.,-0.419058177461747,0.907959384500452));
#10587=DIRECTION('',(0.707106781186547,0.,-0.707106781186548));
#10588=DIRECTION('',(-0.707106781186548,0.,-0.707106781186547));
#10589=DIRECTION('',(-0.672213996993525,0.310252613997011,-0.672213996993525));
#10590=DIRECTION('',(0.707106781186548,0.,0.707106781186547));
#10591=DIRECTION('',(0.,-1.,0.));
#10592=DIRECTION('',(0.,1.,0.));
#10593=DIRECTION('',(0.,0.,1.));
#10594=DIRECTION('',(-0.00872653549837393,0.,0.999961923064171));
#10595=DIRECTION('',(1.,0.,0.));
#10596=DIRECTION('',(0.,0.,-1.));
#10597=DIRECTION('',(-1.,0.,0.));
#10598=DIRECTION('',(0.,0.,-1.));
#10599=DIRECTION('',(-1.,0.,0.));
#10600=DIRECTION('',(0.,0.,1.));
#10601=DIRECTION('',(1.,0.,0.));
#10602=DIRECTION('',(0.,0.,-1.));
#10603=DIRECTION('',(0.,0.,-1.));
#10604=DIRECTION('',(1.,0.,0.));
#10605=DIRECTION('',(0.,1.,0.));
#10606=DIRECTION('',(0.,0.,1.));
#10607=DIRECTION('',(1.,0.,0.));
#10608=DIRECTION('',(0.00872653549837393,0.,0.999961923064171));
#10609=DIRECTION('',(-1.,0.,0.));
#10610=DIRECTION('',(-1.,0.,0.));
#10611=DIRECTION('',(0.,0.,1.));
#10612=DIRECTION('',(0.,1.,0.));
#10613=DIRECTION('',(0.,0.,-1.));
#10614=DIRECTION('',(0.,1.,0.));
#10615=DIRECTION('',(0.,0.,1.));
#10616=DIRECTION('',(1.,0.,0.));
#10617=DIRECTION('',(-1.,0.,0.));
#10618=DIRECTION('',(0.,-1.,0.));
#10619=DIRECTION('',(1.,0.,0.));
#10620=DIRECTION('',(0.,0.,-1.));
#10621=DIRECTION('',(0.,-1.,0.));
#10622=DIRECTION('',(0.,0.,-1.));
#10623=DIRECTION('',(0.,0.,-1.));
#10624=DIRECTION('',(-1.,0.,0.));
#10625=DIRECTION('',(2.26371882167303E-16,-1.,0.));
#10626=DIRECTION('',(1.,0.,0.));
#10627=DIRECTION('',(0.,-1.,0.));
#10628=DIRECTION('',(-1.,0.,0.));
#10629=DIRECTION('',(-0.362446261154949,-0.932004671541296,0.));
#10630=DIRECTION('',(1.,0.,0.));
#10631=DIRECTION('',(1.,0.,0.));
#10632=DIRECTION('',(-0.362446261154948,0.932004671541296,0.));
#10633=DIRECTION('',(-1.,0.,0.));
#10634=DIRECTION('',(0.,1.,0.));
#10635=DIRECTION('',(1.,0.,0.));
#10636=DIRECTION('',(-9.53144767020224E-17,1.,0.));
#10637=DIRECTION('',(0.,1.,0.));
#10638=DIRECTION('',(0.,0.,1.));
#10639=DIRECTION('',(-0.00872653549837393,0.,0.999961923064171));
#10640=DIRECTION('',(1.,0.,0.));
#10641=DIRECTION('',(0.,0.,-1.));
#10642=DIRECTION('',(-1.,0.,0.));
#10643=DIRECTION('',(0.,0.,-1.));
#10644=DIRECTION('',(-1.,0.,0.));
#10645=DIRECTION('',(0.,0.,1.));
#10646=DIRECTION('',(1.,0.,0.));
#10647=DIRECTION('',(0.,0.,-1.));
#10648=DIRECTION('',(0.,0.,-1.));
#10649=DIRECTION('',(1.,0.,0.));
#10650=DIRECTION('',(0.,1.,0.));
#10651=DIRECTION('',(0.,0.,1.));
#10652=DIRECTION('',(1.,0.,0.));
#10653=DIRECTION('',(0.00872653549837393,0.,0.999961923064171));
#10654=DIRECTION('',(-1.,0.,0.));
#10655=DIRECTION('',(-1.,0.,0.));
#10656=DIRECTION('',(0.,0.,1.));
#10657=DIRECTION('',(0.,1.,0.));
#10658=DIRECTION('',(0.,0.,-1.));
#10659=DIRECTION('',(0.,1.,0.));
#10660=DIRECTION('',(0.,0.,1.));
#10661=DIRECTION('',(1.,0.,0.));
#10662=DIRECTION('',(-1.,0.,0.));
#10663=DIRECTION('',(0.,-1.,0.));
#10664=DIRECTION('',(1.,0.,0.));
#10665=DIRECTION('',(0.,0.,-1.));
#10666=DIRECTION('',(0.,-1.,0.));
#10667=DIRECTION('',(0.,0.,-1.));
#10668=DIRECTION('',(0.,0.,-1.));
#10669=DIRECTION('',(-1.,0.,0.));
#10670=DIRECTION('',(2.26371882167303E-16,-1.,0.));
#10671=DIRECTION('',(1.,0.,0.));
#10672=DIRECTION('',(0.,-1.,0.));
#10673=DIRECTION('',(-1.,0.,0.));
#10674=DIRECTION('',(-0.362446261154949,-0.932004671541296,0.));
#10675=DIRECTION('',(1.,0.,0.));
#10676=DIRECTION('',(1.,0.,0.));
#10677=DIRECTION('',(-0.362446261154948,0.932004671541296,0.));
#10678=DIRECTION('',(-1.,0.,0.));
#10679=DIRECTION('',(0.,1.,0.));
#10680=DIRECTION('',(1.,0.,0.));
#10681=DIRECTION('',(-9.53144767020224E-17,1.,0.));
#10682=DIRECTION('',(0.,1.,0.));
#10683=DIRECTION('',(0.,0.,1.));
#10684=DIRECTION('',(-0.00872653549837393,0.,0.999961923064171));
#10685=DIRECTION('',(1.,0.,0.));
#10686=DIRECTION('',(0.,0.,-1.));
#10687=DIRECTION('',(-1.,0.,0.));
#10688=DIRECTION('',(0.,0.,-1.));
#10689=DIRECTION('',(-1.,0.,0.));
#10690=DIRECTION('',(0.,0.,1.));
#10691=DIRECTION('',(1.,0.,0.));
#10692=DIRECTION('',(0.,0.,-1.));
#10693=DIRECTION('',(0.,0.,-1.));
#10694=DIRECTION('',(1.,0.,0.));
#10695=DIRECTION('',(0.,1.,0.));
#10696=DIRECTION('',(0.,0.,1.));
#10697=DIRECTION('',(1.,0.,0.));
#10698=DIRECTION('',(0.00872653549837393,0.,0.999961923064171));
#10699=DIRECTION('',(-1.,0.,0.));
#10700=DIRECTION('',(-1.,0.,0.));
#10701=DIRECTION('',(0.,0.,1.));
#10702=DIRECTION('',(0.,1.,0.));
#10703=DIRECTION('',(0.,0.,-1.));
#10704=DIRECTION('',(0.,1.,0.));
#10705=DIRECTION('',(0.,0.,1.));
#10706=DIRECTION('',(1.,0.,0.));
#10707=DIRECTION('',(-1.,0.,0.));
#10708=DIRECTION('',(0.,-1.,0.));
#10709=DIRECTION('',(1.,0.,0.));
#10710=DIRECTION('',(0.,0.,-1.));
#10711=DIRECTION('',(0.,-1.,0.));
#10712=DIRECTION('',(0.,0.,-1.));
#10713=DIRECTION('',(0.,0.,-1.));
#10714=DIRECTION('',(-1.,0.,0.));
#10715=DIRECTION('',(2.26371882167303E-16,-1.,0.));
#10716=DIRECTION('',(1.,0.,0.));
#10717=DIRECTION('',(0.,-1.,0.));
#10718=DIRECTION('',(-1.,0.,0.));
#10719=DIRECTION('',(-0.362446261154949,-0.932004671541296,0.));
#10720=DIRECTION('',(1.,0.,0.));
#10721=DIRECTION('',(1.,0.,0.));
#10722=DIRECTION('',(-0.362446261154948,0.932004671541296,0.));
#10723=DIRECTION('',(-1.,0.,0.));
#10724=DIRECTION('',(0.,1.,0.));
#10725=DIRECTION('',(1.,0.,0.));
#10726=DIRECTION('',(-9.53144767020224E-17,1.,0.));
#10727=DIRECTION('',(0.,1.,0.));
#10728=DIRECTION('',(0.,0.,1.));
#10729=DIRECTION('',(-0.00872653549837393,0.,0.999961923064171));
#10730=DIRECTION('',(1.,0.,0.));
#10731=DIRECTION('',(0.,0.,-1.));
#10732=DIRECTION('',(-1.,0.,0.));
#10733=DIRECTION('',(0.,0.,-1.));
#10734=DIRECTION('',(-1.,0.,0.));
#10735=DIRECTION('',(0.,0.,1.));
#10736=DIRECTION('',(1.,0.,0.));
#10737=DIRECTION('',(0.,0.,-1.));
#10738=DIRECTION('',(0.,0.,-1.));
#10739=DIRECTION('',(1.,0.,0.));
#10740=DIRECTION('',(0.,1.,0.));
#10741=DIRECTION('',(0.,0.,1.));
#10742=DIRECTION('',(1.,0.,0.));
#10743=DIRECTION('',(0.00872653549837393,0.,0.999961923064171));
#10744=DIRECTION('',(-1.,0.,0.));
#10745=DIRECTION('',(-1.,0.,0.));
#10746=DIRECTION('',(0.,0.,1.));
#10747=DIRECTION('',(0.,1.,0.));
#10748=DIRECTION('',(0.,0.,-1.));
#10749=DIRECTION('',(0.,1.,0.));
#10750=DIRECTION('',(0.,0.,1.));
#10751=DIRECTION('',(1.,0.,0.));
#10752=DIRECTION('',(-1.,0.,0.));
#10753=DIRECTION('',(0.,-1.,0.));
#10754=DIRECTION('',(1.,0.,0.));
#10755=DIRECTION('',(0.,0.,-1.));
#10756=DIRECTION('',(0.,-1.,0.));
#10757=DIRECTION('',(0.,0.,-1.));
#10758=DIRECTION('',(0.,0.,-1.));
#10759=DIRECTION('',(-1.,0.,0.));
#10760=DIRECTION('',(2.26371882167303E-16,-1.,0.));
#10761=DIRECTION('',(1.,0.,0.));
#10762=DIRECTION('',(0.,-1.,0.));
#10763=DIRECTION('',(-1.,0.,0.));
#10764=DIRECTION('',(-0.362446261154949,-0.932004671541296,0.));
#10765=DIRECTION('',(1.,0.,0.));
#10766=DIRECTION('',(1.,0.,0.));
#10767=DIRECTION('',(-0.362446261154948,0.932004671541296,0.));
#10768=DIRECTION('',(-1.,0.,0.));
#10769=DIRECTION('',(0.,1.,0.));
#10770=DIRECTION('',(1.,0.,0.));
#10771=DIRECTION('',(-9.53144767020224E-17,1.,0.));
#10772=DIRECTION('',(0.,1.,0.));
#10773=DIRECTION('',(0.,0.,1.));
#10774=DIRECTION('',(-0.00872653549837393,0.,0.999961923064171));
#10775=DIRECTION('',(1.,0.,0.));
#10776=DIRECTION('',(0.,0.,-1.));
#10777=DIRECTION('',(-1.,0.,0.));
#10778=DIRECTION('',(0.,0.,-1.));
#10779=DIRECTION('',(-1.,0.,0.));
#10780=DIRECTION('',(0.,0.,1.));
#10781=DIRECTION('',(1.,0.,0.));
#10782=DIRECTION('',(0.,0.,-1.));
#10783=DIRECTION('',(0.,0.,-1.));
#10784=DIRECTION('',(1.,0.,0.));
#10785=DIRECTION('',(0.,1.,0.));
#10786=DIRECTION('',(0.,0.,1.));
#10787=DIRECTION('',(1.,0.,0.));
#10788=DIRECTION('',(0.00872653549837393,0.,0.999961923064171));
#10789=DIRECTION('',(-1.,0.,0.));
#10790=DIRECTION('',(-1.,0.,0.));
#10791=DIRECTION('',(0.,0.,1.));
#10792=DIRECTION('',(0.,1.,0.));
#10793=DIRECTION('',(0.,0.,-1.));
#10794=DIRECTION('',(0.,1.,0.));
#10795=DIRECTION('',(0.,0.,1.));
#10796=DIRECTION('',(1.,0.,0.));
#10797=DIRECTION('',(-1.,0.,0.));
#10798=DIRECTION('',(0.,-1.,0.));
#10799=DIRECTION('',(1.,0.,0.));
#10800=DIRECTION('',(0.,0.,-1.));
#10801=DIRECTION('',(0.,-1.,0.));
#10802=DIRECTION('',(0.,0.,-1.));
#10803=DIRECTION('',(0.,0.,-1.));
#10804=DIRECTION('',(-1.,0.,0.));
#10805=DIRECTION('',(2.26371882167303E-16,-1.,0.));
#10806=DIRECTION('',(1.,0.,0.));
#10807=DIRECTION('',(0.,-1.,0.));
#10808=DIRECTION('',(-1.,0.,0.));
#10809=DIRECTION('',(-0.362446261154949,-0.932004671541296,0.));
#10810=DIRECTION('',(1.,0.,0.));
#10811=DIRECTION('',(1.,0.,0.));
#10812=DIRECTION('',(-0.362446261154948,0.932004671541296,0.));
#10813=DIRECTION('',(-1.,0.,0.));
#10814=DIRECTION('',(0.,1.,0.));
#10815=DIRECTION('',(1.,0.,0.));
#10816=DIRECTION('',(-9.53144767020224E-17,1.,0.));
#10817=DIRECTION('',(0.,1.,0.));
#10818=DIRECTION('',(0.,0.,1.));
#10819=DIRECTION('',(-0.00872653549837393,0.,0.999961923064171));
#10820=DIRECTION('',(1.,0.,0.));
#10821=DIRECTION('',(0.,0.,-1.));
#10822=DIRECTION('',(-1.,0.,0.));
#10823=DIRECTION('',(0.,0.,-1.));
#10824=DIRECTION('',(-1.,0.,0.));
#10825=DIRECTION('',(0.,0.,1.));
#10826=DIRECTION('',(1.,0.,0.));
#10827=DIRECTION('',(0.,0.,-1.));
#10828=DIRECTION('',(0.,0.,-1.));
#10829=DIRECTION('',(1.,0.,0.));
#10830=DIRECTION('',(0.,1.,0.));
#10831=DIRECTION('',(0.,0.,1.));
#10832=DIRECTION('',(1.,0.,0.));
#10833=DIRECTION('',(0.00872653549837393,0.,0.999961923064171));
#10834=DIRECTION('',(-1.,0.,0.));
#10835=DIRECTION('',(-1.,0.,0.));
#10836=DIRECTION('',(0.,0.,1.));
#10837=DIRECTION('',(0.,1.,0.));
#10838=DIRECTION('',(0.,0.,-1.));
#10839=DIRECTION('',(0.,1.,0.));
#10840=DIRECTION('',(0.,0.,1.));
#10841=DIRECTION('',(1.,0.,0.));
#10842=DIRECTION('',(-1.,0.,0.));
#10843=DIRECTION('',(0.,-1.,0.));
#10844=DIRECTION('',(1.,0.,0.));
#10845=DIRECTION('',(0.,0.,-1.));
#10846=DIRECTION('',(0.,-1.,0.));
#10847=DIRECTION('',(0.,0.,-1.));
#10848=DIRECTION('',(0.,0.,-1.));
#10849=DIRECTION('',(-1.,0.,0.));
#10850=DIRECTION('',(2.26371882167303E-16,-1.,0.));
#10851=DIRECTION('',(1.,0.,0.));
#10852=DIRECTION('',(0.,-1.,0.));
#10853=DIRECTION('',(-1.,0.,0.));
#10854=DIRECTION('',(-0.362446261154949,-0.932004671541296,0.));
#10855=DIRECTION('',(1.,0.,0.));
#10856=DIRECTION('',(1.,0.,0.));
#10857=DIRECTION('',(-0.362446261154948,0.932004671541296,0.));
#10858=DIRECTION('',(-1.,0.,0.));
#10859=DIRECTION('',(0.,1.,0.));
#10860=DIRECTION('',(1.,0.,0.));
#10861=DIRECTION('',(-9.53144767020224E-17,1.,0.));
#10862=DIRECTION('',(0.,1.,0.));
#10863=DIRECTION('',(0.,0.,1.));
#10864=DIRECTION('',(-0.00872653549837393,0.,0.999961923064171));
#10865=DIRECTION('',(1.,0.,0.));
#10866=DIRECTION('',(0.,0.,-1.));
#10867=DIRECTION('',(-1.,0.,0.));
#10868=DIRECTION('',(0.,0.,-1.));
#10869=DIRECTION('',(-1.,0.,0.));
#10870=DIRECTION('',(0.,0.,1.));
#10871=DIRECTION('',(1.,0.,0.));
#10872=DIRECTION('',(0.,0.,-1.));
#10873=DIRECTION('',(0.,0.,-1.));
#10874=DIRECTION('',(1.,0.,0.));
#10875=DIRECTION('',(0.,1.,0.));
#10876=DIRECTION('',(0.,0.,1.));
#10877=DIRECTION('',(1.,0.,0.));
#10878=DIRECTION('',(0.00872653549837393,0.,0.999961923064171));
#10879=DIRECTION('',(-1.,0.,0.));
#10880=DIRECTION('',(-1.,0.,0.));
#10881=DIRECTION('',(0.,0.,1.));
#10882=DIRECTION('',(0.,1.,0.));
#10883=DIRECTION('',(0.,0.,-1.));
#10884=DIRECTION('',(0.,1.,0.));
#10885=DIRECTION('',(0.,0.,1.));
#10886=DIRECTION('',(1.,0.,0.));
#10887=DIRECTION('',(-1.,0.,0.));
#10888=DIRECTION('',(0.,-1.,0.));
#10889=DIRECTION('',(1.,0.,0.));
#10890=DIRECTION('',(0.,0.,-1.));
#10891=DIRECTION('',(0.,-1.,0.));
#10892=DIRECTION('',(0.,0.,-1.));
#10893=DIRECTION('',(0.,0.,-1.));
#10894=DIRECTION('',(-1.,0.,0.));
#10895=DIRECTION('',(2.26371882167303E-16,-1.,0.));
#10896=DIRECTION('',(1.,0.,0.));
#10897=DIRECTION('',(0.,-1.,0.));
#10898=DIRECTION('',(-1.,0.,0.));
#10899=DIRECTION('',(-0.362446261154949,-0.932004671541296,0.));
#10900=DIRECTION('',(1.,0.,0.));
#10901=DIRECTION('',(1.,0.,0.));
#10902=DIRECTION('',(-0.362446261154948,0.932004671541296,0.));
#10903=DIRECTION('',(-1.,0.,0.));
#10904=DIRECTION('',(0.,1.,0.));
#10905=DIRECTION('',(1.,0.,0.));
#10906=DIRECTION('',(-9.53144767020224E-17,1.,0.));
#10907=DIRECTION('',(0.,0.,-1.));
#10908=DIRECTION('',(-1.,0.,0.));
#10909=DIRECTION('',(0.,0.,-1.));
#10910=DIRECTION('',(0.,0.,1.));
#10911=DIRECTION('',(1.,0.,0.));
#10912=DIRECTION('',(0.,0.,-1.));
#10913=DIRECTION('',(0.,0.,-1.));
#10914=DIRECTION('',(1.,0.,0.));
#10915=DIRECTION('',(0.,1.,0.));
#10916=DIRECTION('',(0.,0.,1.));
#10917=DIRECTION('',(1.,0.,0.));
#10918=DIRECTION('',(0.00872653549837393,0.,0.999961923064171));
#10919=DIRECTION('',(-1.,0.,0.));
#10920=DIRECTION('',(-1.,0.,0.));
#10921=DIRECTION('',(0.,0.,1.));
#10922=DIRECTION('',(0.,1.,0.));
#10923=DIRECTION('',(0.,0.,-1.));
#10924=DIRECTION('',(0.,1.,0.));
#10925=DIRECTION('',(0.,0.,1.));
#10926=DIRECTION('',(1.,0.,0.));
#10927=DIRECTION('',(-1.,0.,0.));
#10928=DIRECTION('',(0.,-1.,0.));
#10929=DIRECTION('',(1.,0.,0.));
#10930=DIRECTION('',(0.,0.,-1.));
#10931=DIRECTION('',(0.,-1.,0.));
#10932=DIRECTION('',(0.,0.,-1.));
#10933=DIRECTION('',(1.,2.4093381610789E-16,0.));
#10934=DIRECTION('',(-2.4093381610789E-16,1.,0.));
#10935=DIRECTION('',(0.,0.,1.));
#10936=DIRECTION('',(-2.4093381610789E-16,1.,-1.23259516440783E-32));
#10937=DIRECTION('',(0.,0.,1.));
#10938=DIRECTION('',(-2.4093381610789E-16,1.,0.));
#10939=DIRECTION('',(0.,0.,-1.));
#10940=DIRECTION('',(-1.,0.,0.));
#10941=DIRECTION('',(-1.,0.,0.));
#10942=DIRECTION('',(2.26371882167303E-16,-1.,0.));
#10943=DIRECTION('',(1.,0.,0.));
#10944=DIRECTION('',(0.,-1.,0.));
#10945=DIRECTION('',(-1.,0.,0.));
#10946=DIRECTION('',(-0.362446261154949,-0.932004671541296,0.));
#10947=DIRECTION('',(1.,0.,0.));
#10948=DIRECTION('',(1.,0.,0.));
#10949=DIRECTION('',(-0.362446261154948,0.932004671541296,0.));
#10950=DIRECTION('',(-1.,0.,0.));
#10951=DIRECTION('',(0.,1.,0.));
#10952=DIRECTION('',(1.,0.,0.));
#10953=DIRECTION('',(-9.53144767020224E-17,1.,0.));
#10954=DIRECTION('',(0.,0.,1.));
#10955=DIRECTION('',(1.,0.,0.));
#10956=DIRECTION('',(1.,-8.67361737988401E-16,0.));
#10957=DIRECTION('',(-1.,0.,0.));
#10958=DIRECTION('',(9.53144767020224E-17,-1.,0.));
#10959=DIRECTION('',(0.,1.,0.));
#10960=DIRECTION('',(0.,0.,1.));
#10961=DIRECTION('',(-0.00872653549837393,0.,0.999961923064171));
#10962=DIRECTION('',(1.,0.,0.));
#10963=DIRECTION('',(0.,1.,0.));
#10964=DIRECTION('',(0.,0.,1.));
#10965=DIRECTION('',(-0.00872653549837393,0.,0.999961923064171));
#10966=DIRECTION('',(1.,0.,0.));
#10967=DIRECTION('',(0.,0.,-1.));
#10968=DIRECTION('',(-1.,0.,0.));
#10969=DIRECTION('',(0.,0.,-1.));
#10970=DIRECTION('',(-1.,0.,0.));
#10971=DIRECTION('',(0.,0.,1.));
#10972=DIRECTION('',(1.,0.,0.));
#10973=DIRECTION('',(0.,0.,-1.));
#10974=DIRECTION('',(0.,0.,-1.));
#10975=DIRECTION('',(1.,0.,0.));
#10976=DIRECTION('',(0.,1.,0.));
#10977=DIRECTION('',(0.,0.,1.));
#10978=DIRECTION('',(1.,0.,0.));
#10979=DIRECTION('',(0.00872653549837393,0.,0.999961923064171));
#10980=DIRECTION('',(-1.,0.,0.));
#10981=DIRECTION('',(-1.,0.,0.));
#10982=DIRECTION('',(0.,0.,1.));
#10983=DIRECTION('',(0.,1.,0.));
#10984=DIRECTION('',(0.,0.,-1.));
#10985=DIRECTION('',(0.,1.,0.));
#10986=DIRECTION('',(0.,0.,1.));
#10987=DIRECTION('',(1.,0.,0.));
#10988=DIRECTION('',(-1.,0.,0.));
#10989=DIRECTION('',(0.,-1.,0.));
#10990=DIRECTION('',(1.,0.,0.));
#10991=DIRECTION('',(0.,0.,-1.));
#10992=DIRECTION('',(0.,-1.,0.));
#10993=DIRECTION('',(0.,0.,-1.));
#10994=DIRECTION('',(0.,0.,-1.));
#10995=DIRECTION('',(-1.,0.,0.));
#10996=DIRECTION('',(2.26371882167303E-16,-1.,0.));
#10997=DIRECTION('',(1.,0.,0.));
#10998=DIRECTION('',(0.,-1.,0.));
#10999=DIRECTION('',(-1.,0.,0.));
#11000=DIRECTION('',(-0.362446261154949,-0.932004671541296,0.));
#11001=DIRECTION('',(1.,0.,0.));
#11002=DIRECTION('',(1.,0.,0.));
#11003=DIRECTION('',(-0.362446261154948,0.932004671541296,0.));
#11004=DIRECTION('',(-1.,0.,0.));
#11005=DIRECTION('',(0.,1.,0.));
#11006=DIRECTION('',(1.,0.,0.));
#11007=DIRECTION('',(-9.53144767020224E-17,1.,0.));
#11008=DIRECTION('',(0.,1.,0.));
#11009=DIRECTION('',(0.,0.,1.));
#11010=DIRECTION('',(0.,0.,-1.));
#11011=DIRECTION('',(1.,0.,0.));
#11012=DIRECTION('',(-0.00872653549837393,0.,0.999961923064171));
#11013=DIRECTION('',(-1.,0.,0.));
#11014=DIRECTION('',(0.,0.,-1.));
#11015=DIRECTION('',(1.,0.,0.));
#11016=DIRECTION('',(0.,0.,-1.));
#11017=DIRECTION('',(0.,0.,1.));
#11018=DIRECTION('',(-1.,0.,0.));
#11019=DIRECTION('',(0.,0.,-1.));
#11020=DIRECTION('',(-1.,0.,0.));
#11021=DIRECTION('',(-1.,2.4093381610789E-16,0.));
#11022=DIRECTION('',(2.4093381610789E-16,1.,0.));
#11023=DIRECTION('',(0.,0.,1.));
#11024=DIRECTION('',(2.4093381610789E-16,1.,0.));
#11025=DIRECTION('',(0.,0.,1.));
#11026=DIRECTION('',(-2.4093381610789E-16,-1.,0.));
#11027=DIRECTION('',(0.,0.,1.));
#11028=DIRECTION('',(-1.,0.,0.));
#11029=DIRECTION('',(-1.,-8.67361737988401E-16,0.));
#11030=DIRECTION('',(-9.53144767020224E-17,-1.,0.));
#11031=DIRECTION('',(1.,0.,0.));
#11032=DIRECTION('',(0.,1.,0.));
#11033=DIRECTION('',(0.,0.,1.));
#11034=DIRECTION('',(0.00872653549837393,0.,0.999961923064171));
#11035=DIRECTION('',(1.,0.,0.));
#11036=DIRECTION('',(-1.,0.,0.));
#11037=DIRECTION('',(-1.,0.,0.));
#11038=DIRECTION('',(0.,0.,-1.));
#11039=DIRECTION('',(0.,-1.,0.));
#11040=DIRECTION('',(0.,0.,-1.));
#11041=DIRECTION('',(0.,-1.,0.));
#11042=DIRECTION('',(0.,0.,1.));
#11043=DIRECTION('',(-1.,0.,0.));
#11044=DIRECTION('',(0.,1.,0.));
#11045=DIRECTION('',(1.,0.,0.));
#11046=DIRECTION('',(1.,0.,0.));
#11047=DIRECTION('',(0.,0.,1.));
#11048=DIRECTION('',(0.,1.,0.));
#11049=DIRECTION('',(0.,0.,-1.));
#11050=DIRECTION('',(0.,0.,-1.));
#11051=DIRECTION('',(1.,0.,0.));
#11052=DIRECTION('',(9.53144767020224E-17,1.,0.));
#11053=DIRECTION('',(-1.,0.,0.));
#11054=DIRECTION('',(0.,1.,0.));
#11055=DIRECTION('',(1.,0.,0.));
#11056=DIRECTION('',(0.362446261154948,0.932004671541296,0.));
#11057=DIRECTION('',(-1.,0.,0.));
#11058=DIRECTION('',(-1.,0.,0.));
#11059=DIRECTION('',(0.362446261154949,-0.932004671541296,0.));
#11060=DIRECTION('',(1.,0.,0.));
#11061=DIRECTION('',(0.,-1.,0.));
#11062=DIRECTION('',(-1.,0.,0.));
#11063=DIRECTION('',(-2.26371882167303E-16,-1.,0.));
#11064=DIRECTION('',(0.,0.,-1.));
#11065=DIRECTION('',(-1.,0.,0.));
#11066=DIRECTION('',(1.,-7.74430123203932E-17,0.));
#11067=DIRECTION('',(-1.,0.,0.));
#11068=DIRECTION('',(2.16840434497101E-16,1.,0.));
#11069=DIRECTION('',(0.,-0.907959384500452,-0.419058177461747));
#11070=DIRECTION('',(1.,0.,0.));
#11071=DIRECTION('',(1.,-7.74430123203932E-17,0.));
#11072=DIRECTION('',(0.,0.,-1.));
#11073=DIRECTION('',(-1.,0.,0.));
#11074=DIRECTION('',(-1.,0.,0.));
#11075=DIRECTION('',(1.,-7.74430123203932E-17,0.));
#11076=DIRECTION('',(-5.42101086242752E-17,-1.,0.));
#11077=DIRECTION('',(0.,-1.,0.));
#11078=DIRECTION('',(0.,0.,-1.));
#11079=DIRECTION('',(-1.,0.,0.));
#11080=DIRECTION('',(1.88556899562696E-16,0.,-1.));
#11081=DIRECTION('',(-5.18531473797415E-16,0.,1.));
#11082=DIRECTION('',(0.,0.,-1.));
#11083=DIRECTION('',(-1.,0.,0.));
#11084=DIRECTION('',(1.,-7.74430123203932E-17,0.));
#11085=DIRECTION('',(-1.,0.,0.));
#11086=DIRECTION('',(2.16840434497101E-16,1.,0.));
#11087=DIRECTION('',(0.,-0.907959384500452,-0.419058177461747));
#11088=DIRECTION('',(1.,0.,0.));
#11089=DIRECTION('',(1.,-7.74430123203932E-17,0.));
#11090=DIRECTION('',(0.,0.,-1.));
#11091=DIRECTION('',(-1.,0.,0.));
#11092=DIRECTION('',(-1.,0.,0.));
#11093=DIRECTION('',(1.,-7.74430123203932E-17,0.));
#11094=DIRECTION('',(-5.42101086242752E-17,-1.,0.));
#11095=DIRECTION('',(0.,-1.,0.));
#11096=DIRECTION('',(0.,0.,-1.));
#11097=DIRECTION('',(-1.,0.,0.));
#11098=DIRECTION('',(1.88556899562696E-16,0.,-1.));
#11099=DIRECTION('',(-5.18531473797415E-16,0.,1.));
#11100=DIRECTION('',(0.,0.,-1.));
#11101=DIRECTION('',(-1.,0.,0.));
#11102=DIRECTION('',(1.,-7.74430123203932E-17,0.));
#11103=DIRECTION('',(-1.,0.,0.));
#11104=DIRECTION('',(2.16840434497101E-16,1.,0.));
#11105=DIRECTION('',(0.,-0.907959384500452,-0.419058177461747));
#11106=DIRECTION('',(1.,0.,0.));
#11107=DIRECTION('',(1.,-7.74430123203932E-17,0.));
#11108=DIRECTION('',(0.,0.,-1.));
#11109=DIRECTION('',(-1.,0.,0.));
#11110=DIRECTION('',(-1.,0.,0.));
#11111=DIRECTION('',(1.,-7.74430123203932E-17,0.));
#11112=DIRECTION('',(-5.42101086242752E-17,-1.,0.));
#11113=DIRECTION('',(0.,-1.,0.));
#11114=DIRECTION('',(0.,0.,-1.));
#11115=DIRECTION('',(-1.,0.,0.));
#11116=DIRECTION('',(1.88556899562696E-16,0.,-1.));
#11117=DIRECTION('',(-5.18531473797415E-16,0.,1.));
#11118=DIRECTION('',(0.,0.,-1.));
#11119=DIRECTION('',(-1.,0.,0.));
#11120=DIRECTION('',(1.,-7.74430123203932E-17,0.));
#11121=DIRECTION('',(-1.,0.,0.));
#11122=DIRECTION('',(2.16840434497101E-16,1.,0.));
#11123=DIRECTION('',(0.,-0.907959384500452,-0.419058177461747));
#11124=DIRECTION('',(1.,0.,0.));
#11125=DIRECTION('',(1.,-7.74430123203932E-17,0.));
#11126=DIRECTION('',(0.,0.,-1.));
#11127=DIRECTION('',(-1.,0.,0.));
#11128=DIRECTION('',(-1.,0.,0.));
#11129=DIRECTION('',(1.,-7.74430123203932E-17,0.));
#11130=DIRECTION('',(-5.42101086242752E-17,-1.,0.));
#11131=DIRECTION('',(0.,-1.,0.));
#11132=DIRECTION('',(0.,0.,-1.));
#11133=DIRECTION('',(-1.,0.,0.));
#11134=DIRECTION('',(1.88556899562696E-16,0.,-1.));
#11135=DIRECTION('',(-5.18531473797415E-16,0.,1.));
#11136=DIRECTION('',(0.,0.,-1.));
#11137=DIRECTION('',(-1.,0.,0.));
#11138=DIRECTION('',(1.,-7.74430123203932E-17,0.));
#11139=DIRECTION('',(-1.,0.,0.));
#11140=DIRECTION('',(2.16840434497101E-16,1.,0.));
#11141=DIRECTION('',(0.,-0.907959384500452,-0.419058177461747));
#11142=DIRECTION('',(1.,0.,0.));
#11143=DIRECTION('',(1.,-7.74430123203932E-17,0.));
#11144=DIRECTION('',(0.,0.,-1.));
#11145=DIRECTION('',(-1.,0.,0.));
#11146=DIRECTION('',(-1.,0.,0.));
#11147=DIRECTION('',(1.,-7.74430123203932E-17,0.));
#11148=DIRECTION('',(-5.42101086242752E-17,-1.,0.));
#11149=DIRECTION('',(0.,-1.,0.));
#11150=DIRECTION('',(0.,0.,-1.));
#11151=DIRECTION('',(-1.,0.,0.));
#11152=DIRECTION('',(1.88556899562696E-16,0.,-1.));
#11153=DIRECTION('',(-5.18531473797415E-16,0.,1.));
#11154=DIRECTION('',(0.,0.,-1.));
#11155=DIRECTION('',(-1.,0.,0.));
#11156=DIRECTION('',(1.,-7.74430123203932E-17,0.));
#11157=DIRECTION('',(-1.,0.,0.));
#11158=DIRECTION('',(2.16840434497101E-16,1.,0.));
#11159=DIRECTION('',(0.,-0.907959384500452,-0.419058177461747));
#11160=DIRECTION('',(1.,0.,0.));
#11161=DIRECTION('',(1.,-7.74430123203932E-17,0.));
#11162=DIRECTION('',(0.,0.,-1.));
#11163=DIRECTION('',(-1.,0.,0.));
#11164=DIRECTION('',(-1.,0.,0.));
#11165=DIRECTION('',(1.,-7.74430123203932E-17,0.));
#11166=DIRECTION('',(-5.42101086242752E-17,-1.,0.));
#11167=DIRECTION('',(0.,-1.,0.));
#11168=DIRECTION('',(0.,0.,-1.));
#11169=DIRECTION('',(-1.,0.,0.));
#11170=DIRECTION('',(1.88556899562696E-16,0.,-1.));
#11171=DIRECTION('',(-5.18531473797415E-16,0.,1.));
#11172=DIRECTION('',(0.,0.,-1.));
#11173=DIRECTION('',(-1.,0.,0.));
#11174=DIRECTION('',(1.,-7.74430123203932E-17,0.));
#11175=DIRECTION('',(-1.,0.,0.));
#11176=DIRECTION('',(2.16840434497101E-16,1.,0.));
#11177=DIRECTION('',(0.,-0.907959384500452,-0.419058177461747));
#11178=DIRECTION('',(1.,0.,0.));
#11179=DIRECTION('',(1.,-7.74430123203932E-17,0.));
#11180=DIRECTION('',(0.,0.,-1.));
#11181=DIRECTION('',(-1.,0.,0.));
#11182=DIRECTION('',(-1.,0.,0.));
#11183=DIRECTION('',(1.,-7.74430123203932E-17,0.));
#11184=DIRECTION('',(-5.42101086242752E-17,-1.,0.));
#11185=DIRECTION('',(0.,-1.,0.));
#11186=DIRECTION('',(0.,0.,-1.));
#11187=DIRECTION('',(-1.,0.,0.));
#11188=DIRECTION('',(1.88556899562696E-16,0.,-1.));
#11189=DIRECTION('',(-5.18531473797415E-16,0.,1.));
#11190=DIRECTION('',(0.,0.,-1.));
#11191=DIRECTION('',(-1.,0.,0.));
#11192=DIRECTION('',(1.,-7.74430123203932E-17,0.));
#11193=DIRECTION('',(-1.,0.,0.));
#11194=DIRECTION('',(2.16840434497101E-16,1.,0.));
#11195=DIRECTION('',(0.,-0.907959384500452,-0.419058177461747));
#11196=DIRECTION('',(1.,0.,0.));
#11197=DIRECTION('',(1.,-7.74430123203932E-17,0.));
#11198=DIRECTION('',(0.,0.,-1.));
#11199=DIRECTION('',(-1.,0.,0.));
#11200=DIRECTION('',(-1.,0.,0.));
#11201=DIRECTION('',(1.,-7.74430123203932E-17,0.));
#11202=DIRECTION('',(-5.42101086242752E-17,-1.,0.));
#11203=DIRECTION('',(0.,-1.,0.));
#11204=DIRECTION('',(0.,0.,-1.));
#11205=DIRECTION('',(-1.,0.,0.));
#11206=DIRECTION('',(1.88556899562696E-16,0.,-1.));
#11207=DIRECTION('',(-5.18531473797415E-16,0.,1.));
#11208=DIRECTION('',(0.,0.,-1.));
#11209=DIRECTION('',(1.,0.,0.));
#11210=DIRECTION('',(1.,0.,0.));
#11211=DIRECTION('',(5.42101086242752E-17,-1.,0.));
#11212=DIRECTION('',(-1.,-7.74430123203932E-17,0.));
#11213=DIRECTION('',(0.,-0.907959384500452,-0.419058177461747));
#11214=DIRECTION('',(-1.,0.,0.));
#11215=DIRECTION('',(-1.,-7.74430123203932E-17,0.));
#11216=DIRECTION('',(0.,0.,-1.));
#11217=DIRECTION('',(1.,0.,0.));
#11218=DIRECTION('',(-1.,-7.74430123203932E-17,0.));
#11219=DIRECTION('',(-2.16840434497101E-16,1.,0.));
#11220=DIRECTION('',(1.,0.,0.));
#11221=DIRECTION('',(0.,-1.,0.));
#11222=DIRECTION('',(0.,0.,-1.));
#11223=DIRECTION('',(1.,0.,0.));
#11224=DIRECTION('',(5.18531473797415E-16,0.,1.));
#11225=DIRECTION('',(-1.88556899562696E-16,0.,-1.));
#11226=DIRECTION('',(0.,-1.,0.));
#11227=DIRECTION('',(0.,0.,-1.));
#11228=DIRECTION('',(1.,0.,0.));
#11229=DIRECTION('',(0.,0.,-1.));
#11230=DIRECTION('',(1.,0.,0.));
#11231=DIRECTION('',(0.,0.,-1.));
#11232=DIRECTION('',(0.,0.,1.));
#11233=DIRECTION('',(1.,0.,0.));
#11234=DIRECTION('',(0.,-1.,0.));
#11235=DIRECTION('',(0.,-1.,0.));
#11236=DIRECTION('',(1.,0.,0.));
#11237=DIRECTION('',(0.,1.,0.));
#11238=DIRECTION('',(0.,0.,1.));
#11239=DIRECTION('',(0.,0.,1.));
#11240=DIRECTION('',(1.,0.,0.));
#11241=DIRECTION('',(0.,0.,1.));
#11242=DIRECTION('',(1.,0.,0.));
#11243=DIRECTION('',(0.,0.,-1.));
#11244=DIRECTION('',(-1.,0.,0.));
#11245=DIRECTION('',(0.,1.,0.));
#11246=DIRECTION('',(0.,1.,0.));
#11247=DIRECTION('',(1.,0.,0.));
#11248=DIRECTION('',(1.,0.,0.));
#11249=DIRECTION('',(0.,0.,-1.));
#11250=DIRECTION('',(1.,0.,0.));
#11251=DIRECTION('',(0.,-1.,0.));
#11252=DIRECTION('',(1.,0.,0.));
#11253=DIRECTION('',(0.,-1.,0.));
#11254=DIRECTION('',(0.,0.,-1.));
#11255=DIRECTION('',(-1.,0.,0.));
#11256=DIRECTION('',(1.,-7.74430123203932E-17,0.));
#11257=DIRECTION('',(-1.,0.,0.));
#11258=DIRECTION('',(2.16840434497101E-16,1.,0.));
#11259=DIRECTION('',(0.,-0.907959384500452,-0.419058177461747));
#11260=DIRECTION('',(1.,0.,0.));
#11261=DIRECTION('',(1.,-7.74430123203932E-17,0.));
#11262=DIRECTION('',(0.,0.,-1.));
#11263=DIRECTION('',(-1.,0.,0.));
#11264=DIRECTION('',(-1.,0.,0.));
#11265=DIRECTION('',(1.,-7.74430123203932E-17,0.));
#11266=DIRECTION('',(-5.42101086242752E-17,-1.,0.));
#11267=DIRECTION('',(0.,-1.,0.));
#11268=DIRECTION('',(0.,0.,-1.));
#11269=DIRECTION('',(-1.,0.,0.));
#11270=DIRECTION('',(1.88556899562696E-16,0.,-1.));
#11271=DIRECTION('',(-5.18531473797415E-16,0.,1.));
#11272=DIRECTION('',(0.932004671541296,0.362446261154948,0.));
#11273=DIRECTION('',(-0.362446261154949,0.932004671541296,0.));
#11274=DIRECTION('',(-0.362446261154948,0.932004671541296,0.));
#11275=DIRECTION('',(0.,0.,1.));
#11276=DIRECTION('',(0.,0.,1.));
#11277=DIRECTION('',(0.,1.,0.));
#11278=DIRECTION('',(0.,0.,1.));
#11279=DIRECTION('',(-1.,0.,0.));
#11280=DIRECTION('',(0.,0.,1.));
#11281=DIRECTION('',(1.,0.,0.));
#11282=DIRECTION('',(0.,0.,-1.));
#11283=DIRECTION('',(0.,1.,0.));
#11284=DIRECTION('',(0.,0.,1.));
#11285=DIRECTION('',(0.,-1.,0.));
#11286=DIRECTION('',(0.,0.,-1.));
#11287=DIRECTION('',(1.,0.,0.));
#11288=DIRECTION('',(-0.00872653549837393,0.,0.999961923064171));
#11289=DIRECTION('',(0.999961923064171,9.53108474188095E-17,0.00872653549837393));
#11290=DIRECTION('',(0.00872653549837393,0.,-0.999961923064171));
#11291=DIRECTION('',(-9.53144767020224E-17,1.,0.));
#11292=DIRECTION('',(-0.00846600192797804,-0.242526933229785,0.970107732919139));
#11293=DIRECTION('',(0.,-0.970142500145332,-0.242535625036333));
#11294=DIRECTION('',(-1.,0.,0.));
#11295=DIRECTION('',(-1.,0.,0.));
#11296=DIRECTION('',(0.,0.,-1.));
#11297=DIRECTION('',(-1.,0.,0.));
#11298=DIRECTION('',(0.,0.,1.));
#11299=DIRECTION('',(1.,0.,0.));
#11300=DIRECTION('',(0.,-0.970142500145332,-0.242535625036333));
#11301=DIRECTION('',(-1.,0.,0.));
#11302=DIRECTION('',(-0.00846600192797812,0.242526933229785,-0.970107732919139));
#11303=DIRECTION('',(-1.,0.,0.));
#11304=DIRECTION('',(-0.999961923064171,-2.26363262619672E-16,0.00872653549837393));
#11305=DIRECTION('',(0.00872653549837393,0.,0.999961923064171));
#11306=DIRECTION('',(2.26371882167303E-16,-1.,0.));
#11307=DIRECTION('',(0.00872653549837393,0.,0.999961923064171));
#11308=DIRECTION('',(0.,-1.,0.));
#11309=DIRECTION('',(0.,0.,-1.));
#11310=DIRECTION('',(1.,0.,0.));
#11311=DIRECTION('',(0.,0.,1.));
#11312=DIRECTION('',(-1.,0.,0.));
#11313=DIRECTION('',(0.,0.,1.));
#11314=DIRECTION('',(0.,-1.,0.));
#11315=DIRECTION('',(0.,0.,1.));
#11316=DIRECTION('',(0.,1.,0.));
#11317=DIRECTION('',(0.,0.,1.));
#11318=DIRECTION('',(-1.,0.,0.));
#11319=DIRECTION('',(0.,0.,1.));
#11320=DIRECTION('',(-0.932004671541296,0.362446261154949,0.));
#11321=DIRECTION('',(-0.362446261154949,-0.932004671541296,0.));
#11322=DIRECTION('',(-0.362446261154949,-0.932004671541296,0.));
#11323=DIRECTION('',(0.,0.,1.));
#11324=DIRECTION('',(0.,-1.,0.));
#11325=DIRECTION('',(0.,0.,-1.));
#11326=DIRECTION('',(1.,0.,0.));
#11327=DIRECTION('',(0.932004671541296,0.362446261154948,0.));
#11328=DIRECTION('',(-0.362446261154949,0.932004671541296,0.));
#11329=DIRECTION('',(-0.362446261154948,0.932004671541296,0.));
#11330=DIRECTION('',(0.,0.,1.));
#11331=DIRECTION('',(0.,0.,1.));
#11332=DIRECTION('',(0.,1.,0.));
#11333=DIRECTION('',(0.,0.,1.));
#11334=DIRECTION('',(-1.,0.,0.));
#11335=DIRECTION('',(0.,0.,1.));
#11336=DIRECTION('',(1.,0.,0.));
#11337=DIRECTION('',(0.,0.,-1.));
#11338=DIRECTION('',(0.,1.,0.));
#11339=DIRECTION('',(0.,0.,1.));
#11340=DIRECTION('',(0.,-1.,0.));
#11341=DIRECTION('',(0.,0.,-1.));
#11342=DIRECTION('',(1.,0.,0.));
#11343=DIRECTION('',(-0.00872653549837393,0.,0.999961923064171));
#11344=DIRECTION('',(0.999961923064171,9.53108474188095E-17,0.00872653549837393));
#11345=DIRECTION('',(0.00872653549837393,0.,-0.999961923064171));
#11346=DIRECTION('',(-9.53144767020224E-17,1.,0.));
#11347=DIRECTION('',(-0.00846600192797804,-0.242526933229785,0.970107732919139));
#11348=DIRECTION('',(0.,-0.970142500145332,-0.242535625036333));
#11349=DIRECTION('',(-1.,0.,0.));
#11350=DIRECTION('',(-1.,0.,0.));
#11351=DIRECTION('',(0.,0.,-1.));
#11352=DIRECTION('',(-1.,0.,0.));
#11353=DIRECTION('',(0.,0.,1.));
#11354=DIRECTION('',(1.,0.,0.));
#11355=DIRECTION('',(0.,-0.970142500145332,-0.242535625036333));
#11356=DIRECTION('',(-1.,0.,0.));
#11357=DIRECTION('',(-0.00846600192797812,0.242526933229785,-0.970107732919139));
#11358=DIRECTION('',(-1.,0.,0.));
#11359=DIRECTION('',(-0.999961923064171,-2.26363262619672E-16,0.00872653549837393));
#11360=DIRECTION('',(0.00872653549837393,0.,0.999961923064171));
#11361=DIRECTION('',(2.26371882167303E-16,-1.,0.));
#11362=DIRECTION('',(0.00872653549837393,0.,0.999961923064171));
#11363=DIRECTION('',(0.,-1.,0.));
#11364=DIRECTION('',(0.,0.,-1.));
#11365=DIRECTION('',(1.,0.,0.));
#11366=DIRECTION('',(0.,0.,1.));
#11367=DIRECTION('',(-1.,0.,0.));
#11368=DIRECTION('',(0.,0.,1.));
#11369=DIRECTION('',(0.,-1.,0.));
#11370=DIRECTION('',(0.,0.,1.));
#11371=DIRECTION('',(0.,1.,0.));
#11372=DIRECTION('',(0.,0.,1.));
#11373=DIRECTION('',(-1.,0.,0.));
#11374=DIRECTION('',(0.,0.,1.));
#11375=DIRECTION('',(-0.932004671541296,0.362446261154949,0.));
#11376=DIRECTION('',(-0.362446261154949,-0.932004671541296,0.));
#11377=DIRECTION('',(-0.362446261154949,-0.932004671541296,0.));
#11378=DIRECTION('',(0.,0.,1.));
#11379=DIRECTION('',(0.,-1.,0.));
#11380=DIRECTION('',(0.,0.,-1.));
#11381=DIRECTION('',(1.,0.,0.));
#11382=DIRECTION('',(0.932004671541296,0.362446261154948,0.));
#11383=DIRECTION('',(-0.362446261154949,0.932004671541296,0.));
#11384=DIRECTION('',(-0.362446261154948,0.932004671541296,0.));
#11385=DIRECTION('',(0.,0.,1.));
#11386=DIRECTION('',(0.,0.,1.));
#11387=DIRECTION('',(0.,1.,0.));
#11388=DIRECTION('',(0.,0.,1.));
#11389=DIRECTION('',(-1.,0.,0.));
#11390=DIRECTION('',(0.,0.,1.));
#11391=DIRECTION('',(1.,0.,0.));
#11392=DIRECTION('',(0.,0.,-1.));
#11393=DIRECTION('',(0.,1.,0.));
#11394=DIRECTION('',(0.,0.,1.));
#11395=DIRECTION('',(0.,-1.,0.));
#11396=DIRECTION('',(0.,0.,-1.));
#11397=DIRECTION('',(1.,0.,0.));
#11398=DIRECTION('',(-0.00872653549837393,0.,0.999961923064171));
#11399=DIRECTION('',(0.999961923064171,9.53108474188095E-17,0.00872653549837393));
#11400=DIRECTION('',(0.00872653549837393,0.,-0.999961923064171));
#11401=DIRECTION('',(-9.53144767020224E-17,1.,0.));
#11402=DIRECTION('',(-0.00846600192797804,-0.242526933229785,0.970107732919139));
#11403=DIRECTION('',(0.,-0.970142500145332,-0.242535625036333));
#11404=DIRECTION('',(-1.,0.,0.));
#11405=DIRECTION('',(-1.,0.,0.));
#11406=DIRECTION('',(0.,0.,-1.));
#11407=DIRECTION('',(-1.,0.,0.));
#11408=DIRECTION('',(0.,0.,1.));
#11409=DIRECTION('',(1.,0.,0.));
#11410=DIRECTION('',(0.,-0.970142500145332,-0.242535625036333));
#11411=DIRECTION('',(-1.,0.,0.));
#11412=DIRECTION('',(-0.00846600192797812,0.242526933229785,-0.970107732919139));
#11413=DIRECTION('',(-1.,0.,0.));
#11414=DIRECTION('',(-0.999961923064171,-2.26363262619672E-16,0.00872653549837393));
#11415=DIRECTION('',(0.00872653549837393,0.,0.999961923064171));
#11416=DIRECTION('',(2.26371882167303E-16,-1.,0.));
#11417=DIRECTION('',(0.00872653549837393,0.,0.999961923064171));
#11418=DIRECTION('',(0.,-1.,0.));
#11419=DIRECTION('',(0.,0.,-1.));
#11420=DIRECTION('',(1.,0.,0.));
#11421=DIRECTION('',(0.,0.,1.));
#11422=DIRECTION('',(-1.,0.,0.));
#11423=DIRECTION('',(0.,0.,1.));
#11424=DIRECTION('',(0.,-1.,0.));
#11425=DIRECTION('',(0.,0.,1.));
#11426=DIRECTION('',(0.,1.,0.));
#11427=DIRECTION('',(0.,0.,1.));
#11428=DIRECTION('',(-1.,0.,0.));
#11429=DIRECTION('',(0.,0.,1.));
#11430=DIRECTION('',(-0.932004671541296,0.362446261154949,0.));
#11431=DIRECTION('',(-0.362446261154949,-0.932004671541296,0.));
#11432=DIRECTION('',(-0.362446261154949,-0.932004671541296,0.));
#11433=DIRECTION('',(0.,0.,1.));
#11434=DIRECTION('',(0.,-1.,0.));
#11435=DIRECTION('',(0.,0.,-1.));
#11436=DIRECTION('',(1.,0.,0.));
#11437=DIRECTION('',(0.932004671541296,0.362446261154948,0.));
#11438=DIRECTION('',(-0.362446261154949,0.932004671541296,0.));
#11439=DIRECTION('',(-0.362446261154948,0.932004671541296,0.));
#11440=DIRECTION('',(0.,0.,1.));
#11441=DIRECTION('',(0.,0.,1.));
#11442=DIRECTION('',(0.,1.,0.));
#11443=DIRECTION('',(0.,0.,1.));
#11444=DIRECTION('',(-1.,0.,0.));
#11445=DIRECTION('',(0.,0.,1.));
#11446=DIRECTION('',(1.,0.,0.));
#11447=DIRECTION('',(0.,0.,-1.));
#11448=DIRECTION('',(0.,1.,0.));
#11449=DIRECTION('',(0.,0.,1.));
#11450=DIRECTION('',(0.,-1.,0.));
#11451=DIRECTION('',(0.,0.,-1.));
#11452=DIRECTION('',(1.,0.,0.));
#11453=DIRECTION('',(-0.00872653549837393,0.,0.999961923064171));
#11454=DIRECTION('',(0.999961923064171,9.53108474188095E-17,0.00872653549837393));
#11455=DIRECTION('',(0.00872653549837393,0.,-0.999961923064171));
#11456=DIRECTION('',(-9.53144767020224E-17,1.,0.));
#11457=DIRECTION('',(-0.00846600192797804,-0.242526933229785,0.970107732919139));
#11458=DIRECTION('',(0.,-0.970142500145332,-0.242535625036333));
#11459=DIRECTION('',(-1.,0.,0.));
#11460=DIRECTION('',(-1.,0.,0.));
#11461=DIRECTION('',(0.,0.,-1.));
#11462=DIRECTION('',(-1.,0.,0.));
#11463=DIRECTION('',(0.,0.,1.));
#11464=DIRECTION('',(1.,0.,0.));
#11465=DIRECTION('',(0.,-0.970142500145332,-0.242535625036333));
#11466=DIRECTION('',(-1.,0.,0.));
#11467=DIRECTION('',(-0.00846600192797812,0.242526933229785,-0.970107732919139));
#11468=DIRECTION('',(-1.,0.,0.));
#11469=DIRECTION('',(-0.999961923064171,-2.26363262619672E-16,0.00872653549837393));
#11470=DIRECTION('',(0.00872653549837393,0.,0.999961923064171));
#11471=DIRECTION('',(2.26371882167303E-16,-1.,0.));
#11472=DIRECTION('',(0.00872653549837393,0.,0.999961923064171));
#11473=DIRECTION('',(0.,-1.,0.));
#11474=DIRECTION('',(0.,0.,-1.));
#11475=DIRECTION('',(1.,0.,0.));
#11476=DIRECTION('',(0.,0.,1.));
#11477=DIRECTION('',(-1.,0.,0.));
#11478=DIRECTION('',(0.,0.,1.));
#11479=DIRECTION('',(0.,-1.,0.));
#11480=DIRECTION('',(0.,0.,1.));
#11481=DIRECTION('',(0.,1.,0.));
#11482=DIRECTION('',(0.,0.,1.));
#11483=DIRECTION('',(-1.,0.,0.));
#11484=DIRECTION('',(0.,0.,1.));
#11485=DIRECTION('',(-0.932004671541296,0.362446261154949,0.));
#11486=DIRECTION('',(-0.362446261154949,-0.932004671541296,0.));
#11487=DIRECTION('',(-0.362446261154949,-0.932004671541296,0.));
#11488=DIRECTION('',(0.,0.,1.));
#11489=DIRECTION('',(0.,-1.,0.));
#11490=DIRECTION('',(0.,0.,-1.));
#11491=DIRECTION('',(1.,0.,0.));
#11492=DIRECTION('',(0.932004671541296,0.362446261154948,0.));
#11493=DIRECTION('',(-0.362446261154949,0.932004671541296,0.));
#11494=DIRECTION('',(-0.362446261154948,0.932004671541296,0.));
#11495=DIRECTION('',(0.,0.,1.));
#11496=DIRECTION('',(0.,0.,1.));
#11497=DIRECTION('',(0.,1.,0.));
#11498=DIRECTION('',(0.,0.,1.));
#11499=DIRECTION('',(-1.,0.,0.));
#11500=DIRECTION('',(0.,0.,1.));
#11501=DIRECTION('',(1.,0.,0.));
#11502=DIRECTION('',(0.,0.,-1.));
#11503=DIRECTION('',(0.,1.,0.));
#11504=DIRECTION('',(0.,0.,1.));
#11505=DIRECTION('',(0.,-1.,0.));
#11506=DIRECTION('',(0.,0.,-1.));
#11507=DIRECTION('',(1.,0.,0.));
#11508=DIRECTION('',(-0.00872653549837393,0.,0.999961923064171));
#11509=DIRECTION('',(0.999961923064171,9.53108474188095E-17,0.00872653549837393));
#11510=DIRECTION('',(0.00872653549837393,0.,-0.999961923064171));
#11511=DIRECTION('',(-9.53144767020224E-17,1.,0.));
#11512=DIRECTION('',(-0.00846600192797804,-0.242526933229785,0.970107732919139));
#11513=DIRECTION('',(0.,-0.970142500145332,-0.242535625036333));
#11514=DIRECTION('',(-1.,0.,0.));
#11515=DIRECTION('',(-1.,0.,0.));
#11516=DIRECTION('',(0.,0.,-1.));
#11517=DIRECTION('',(-1.,0.,0.));
#11518=DIRECTION('',(0.,0.,1.));
#11519=DIRECTION('',(1.,0.,0.));
#11520=DIRECTION('',(0.,-0.970142500145332,-0.242535625036333));
#11521=DIRECTION('',(-1.,0.,0.));
#11522=DIRECTION('',(-0.00846600192797812,0.242526933229785,-0.970107732919139));
#11523=DIRECTION('',(-1.,0.,0.));
#11524=DIRECTION('',(-0.999961923064171,-2.26363262619672E-16,0.00872653549837393));
#11525=DIRECTION('',(0.00872653549837393,0.,0.999961923064171));
#11526=DIRECTION('',(2.26371882167303E-16,-1.,0.));
#11527=DIRECTION('',(0.00872653549837393,0.,0.999961923064171));
#11528=DIRECTION('',(0.,-1.,0.));
#11529=DIRECTION('',(0.,0.,-1.));
#11530=DIRECTION('',(1.,0.,0.));
#11531=DIRECTION('',(0.,0.,1.));
#11532=DIRECTION('',(-1.,0.,0.));
#11533=DIRECTION('',(0.,0.,1.));
#11534=DIRECTION('',(0.,-1.,0.));
#11535=DIRECTION('',(0.,0.,1.));
#11536=DIRECTION('',(0.,1.,0.));
#11537=DIRECTION('',(0.,0.,1.));
#11538=DIRECTION('',(-1.,0.,0.));
#11539=DIRECTION('',(0.,0.,1.));
#11540=DIRECTION('',(-0.932004671541296,0.362446261154949,0.));
#11541=DIRECTION('',(-0.362446261154949,-0.932004671541296,0.));
#11542=DIRECTION('',(-0.362446261154949,-0.932004671541296,0.));
#11543=DIRECTION('',(0.,0.,1.));
#11544=DIRECTION('',(0.,-1.,0.));
#11545=DIRECTION('',(0.,0.,-1.));
#11546=DIRECTION('',(1.,0.,0.));
#11547=DIRECTION('',(0.932004671541296,0.362446261154948,0.));
#11548=DIRECTION('',(-0.362446261154949,0.932004671541296,0.));
#11549=DIRECTION('',(-0.362446261154948,0.932004671541296,0.));
#11550=DIRECTION('',(0.,0.,1.));
#11551=DIRECTION('',(0.,0.,1.));
#11552=DIRECTION('',(0.,1.,0.));
#11553=DIRECTION('',(0.,0.,1.));
#11554=DIRECTION('',(-1.,0.,0.));
#11555=DIRECTION('',(0.,0.,1.));
#11556=DIRECTION('',(1.,0.,0.));
#11557=DIRECTION('',(0.,0.,-1.));
#11558=DIRECTION('',(0.,1.,0.));
#11559=DIRECTION('',(0.,0.,1.));
#11560=DIRECTION('',(0.,-1.,0.));
#11561=DIRECTION('',(0.,0.,-1.));
#11562=DIRECTION('',(1.,0.,0.));
#11563=DIRECTION('',(-0.00872653549837393,0.,0.999961923064171));
#11564=DIRECTION('',(0.999961923064171,9.53108474188095E-17,0.00872653549837393));
#11565=DIRECTION('',(0.00872653549837393,0.,-0.999961923064171));
#11566=DIRECTION('',(-9.53144767020224E-17,1.,0.));
#11567=DIRECTION('',(-0.00846600192797804,-0.242526933229785,0.970107732919139));
#11568=DIRECTION('',(0.,-0.970142500145332,-0.242535625036333));
#11569=DIRECTION('',(-1.,0.,0.));
#11570=DIRECTION('',(-1.,0.,0.));
#11571=DIRECTION('',(0.,0.,-1.));
#11572=DIRECTION('',(-1.,0.,0.));
#11573=DIRECTION('',(0.,0.,1.));
#11574=DIRECTION('',(1.,0.,0.));
#11575=DIRECTION('',(0.,-0.970142500145332,-0.242535625036333));
#11576=DIRECTION('',(-1.,0.,0.));
#11577=DIRECTION('',(-0.00846600192797812,0.242526933229785,-0.970107732919139));
#11578=DIRECTION('',(-1.,0.,0.));
#11579=DIRECTION('',(-0.999961923064171,-2.26363262619672E-16,0.00872653549837393));
#11580=DIRECTION('',(0.00872653549837393,0.,0.999961923064171));
#11581=DIRECTION('',(2.26371882167303E-16,-1.,0.));
#11582=DIRECTION('',(0.00872653549837393,0.,0.999961923064171));
#11583=DIRECTION('',(0.,-1.,0.));
#11584=DIRECTION('',(0.,0.,-1.));
#11585=DIRECTION('',(1.,0.,0.));
#11586=DIRECTION('',(0.,0.,1.));
#11587=DIRECTION('',(-1.,0.,0.));
#11588=DIRECTION('',(0.,0.,1.));
#11589=DIRECTION('',(0.,-1.,0.));
#11590=DIRECTION('',(0.,0.,1.));
#11591=DIRECTION('',(0.,1.,0.));
#11592=DIRECTION('',(0.,0.,1.));
#11593=DIRECTION('',(-1.,0.,0.));
#11594=DIRECTION('',(0.,0.,1.));
#11595=DIRECTION('',(-0.932004671541296,0.362446261154949,0.));
#11596=DIRECTION('',(-0.362446261154949,-0.932004671541296,0.));
#11597=DIRECTION('',(-0.362446261154949,-0.932004671541296,0.));
#11598=DIRECTION('',(0.,0.,1.));
#11599=DIRECTION('',(0.,-1.,0.));
#11600=DIRECTION('',(0.,0.,-1.));
#11601=DIRECTION('',(1.,0.,0.));
#11602=DIRECTION('',(0.932004671541296,0.362446261154948,0.));
#11603=DIRECTION('',(-0.362446261154949,0.932004671541296,0.));
#11604=DIRECTION('',(-0.362446261154948,0.932004671541296,0.));
#11605=DIRECTION('',(0.,0.,1.));
#11606=DIRECTION('',(0.,0.,1.));
#11607=DIRECTION('',(0.,1.,0.));
#11608=DIRECTION('',(0.,0.,1.));
#11609=DIRECTION('',(-1.,0.,0.));
#11610=DIRECTION('',(0.,0.,1.));
#11611=DIRECTION('',(1.,0.,0.));
#11612=DIRECTION('',(0.,0.,-1.));
#11613=DIRECTION('',(0.,1.,0.));
#11614=DIRECTION('',(0.,0.,1.));
#11615=DIRECTION('',(0.,-1.,0.));
#11616=DIRECTION('',(0.,0.,-1.));
#11617=DIRECTION('',(1.,0.,0.));
#11618=DIRECTION('',(-0.00872653549837393,0.,0.999961923064171));
#11619=DIRECTION('',(0.999961923064171,9.53108474188095E-17,0.00872653549837393));
#11620=DIRECTION('',(0.00872653549837393,0.,-0.999961923064171));
#11621=DIRECTION('',(-9.53144767020224E-17,1.,0.));
#11622=DIRECTION('',(-0.00846600192797804,-0.242526933229785,0.970107732919139));
#11623=DIRECTION('',(0.,-0.970142500145332,-0.242535625036333));
#11624=DIRECTION('',(-1.,0.,0.));
#11625=DIRECTION('',(-1.,0.,0.));
#11626=DIRECTION('',(0.,0.,-1.));
#11627=DIRECTION('',(-1.,0.,0.));
#11628=DIRECTION('',(0.,0.,1.));
#11629=DIRECTION('',(1.,0.,0.));
#11630=DIRECTION('',(0.,-0.970142500145332,-0.242535625036333));
#11631=DIRECTION('',(-1.,0.,0.));
#11632=DIRECTION('',(-0.00846600192797812,0.242526933229785,-0.970107732919139));
#11633=DIRECTION('',(-1.,0.,0.));
#11634=DIRECTION('',(-0.999961923064171,-2.26363262619672E-16,0.00872653549837393));
#11635=DIRECTION('',(0.00872653549837393,0.,0.999961923064171));
#11636=DIRECTION('',(2.26371882167303E-16,-1.,0.));
#11637=DIRECTION('',(0.00872653549837393,0.,0.999961923064171));
#11638=DIRECTION('',(0.,-1.,0.));
#11639=DIRECTION('',(0.,0.,-1.));
#11640=DIRECTION('',(1.,0.,0.));
#11641=DIRECTION('',(0.,0.,1.));
#11642=DIRECTION('',(-1.,0.,0.));
#11643=DIRECTION('',(0.,0.,1.));
#11644=DIRECTION('',(0.,-1.,0.));
#11645=DIRECTION('',(0.,0.,1.));
#11646=DIRECTION('',(0.,1.,0.));
#11647=DIRECTION('',(0.,0.,1.));
#11648=DIRECTION('',(-1.,0.,0.));
#11649=DIRECTION('',(0.,0.,1.));
#11650=DIRECTION('',(-0.932004671541296,0.362446261154949,0.));
#11651=DIRECTION('',(-0.362446261154949,-0.932004671541296,0.));
#11652=DIRECTION('',(-0.362446261154949,-0.932004671541296,0.));
#11653=DIRECTION('',(0.,0.,1.));
#11654=DIRECTION('',(0.,-1.,0.));
#11655=DIRECTION('',(0.,0.,-1.));
#11656=DIRECTION('',(1.,0.,0.));
#11657=DIRECTION('',(0.,0.999444906979154,0.0333148302326383));
#11658=DIRECTION('',(0.,-0.0333148302326383,0.999444906979154));
#11659=DIRECTION('',(0.,-0.0333148302326383,0.999444906979154));
#11660=DIRECTION('',(0.,-0.0333148302326383,0.999444906979154));
#11661=DIRECTION('',(1.,0.,0.));
#11662=DIRECTION('',(0.,0.,-1.));
#11663=DIRECTION('',(-1.,0.,0.));
#11664=DIRECTION('',(0.,0.,1.));
#11665=DIRECTION('',(1.,0.,0.));
#11666=DIRECTION('',(0.,-0.970142500145332,-0.242535625036333));
#11667=DIRECTION('',(-1.,0.,0.));
#11668=DIRECTION('',(-0.00846600192797812,0.242526933229785,-0.970107732919139));
#11669=DIRECTION('',(-1.,0.,0.));
#11670=DIRECTION('',(-0.999961923064171,-2.26363262619672E-16,0.00872653549837393));
#11671=DIRECTION('',(0.00872653549837393,0.,0.999961923064171));
#11672=DIRECTION('',(2.26371882167303E-16,-1.,0.));
#11673=DIRECTION('',(0.00872653549837393,0.,0.999961923064171));
#11674=DIRECTION('',(0.,-1.,0.));
#11675=DIRECTION('',(0.,0.,-1.));
#11676=DIRECTION('',(1.,0.,0.));
#11677=DIRECTION('',(0.,0.,1.));
#11678=DIRECTION('',(-1.,0.,0.));
#11679=DIRECTION('',(0.,0.,1.));
#11680=DIRECTION('',(0.,-1.,0.));
#11681=DIRECTION('',(0.,0.,1.));
#11682=DIRECTION('',(0.,1.,0.));
#11683=DIRECTION('',(0.,0.,1.));
#11684=DIRECTION('',(-1.,0.,0.));
#11685=DIRECTION('',(0.,0.,1.));
#11686=DIRECTION('',(-0.932004671541296,0.362446261154949,0.));
#11687=DIRECTION('',(-0.362446261154949,-0.932004671541296,0.));
#11688=DIRECTION('',(-0.362446261154949,-0.932004671541296,0.));
#11689=DIRECTION('',(0.,0.,1.));
#11690=DIRECTION('',(0.,-1.,0.));
#11691=DIRECTION('',(0.,0.,-1.));
#11692=DIRECTION('',(1.,0.,0.));
#11693=DIRECTION('',(0.,0.,1.));
#11694=DIRECTION('',(0.932004671541296,0.362446261154948,0.));
#11695=DIRECTION('',(-0.362446261154949,0.932004671541296,0.));
#11696=DIRECTION('',(-0.362446261154948,0.932004671541296,0.));
#11697=DIRECTION('',(0.,0.,1.));
#11698=DIRECTION('',(0.,1.,0.));
#11699=DIRECTION('',(0.,0.,1.));
#11700=DIRECTION('',(-1.,0.,0.));
#11701=DIRECTION('',(0.,0.,1.));
#11702=DIRECTION('',(1.,0.,0.));
#11703=DIRECTION('',(0.,0.,-1.));
#11704=DIRECTION('',(0.,1.,0.));
#11705=DIRECTION('',(0.,0.,1.));
#11706=DIRECTION('',(0.,-1.,0.));
#11707=DIRECTION('',(0.,0.,-1.));
#11708=DIRECTION('',(1.,0.,0.));
#11709=DIRECTION('',(-0.00872653549837393,0.,0.999961923064171));
#11710=DIRECTION('',(-8.67361737988401E-16,-1.,0.));
#11711=DIRECTION('',(1.,-8.67361737988401E-16,0.));
#11712=DIRECTION('',(1.,-8.67361737988401E-16,0.));
#11713=DIRECTION('',(-0.238378653110853,2.06760522861564E-16,0.971172290451625));
#11714=DIRECTION('',(-0.00872653549837393,7.56906299648709E-18,0.999961923064171));
#11715=DIRECTION('',(-0.971172290451625,-2.3398824603675E-16,-0.238378653110853));
#11716=DIRECTION('',(-2.4093381610789E-16,1.,0.));
#11717=DIRECTION('',(0.238378653110853,0.,-0.971172290451625));
#11718=DIRECTION('',(2.4093381610789E-16,-1.,0.));
#11719=DIRECTION('',(0.,1.,0.));
#11720=DIRECTION('',(0.,0.,1.));
#11721=DIRECTION('',(-1.,0.,0.));
#11722=DIRECTION('',(-0.00872653549837393,0.,0.999961923064171));
#11723=DIRECTION('',(0.999961923064171,9.53108474188095E-17,0.00872653549837393));
#11724=DIRECTION('',(0.00872653549837393,0.,-0.999961923064171));
#11725=DIRECTION('',(-9.53144767020224E-17,1.,0.));
#11726=DIRECTION('',(-9.53144767020224E-17,1.,0.));
#11727=DIRECTION('',(-0.00846600192797804,-0.242526933229785,0.970107732919139));
#11728=DIRECTION('',(0.,-0.970142500145332,-0.242535625036333));
#11729=DIRECTION('',(-1.,0.,0.));
#11730=DIRECTION('',(-1.,0.,0.));
#11731=DIRECTION('',(0.932004671541296,0.362446261154948,0.));
#11732=DIRECTION('',(-0.362446261154949,0.932004671541296,0.));
#11733=DIRECTION('',(-0.362446261154948,0.932004671541296,0.));
#11734=DIRECTION('',(0.,0.,1.));
#11735=DIRECTION('',(0.,0.,1.));
#11736=DIRECTION('',(0.,1.,0.));
#11737=DIRECTION('',(0.,0.,1.));
#11738=DIRECTION('',(-1.,0.,0.));
#11739=DIRECTION('',(0.,0.,1.));
#11740=DIRECTION('',(1.,0.,0.));
#11741=DIRECTION('',(0.,0.,-1.));
#11742=DIRECTION('',(0.,1.,0.));
#11743=DIRECTION('',(0.,0.,1.));
#11744=DIRECTION('',(0.,-1.,0.));
#11745=DIRECTION('',(0.,0.,-1.));
#11746=DIRECTION('',(1.,0.,0.));
#11747=DIRECTION('',(-0.00872653549837393,0.,0.999961923064171));
#11748=DIRECTION('',(0.999961923064171,9.53108474188095E-17,0.00872653549837393));
#11749=DIRECTION('',(0.00872653549837393,0.,-0.999961923064171));
#11750=DIRECTION('',(-9.53144767020224E-17,1.,0.));
#11751=DIRECTION('',(-0.00846600192797804,-0.242526933229785,0.970107732919139));
#11752=DIRECTION('',(0.,-0.970142500145332,-0.242535625036333));
#11753=DIRECTION('',(-1.,0.,0.));
#11754=DIRECTION('',(-1.,0.,0.));
#11755=DIRECTION('',(0.,0.,-1.));
#11756=DIRECTION('',(-1.,0.,0.));
#11757=DIRECTION('',(0.,0.,1.));
#11758=DIRECTION('',(1.,0.,0.));
#11759=DIRECTION('',(0.,-0.970142500145332,-0.242535625036333));
#11760=DIRECTION('',(-1.,0.,0.));
#11761=DIRECTION('',(-0.00846600192797812,0.242526933229785,-0.970107732919139));
#11762=DIRECTION('',(-1.,0.,0.));
#11763=DIRECTION('',(-0.999961923064171,-2.26363262619672E-16,0.00872653549837393));
#11764=DIRECTION('',(0.00872653549837393,0.,0.999961923064171));
#11765=DIRECTION('',(2.26371882167303E-16,-1.,0.));
#11766=DIRECTION('',(0.00872653549837393,0.,0.999961923064171));
#11767=DIRECTION('',(0.,-1.,0.));
#11768=DIRECTION('',(0.,0.,-1.));
#11769=DIRECTION('',(1.,0.,0.));
#11770=DIRECTION('',(0.,0.,1.));
#11771=DIRECTION('',(-1.,0.,0.));
#11772=DIRECTION('',(0.,0.,1.));
#11773=DIRECTION('',(0.,-1.,0.));
#11774=DIRECTION('',(0.,0.,1.));
#11775=DIRECTION('',(0.,1.,0.));
#11776=DIRECTION('',(0.,0.,1.));
#11777=DIRECTION('',(-1.,0.,0.));
#11778=DIRECTION('',(0.,0.,1.));
#11779=DIRECTION('',(-0.932004671541296,0.362446261154949,0.));
#11780=DIRECTION('',(-0.362446261154949,-0.932004671541296,0.));
#11781=DIRECTION('',(-0.362446261154949,-0.932004671541296,0.));
#11782=DIRECTION('',(0.,0.,1.));
#11783=DIRECTION('',(0.,-1.,0.));
#11784=DIRECTION('',(0.,0.,-1.));
#11785=DIRECTION('',(1.,0.,0.));
#11786=DIRECTION('',(0.999961923064171,-2.26363262619672E-16,0.00872653549837393));
#11787=DIRECTION('',(-0.00872653549837393,0.,0.999961923064171));
#11788=DIRECTION('',(-0.00872653549837393,0.,0.999961923064171));
#11789=DIRECTION('',(-2.26371882167303E-16,-1.,0.));
#11790=DIRECTION('',(0.00846600192797812,0.242526933229785,-0.970107732919139));
#11791=DIRECTION('',(0.,-0.970142500145332,-0.242535625036333));
#11792=DIRECTION('',(1.,0.,0.));
#11793=DIRECTION('',(-1.,0.,0.));
#11794=DIRECTION('',(0.,0.,-1.));
#11795=DIRECTION('',(1.,0.,0.));
#11796=DIRECTION('',(0.,0.,1.));
#11797=DIRECTION('',(1.,0.,0.));
#11798=DIRECTION('',(0.,-0.970142500145332,-0.242535625036333));
#11799=DIRECTION('',(1.,0.,0.));
#11800=DIRECTION('',(1.,0.,0.));
#11801=DIRECTION('',(0.00846600192797804,-0.242526933229785,0.970107732919139));
#11802=DIRECTION('',(0.,1.,0.));
#11803=DIRECTION('',(0.,0.,1.));
#11804=DIRECTION('',(0.00872653549837393,0.,0.999961923064171));
#11805=DIRECTION('',(1.,0.,0.));
#11806=DIRECTION('',(-0.238378653110853,0.,-0.971172290451625));
#11807=DIRECTION('',(0.971172290451625,-2.3398824603675E-16,-0.238378653110853));
#11808=DIRECTION('',(2.4093381610789E-16,1.,0.));
#11809=DIRECTION('',(2.4093381610789E-16,1.,0.));
#11810=DIRECTION('',(0.238378653110853,2.06760522861564E-16,0.971172290451625));
#11811=DIRECTION('',(8.67361737988401E-16,-1.,0.));
#11812=DIRECTION('',(-1.,-8.67361737988401E-16,0.));
#11813=DIRECTION('',(1.,8.67361737988401E-16,0.));
#11814=DIRECTION('',(0.00872653549837393,7.56906299648709E-18,0.999961923064171));
#11815=DIRECTION('',(-0.999961923064171,9.53108474188095E-17,0.00872653549837393));
#11816=DIRECTION('',(-0.00872653549837393,0.,-0.999961923064171));
#11817=DIRECTION('',(-9.53144767020224E-17,-1.,0.));
#11818=DIRECTION('',(0.00872653549837393,0.,0.999961923064171));
#11819=DIRECTION('',(-9.53144767020224E-17,-1.,0.));
#11820=DIRECTION('',(0.,-1.,0.));
#11821=DIRECTION('',(0.,0.,-1.));
#11822=DIRECTION('',(-1.,0.,0.));
#11823=DIRECTION('',(0.,0.,1.));
#11824=DIRECTION('',(-1.,0.,0.));
#11825=DIRECTION('',(0.,0.,-1.));
#11826=DIRECTION('',(0.,-1.,0.));
#11827=DIRECTION('',(0.,0.,1.));
#11828=DIRECTION('',(0.,1.,0.));
#11829=DIRECTION('',(0.,0.,1.));
#11830=DIRECTION('',(-1.,0.,0.));
#11831=DIRECTION('',(0.,0.,1.));
#11832=DIRECTION('',(-0.932004671541296,0.362446261154948,0.));
#11833=DIRECTION('',(0.362446261154949,0.932004671541296,0.));
#11834=DIRECTION('',(-0.362446261154949,-0.932004671541296,0.));
#11835=DIRECTION('',(0.,0.,1.));
#11836=DIRECTION('',(0.,-1.,0.));
#11837=DIRECTION('',(0.,0.,-1.));
#11838=DIRECTION('',(1.,0.,0.));
#11839=DIRECTION('',(0.,0.,1.));
#11840=DIRECTION('',(0.932004671541296,0.362446261154949,0.));
#11841=DIRECTION('',(0.362446261154949,-0.932004671541296,0.));
#11842=DIRECTION('',(0.362446261154949,-0.932004671541296,0.));
#11843=DIRECTION('',(0.,0.,1.));
#11844=DIRECTION('',(0.,1.,0.));
#11845=DIRECTION('',(0.,0.,1.));
#11846=DIRECTION('',(-1.,0.,0.));
#11847=DIRECTION('',(0.,0.,1.));
#11848=DIRECTION('',(1.,0.,0.));
#11849=DIRECTION('',(0.,0.,1.));
#11850=DIRECTION('',(0.,1.,0.));
#11851=DIRECTION('',(0.,0.,1.));
#11852=DIRECTION('',(0.,-1.,0.));
#11853=DIRECTION('',(0.,0.,-1.));
#11854=DIRECTION('',(1.,0.,0.));
#11855=DIRECTION('',(0.,0.,1.));
#11856=DIRECTION('',(1.,0.,0.));
#11857=DIRECTION('',(0.,-1.,0.));
#11858=DIRECTION('',(0.,-1.,0.));
#11859=DIRECTION('',(-1.,0.,0.));
#11860=DIRECTION('',(0.,0.,1.));
#11861=DIRECTION('',(1.,0.,0.));
#11862=DIRECTION('',(0.,1.,0.));
#11863=DIRECTION('',(0.,-1.,0.));
#11864=DIRECTION('',(1.,0.,0.));
#11865=DIRECTION('',(0.,0.,1.));
#11866=DIRECTION('',(-1.,0.,0.));
#11867=DIRECTION('',(0.,-1.,0.));
#11868=DIRECTION('',(1.,0.,0.));
#11869=DIRECTION('',(0.,-1.,0.));
#11870=DIRECTION('',(0.,0.,1.));
#11871=DIRECTION('',(1.,0.,0.));
#11872=DIRECTION('',(0.,-1.,0.));
#11873=DIRECTION('',(0.,-1.,0.));
#11874=DIRECTION('',(1.,0.,0.));
#11875=DIRECTION('',(0.,0.,1.));
#11876=DIRECTION('',(1.,0.,0.));
#11877=DIRECTION('',(0.,-1.,0.));
#11878=DIRECTION('',(0.,-1.,0.));
#11879=DIRECTION('',(1.,0.,0.));
#11880=DIRECTION('',(0.,0.,1.));
#11881=DIRECTION('',(1.,0.,0.));
#11882=DIRECTION('',(0.,-1.,0.));
#11883=DIRECTION('',(0.,-1.,0.));
#11884=DIRECTION('',(1.,0.,0.));
#11885=DIRECTION('',(0.,0.,1.));
#11886=DIRECTION('',(1.,0.,0.));
#11887=DIRECTION('',(0.,-1.,0.));
#11888=DIRECTION('',(0.,-1.,0.));
#11889=DIRECTION('',(1.,0.,0.));
#11890=DIRECTION('',(0.,0.,1.));
#11891=DIRECTION('',(1.,0.,0.));
#11892=DIRECTION('',(0.,-1.,0.));
#11893=DIRECTION('',(0.,-1.,0.));
#11894=DIRECTION('',(1.,0.,0.));
#11895=DIRECTION('',(0.,0.,1.));
#11896=DIRECTION('',(1.,0.,0.));
#11897=DIRECTION('',(0.,-1.,0.));
#11898=DIRECTION('',(0.,-1.,0.));
#11899=DIRECTION('',(1.,0.,0.));
#11900=DIRECTION('',(0.,0.,1.));
#11901=DIRECTION('',(1.,0.,0.));
#11902=DIRECTION('',(0.,-1.,0.));
#11903=DIRECTION('',(0.,-1.,0.));
#11904=DIRECTION('',(1.,0.,0.));
#11905=DIRECTION('',(0.,0.,1.));
#11906=DIRECTION('',(1.,0.,0.));
#11907=DIRECTION('',(0.,-1.,0.));
#11908=DIRECTION('',(0.,-1.,0.));
#11909=DIRECTION('',(1.,0.,0.));
#11910=DIRECTION('',(-1.,2.16840434497101E-16,0.));
#11911=DIRECTION('',(-2.16840434497101E-16,-1.,0.));
#11912=DIRECTION('',(2.16840434497101E-16,1.,0.));
#11913=DIRECTION('',(0.,0.,-1.));
#11914=DIRECTION('',(0.,0.,-1.));
#11915=DIRECTION('',(7.74430123203932E-17,1.,0.));
#11916=DIRECTION('',(-1.,7.74430123203932E-17,0.));
#11917=DIRECTION('',(-1.,7.74430123203932E-17,0.));
#11918=DIRECTION('',(0.,0.,-1.));
#11919=DIRECTION('',(1.,-5.42101086242752E-17,0.));
#11920=DIRECTION('',(5.42101086242752E-17,1.,0.));
#11921=DIRECTION('',(0.,0.,-1.));
#11922=DIRECTION('',(-5.42101086242752E-17,-1.,0.));
#11923=DIRECTION('',(-1.,2.16840434497101E-16,0.));
#11924=DIRECTION('',(-2.16840434497101E-16,-1.,0.));
#11925=DIRECTION('',(2.16840434497101E-16,1.,0.));
#11926=DIRECTION('',(0.,0.,-1.));
#11927=DIRECTION('',(0.,0.,-1.));
#11928=DIRECTION('',(7.74430123203932E-17,1.,0.));
#11929=DIRECTION('',(-1.,7.74430123203932E-17,0.));
#11930=DIRECTION('',(-1.,7.74430123203932E-17,0.));
#11931=DIRECTION('',(0.,0.,-1.));
#11932=DIRECTION('',(1.,-5.42101086242752E-17,0.));
#11933=DIRECTION('',(5.42101086242752E-17,1.,0.));
#11934=DIRECTION('',(0.,0.,-1.));
#11935=DIRECTION('',(-5.42101086242752E-17,-1.,0.));
#11936=DIRECTION('',(-1.,2.16840434497101E-16,0.));
#11937=DIRECTION('',(-2.16840434497101E-16,-1.,0.));
#11938=DIRECTION('',(2.16840434497101E-16,1.,0.));
#11939=DIRECTION('',(0.,0.,-1.));
#11940=DIRECTION('',(0.,0.,-1.));
#11941=DIRECTION('',(7.74430123203932E-17,1.,0.));
#11942=DIRECTION('',(-1.,7.74430123203932E-17,0.));
#11943=DIRECTION('',(-1.,7.74430123203932E-17,0.));
#11944=DIRECTION('',(0.,0.,-1.));
#11945=DIRECTION('',(1.,-5.42101086242752E-17,0.));
#11946=DIRECTION('',(5.42101086242752E-17,1.,0.));
#11947=DIRECTION('',(0.,0.,-1.));
#11948=DIRECTION('',(-5.42101086242752E-17,-1.,0.));
#11949=DIRECTION('',(-1.,2.16840434497101E-16,0.));
#11950=DIRECTION('',(-2.16840434497101E-16,-1.,0.));
#11951=DIRECTION('',(2.16840434497101E-16,1.,0.));
#11952=DIRECTION('',(0.,0.,-1.));
#11953=DIRECTION('',(0.,0.,-1.));
#11954=DIRECTION('',(7.74430123203932E-17,1.,0.));
#11955=DIRECTION('',(-1.,7.74430123203932E-17,0.));
#11956=DIRECTION('',(-1.,7.74430123203932E-17,0.));
#11957=DIRECTION('',(0.,0.,-1.));
#11958=DIRECTION('',(1.,-5.42101086242752E-17,0.));
#11959=DIRECTION('',(5.42101086242752E-17,1.,0.));
#11960=DIRECTION('',(0.,0.,-1.));
#11961=DIRECTION('',(-5.42101086242752E-17,-1.,0.));
#11962=DIRECTION('',(-1.,2.16840434497101E-16,0.));
#11963=DIRECTION('',(-2.16840434497101E-16,-1.,0.));
#11964=DIRECTION('',(2.16840434497101E-16,1.,0.));
#11965=DIRECTION('',(0.,0.,-1.));
#11966=DIRECTION('',(0.,0.,-1.));
#11967=DIRECTION('',(7.74430123203932E-17,1.,0.));
#11968=DIRECTION('',(-1.,7.74430123203932E-17,0.));
#11969=DIRECTION('',(-1.,7.74430123203932E-17,0.));
#11970=DIRECTION('',(0.,0.,-1.));
#11971=DIRECTION('',(1.,-5.42101086242752E-17,0.));
#11972=DIRECTION('',(5.42101086242752E-17,1.,0.));
#11973=DIRECTION('',(0.,0.,-1.));
#11974=DIRECTION('',(-5.42101086242752E-17,-1.,0.));
#11975=DIRECTION('',(-1.,2.16840434497101E-16,0.));
#11976=DIRECTION('',(-2.16840434497101E-16,-1.,0.));
#11977=DIRECTION('',(2.16840434497101E-16,1.,0.));
#11978=DIRECTION('',(0.,0.,-1.));
#11979=DIRECTION('',(0.,0.,-1.));
#11980=DIRECTION('',(7.74430123203932E-17,1.,0.));
#11981=DIRECTION('',(-1.,7.74430123203932E-17,0.));
#11982=DIRECTION('',(-1.,7.74430123203932E-17,0.));
#11983=DIRECTION('',(0.,0.,-1.));
#11984=DIRECTION('',(1.,-5.42101086242752E-17,0.));
#11985=DIRECTION('',(5.42101086242752E-17,1.,0.));
#11986=DIRECTION('',(0.,0.,-1.));
#11987=DIRECTION('',(-5.42101086242752E-17,-1.,0.));
#11988=DIRECTION('',(-1.,2.16840434497101E-16,0.));
#11989=DIRECTION('',(-2.16840434497101E-16,-1.,0.));
#11990=DIRECTION('',(2.16840434497101E-16,1.,0.));
#11991=DIRECTION('',(0.,0.,-1.));
#11992=DIRECTION('',(0.,0.,-1.));
#11993=DIRECTION('',(7.74430123203932E-17,1.,0.));
#11994=DIRECTION('',(-1.,7.74430123203932E-17,0.));
#11995=DIRECTION('',(-1.,7.74430123203932E-17,0.));
#11996=DIRECTION('',(0.,0.,-1.));
#11997=DIRECTION('',(1.,-5.42101086242752E-17,0.));
#11998=DIRECTION('',(5.42101086242752E-17,1.,0.));
#11999=DIRECTION('',(0.,0.,-1.));
#12000=DIRECTION('',(-5.42101086242752E-17,-1.,0.));
#12001=DIRECTION('',(-1.,2.16840434497101E-16,0.));
#12002=DIRECTION('',(-2.16840434497101E-16,-1.,0.));
#12003=DIRECTION('',(2.16840434497101E-16,1.,0.));
#12004=DIRECTION('',(0.,0.,-1.));
#12005=DIRECTION('',(0.,0.,-1.));
#12006=DIRECTION('',(7.74430123203932E-17,1.,0.));
#12007=DIRECTION('',(-1.,7.74430123203932E-17,0.));
#12008=DIRECTION('',(-1.,7.74430123203932E-17,0.));
#12009=DIRECTION('',(0.,0.,-1.));
#12010=DIRECTION('',(1.,-5.42101086242752E-17,0.));
#12011=DIRECTION('',(5.42101086242752E-17,1.,0.));
#12012=DIRECTION('',(0.,0.,-1.));
#12013=DIRECTION('',(-5.42101086242752E-17,-1.,0.));
#12014=DIRECTION('',(-1.,-5.42101086242752E-17,0.));
#12015=DIRECTION('',(-5.42101086242752E-17,1.,0.));
#12016=DIRECTION('',(0.,0.,-1.));
#12017=DIRECTION('',(5.42101086242752E-17,-1.,0.));
#12018=DIRECTION('',(0.,0.,-1.));
#12019=DIRECTION('',(-7.74430123203932E-17,1.,0.));
#12020=DIRECTION('',(1.,7.74430123203932E-17,0.));
#12021=DIRECTION('',(-1.,-7.74430123203932E-17,0.));
#12022=DIRECTION('',(0.,0.,-1.));
#12023=DIRECTION('',(1.,2.16840434497101E-16,0.));
#12024=DIRECTION('',(2.16840434497101E-16,-1.,0.));
#12025=DIRECTION('',(2.16840434497101E-16,-1.,0.));
#12026=DIRECTION('',(0.,0.,1.));
#12027=DIRECTION('',(-1.,0.,0.));
#12028=DIRECTION('',(0.,0.,1.));
#12029=DIRECTION('',(0.,0.,-1.));
#12030=DIRECTION('',(0.,1.,0.));
#12031=DIRECTION('',(1.,0.,0.));
#12032=DIRECTION('',(0.,-1.,0.));
#12033=DIRECTION('',(1.,0.,0.));
#12034=DIRECTION('',(0.,0.,-1.));
#12035=DIRECTION('',(1.,0.,0.));
#12036=DIRECTION('',(1.,0.,0.));
#12037=DIRECTION('',(0.,-1.,0.));
#12038=DIRECTION('',(1.,0.,0.));
#12039=DIRECTION('',(0.,0.,-1.));
#12040=DIRECTION('',(0.,-1.,0.));
#12041=DIRECTION('',(0.,0.,-1.));
#12042=DIRECTION('',(-1.,2.16840434497101E-16,0.));
#12043=DIRECTION('',(-2.16840434497101E-16,-1.,0.));
#12044=DIRECTION('',(2.16840434497101E-16,1.,0.));
#12045=DIRECTION('',(0.,0.,-1.));
#12046=DIRECTION('',(0.,0.,-1.));
#12047=DIRECTION('',(7.74430123203932E-17,1.,0.));
#12048=DIRECTION('',(-1.,7.74430123203932E-17,0.));
#12049=DIRECTION('',(1.,-7.74430123203932E-17,0.));
#12050=DIRECTION('',(0.,0.,-1.));
#12051=DIRECTION('',(1.,-5.42101086242752E-17,0.));
#12052=DIRECTION('',(5.42101086242752E-17,1.,0.));
#12053=DIRECTION('',(0.,0.,-1.));
#12054=DIRECTION('',(-5.42101086242752E-17,-1.,0.));
#12055=DIRECTION('',(0.,1.,0.));
#12056=DIRECTION('',(0.,0.,1.));
#12057=DIRECTION('',(1.,0.,0.));
#12058=DIRECTION('',(1.,0.,0.));
#12059=DIRECTION('',(1.,0.,0.));
#12060=DIRECTION('',(1.,0.,0.));
#12061=DIRECTION('',(1.,0.,0.));
#12062=DIRECTION('',(1.,0.,0.));
#12063=DIRECTION('',(1.,0.,0.));
#12064=DIRECTION('',(1.,0.,0.));
#12065=DIRECTION('',(1.,0.,0.));
#12066=DIRECTION('',(1.,0.,0.));
#12067=DIRECTION('',(1.,0.,0.));
#12068=DIRECTION('',(1.,0.,0.));
#12069=DIRECTION('',(0.,0.,1.));
#12070=DIRECTION('',(1.,0.,0.));
#12071=DIRECTION('',(0.,-1.,6.12323399573677E-17));
#12072=DIRECTION('',(1.,0.,0.));
#12073=DIRECTION('',(0.,1.,0.));
#12074=DIRECTION('',(0.,0.,1.));
#12075=DIRECTION('',(0.,0.,-1.));
#12076=DIRECTION('',(-1.,0.,0.));
#12077=DIRECTION('',(0.,0.,-1.));
#12078=DIRECTION('',(1.,0.,0.));
#12079=DIRECTION('',(-1.,0.,0.));
#12080=DIRECTION('',(0.,0.,1.));
#12081=DIRECTION('',(0.,0.,-1.));
#12082=DIRECTION('',(-1.,0.,0.));
#12083=DIRECTION('',(0.,0.,1.));
#12084=DIRECTION('',(0.,1.,0.));
#12085=DIRECTION('',(0.,0.,-1.));
#12086=DIRECTION('',(0.,-1.,0.));
#12087=DIRECTION('',(-1.,0.,0.));
#12088=DIRECTION('',(0.,0.,1.));
#12089=DIRECTION('',(0.,1.,0.));
#12090=DIRECTION('',(0.,-1.,0.));
#12091=DIRECTION('',(0.,0.,-1.));
#12092=DIRECTION('',(0.,0.,-1.));
#12093=DIRECTION('',(1.,0.,0.));
#12094=DIRECTION('',(-1.,0.,0.));
#12095=DIRECTION('',(1.,0.,0.));
#12096=DIRECTION('',(0.,0.,-1.));
#12097=DIRECTION('',(0.,-1.,0.));
#12098=DIRECTION('',(1.,0.,0.));
#12099=DIRECTION('',(0.,0.,-1.));
#12100=DIRECTION('',(0.,-1.,0.));
#12101=DIRECTION('',(1.,0.,0.));
#12102=DIRECTION('',(0.,0.,-1.));
#12103=DIRECTION('',(0.,1.,0.));
#12104=DIRECTION('',(0.,0.,1.));
#12105=DIRECTION('',(0.,0.,1.));
#12106=DIRECTION('',(1.,0.,0.));
#12107=DIRECTION('',(1.,0.,0.));
#12108=DIRECTION('',(1.,0.,0.));
#12109=DIRECTION('',(0.,0.,1.));
#12110=DIRECTION('',(1.,0.,0.));
#12111=DIRECTION('',(0.,-1.,0.));
#12112=DIRECTION('',(-1.,0.,0.));
#12113=DIRECTION('',(0.,1.,0.));
#12114=DIRECTION('',(1.,0.,0.));
#12115=DIRECTION('',(0.,0.,1.));
#12116=DIRECTION('',(1.,0.,0.));
#12117=DIRECTION('',(-1.,0.,0.));
#12118=DIRECTION('',(-1.,0.,0.));
#12119=DIRECTION('',(0.,1.,0.));
#12120=DIRECTION('',(0.,0.,1.));
#12121=DIRECTION('',(-1.,0.,0.));
#12122=DIRECTION('',(0.,0.,-1.));
#12123=DIRECTION('',(1.,0.,0.));
#12124=DIRECTION('',(0.,0.,1.));
#12125=DIRECTION('',(-0.948683298050514,0.316227766016838,0.));
#12126=DIRECTION('',(0.,0.,-1.));
#12127=DIRECTION('',(-0.301511344577764,-0.904534033733291,0.301511344577764));
#12128=DIRECTION('',(0.301511344577764,0.904534033733291,0.301511344577764));
#12129=DIRECTION('',(0.,-0.316227766016838,0.948683298050514));
#12130=DIRECTION('',(-1.,0.,0.));
#12131=DIRECTION('',(-0.301511344577764,0.904534033733291,0.301511344577764));
#12132=DIRECTION('',(0.,0.316227766016838,0.948683298050514));
#12133=DIRECTION('',(1.,0.,0.));
#12134=DIRECTION('',(-0.301511344577764,0.904534033733291,-0.301511344577764));
#12135=DIRECTION('',(0.948683298050514,0.316227766016838,0.));
#12136=DIRECTION('',(0.,0.,-1.));
#12137=DIRECTION('',(0.,-0.948683298050514,0.316227766016838));
#12138=DIRECTION('',(-1.,0.,0.));
#12139=DIRECTION('',(0.301511344577764,0.301511344577764,0.904534033733291));
#12140=DIRECTION('',(-0.301511344577764,0.301511344577764,0.904534033733291));
#12141=DIRECTION('',(0.948683298050514,0.,0.316227766016838));
#12142=DIRECTION('',(0.,-1.,0.));
#12143=DIRECTION('',(-0.301511344577764,-0.301511344577764,0.904534033733291));
#12144=DIRECTION('',(-0.948683298050514,0.,0.316227766016838));
#12145=DIRECTION('',(0.,1.,0.));
#12146=DIRECTION('',(-0.301511344577764,0.301511344577764,-0.904534033733291));
#12147=DIRECTION('',(0.,0.948683298050514,0.316227766016838));
#12148=DIRECTION('',(1.,0.,0.));
#12149=DIRECTION('',(1.,0.,0.));
#12150=DIRECTION('',(0.,0.,-1.));
#12151=DIRECTION('',(-1.,0.,0.));
#12152=DIRECTION('',(0.,0.,1.));
#12153=DIRECTION('',(0.,0.,1.));
#12154=DIRECTION('',(1.,0.,0.));
#12155=DIRECTION('',(0.,0.,1.));
#12156=DIRECTION('',(1.,0.,0.));
#12157=DIRECTION('',(0.,0.,1.));
#12158=DIRECTION('',(1.,0.,0.));
#12159=DIRECTION('',(0.,0.,1.));
#12160=DIRECTION('',(1.,0.,0.));
#12161=DIRECTION('',(0.,0.,1.));
#12162=DIRECTION('',(1.,0.,0.));
#12163=DIRECTION('',(0.,0.,1.));
#12164=DIRECTION('',(1.,0.,0.));
#12165=DIRECTION('',(0.,0.,1.));
#12166=DIRECTION('',(1.,0.,0.));
#12167=DIRECTION('',(0.,0.,1.));
#12168=DIRECTION('',(1.,0.,0.));
#12169=DIRECTION('',(0.,0.,1.));
#12170=DIRECTION('',(1.,0.,0.));
#12171=DIRECTION('',(0.,0.,1.));
#12172=DIRECTION('',(1.,0.,0.));
#12173=DIRECTION('',(0.,0.,1.));
#12174=DIRECTION('',(1.,0.,0.));
#12175=CARTESIAN_POINT('',(0.,0.,0.));
#12176=CARTESIAN_POINT('',(-1.53485492963646,0.55,2.38337658286849));
#12177=CARTESIAN_POINT('',(-1.59434270097716,0.65,9.2));
#12178=CARTESIAN_POINT('',(-1.59434270097716,-2.6,9.2));
#12179=CARTESIAN_POINT('',(-1.59434270097716,2.15,9.2));
#12180=CARTESIAN_POINT('',(-1.59395535450325,-2.58890362260567,9.15561449042267));
#12181=CARTESIAN_POINT('',(-1.58736120674455,-2.4,8.4));
#12182=CARTESIAN_POINT('',(-1.53485492963646,-2.4,2.38337658286849));
#12183=CARTESIAN_POINT('',(-1.535,-2.4,2.4));
#12184=CARTESIAN_POINT('',(-1.535,0.55,2.4));
#12185=CARTESIAN_POINT('',(-1.535,2.15,2.4));
#12186=CARTESIAN_POINT('',(-1.53485797573333,2.15,2.38372563099723));
#12187=CARTESIAN_POINT('',(-8.67361737988404E-16,-3.8,9.2));
#12188=CARTESIAN_POINT('',(-0.774596669241485,-2.4,9.2));
#12189=CARTESIAN_POINT('',(-0.774596669240725,-2.40000000000294,8.40000000001177));
#12190=CARTESIAN_POINT('',(-0.774596669241485,-2.4,2.4));
#12191=CARTESIAN_POINT('',(-8.67361737988404E-16,-3.8,8.4));
#12192=CARTESIAN_POINT('',(0.774596669240627,-2.40000000000331,8.40000000001325));
#12193=CARTESIAN_POINT('',(0.774596669241482,-2.4,9.2));
#12194=CARTESIAN_POINT('',(0.774596669241482,-2.4,2.4));
#12195=CARTESIAN_POINT('',(-8.67361737988404E-16,-3.8,2.4));
#12196=CARTESIAN_POINT('',(3.81,-2.6,9.2));
#12197=CARTESIAN_POINT('',(-0.774596669242628,-2.40000000000297,8.40000000001189));
#12198=CARTESIAN_POINT('',(-0.757381052603476,-2.46667579654089,8.66670318616356));
#12199=CARTESIAN_POINT('',(-0.739597542417839,-2.53334313760533,8.93337255042132));
#12200=CARTESIAN_POINT('',(-0.721110255092799,-2.6,9.2));
#12201=CARTESIAN_POINT('',(-0.721110255092799,-2.6,9.2));
#12202=CARTESIAN_POINT('',(0.33,-2.4,8.4));
#12203=CARTESIAN_POINT('',(3.81,-2.6,9.2));
#12204=CARTESIAN_POINT('',(-8.67361737988404E-16,-3.8,8.4));
#12205=CARTESIAN_POINT('',(0.774596669242531,-2.40000000000334,8.40000000001336));
#12206=CARTESIAN_POINT('',(0.757381052603409,-2.46667579654114,8.66670318616454));
#12207=CARTESIAN_POINT('',(0.739597542417804,-2.53334313760545,8.93337255042181));
#12208=CARTESIAN_POINT('',(0.721110255092797,-2.6,9.2));
#12209=CARTESIAN_POINT('',(0.721110255092797,-2.6,9.2));
#12210=CARTESIAN_POINT('',(-8.67361737988404E-16,-3.8,9.2));
#12211=CARTESIAN_POINT('',(3.81,-2.6,9.2));
#12212=CARTESIAN_POINT('',(1.59450150420072,-2.60454926175611,9.21819704702444));
#12213=CARTESIAN_POINT('',(1.58736120674455,-2.4,8.4));
#12214=CARTESIAN_POINT('',(1.59434270097716,-2.6,9.2));
#12215=CARTESIAN_POINT('',(0.33,-2.4,8.4));
#12216=CARTESIAN_POINT('',(3.81,-2.6,9.2));
#12217=CARTESIAN_POINT('',(-0.8,-3.,0.3));
#12218=CARTESIAN_POINT('',(0.034224598930481,0.614973262032086,1.13422459893048));
#12219=CARTESIAN_POINT('',(-0.4,0.815384615384615,0.7));
#12220=CARTESIAN_POINT('',(-0.8,1.,0.3));
#12221=CARTESIAN_POINT('',(-0.4,-3.,0.7));
#12222=CARTESIAN_POINT('',(-0.4,-2.8,0.7));
#12223=CARTESIAN_POINT('',(0.5525,-2.8,1.6525));
#12224=CARTESIAN_POINT('',(-0.8,-2.8,0.3));
#12225=CARTESIAN_POINT('',(-0.8,-3.,0.3));
#12226=CARTESIAN_POINT('',(0.8,-3.,0.3));
#12227=CARTESIAN_POINT('',(1.3525,-2.8,-0.2525));
#12228=CARTESIAN_POINT('',(0.4,-2.8,0.7));
#12229=CARTESIAN_POINT('',(0.8,-2.8,0.3));
#12230=CARTESIAN_POINT('',(0.4,-3.,0.7));
#12231=CARTESIAN_POINT('',(0.4,0.815384615384615,0.7));
#12232=CARTESIAN_POINT('',(-0.034224598930481,0.614973262032086,1.13422459893048));
#12233=CARTESIAN_POINT('',(0.8,1.,0.3));
#12234=CARTESIAN_POINT('',(0.8,-3.,0.3));
#12235=CARTESIAN_POINT('',(1.905,1.,0.3));
#12236=CARTESIAN_POINT('',(0.4,0.906341463414635,0.502926829268292));
#12237=CARTESIAN_POINT('',(0.4,0.4,1.6));
#12238=CARTESIAN_POINT('',(2.305,0.4,1.6));
#12239=CARTESIAN_POINT('',(-0.4,0.4,1.6));
#12240=CARTESIAN_POINT('',(-0.4,1.04682926829268,0.198536585365853));
#12241=CARTESIAN_POINT('',(3.305,1.,0.3));
#12242=CARTESIAN_POINT('',(3.81,0.,1.6));
#12243=CARTESIAN_POINT('',(1.505,-0.4,1.6));
#12244=CARTESIAN_POINT('',(-0.4,-0.4,1.6));
#12245=CARTESIAN_POINT('',(0.4,-0.4,1.6));
#12246=CARTESIAN_POINT('',(0.4,-0.4,1.6));
#12247=CARTESIAN_POINT('',(0.4,-2.8,1.6));
#12248=CARTESIAN_POINT('',(2.305,-2.8,1.6));
#12249=CARTESIAN_POINT('',(-0.4,-2.8,1.6));
#12250=CARTESIAN_POINT('',(-0.4,-0.4,1.6));
#12251=CARTESIAN_POINT('',(-0.4,3.3,3.6));
#12252=CARTESIAN_POINT('',(-0.4,3.3,2.4));
#12253=CARTESIAN_POINT('',(-0.4,3.5,2.4));
#12254=CARTESIAN_POINT('',(-0.4,3.3,2.4));
#12255=CARTESIAN_POINT('',(-0.4,3.3,3.6));
#12256=CARTESIAN_POINT('',(-0.4,3.3,3.6));
#12257=CARTESIAN_POINT('',(-0.4,3.3,3.6));
#12258=CARTESIAN_POINT('',(-0.4,3.5,3.6));
#12259=CARTESIAN_POINT('',(-0.4,3.5,3.6));
#12260=CARTESIAN_POINT('',(2.305,3.3,3.6));
#12261=CARTESIAN_POINT('',(2.305,3.3,2.4));
#12262=CARTESIAN_POINT('',(0.4,3.3,2.4));
#12263=CARTESIAN_POINT('',(0.4,3.3,3.6));
#12264=CARTESIAN_POINT('',(0.4,3.3,3.6));
#12265=CARTESIAN_POINT('',(2.305,3.3,3.6));
#12266=CARTESIAN_POINT('',(0.4,3.5,3.6));
#12267=CARTESIAN_POINT('',(0.4,3.5,2.4));
#12268=CARTESIAN_POINT('',(0.4,3.5,2.4));
#12269=CARTESIAN_POINT('',(0.4,3.5,3.6));
#12270=CARTESIAN_POINT('',(0.4,3.5,3.6));
#12271=CARTESIAN_POINT('',(0.4,3.5,3.6));
#12272=CARTESIAN_POINT('',(1.905,3.5,3.6));
#12273=CARTESIAN_POINT('',(1.905,3.5,3.6));
#12274=CARTESIAN_POINT('',(1.30025469168901,3.24351206434316,2.4));
#12275=CARTESIAN_POINT('',(0.253351206434316,0.551474530831099,9.2));
#12276=CARTESIAN_POINT('',(1.4,3.5,9.2));
#12277=CARTESIAN_POINT('',(1.05,2.6,9.2));
#12278=CARTESIAN_POINT('',(1.4,3.5,2.4));
#12279=CARTESIAN_POINT('',(1.4,3.5,2.4));
#12280=CARTESIAN_POINT('',(1.30025469168901,3.24351206434316,2.4));
#12281=CARTESIAN_POINT('',(1.05,2.6,2.4));
#12282=CARTESIAN_POINT('',(1.05,2.6,2.4));
#12283=CARTESIAN_POINT('',(2.655,2.6,2.4));
#12284=CARTESIAN_POINT('',(0.,2.6,9.2));
#12285=CARTESIAN_POINT('',(0.75,2.6,9.2));
#12286=CARTESIAN_POINT('',(2.655,2.6,2.4));
#12287=CARTESIAN_POINT('',(0.75,2.6,2.4));
#12288=CARTESIAN_POINT('',(0.75,2.6,2.4));
#12289=CARTESIAN_POINT('',(0.75,2.6,2.4));
#12290=CARTESIAN_POINT('',(0.75,0.65,9.2));
#12291=CARTESIAN_POINT('',(0.75,2.15,9.2));
#12292=CARTESIAN_POINT('',(0.75,2.6,2.4));
#12293=CARTESIAN_POINT('',(0.75,2.15,2.4));
#12294=CARTESIAN_POINT('',(0.75,2.15,2.4));
#12295=CARTESIAN_POINT('',(2.655,2.15,2.4));
#12296=CARTESIAN_POINT('',(0.,2.15,9.2));
#12297=CARTESIAN_POINT('',(1.59434270097716,2.15,9.2));
#12298=CARTESIAN_POINT('',(2.655,2.15,2.4));
#12299=CARTESIAN_POINT('',(1.535,2.15,2.4));
#12300=CARTESIAN_POINT('',(1.53514507036354,2.15,2.41662341713151));
#12301=CARTESIAN_POINT('',(1.53514507036354,0.55,2.41662341713151));
#12302=CARTESIAN_POINT('',(1.53490823633173,-2.4,2.38948492512154));
#12303=CARTESIAN_POINT('',(1.535,-2.4,2.4));
#12304=CARTESIAN_POINT('',(1.59434270097716,0.65,9.2));
#12305=CARTESIAN_POINT('',(1.535,0.55,2.4));
#12306=CARTESIAN_POINT('',(0.33,-2.4,2.4));
#12307=CARTESIAN_POINT('',(0.33,-2.4,2.4));
#12308=CARTESIAN_POINT('',(0.33,2.15,2.4));
#12309=CARTESIAN_POINT('',(0.,2.15,9.2));
#12310=CARTESIAN_POINT('',(-0.75,2.15,9.2));
#12311=CARTESIAN_POINT('',(0.33,2.15,2.4));
#12312=CARTESIAN_POINT('',(-0.75,2.15,2.4));
#12313=CARTESIAN_POINT('',(-0.75,2.15,2.4));
#12314=CARTESIAN_POINT('',(-0.75,2.15,2.4));
#12315=CARTESIAN_POINT('',(-0.75,2.15,9.2));
#12316=CARTESIAN_POINT('',(-0.75,2.6,9.2));
#12317=CARTESIAN_POINT('',(-0.75,2.15,2.4));
#12318=CARTESIAN_POINT('',(-0.75,2.6,2.4));
#12319=CARTESIAN_POINT('',(-0.75,2.6,2.4));
#12320=CARTESIAN_POINT('',(1.155,2.6,2.4));
#12321=CARTESIAN_POINT('',(0.,2.6,9.2));
#12322=CARTESIAN_POINT('',(-1.05,2.6,9.2));
#12323=CARTESIAN_POINT('',(1.155,2.6,2.4));
#12324=CARTESIAN_POINT('',(-1.05,2.6,2.4));
#12325=CARTESIAN_POINT('',(-1.05,2.6,2.4));
#12326=CARTESIAN_POINT('',(-1.14974530831099,2.85648793565684,2.4));
#12327=CARTESIAN_POINT('',(-1.14974530831099,2.85648793565684,9.2));
#12328=CARTESIAN_POINT('',(-1.4,3.5,9.2));
#12329=CARTESIAN_POINT('',(-1.14974530831099,2.85648793565684,2.4));
#12330=CARTESIAN_POINT('',(-1.4,3.5,2.4));
#12331=CARTESIAN_POINT('',(-1.4,3.5,2.4));
#12332=CARTESIAN_POINT('',(3.81,0.,2.4));
#12333=CARTESIAN_POINT('',(0.,0.,2.4));
#12334=CARTESIAN_POINT('',(0.95,0.,2.4));
#12335=CARTESIAN_POINT('',(0.33,-2.4,2.4));
#12336=CARTESIAN_POINT('',(1.905,3.5,2.4));
#12337=CARTESIAN_POINT('',(1.905,3.5,2.4));
#12338=CARTESIAN_POINT('',(1.905,3.5,2.4));
#12339=CARTESIAN_POINT('',(0.,3.5,9.2));
#12340=CARTESIAN_POINT('',(0.33,-2.4,2.4));
#12341=CARTESIAN_POINT('',(-0.4,0.4,-0.100000000000001));
#12342=CARTESIAN_POINT('',(-0.4,-2.8,1.6));
#12343=CARTESIAN_POINT('',(-0.4,0.4,-0.100000000000001));
#12344=CARTESIAN_POINT('',(-0.4,0.4,3.5));
#12345=CARTESIAN_POINT('',(-0.4,0.4,3.5));
#12346=CARTESIAN_POINT('',(-0.4,-0.4,3.5));
#12347=CARTESIAN_POINT('',(-0.4,-0.4,-0.100000000000001));
#12348=CARTESIAN_POINT('',(2.305,0.4,-0.100000000000001));
#12349=CARTESIAN_POINT('',(0.4,0.4,-0.100000000000001));
#12350=CARTESIAN_POINT('',(0.4,0.4,3.5));
#12351=CARTESIAN_POINT('',(2.305,0.4,3.5));
#12352=CARTESIAN_POINT('',(0.4,-0.4,-0.100000000000001));
#12353=CARTESIAN_POINT('',(0.4,-2.8,1.6));
#12354=CARTESIAN_POINT('',(0.4,-0.4,-0.100000000000001));
#12355=CARTESIAN_POINT('',(0.4,-0.4,3.5));
#12356=CARTESIAN_POINT('',(0.4,-0.4,3.5));
#12357=CARTESIAN_POINT('',(1.505,-0.4,-0.100000000000001));
#12358=CARTESIAN_POINT('',(1.505,-0.4,3.5));
#12359=CARTESIAN_POINT('',(0.,0.,3.5));
#12360=CARTESIAN_POINT('',(0.,0.,3.5));
#12361=CARTESIAN_POINT('',(0.95,0.,3.5));
#12362=CARTESIAN_POINT('',(1.905,0.,3.5));
#12363=CARTESIAN_POINT('',(0.504999999999999,-2.8,2.6));
#12364=CARTESIAN_POINT('',(-1.4,-2.8,2.6));
#12365=CARTESIAN_POINT('',(-1.4,-2.8,2.6));
#12366=CARTESIAN_POINT('',(-1.4,-3.,2.6));
#12367=CARTESIAN_POINT('',(0.504999999999999,-2.8,2.6));
#12368=CARTESIAN_POINT('',(1.4,-2.8,2.6));
#12369=CARTESIAN_POINT('',(1.4,-2.8,2.6));
#12370=CARTESIAN_POINT('',(1.4,-3.,2.6));
#12371=CARTESIAN_POINT('',(-4.21,-3.,2.6));
#12372=CARTESIAN_POINT('',(1.905,-2.8,0.3));
#12373=CARTESIAN_POINT('',(-1.4,-2.8,0.3));
#12374=CARTESIAN_POINT('',(-1.4,-2.8,0.3));
#12375=CARTESIAN_POINT('',(1.905,-2.8,0.3));
#12376=CARTESIAN_POINT('',(1.905,-2.8,0.3));
#12377=CARTESIAN_POINT('',(1.4,-2.8,0.3));
#12378=CARTESIAN_POINT('',(1.4,-2.8,2.6));
#12379=CARTESIAN_POINT('',(-1.4,1.,0.3));
#12380=CARTESIAN_POINT('',(-1.4,1.,0.));
#12381=CARTESIAN_POINT('',(-1.4,-3.,0.));
#12382=CARTESIAN_POINT('',(-1.4,1.,0.));
#12383=CARTESIAN_POINT('',(-1.4,1.,0.3));
#12384=CARTESIAN_POINT('',(-1.4,1.,0.3));
#12385=CARTESIAN_POINT('',(-1.4,1.,0.3));
#12386=CARTESIAN_POINT('',(-1.4,-3.,0.3));
#12387=CARTESIAN_POINT('',(3.305,1.,0.3));
#12388=CARTESIAN_POINT('',(2.71050543121376E-17,1.,0.));
#12389=CARTESIAN_POINT('',(1.4,1.,0.));
#12390=CARTESIAN_POINT('',(1.4,1.,0.3));
#12391=CARTESIAN_POINT('',(1.4,1.,0.3));
#12392=CARTESIAN_POINT('',(3.305,1.,0.3));
#12393=CARTESIAN_POINT('',(3.305,1.,0.3));
#12394=CARTESIAN_POINT('',(1.4,-3.,0.3));
#12395=CARTESIAN_POINT('',(1.4,-3.,0.3));
#12396=CARTESIAN_POINT('',(1.4,-3.,0.));
#12397=CARTESIAN_POINT('',(1.4,-3.,0.3));
#12398=CARTESIAN_POINT('',(1.4,-3.,0.));
#12399=CARTESIAN_POINT('',(1.905,-3.,0.3));
#12400=CARTESIAN_POINT('',(1.905,-3.,0.3));
#12401=CARTESIAN_POINT('',(5.315,-0.4,-0.100000000000001));
#12402=CARTESIAN_POINT('',(5.315,-0.4,1.6));
#12403=CARTESIAN_POINT('',(3.41,-0.4,1.6));
#12404=CARTESIAN_POINT('',(4.21,-0.4,1.6));
#12405=CARTESIAN_POINT('',(3.41,-0.4,-0.100000000000001));
#12406=CARTESIAN_POINT('',(3.41,-0.4,3.5));
#12407=CARTESIAN_POINT('',(5.315,-0.4,3.5));
#12408=CARTESIAN_POINT('',(4.21,-0.4,3.5));
#12409=CARTESIAN_POINT('',(4.21,-0.4,-0.100000000000001));
#12410=CARTESIAN_POINT('',(5.715,0.,3.5));
#12411=CARTESIAN_POINT('',(4.21,-0.4,3.5));
#12412=CARTESIAN_POINT('',(4.21,0.4,3.5));
#12413=CARTESIAN_POINT('',(3.41,0.4,3.5));
#12414=CARTESIAN_POINT('',(3.41,0.4,3.5));
#12415=CARTESIAN_POINT('',(6.115,0.4,3.5));
#12416=CARTESIAN_POINT('',(3.81,0.,3.5));
#12417=CARTESIAN_POINT('',(4.76,0.,3.5));
#12418=CARTESIAN_POINT('',(9.125,-0.4,-0.100000000000001));
#12419=CARTESIAN_POINT('',(9.125,-0.4,1.6));
#12420=CARTESIAN_POINT('',(7.22,-0.4,1.6));
#12421=CARTESIAN_POINT('',(8.02,-0.4,1.6));
#12422=CARTESIAN_POINT('',(7.22,-0.4,-0.100000000000001));
#12423=CARTESIAN_POINT('',(7.22,-0.4,3.5));
#12424=CARTESIAN_POINT('',(9.125,-0.4,3.5));
#12425=CARTESIAN_POINT('',(8.02,-0.4,3.5));
#12426=CARTESIAN_POINT('',(8.02,-0.4,-0.100000000000001));
#12427=CARTESIAN_POINT('',(9.525,0.,3.5));
#12428=CARTESIAN_POINT('',(8.02,-0.4,3.5));
#12429=CARTESIAN_POINT('',(8.02,0.4,3.5));
#12430=CARTESIAN_POINT('',(7.22,0.4,3.5));
#12431=CARTESIAN_POINT('',(7.22,0.4,3.5));
#12432=CARTESIAN_POINT('',(9.925,0.4,3.5));
#12433=CARTESIAN_POINT('',(7.62,0.,3.5));
#12434=CARTESIAN_POINT('',(8.57,0.,3.5));
#12435=CARTESIAN_POINT('',(12.935,-0.4,-0.100000000000001));
#12436=CARTESIAN_POINT('',(12.935,-0.4,1.6));
#12437=CARTESIAN_POINT('',(11.03,-0.4,1.6));
#12438=CARTESIAN_POINT('',(11.83,-0.4,1.6));
#12439=CARTESIAN_POINT('',(11.03,-0.4,-0.100000000000001));
#12440=CARTESIAN_POINT('',(11.03,-0.4,3.5));
#12441=CARTESIAN_POINT('',(12.935,-0.4,3.5));
#12442=CARTESIAN_POINT('',(11.83,-0.4,3.5));
#12443=CARTESIAN_POINT('',(11.83,-0.4,-0.100000000000001));
#12444=CARTESIAN_POINT('',(13.335,0.,3.5));
#12445=CARTESIAN_POINT('',(11.83,-0.4,3.5));
#12446=CARTESIAN_POINT('',(11.83,0.4,3.5));
#12447=CARTESIAN_POINT('',(11.03,0.4,3.5));
#12448=CARTESIAN_POINT('',(11.03,0.4,3.5));
#12449=CARTESIAN_POINT('',(13.735,0.4,3.5));
#12450=CARTESIAN_POINT('',(11.43,0.,3.5));
#12451=CARTESIAN_POINT('',(12.38,0.,3.5));
#12452=CARTESIAN_POINT('',(16.745,-0.4,-0.100000000000001));
#12453=CARTESIAN_POINT('',(16.745,-0.4,1.6));
#12454=CARTESIAN_POINT('',(14.84,-0.4,1.6));
#12455=CARTESIAN_POINT('',(15.64,-0.4,1.6));
#12456=CARTESIAN_POINT('',(14.84,-0.4,-0.100000000000001));
#12457=CARTESIAN_POINT('',(14.84,-0.4,3.5));
#12458=CARTESIAN_POINT('',(16.745,-0.4,3.5));
#12459=CARTESIAN_POINT('',(15.64,-0.4,3.5));
#12460=CARTESIAN_POINT('',(15.64,-0.4,-0.100000000000001));
#12461=CARTESIAN_POINT('',(17.145,0.,3.5));
#12462=CARTESIAN_POINT('',(15.64,-0.4,3.5));
#12463=CARTESIAN_POINT('',(15.64,0.4,3.5));
#12464=CARTESIAN_POINT('',(14.84,0.4,3.5));
#12465=CARTESIAN_POINT('',(14.84,0.4,3.5));
#12466=CARTESIAN_POINT('',(17.545,0.4,3.5));
#12467=CARTESIAN_POINT('',(15.24,0.,3.5));
#12468=CARTESIAN_POINT('',(16.19,0.,3.5));
#12469=CARTESIAN_POINT('',(20.555,-0.4,-0.100000000000001));
#12470=CARTESIAN_POINT('',(20.555,-0.4,1.6));
#12471=CARTESIAN_POINT('',(18.65,-0.4,1.6));
#12472=CARTESIAN_POINT('',(19.45,-0.4,1.6));
#12473=CARTESIAN_POINT('',(18.65,-0.4,-0.100000000000001));
#12474=CARTESIAN_POINT('',(18.65,-0.4,3.5));
#12475=CARTESIAN_POINT('',(20.555,-0.4,3.5));
#12476=CARTESIAN_POINT('',(19.45,-0.4,3.5));
#12477=CARTESIAN_POINT('',(19.45,-0.4,-0.100000000000001));
#12478=CARTESIAN_POINT('',(20.955,0.,3.5));
#12479=CARTESIAN_POINT('',(19.45,-0.4,3.5));
#12480=CARTESIAN_POINT('',(19.45,0.4,3.5));
#12481=CARTESIAN_POINT('',(18.65,0.4,3.5));
#12482=CARTESIAN_POINT('',(18.65,0.4,3.5));
#12483=CARTESIAN_POINT('',(21.355,0.4,3.5));
#12484=CARTESIAN_POINT('',(19.05,0.,3.5));
#12485=CARTESIAN_POINT('',(20.,0.,3.5));
#12486=CARTESIAN_POINT('',(24.365,-0.4,-0.100000000000001));
#12487=CARTESIAN_POINT('',(24.365,-0.4,1.6));
#12488=CARTESIAN_POINT('',(22.46,-0.4,1.6));
#12489=CARTESIAN_POINT('',(23.26,-0.4,1.6));
#12490=CARTESIAN_POINT('',(22.46,-0.4,-0.100000000000001));
#12491=CARTESIAN_POINT('',(22.46,-0.4,3.5));
#12492=CARTESIAN_POINT('',(24.365,-0.4,3.5));
#12493=CARTESIAN_POINT('',(23.26,-0.4,3.5));
#12494=CARTESIAN_POINT('',(23.26,-0.4,-0.100000000000001));
#12495=CARTESIAN_POINT('',(24.765,0.,3.5));
#12496=CARTESIAN_POINT('',(23.26,-0.4,3.5));
#12497=CARTESIAN_POINT('',(23.26,0.4,3.5));
#12498=CARTESIAN_POINT('',(22.46,0.4,3.5));
#12499=CARTESIAN_POINT('',(22.46,0.4,3.5));
#12500=CARTESIAN_POINT('',(25.165,0.4,3.5));
#12501=CARTESIAN_POINT('',(22.86,0.,3.5));
#12502=CARTESIAN_POINT('',(23.81,0.,3.5));
#12503=CARTESIAN_POINT('',(28.175,-0.4,-0.100000000000001));
#12504=CARTESIAN_POINT('',(28.175,-0.4,1.6));
#12505=CARTESIAN_POINT('',(26.27,-0.4,1.6));
#12506=CARTESIAN_POINT('',(27.07,-0.4,1.6));
#12507=CARTESIAN_POINT('',(26.27,-0.4,-0.100000000000001));
#12508=CARTESIAN_POINT('',(26.27,-0.4,3.5));
#12509=CARTESIAN_POINT('',(28.175,-0.4,3.5));
#12510=CARTESIAN_POINT('',(27.07,-0.4,3.5));
#12511=CARTESIAN_POINT('',(27.07,-0.4,-0.100000000000001));
#12512=CARTESIAN_POINT('',(28.575,0.,3.5));
#12513=CARTESIAN_POINT('',(27.07,-0.4,3.5));
#12514=CARTESIAN_POINT('',(27.07,0.4,3.5));
#12515=CARTESIAN_POINT('',(26.27,0.4,3.5));
#12516=CARTESIAN_POINT('',(26.27,0.4,3.5));
#12517=CARTESIAN_POINT('',(28.975,0.4,3.5));
#12518=CARTESIAN_POINT('',(26.67,0.,3.5));
#12519=CARTESIAN_POINT('',(27.62,0.,3.5));
#12520=CARTESIAN_POINT('',(31.985,-0.4,-0.100000000000001));
#12521=CARTESIAN_POINT('',(31.985,-0.4,1.6));
#12522=CARTESIAN_POINT('',(30.08,-0.4,1.6));
#12523=CARTESIAN_POINT('',(30.88,-0.4,1.6));
#12524=CARTESIAN_POINT('',(30.08,-0.4,-0.100000000000001));
#12525=CARTESIAN_POINT('',(30.08,-0.4,3.5));
#12526=CARTESIAN_POINT('',(31.985,-0.4,3.5));
#12527=CARTESIAN_POINT('',(30.88,-0.4,3.5));
#12528=CARTESIAN_POINT('',(30.88,-0.4,-0.100000000000001));
#12529=CARTESIAN_POINT('',(32.385,0.,3.5));
#12530=CARTESIAN_POINT('',(30.88,-0.4,3.5));
#12531=CARTESIAN_POINT('',(30.88,0.4,3.5));
#12532=CARTESIAN_POINT('',(30.08,0.4,3.5));
#12533=CARTESIAN_POINT('',(30.08,0.4,3.5));
#12534=CARTESIAN_POINT('',(32.785,0.4,3.5));
#12535=CARTESIAN_POINT('',(30.48,0.,3.5));
#12536=CARTESIAN_POINT('',(31.43,0.,3.5));
#12537=CARTESIAN_POINT('',(34.69,-0.4,-0.100000000000001));
#12538=CARTESIAN_POINT('',(34.69,-0.4,1.6));
#12539=CARTESIAN_POINT('',(34.69,-0.4,1.6));
#12540=CARTESIAN_POINT('',(33.89,-0.4,1.6));
#12541=CARTESIAN_POINT('',(33.89,-0.4,-0.100000000000001));
#12542=CARTESIAN_POINT('',(33.89,-0.4,3.5));
#12543=CARTESIAN_POINT('',(34.69,-0.4,3.5));
#12544=CARTESIAN_POINT('',(34.69,-0.4,3.5));
#12545=CARTESIAN_POINT('',(34.69,-0.4,-0.100000000000001));
#12546=CARTESIAN_POINT('',(34.29,0.,3.5));
#12547=CARTESIAN_POINT('',(33.89,-0.4,3.5));
#12548=CARTESIAN_POINT('',(33.89,0.4,3.5));
#12549=CARTESIAN_POINT('',(33.89,0.4,3.5));
#12550=CARTESIAN_POINT('',(34.69,0.4,3.5));
#12551=CARTESIAN_POINT('',(34.69,0.4,3.5));
#12552=CARTESIAN_POINT('',(34.29,0.,3.5));
#12553=CARTESIAN_POINT('',(33.34,0.,3.5));
#12554=CARTESIAN_POINT('',(-2.305,-0.4,-0.100000000000001));
#12555=CARTESIAN_POINT('',(-2.305,-0.4,1.6));
#12556=CARTESIAN_POINT('',(-4.21,-0.4,1.6));
#12557=CARTESIAN_POINT('',(-3.41,-0.4,1.6));
#12558=CARTESIAN_POINT('',(-4.21,-0.4,-0.100000000000001));
#12559=CARTESIAN_POINT('',(-4.21,-0.4,3.5));
#12560=CARTESIAN_POINT('',(-2.305,-0.4,3.5));
#12561=CARTESIAN_POINT('',(-3.41,-0.4,3.5));
#12562=CARTESIAN_POINT('',(-3.41,-0.4,-0.100000000000001));
#12563=CARTESIAN_POINT('',(-1.905,0.,3.5));
#12564=CARTESIAN_POINT('',(-3.41,-0.4,3.5));
#12565=CARTESIAN_POINT('',(-3.41,0.4,3.5));
#12566=CARTESIAN_POINT('',(-4.21,0.4,3.5));
#12567=CARTESIAN_POINT('',(-4.21,0.4,3.5));
#12568=CARTESIAN_POINT('',(-1.505,0.4,3.5));
#12569=CARTESIAN_POINT('',(-3.81,0.,3.5));
#12570=CARTESIAN_POINT('',(-2.86,0.,3.5));
#12571=CARTESIAN_POINT('',(28.975,3.3,3.6));
#12572=CARTESIAN_POINT('',(28.975,3.3,2.4));
#12573=CARTESIAN_POINT('',(26.27,3.3,2.4));
#12574=CARTESIAN_POINT('',(27.07,3.3,2.4));
#12575=CARTESIAN_POINT('',(27.07,3.3,3.6));
#12576=CARTESIAN_POINT('',(27.07,3.3,3.6));
#12577=CARTESIAN_POINT('',(28.975,3.3,3.6));
#12578=CARTESIAN_POINT('',(26.27,3.3,3.6));
#12579=CARTESIAN_POINT('',(26.27,3.3,3.6));
#12580=CARTESIAN_POINT('',(26.67,0.,3.5));
#12581=CARTESIAN_POINT('',(26.67,0.,2.4));
#12582=CARTESIAN_POINT('',(27.62,0.,2.4));
#12583=CARTESIAN_POINT('',(6.115,3.3,3.6));
#12584=CARTESIAN_POINT('',(6.115,3.3,2.4));
#12585=CARTESIAN_POINT('',(3.41,3.3,2.4));
#12586=CARTESIAN_POINT('',(4.21,3.3,2.4));
#12587=CARTESIAN_POINT('',(4.21,3.3,3.6));
#12588=CARTESIAN_POINT('',(4.21,3.3,3.6));
#12589=CARTESIAN_POINT('',(6.115,3.3,3.6));
#12590=CARTESIAN_POINT('',(3.41,3.3,3.6));
#12591=CARTESIAN_POINT('',(3.41,3.3,3.6));
#12592=CARTESIAN_POINT('',(3.81,0.,3.5));
#12593=CARTESIAN_POINT('',(3.81,0.,2.4));
#12594=CARTESIAN_POINT('',(4.76,0.,2.4));
#12595=CARTESIAN_POINT('',(25.165,3.3,3.6));
#12596=CARTESIAN_POINT('',(25.165,3.3,2.4));
#12597=CARTESIAN_POINT('',(22.46,3.3,2.4));
#12598=CARTESIAN_POINT('',(23.26,3.3,2.4));
#12599=CARTESIAN_POINT('',(23.26,3.3,3.6));
#12600=CARTESIAN_POINT('',(23.26,3.3,3.6));
#12601=CARTESIAN_POINT('',(25.165,3.3,3.6));
#12602=CARTESIAN_POINT('',(22.46,3.3,3.6));
#12603=CARTESIAN_POINT('',(22.46,3.3,3.6));
#12604=CARTESIAN_POINT('',(22.86,0.,3.5));
#12605=CARTESIAN_POINT('',(22.86,0.,2.4));
#12606=CARTESIAN_POINT('',(23.81,0.,2.4));
#12607=CARTESIAN_POINT('',(9.925,3.3,3.6));
#12608=CARTESIAN_POINT('',(9.925,3.3,2.4));
#12609=CARTESIAN_POINT('',(7.22,3.3,2.4));
#12610=CARTESIAN_POINT('',(8.02,3.3,2.4));
#12611=CARTESIAN_POINT('',(8.02,3.3,3.6));
#12612=CARTESIAN_POINT('',(8.02,3.3,3.6));
#12613=CARTESIAN_POINT('',(9.925,3.3,3.6));
#12614=CARTESIAN_POINT('',(7.22,3.3,3.6));
#12615=CARTESIAN_POINT('',(7.22,3.3,3.6));
#12616=CARTESIAN_POINT('',(7.62,0.,3.5));
#12617=CARTESIAN_POINT('',(7.62,0.,2.4));
#12618=CARTESIAN_POINT('',(8.57,0.,2.4));
#12619=CARTESIAN_POINT('',(21.355,3.3,3.6));
#12620=CARTESIAN_POINT('',(21.355,3.3,2.4));
#12621=CARTESIAN_POINT('',(18.65,3.3,2.4));
#12622=CARTESIAN_POINT('',(19.45,3.3,2.4));
#12623=CARTESIAN_POINT('',(19.45,3.3,3.6));
#12624=CARTESIAN_POINT('',(19.45,3.3,3.6));
#12625=CARTESIAN_POINT('',(21.355,3.3,3.6));
#12626=CARTESIAN_POINT('',(18.65,3.3,3.6));
#12627=CARTESIAN_POINT('',(18.65,3.3,3.6));
#12628=CARTESIAN_POINT('',(19.05,0.,3.5));
#12629=CARTESIAN_POINT('',(19.05,0.,2.4));
#12630=CARTESIAN_POINT('',(20.,0.,2.4));
#12631=CARTESIAN_POINT('',(13.735,3.3,3.6));
#12632=CARTESIAN_POINT('',(13.735,3.3,2.4));
#12633=CARTESIAN_POINT('',(11.03,3.3,2.4));
#12634=CARTESIAN_POINT('',(11.83,3.3,2.4));
#12635=CARTESIAN_POINT('',(11.83,3.3,3.6));
#12636=CARTESIAN_POINT('',(11.83,3.3,3.6));
#12637=CARTESIAN_POINT('',(13.735,3.3,3.6));
#12638=CARTESIAN_POINT('',(11.03,3.3,3.6));
#12639=CARTESIAN_POINT('',(11.03,3.3,3.6));
#12640=CARTESIAN_POINT('',(11.43,0.,3.5));
#12641=CARTESIAN_POINT('',(11.43,0.,2.4));
#12642=CARTESIAN_POINT('',(12.38,0.,2.4));
#12643=CARTESIAN_POINT('',(17.545,3.3,3.6));
#12644=CARTESIAN_POINT('',(17.545,3.3,2.4));
#12645=CARTESIAN_POINT('',(14.84,3.3,2.4));
#12646=CARTESIAN_POINT('',(15.64,3.3,2.4));
#12647=CARTESIAN_POINT('',(15.64,3.3,3.6));
#12648=CARTESIAN_POINT('',(15.64,3.3,3.6));
#12649=CARTESIAN_POINT('',(17.545,3.3,3.6));
#12650=CARTESIAN_POINT('',(14.84,3.3,3.6));
#12651=CARTESIAN_POINT('',(14.84,3.3,3.6));
#12652=CARTESIAN_POINT('',(15.24,0.,3.5));
#12653=CARTESIAN_POINT('',(15.24,0.,2.4));
#12654=CARTESIAN_POINT('',(16.19,0.,2.4));
#12655=CARTESIAN_POINT('',(-1.505,3.3,3.6));
#12656=CARTESIAN_POINT('',(-1.505,3.3,2.4));
#12657=CARTESIAN_POINT('',(-4.21,3.3,2.4));
#12658=CARTESIAN_POINT('',(-3.41,3.3,2.4));
#12659=CARTESIAN_POINT('',(-3.41,3.3,3.6));
#12660=CARTESIAN_POINT('',(-3.41,3.3,3.6));
#12661=CARTESIAN_POINT('',(-1.505,3.3,3.6));
#12662=CARTESIAN_POINT('',(-4.21,3.3,3.6));
#12663=CARTESIAN_POINT('',(-4.21,3.3,3.6));
#12664=CARTESIAN_POINT('',(-3.81,0.,3.5));
#12665=CARTESIAN_POINT('',(-3.81,0.,2.4));
#12666=CARTESIAN_POINT('',(-2.86,0.,2.4));
#12667=CARTESIAN_POINT('',(32.785,3.3,3.6));
#12668=CARTESIAN_POINT('',(32.785,3.3,2.4));
#12669=CARTESIAN_POINT('',(30.08,3.3,2.4));
#12670=CARTESIAN_POINT('',(30.88,3.3,2.4));
#12671=CARTESIAN_POINT('',(30.88,3.3,3.6));
#12672=CARTESIAN_POINT('',(30.88,3.3,3.6));
#12673=CARTESIAN_POINT('',(32.785,3.3,3.6));
#12674=CARTESIAN_POINT('',(30.08,3.3,3.6));
#12675=CARTESIAN_POINT('',(30.08,3.3,3.6));
#12676=CARTESIAN_POINT('',(30.48,0.,3.5));
#12677=CARTESIAN_POINT('',(30.48,0.,2.4));
#12678=CARTESIAN_POINT('',(31.43,0.,2.4));
#12679=CARTESIAN_POINT('',(33.89,3.3,3.6));
#12680=CARTESIAN_POINT('',(33.89,3.3,2.4));
#12681=CARTESIAN_POINT('',(34.69,3.3,2.4));
#12682=CARTESIAN_POINT('',(33.89,3.3,2.4));
#12683=CARTESIAN_POINT('',(34.69,3.3,3.6));
#12684=CARTESIAN_POINT('',(34.69,3.3,3.6));
#12685=CARTESIAN_POINT('',(33.89,3.3,3.6));
#12686=CARTESIAN_POINT('',(33.89,3.3,3.6));
#12687=CARTESIAN_POINT('',(33.89,3.3,3.6));
#12688=CARTESIAN_POINT('',(34.29,0.,3.5));
#12689=CARTESIAN_POINT('',(34.29,0.,2.4));
#12690=CARTESIAN_POINT('',(33.34,0.,2.4));
#12691=CARTESIAN_POINT('',(6.115,0.4,-0.100000000000001));
#12692=CARTESIAN_POINT('',(3.41,0.4,-0.100000000000001));
#12693=CARTESIAN_POINT('',(3.41,0.4,1.6));
#12694=CARTESIAN_POINT('',(6.115,0.4,1.6));
#12695=CARTESIAN_POINT('',(4.21,0.4,1.6));
#12696=CARTESIAN_POINT('',(4.21,0.4,-0.100000000000001));
#12697=CARTESIAN_POINT('',(4.61,-3.,0.3));
#12698=CARTESIAN_POINT('',(5.1625,-2.8,-0.2525));
#12699=CARTESIAN_POINT('',(4.21,-2.8,0.7));
#12700=CARTESIAN_POINT('',(4.61,-2.8,0.3));
#12701=CARTESIAN_POINT('',(4.21,-3.,0.7));
#12702=CARTESIAN_POINT('',(4.21,0.815384615384615,0.7));
#12703=CARTESIAN_POINT('',(3.77577540106952,0.614973262032086,1.13422459893048));
#12704=CARTESIAN_POINT('',(4.61,1.,0.3));
#12705=CARTESIAN_POINT('',(4.61,-3.,0.3));
#12706=CARTESIAN_POINT('',(4.21,-0.4,-0.100000000000001));
#12707=CARTESIAN_POINT('',(4.21,0.906341463414635,0.502926829268292));
#12708=CARTESIAN_POINT('',(4.21,-2.8,1.6));
#12709=CARTESIAN_POINT('',(4.21,-2.8,1.6));
#12710=CARTESIAN_POINT('',(4.21,-0.4,1.6));
#12711=CARTESIAN_POINT('',(7.62,0.,1.6));
#12712=CARTESIAN_POINT('',(6.115,-2.8,1.6));
#12713=CARTESIAN_POINT('',(3.41,-2.8,1.6));
#12714=CARTESIAN_POINT('',(3.41,-0.4,1.6));
#12715=CARTESIAN_POINT('',(3.41,0.4,-0.100000000000001));
#12716=CARTESIAN_POINT('',(3.41,-2.8,1.6));
#12717=CARTESIAN_POINT('',(3.41,-2.8,0.7));
#12718=CARTESIAN_POINT('',(3.41,-3.,0.7));
#12719=CARTESIAN_POINT('',(3.41,0.815384615384615,0.7));
#12720=CARTESIAN_POINT('',(3.41,1.04682926829268,0.198536585365853));
#12721=CARTESIAN_POINT('',(3.01,-3.,0.3));
#12722=CARTESIAN_POINT('',(3.84422459893048,0.614973262032086,1.13422459893048));
#12723=CARTESIAN_POINT('',(3.01,1.,0.3));
#12724=CARTESIAN_POINT('',(4.3625,-2.8,1.6525));
#12725=CARTESIAN_POINT('',(3.01,-2.8,0.3));
#12726=CARTESIAN_POINT('',(3.01,-3.,0.3));
#12727=CARTESIAN_POINT('',(9.925,0.4,-0.100000000000001));
#12728=CARTESIAN_POINT('',(7.22,0.4,-0.100000000000001));
#12729=CARTESIAN_POINT('',(7.22,0.4,1.6));
#12730=CARTESIAN_POINT('',(9.925,0.4,1.6));
#12731=CARTESIAN_POINT('',(8.02,0.4,1.6));
#12732=CARTESIAN_POINT('',(8.02,0.4,-0.100000000000001));
#12733=CARTESIAN_POINT('',(8.42,-3.,0.3));
#12734=CARTESIAN_POINT('',(8.9725,-2.8,-0.2525));
#12735=CARTESIAN_POINT('',(8.02,-2.8,0.7));
#12736=CARTESIAN_POINT('',(8.42,-2.8,0.3));
#12737=CARTESIAN_POINT('',(8.02,-3.,0.7));
#12738=CARTESIAN_POINT('',(8.02,0.815384615384615,0.7));
#12739=CARTESIAN_POINT('',(7.58577540106952,0.614973262032086,1.13422459893048));
#12740=CARTESIAN_POINT('',(8.42,1.,0.3));
#12741=CARTESIAN_POINT('',(8.42,-3.,0.3));
#12742=CARTESIAN_POINT('',(8.02,-0.4,-0.100000000000001));
#12743=CARTESIAN_POINT('',(8.02,0.906341463414635,0.502926829268292));
#12744=CARTESIAN_POINT('',(8.02,-2.8,1.6));
#12745=CARTESIAN_POINT('',(8.02,-2.8,1.6));
#12746=CARTESIAN_POINT('',(8.02,-0.4,1.6));
#12747=CARTESIAN_POINT('',(11.43,0.,1.6));
#12748=CARTESIAN_POINT('',(9.925,-2.8,1.6));
#12749=CARTESIAN_POINT('',(7.22,-2.8,1.6));
#12750=CARTESIAN_POINT('',(7.22,-0.4,1.6));
#12751=CARTESIAN_POINT('',(7.22,0.4,-0.100000000000001));
#12752=CARTESIAN_POINT('',(7.22,-2.8,1.6));
#12753=CARTESIAN_POINT('',(7.22,-2.8,0.7));
#12754=CARTESIAN_POINT('',(7.22,-3.,0.7));
#12755=CARTESIAN_POINT('',(7.22,0.815384615384615,0.7));
#12756=CARTESIAN_POINT('',(7.22,1.04682926829268,0.198536585365853));
#12757=CARTESIAN_POINT('',(6.82,-3.,0.3));
#12758=CARTESIAN_POINT('',(7.65422459893048,0.614973262032086,1.13422459893048));
#12759=CARTESIAN_POINT('',(6.82,1.,0.3));
#12760=CARTESIAN_POINT('',(8.1725,-2.8,1.6525));
#12761=CARTESIAN_POINT('',(6.82,-2.8,0.3));
#12762=CARTESIAN_POINT('',(6.82,-3.,0.3));
#12763=CARTESIAN_POINT('',(13.735,0.4,-0.100000000000001));
#12764=CARTESIAN_POINT('',(11.03,0.4,-0.100000000000001));
#12765=CARTESIAN_POINT('',(11.03,0.4,1.6));
#12766=CARTESIAN_POINT('',(13.735,0.4,1.6));
#12767=CARTESIAN_POINT('',(11.83,0.4,1.6));
#12768=CARTESIAN_POINT('',(11.83,0.4,-0.100000000000001));
#12769=CARTESIAN_POINT('',(12.23,-3.,0.3));
#12770=CARTESIAN_POINT('',(12.7825,-2.8,-0.2525));
#12771=CARTESIAN_POINT('',(11.83,-2.8,0.7));
#12772=CARTESIAN_POINT('',(12.23,-2.8,0.3));
#12773=CARTESIAN_POINT('',(11.83,-3.,0.7));
#12774=CARTESIAN_POINT('',(11.83,0.815384615384615,0.7));
#12775=CARTESIAN_POINT('',(11.3957754010695,0.614973262032086,1.13422459893048));
#12776=CARTESIAN_POINT('',(12.23,1.,0.3));
#12777=CARTESIAN_POINT('',(12.23,-3.,0.3));
#12778=CARTESIAN_POINT('',(11.83,-0.4,-0.100000000000001));
#12779=CARTESIAN_POINT('',(11.83,0.906341463414635,0.502926829268292));
#12780=CARTESIAN_POINT('',(11.83,-2.8,1.6));
#12781=CARTESIAN_POINT('',(11.83,-2.8,1.6));
#12782=CARTESIAN_POINT('',(11.83,-0.4,1.6));
#12783=CARTESIAN_POINT('',(15.24,0.,1.6));
#12784=CARTESIAN_POINT('',(13.735,-2.8,1.6));
#12785=CARTESIAN_POINT('',(11.03,-2.8,1.6));
#12786=CARTESIAN_POINT('',(11.03,-0.4,1.6));
#12787=CARTESIAN_POINT('',(11.03,0.4,-0.100000000000001));
#12788=CARTESIAN_POINT('',(11.03,-2.8,1.6));
#12789=CARTESIAN_POINT('',(11.03,-2.8,0.7));
#12790=CARTESIAN_POINT('',(11.03,-3.,0.7));
#12791=CARTESIAN_POINT('',(11.03,0.815384615384615,0.7));
#12792=CARTESIAN_POINT('',(11.03,1.04682926829268,0.198536585365853));
#12793=CARTESIAN_POINT('',(10.63,-3.,0.3));
#12794=CARTESIAN_POINT('',(11.4642245989305,0.614973262032086,1.13422459893048));
#12795=CARTESIAN_POINT('',(10.63,1.,0.3));
#12796=CARTESIAN_POINT('',(11.9825,-2.8,1.6525));
#12797=CARTESIAN_POINT('',(10.63,-2.8,0.3));
#12798=CARTESIAN_POINT('',(10.63,-3.,0.3));
#12799=CARTESIAN_POINT('',(17.545,0.4,-0.100000000000001));
#12800=CARTESIAN_POINT('',(14.84,0.4,-0.100000000000001));
#12801=CARTESIAN_POINT('',(14.84,0.4,1.6));
#12802=CARTESIAN_POINT('',(17.545,0.4,1.6));
#12803=CARTESIAN_POINT('',(15.64,0.4,1.6));
#12804=CARTESIAN_POINT('',(15.64,0.4,-0.100000000000001));
#12805=CARTESIAN_POINT('',(16.04,-3.,0.3));
#12806=CARTESIAN_POINT('',(16.5925,-2.8,-0.2525));
#12807=CARTESIAN_POINT('',(15.64,-2.8,0.7));
#12808=CARTESIAN_POINT('',(16.04,-2.8,0.3));
#12809=CARTESIAN_POINT('',(15.64,-3.,0.7));
#12810=CARTESIAN_POINT('',(15.64,0.815384615384615,0.7));
#12811=CARTESIAN_POINT('',(15.2057754010695,0.614973262032086,1.13422459893048));
#12812=CARTESIAN_POINT('',(16.04,1.,0.3));
#12813=CARTESIAN_POINT('',(16.04,-3.,0.3));
#12814=CARTESIAN_POINT('',(15.64,-0.4,-0.100000000000001));
#12815=CARTESIAN_POINT('',(15.64,0.906341463414635,0.502926829268292));
#12816=CARTESIAN_POINT('',(15.64,-2.8,1.6));
#12817=CARTESIAN_POINT('',(15.64,-2.8,1.6));
#12818=CARTESIAN_POINT('',(15.64,-0.4,1.6));
#12819=CARTESIAN_POINT('',(19.05,0.,1.6));
#12820=CARTESIAN_POINT('',(17.545,-2.8,1.6));
#12821=CARTESIAN_POINT('',(14.84,-2.8,1.6));
#12822=CARTESIAN_POINT('',(14.84,-0.4,1.6));
#12823=CARTESIAN_POINT('',(14.84,0.4,-0.100000000000001));
#12824=CARTESIAN_POINT('',(14.84,-2.8,1.6));
#12825=CARTESIAN_POINT('',(14.84,-2.8,0.7));
#12826=CARTESIAN_POINT('',(14.84,-3.,0.7));
#12827=CARTESIAN_POINT('',(14.84,0.815384615384615,0.7));
#12828=CARTESIAN_POINT('',(14.84,1.04682926829268,0.198536585365853));
#12829=CARTESIAN_POINT('',(14.44,-3.,0.3));
#12830=CARTESIAN_POINT('',(15.2742245989305,0.614973262032086,1.13422459893048));
#12831=CARTESIAN_POINT('',(14.44,1.,0.3));
#12832=CARTESIAN_POINT('',(15.7925,-2.8,1.6525));
#12833=CARTESIAN_POINT('',(14.44,-2.8,0.3));
#12834=CARTESIAN_POINT('',(14.44,-3.,0.3));
#12835=CARTESIAN_POINT('',(21.355,0.4,-0.100000000000001));
#12836=CARTESIAN_POINT('',(18.65,0.4,-0.100000000000001));
#12837=CARTESIAN_POINT('',(18.65,0.4,1.6));
#12838=CARTESIAN_POINT('',(21.355,0.4,1.6));
#12839=CARTESIAN_POINT('',(19.45,0.4,1.6));
#12840=CARTESIAN_POINT('',(19.45,0.4,-0.100000000000001));
#12841=CARTESIAN_POINT('',(19.85,-3.,0.3));
#12842=CARTESIAN_POINT('',(20.4025,-2.8,-0.2525));
#12843=CARTESIAN_POINT('',(19.45,-2.8,0.7));
#12844=CARTESIAN_POINT('',(19.85,-2.8,0.3));
#12845=CARTESIAN_POINT('',(19.45,-3.,0.7));
#12846=CARTESIAN_POINT('',(19.45,0.815384615384615,0.7));
#12847=CARTESIAN_POINT('',(19.0157754010695,0.614973262032086,1.13422459893048));
#12848=CARTESIAN_POINT('',(19.85,1.,0.3));
#12849=CARTESIAN_POINT('',(19.85,-3.,0.3));
#12850=CARTESIAN_POINT('',(19.45,-0.4,-0.100000000000001));
#12851=CARTESIAN_POINT('',(19.45,0.906341463414635,0.502926829268292));
#12852=CARTESIAN_POINT('',(19.45,-2.8,1.6));
#12853=CARTESIAN_POINT('',(19.45,-2.8,1.6));
#12854=CARTESIAN_POINT('',(19.45,-0.4,1.6));
#12855=CARTESIAN_POINT('',(22.86,0.,1.6));
#12856=CARTESIAN_POINT('',(21.355,-2.8,1.6));
#12857=CARTESIAN_POINT('',(18.65,-2.8,1.6));
#12858=CARTESIAN_POINT('',(18.65,-0.4,1.6));
#12859=CARTESIAN_POINT('',(18.65,0.4,-0.100000000000001));
#12860=CARTESIAN_POINT('',(18.65,-2.8,1.6));
#12861=CARTESIAN_POINT('',(18.65,-2.8,0.7));
#12862=CARTESIAN_POINT('',(18.65,-3.,0.7));
#12863=CARTESIAN_POINT('',(18.65,0.815384615384615,0.7));
#12864=CARTESIAN_POINT('',(18.65,1.04682926829268,0.198536585365853));
#12865=CARTESIAN_POINT('',(18.25,-3.,0.3));
#12866=CARTESIAN_POINT('',(19.0842245989305,0.614973262032086,1.13422459893048));
#12867=CARTESIAN_POINT('',(18.25,1.,0.3));
#12868=CARTESIAN_POINT('',(19.6025,-2.8,1.6525));
#12869=CARTESIAN_POINT('',(18.25,-2.8,0.3));
#12870=CARTESIAN_POINT('',(18.25,-3.,0.3));
#12871=CARTESIAN_POINT('',(25.165,0.4,-0.100000000000001));
#12872=CARTESIAN_POINT('',(22.46,0.4,-0.100000000000001));
#12873=CARTESIAN_POINT('',(22.46,0.4,1.6));
#12874=CARTESIAN_POINT('',(25.165,0.4,1.6));
#12875=CARTESIAN_POINT('',(23.26,0.4,1.6));
#12876=CARTESIAN_POINT('',(23.26,0.4,-0.100000000000001));
#12877=CARTESIAN_POINT('',(23.66,-3.,0.3));
#12878=CARTESIAN_POINT('',(24.2125,-2.8,-0.2525));
#12879=CARTESIAN_POINT('',(23.26,-2.8,0.7));
#12880=CARTESIAN_POINT('',(23.66,-2.8,0.3));
#12881=CARTESIAN_POINT('',(23.26,-3.,0.7));
#12882=CARTESIAN_POINT('',(23.26,0.815384615384615,0.7));
#12883=CARTESIAN_POINT('',(22.8257754010695,0.614973262032086,1.13422459893048));
#12884=CARTESIAN_POINT('',(23.66,1.,0.3));
#12885=CARTESIAN_POINT('',(23.66,-3.,0.3));
#12886=CARTESIAN_POINT('',(23.26,-0.4,-0.100000000000001));
#12887=CARTESIAN_POINT('',(23.26,0.906341463414635,0.502926829268292));
#12888=CARTESIAN_POINT('',(23.26,-2.8,1.6));
#12889=CARTESIAN_POINT('',(23.26,-2.8,1.6));
#12890=CARTESIAN_POINT('',(23.26,-0.4,1.6));
#12891=CARTESIAN_POINT('',(26.67,0.,1.6));
#12892=CARTESIAN_POINT('',(25.165,-2.8,1.6));
#12893=CARTESIAN_POINT('',(22.46,-2.8,1.6));
#12894=CARTESIAN_POINT('',(22.46,-0.4,1.6));
#12895=CARTESIAN_POINT('',(22.46,0.4,-0.100000000000001));
#12896=CARTESIAN_POINT('',(22.46,-2.8,1.6));
#12897=CARTESIAN_POINT('',(22.46,-2.8,0.7));
#12898=CARTESIAN_POINT('',(22.46,-3.,0.7));
#12899=CARTESIAN_POINT('',(22.46,0.815384615384615,0.7));
#12900=CARTESIAN_POINT('',(22.46,1.04682926829268,0.198536585365853));
#12901=CARTESIAN_POINT('',(22.06,-3.,0.3));
#12902=CARTESIAN_POINT('',(22.8942245989305,0.614973262032086,1.13422459893048));
#12903=CARTESIAN_POINT('',(22.06,1.,0.3));
#12904=CARTESIAN_POINT('',(23.4125,-2.8,1.6525));
#12905=CARTESIAN_POINT('',(22.06,-2.8,0.3));
#12906=CARTESIAN_POINT('',(22.06,-3.,0.3));
#12907=CARTESIAN_POINT('',(28.975,0.4,-0.100000000000001));
#12908=CARTESIAN_POINT('',(26.27,0.4,-0.100000000000001));
#12909=CARTESIAN_POINT('',(26.27,0.4,1.6));
#12910=CARTESIAN_POINT('',(28.975,0.4,1.6));
#12911=CARTESIAN_POINT('',(27.07,0.4,1.6));
#12912=CARTESIAN_POINT('',(27.07,0.4,-0.100000000000001));
#12913=CARTESIAN_POINT('',(27.47,-3.,0.3));
#12914=CARTESIAN_POINT('',(28.0225,-2.8,-0.2525));
#12915=CARTESIAN_POINT('',(27.07,-2.8,0.7));
#12916=CARTESIAN_POINT('',(27.47,-2.8,0.3));
#12917=CARTESIAN_POINT('',(27.07,-3.,0.7));
#12918=CARTESIAN_POINT('',(27.07,0.815384615384615,0.7));
#12919=CARTESIAN_POINT('',(26.6357754010695,0.614973262032086,1.13422459893048));
#12920=CARTESIAN_POINT('',(27.47,1.,0.3));
#12921=CARTESIAN_POINT('',(27.47,-3.,0.3));
#12922=CARTESIAN_POINT('',(27.07,-0.4,-0.100000000000001));
#12923=CARTESIAN_POINT('',(27.07,0.906341463414635,0.502926829268292));
#12924=CARTESIAN_POINT('',(27.07,-2.8,1.6));
#12925=CARTESIAN_POINT('',(27.07,-2.8,1.6));
#12926=CARTESIAN_POINT('',(27.07,-0.4,1.6));
#12927=CARTESIAN_POINT('',(30.48,0.,1.6));
#12928=CARTESIAN_POINT('',(28.975,-2.8,1.6));
#12929=CARTESIAN_POINT('',(26.27,-2.8,1.6));
#12930=CARTESIAN_POINT('',(26.27,-0.4,1.6));
#12931=CARTESIAN_POINT('',(26.27,0.4,-0.100000000000001));
#12932=CARTESIAN_POINT('',(26.27,-2.8,1.6));
#12933=CARTESIAN_POINT('',(26.27,-2.8,0.7));
#12934=CARTESIAN_POINT('',(26.27,-3.,0.7));
#12935=CARTESIAN_POINT('',(26.27,0.815384615384615,0.7));
#12936=CARTESIAN_POINT('',(26.27,1.04682926829268,0.198536585365853));
#12937=CARTESIAN_POINT('',(25.87,-3.,0.3));
#12938=CARTESIAN_POINT('',(26.7042245989305,0.614973262032086,1.13422459893048));
#12939=CARTESIAN_POINT('',(25.87,1.,0.3));
#12940=CARTESIAN_POINT('',(27.2225,-2.8,1.6525));
#12941=CARTESIAN_POINT('',(25.87,-2.8,0.3));
#12942=CARTESIAN_POINT('',(25.87,-3.,0.3));
#12943=CARTESIAN_POINT('',(32.785,0.4,-0.100000000000001));
#12944=CARTESIAN_POINT('',(30.08,0.4,-0.100000000000001));
#12945=CARTESIAN_POINT('',(30.08,0.4,1.6));
#12946=CARTESIAN_POINT('',(32.785,0.4,1.6));
#12947=CARTESIAN_POINT('',(30.88,0.4,1.6));
#12948=CARTESIAN_POINT('',(30.88,0.4,-0.100000000000001));
#12949=CARTESIAN_POINT('',(31.28,-3.,0.3));
#12950=CARTESIAN_POINT('',(31.8325,-2.8,-0.2525));
#12951=CARTESIAN_POINT('',(30.88,-2.8,0.7));
#12952=CARTESIAN_POINT('',(31.28,-2.8,0.3));
#12953=CARTESIAN_POINT('',(30.88,-3.,0.7));
#12954=CARTESIAN_POINT('',(30.88,0.815384615384615,0.7));
#12955=CARTESIAN_POINT('',(30.4457754010695,0.614973262032086,1.13422459893048));
#12956=CARTESIAN_POINT('',(31.28,1.,0.3));
#12957=CARTESIAN_POINT('',(31.28,-3.,0.3));
#12958=CARTESIAN_POINT('',(30.88,-0.4,-0.100000000000001));
#12959=CARTESIAN_POINT('',(30.88,0.906341463414635,0.502926829268292));
#12960=CARTESIAN_POINT('',(30.88,-2.8,1.6));
#12961=CARTESIAN_POINT('',(30.88,-2.8,1.6));
#12962=CARTESIAN_POINT('',(30.88,-0.4,1.6));
#12963=CARTESIAN_POINT('',(34.29,0.,1.6));
#12964=CARTESIAN_POINT('',(32.785,-2.8,1.6));
#12965=CARTESIAN_POINT('',(30.08,-2.8,1.6));
#12966=CARTESIAN_POINT('',(30.08,-0.4,1.6));
#12967=CARTESIAN_POINT('',(30.08,0.4,-0.100000000000001));
#12968=CARTESIAN_POINT('',(30.08,-2.8,1.6));
#12969=CARTESIAN_POINT('',(30.08,-2.8,0.7));
#12970=CARTESIAN_POINT('',(30.08,-3.,0.7));
#12971=CARTESIAN_POINT('',(30.08,0.815384615384615,0.7));
#12972=CARTESIAN_POINT('',(30.08,1.04682926829268,0.198536585365853));
#12973=CARTESIAN_POINT('',(29.68,-3.,0.3));
#12974=CARTESIAN_POINT('',(30.5142245989305,0.614973262032086,1.13422459893048));
#12975=CARTESIAN_POINT('',(29.68,1.,0.3));
#12976=CARTESIAN_POINT('',(31.0325,-2.8,1.6525));
#12977=CARTESIAN_POINT('',(29.68,-2.8,0.3));
#12978=CARTESIAN_POINT('',(29.68,-3.,0.3));
#12979=CARTESIAN_POINT('',(33.89,0.4,-0.100000000000001));
#12980=CARTESIAN_POINT('',(34.69,0.4,-0.100000000000001));
#12981=CARTESIAN_POINT('',(34.69,0.4,1.6));
#12982=CARTESIAN_POINT('',(33.89,0.4,-0.100000000000001));
#12983=CARTESIAN_POINT('',(33.89,0.4,1.6));
#12984=CARTESIAN_POINT('',(33.89,0.4,1.6));
#12985=CARTESIAN_POINT('',(35.09,-3.,0.3));
#12986=CARTESIAN_POINT('',(34.2557754010695,0.614973262032086,1.13422459893048));
#12987=CARTESIAN_POINT('',(34.69,0.815384615384615,0.7));
#12988=CARTESIAN_POINT('',(35.09,1.,0.3));
#12989=CARTESIAN_POINT('',(35.09,-2.8,0.3));
#12990=CARTESIAN_POINT('',(35.09,-2.8,0.3));
#12991=CARTESIAN_POINT('',(34.69,-2.8,0.7));
#12992=CARTESIAN_POINT('',(34.69,-2.8,0.7));
#12993=CARTESIAN_POINT('',(34.69,1.,0.7));
#12994=CARTESIAN_POINT('',(34.69,0.4,-0.100000000000001));
#12995=CARTESIAN_POINT('',(34.69,-2.8,1.6));
#12996=CARTESIAN_POINT('',(34.69,-2.8,1.6));
#12997=CARTESIAN_POINT('',(34.69,-0.4,1.6));
#12998=CARTESIAN_POINT('',(34.69,1.04682926829268,0.198536585365853));
#12999=CARTESIAN_POINT('',(32.385,0.,1.6));
#13000=CARTESIAN_POINT('',(33.89,-2.8,1.6));
#13001=CARTESIAN_POINT('',(33.89,-2.8,1.6));
#13002=CARTESIAN_POINT('',(33.89,-0.4,1.6));
#13003=CARTESIAN_POINT('',(33.89,-0.4,-0.100000000000001));
#13004=CARTESIAN_POINT('',(33.89,0.906341463414635,0.502926829268292));
#13005=CARTESIAN_POINT('',(33.89,0.815384615384615,0.7));
#13006=CARTESIAN_POINT('',(33.89,-2.8,1.6));
#13007=CARTESIAN_POINT('',(33.89,-2.8,0.7));
#13008=CARTESIAN_POINT('',(33.89,-2.8,0.7));
#13009=CARTESIAN_POINT('',(33.49,-3.,0.3));
#13010=CARTESIAN_POINT('',(33.89,-2.8,0.7));
#13011=CARTESIAN_POINT('',(33.49,-2.8,0.3));
#13012=CARTESIAN_POINT('',(33.49,1.,0.3));
#13013=CARTESIAN_POINT('',(33.49,1.,0.3));
#13014=CARTESIAN_POINT('',(34.3242245989305,0.614973262032086,1.13422459893048));
#13015=CARTESIAN_POINT('',(-1.505,0.4,-0.100000000000001));
#13016=CARTESIAN_POINT('',(-4.21,0.4,-0.100000000000001));
#13017=CARTESIAN_POINT('',(-4.21,0.4,1.6));
#13018=CARTESIAN_POINT('',(-1.505,0.4,1.6));
#13019=CARTESIAN_POINT('',(-3.41,0.4,1.6));
#13020=CARTESIAN_POINT('',(-3.41,0.4,-0.100000000000001));
#13021=CARTESIAN_POINT('',(-3.01,-3.,0.3));
#13022=CARTESIAN_POINT('',(-2.4575,-2.8,-0.2525));
#13023=CARTESIAN_POINT('',(-3.41,-2.8,0.7));
#13024=CARTESIAN_POINT('',(-3.01,-2.8,0.3));
#13025=CARTESIAN_POINT('',(-3.41,-3.,0.7));
#13026=CARTESIAN_POINT('',(-3.41,0.815384615384615,0.7));
#13027=CARTESIAN_POINT('',(-3.84422459893048,0.614973262032086,1.13422459893048));
#13028=CARTESIAN_POINT('',(-3.01,1.,0.3));
#13029=CARTESIAN_POINT('',(-3.01,-3.,0.3));
#13030=CARTESIAN_POINT('',(-3.41,-0.4,-0.100000000000001));
#13031=CARTESIAN_POINT('',(-3.41,0.906341463414635,0.502926829268292));
#13032=CARTESIAN_POINT('',(-3.41,-2.8,1.6));
#13033=CARTESIAN_POINT('',(-3.41,-2.8,1.6));
#13034=CARTESIAN_POINT('',(-3.41,-0.4,1.6));
#13035=CARTESIAN_POINT('',(0.,0.,1.6));
#13036=CARTESIAN_POINT('',(-1.505,-2.8,1.6));
#13037=CARTESIAN_POINT('',(-4.21,-2.8,1.6));
#13038=CARTESIAN_POINT('',(-4.21,-0.4,1.6));
#13039=CARTESIAN_POINT('',(-4.21,0.4,-0.100000000000001));
#13040=CARTESIAN_POINT('',(-4.21,-2.8,1.6));
#13041=CARTESIAN_POINT('',(-4.21,-2.8,0.7));
#13042=CARTESIAN_POINT('',(-4.21,-3.,0.7));
#13043=CARTESIAN_POINT('',(-4.21,0.815384615384615,0.7));
#13044=CARTESIAN_POINT('',(-4.21,1.04682926829268,0.198536585365853));
#13045=CARTESIAN_POINT('',(-4.61,-3.,0.3));
#13046=CARTESIAN_POINT('',(-3.77577540106952,0.614973262032086,1.13422459893048));
#13047=CARTESIAN_POINT('',(-4.61,1.,0.3));
#13048=CARTESIAN_POINT('',(-3.2575,-2.8,1.6525));
#13049=CARTESIAN_POINT('',(-4.61,-2.8,0.3));
#13050=CARTESIAN_POINT('',(-4.61,-3.,0.3));
#13051=CARTESIAN_POINT('',(27.,-2.4,2.4));
#13052=CARTESIAN_POINT('',(25.1351450703635,-2.4,2.38337658286849));
#13053=CARTESIAN_POINT('',(25.135,-2.4,2.4));
#13054=CARTESIAN_POINT('',(25.0826387932554,-2.4,8.4));
#13055=CARTESIAN_POINT('',(27.,-2.4,8.4));
#13056=CARTESIAN_POINT('',(25.8954033307593,-2.40000000000294,8.40000000001177));
#13057=CARTESIAN_POINT('',(25.8954033307585,-2.4,9.2));
#13058=CARTESIAN_POINT('',(25.8954033307585,-2.4,2.4));
#13059=CARTESIAN_POINT('',(27.,-2.4,2.4));
#13060=CARTESIAN_POINT('',(26.67,-3.8,9.2));
#13061=CARTESIAN_POINT('',(26.67,-3.8,8.4));
#13062=CARTESIAN_POINT('',(27.4445966692406,-2.40000000000331,8.40000000001325));
#13063=CARTESIAN_POINT('',(27.4445966692415,-2.4,9.2));
#13064=CARTESIAN_POINT('',(27.4445966692415,-2.4,2.4));
#13065=CARTESIAN_POINT('',(26.67,-3.8,2.4));
#13066=CARTESIAN_POINT('',(27.,-2.4,2.4));
#13067=CARTESIAN_POINT('',(27.,-2.4,8.4));
#13068=CARTESIAN_POINT('',(28.2573612067446,-2.4,8.4));
#13069=CARTESIAN_POINT('',(28.2049082363317,-2.4,2.38948492512154));
#13070=CARTESIAN_POINT('',(28.205,-2.4,2.4));
#13071=CARTESIAN_POINT('',(27.,-2.4,2.4));
#13072=CARTESIAN_POINT('',(27.07,3.5,3.6));
#13073=CARTESIAN_POINT('',(27.07,3.5,2.4));
#13074=CARTESIAN_POINT('',(27.07,3.5,2.4));
#13075=CARTESIAN_POINT('',(27.07,3.5,3.6));
#13076=CARTESIAN_POINT('',(27.07,3.5,3.6));
#13077=CARTESIAN_POINT('',(27.07,3.5,3.6));
#13078=CARTESIAN_POINT('',(28.575,3.5,3.6));
#13079=CARTESIAN_POINT('',(28.575,3.5,3.6));
#13080=CARTESIAN_POINT('',(26.27,3.5,3.6));
#13081=CARTESIAN_POINT('',(26.27,3.3,3.6));
#13082=CARTESIAN_POINT('',(26.27,3.3,3.6));
#13083=CARTESIAN_POINT('',(26.27,3.3,2.4));
#13084=CARTESIAN_POINT('',(26.27,3.5,2.4));
#13085=CARTESIAN_POINT('',(26.27,3.5,3.6));
#13086=CARTESIAN_POINT('',(30.48,0.,2.4));
#13087=CARTESIAN_POINT('',(28.205,0.55,2.4));
#13088=CARTESIAN_POINT('',(28.205,2.15,2.4));
#13089=CARTESIAN_POINT('',(29.325,2.15,2.4));
#13090=CARTESIAN_POINT('',(27.42,2.15,2.4));
#13091=CARTESIAN_POINT('',(27.42,2.6,2.4));
#13092=CARTESIAN_POINT('',(27.42,2.6,2.4));
#13093=CARTESIAN_POINT('',(29.325,2.6,2.4));
#13094=CARTESIAN_POINT('',(27.72,2.6,2.4));
#13095=CARTESIAN_POINT('',(27.970254691689,3.24351206434316,2.4));
#13096=CARTESIAN_POINT('',(28.07,3.5,2.4));
#13097=CARTESIAN_POINT('',(28.575,3.5,2.4));
#13098=CARTESIAN_POINT('',(28.575,3.5,2.4));
#13099=CARTESIAN_POINT('',(25.27,3.5,2.4));
#13100=CARTESIAN_POINT('',(25.520254691689,2.85648793565684,2.4));
#13101=CARTESIAN_POINT('',(25.62,2.6,2.4));
#13102=CARTESIAN_POINT('',(27.825,2.6,2.4));
#13103=CARTESIAN_POINT('',(25.92,2.6,2.4));
#13104=CARTESIAN_POINT('',(25.92,2.15,2.4));
#13105=CARTESIAN_POINT('',(25.92,2.15,2.4));
#13106=CARTESIAN_POINT('',(27.,2.15,2.4));
#13107=CARTESIAN_POINT('',(25.135,2.15,2.4));
#13108=CARTESIAN_POINT('',(25.135,0.55,2.4));
#13109=CARTESIAN_POINT('',(4.14,-2.4,2.4));
#13110=CARTESIAN_POINT('',(2.27514507036354,-2.4,2.38337658286849));
#13111=CARTESIAN_POINT('',(2.275,-2.4,2.4));
#13112=CARTESIAN_POINT('',(2.22263879325545,-2.4,8.4));
#13113=CARTESIAN_POINT('',(4.14,-2.4,8.4));
#13114=CARTESIAN_POINT('',(3.03540333075927,-2.40000000000294,8.40000000001177));
#13115=CARTESIAN_POINT('',(3.03540333075851,-2.4,9.2));
#13116=CARTESIAN_POINT('',(3.03540333075851,-2.4,2.4));
#13117=CARTESIAN_POINT('',(4.14,-2.4,2.4));
#13118=CARTESIAN_POINT('',(3.81,-3.8,9.2));
#13119=CARTESIAN_POINT('',(3.81,-3.8,8.4));
#13120=CARTESIAN_POINT('',(4.58459666924063,-2.40000000000331,8.40000000001325));
#13121=CARTESIAN_POINT('',(4.58459666924148,-2.4,9.2));
#13122=CARTESIAN_POINT('',(4.58459666924148,-2.4,2.4));
#13123=CARTESIAN_POINT('',(3.81,-3.8,2.4));
#13124=CARTESIAN_POINT('',(4.14,-2.4,2.4));
#13125=CARTESIAN_POINT('',(4.14,-2.4,8.4));
#13126=CARTESIAN_POINT('',(5.39736120674455,-2.4,8.4));
#13127=CARTESIAN_POINT('',(5.34490823633173,-2.4,2.38948492512154));
#13128=CARTESIAN_POINT('',(5.345,-2.4,2.4));
#13129=CARTESIAN_POINT('',(4.14,-2.4,2.4));
#13130=CARTESIAN_POINT('',(4.21,3.5,3.6));
#13131=CARTESIAN_POINT('',(4.21,3.5,2.4));
#13132=CARTESIAN_POINT('',(4.21,3.5,2.4));
#13133=CARTESIAN_POINT('',(4.21,3.5,3.6));
#13134=CARTESIAN_POINT('',(4.21,3.5,3.6));
#13135=CARTESIAN_POINT('',(4.21,3.5,3.6));
#13136=CARTESIAN_POINT('',(5.715,3.5,3.6));
#13137=CARTESIAN_POINT('',(5.715,3.5,3.6));
#13138=CARTESIAN_POINT('',(3.41,3.5,3.6));
#13139=CARTESIAN_POINT('',(3.41,3.3,3.6));
#13140=CARTESIAN_POINT('',(3.41,3.3,3.6));
#13141=CARTESIAN_POINT('',(3.41,3.3,2.4));
#13142=CARTESIAN_POINT('',(3.41,3.5,2.4));
#13143=CARTESIAN_POINT('',(3.41,3.5,3.6));
#13144=CARTESIAN_POINT('',(7.62,0.,2.4));
#13145=CARTESIAN_POINT('',(5.345,0.55,2.4));
#13146=CARTESIAN_POINT('',(5.345,2.15,2.4));
#13147=CARTESIAN_POINT('',(6.465,2.15,2.4));
#13148=CARTESIAN_POINT('',(4.56,2.15,2.4));
#13149=CARTESIAN_POINT('',(4.56,2.6,2.4));
#13150=CARTESIAN_POINT('',(4.56,2.6,2.4));
#13151=CARTESIAN_POINT('',(6.465,2.6,2.4));
#13152=CARTESIAN_POINT('',(4.86,2.6,2.4));
#13153=CARTESIAN_POINT('',(5.11025469168901,3.24351206434316,2.4));
#13154=CARTESIAN_POINT('',(5.21,3.5,2.4));
#13155=CARTESIAN_POINT('',(5.715,3.5,2.4));
#13156=CARTESIAN_POINT('',(5.715,3.5,2.4));
#13157=CARTESIAN_POINT('',(2.41,3.5,2.4));
#13158=CARTESIAN_POINT('',(2.66025469168901,2.85648793565684,2.4));
#13159=CARTESIAN_POINT('',(2.76,2.6,2.4));
#13160=CARTESIAN_POINT('',(4.965,2.6,2.4));
#13161=CARTESIAN_POINT('',(3.06,2.6,2.4));
#13162=CARTESIAN_POINT('',(3.06,2.15,2.4));
#13163=CARTESIAN_POINT('',(3.06,2.15,2.4));
#13164=CARTESIAN_POINT('',(4.14,2.15,2.4));
#13165=CARTESIAN_POINT('',(2.275,2.15,2.4));
#13166=CARTESIAN_POINT('',(2.275,0.55,2.4));
#13167=CARTESIAN_POINT('',(23.19,-2.4,2.4));
#13168=CARTESIAN_POINT('',(21.3251450703635,-2.4,2.38337658286849));
#13169=CARTESIAN_POINT('',(21.325,-2.4,2.4));
#13170=CARTESIAN_POINT('',(21.2726387932554,-2.4,8.4));
#13171=CARTESIAN_POINT('',(23.19,-2.4,8.4));
#13172=CARTESIAN_POINT('',(22.0854033307593,-2.40000000000294,8.40000000001177));
#13173=CARTESIAN_POINT('',(22.0854033307585,-2.4,9.2));
#13174=CARTESIAN_POINT('',(22.0854033307585,-2.4,2.4));
#13175=CARTESIAN_POINT('',(23.19,-2.4,2.4));
#13176=CARTESIAN_POINT('',(22.86,-3.8,9.2));
#13177=CARTESIAN_POINT('',(22.86,-3.8,8.4));
#13178=CARTESIAN_POINT('',(23.6345966692406,-2.40000000000331,8.40000000001325));
#13179=CARTESIAN_POINT('',(23.6345966692415,-2.4,9.2));
#13180=CARTESIAN_POINT('',(23.6345966692415,-2.4,2.4));
#13181=CARTESIAN_POINT('',(22.86,-3.8,2.4));
#13182=CARTESIAN_POINT('',(23.19,-2.4,2.4));
#13183=CARTESIAN_POINT('',(23.19,-2.4,8.4));
#13184=CARTESIAN_POINT('',(24.4473612067446,-2.4,8.4));
#13185=CARTESIAN_POINT('',(24.3949082363317,-2.4,2.38948492512154));
#13186=CARTESIAN_POINT('',(24.395,-2.4,2.4));
#13187=CARTESIAN_POINT('',(23.19,-2.4,2.4));
#13188=CARTESIAN_POINT('',(23.26,3.5,3.6));
#13189=CARTESIAN_POINT('',(23.26,3.5,2.4));
#13190=CARTESIAN_POINT('',(23.26,3.5,2.4));
#13191=CARTESIAN_POINT('',(23.26,3.5,3.6));
#13192=CARTESIAN_POINT('',(23.26,3.5,3.6));
#13193=CARTESIAN_POINT('',(23.26,3.5,3.6));
#13194=CARTESIAN_POINT('',(24.765,3.5,3.6));
#13195=CARTESIAN_POINT('',(24.765,3.5,3.6));
#13196=CARTESIAN_POINT('',(22.46,3.5,3.6));
#13197=CARTESIAN_POINT('',(22.46,3.3,3.6));
#13198=CARTESIAN_POINT('',(22.46,3.3,3.6));
#13199=CARTESIAN_POINT('',(22.46,3.3,2.4));
#13200=CARTESIAN_POINT('',(22.46,3.5,2.4));
#13201=CARTESIAN_POINT('',(22.46,3.5,3.6));
#13202=CARTESIAN_POINT('',(26.67,0.,2.4));
#13203=CARTESIAN_POINT('',(24.395,0.55,2.4));
#13204=CARTESIAN_POINT('',(24.395,2.15,2.4));
#13205=CARTESIAN_POINT('',(25.515,2.15,2.4));
#13206=CARTESIAN_POINT('',(23.61,2.15,2.4));
#13207=CARTESIAN_POINT('',(23.61,2.6,2.4));
#13208=CARTESIAN_POINT('',(23.61,2.6,2.4));
#13209=CARTESIAN_POINT('',(25.515,2.6,2.4));
#13210=CARTESIAN_POINT('',(23.91,2.6,2.4));
#13211=CARTESIAN_POINT('',(24.160254691689,3.24351206434316,2.4));
#13212=CARTESIAN_POINT('',(24.26,3.5,2.4));
#13213=CARTESIAN_POINT('',(24.765,3.5,2.4));
#13214=CARTESIAN_POINT('',(24.765,3.5,2.4));
#13215=CARTESIAN_POINT('',(21.46,3.5,2.4));
#13216=CARTESIAN_POINT('',(21.710254691689,2.85648793565684,2.4));
#13217=CARTESIAN_POINT('',(21.81,2.6,2.4));
#13218=CARTESIAN_POINT('',(24.015,2.6,2.4));
#13219=CARTESIAN_POINT('',(22.11,2.6,2.4));
#13220=CARTESIAN_POINT('',(22.11,2.15,2.4));
#13221=CARTESIAN_POINT('',(22.11,2.15,2.4));
#13222=CARTESIAN_POINT('',(23.19,2.15,2.4));
#13223=CARTESIAN_POINT('',(21.325,2.15,2.4));
#13224=CARTESIAN_POINT('',(21.325,0.55,2.4));
#13225=CARTESIAN_POINT('',(7.95,-2.4,2.4));
#13226=CARTESIAN_POINT('',(6.08514507036354,-2.4,2.38337658286849));
#13227=CARTESIAN_POINT('',(6.085,-2.4,2.4));
#13228=CARTESIAN_POINT('',(6.03263879325545,-2.4,8.4));
#13229=CARTESIAN_POINT('',(7.95,-2.4,8.4));
#13230=CARTESIAN_POINT('',(6.84540333075927,-2.40000000000294,8.40000000001177));
#13231=CARTESIAN_POINT('',(6.84540333075851,-2.4,9.2));
#13232=CARTESIAN_POINT('',(6.84540333075851,-2.4,2.4));
#13233=CARTESIAN_POINT('',(7.95,-2.4,2.4));
#13234=CARTESIAN_POINT('',(7.62,-3.8,9.2));
#13235=CARTESIAN_POINT('',(7.62,-3.8,8.4));
#13236=CARTESIAN_POINT('',(8.39459666924063,-2.40000000000331,8.40000000001325));
#13237=CARTESIAN_POINT('',(8.39459666924148,-2.4,9.2));
#13238=CARTESIAN_POINT('',(8.39459666924148,-2.4,2.4));
#13239=CARTESIAN_POINT('',(7.62,-3.8,2.4));
#13240=CARTESIAN_POINT('',(7.95,-2.4,2.4));
#13241=CARTESIAN_POINT('',(7.95,-2.4,8.4));
#13242=CARTESIAN_POINT('',(9.20736120674455,-2.4,8.4));
#13243=CARTESIAN_POINT('',(9.15490823633172,-2.4,2.38948492512154));
#13244=CARTESIAN_POINT('',(9.155,-2.4,2.4));
#13245=CARTESIAN_POINT('',(7.95,-2.4,2.4));
#13246=CARTESIAN_POINT('',(8.02,3.5,3.6));
#13247=CARTESIAN_POINT('',(8.02,3.5,2.4));
#13248=CARTESIAN_POINT('',(8.02,3.5,2.4));
#13249=CARTESIAN_POINT('',(8.02,3.5,3.6));
#13250=CARTESIAN_POINT('',(8.02,3.5,3.6));
#13251=CARTESIAN_POINT('',(8.02,3.5,3.6));
#13252=CARTESIAN_POINT('',(9.525,3.5,3.6));
#13253=CARTESIAN_POINT('',(9.525,3.5,3.6));
#13254=CARTESIAN_POINT('',(7.22,3.5,3.6));
#13255=CARTESIAN_POINT('',(7.22,3.3,3.6));
#13256=CARTESIAN_POINT('',(7.22,3.3,3.6));
#13257=CARTESIAN_POINT('',(7.22,3.3,2.4));
#13258=CARTESIAN_POINT('',(7.22,3.5,2.4));
#13259=CARTESIAN_POINT('',(7.22,3.5,3.6));
#13260=CARTESIAN_POINT('',(11.43,0.,2.4));
#13261=CARTESIAN_POINT('',(9.155,0.55,2.4));
#13262=CARTESIAN_POINT('',(9.155,2.15,2.4));
#13263=CARTESIAN_POINT('',(10.275,2.15,2.4));
#13264=CARTESIAN_POINT('',(8.37,2.15,2.4));
#13265=CARTESIAN_POINT('',(8.37,2.6,2.4));
#13266=CARTESIAN_POINT('',(8.37,2.6,2.4));
#13267=CARTESIAN_POINT('',(10.275,2.6,2.4));
#13268=CARTESIAN_POINT('',(8.67,2.6,2.4));
#13269=CARTESIAN_POINT('',(8.92025469168901,3.24351206434316,2.4));
#13270=CARTESIAN_POINT('',(9.02,3.5,2.4));
#13271=CARTESIAN_POINT('',(9.525,3.5,2.4));
#13272=CARTESIAN_POINT('',(9.525,3.5,2.4));
#13273=CARTESIAN_POINT('',(6.22,3.5,2.4));
#13274=CARTESIAN_POINT('',(6.47025469168901,2.85648793565684,2.4));
#13275=CARTESIAN_POINT('',(6.57,2.6,2.4));
#13276=CARTESIAN_POINT('',(8.775,2.6,2.4));
#13277=CARTESIAN_POINT('',(6.87,2.6,2.4));
#13278=CARTESIAN_POINT('',(6.87,2.15,2.4));
#13279=CARTESIAN_POINT('',(6.87,2.15,2.4));
#13280=CARTESIAN_POINT('',(7.95,2.15,2.4));
#13281=CARTESIAN_POINT('',(6.085,2.15,2.4));
#13282=CARTESIAN_POINT('',(6.085,0.55,2.4));
#13283=CARTESIAN_POINT('',(19.38,-2.4,2.4));
#13284=CARTESIAN_POINT('',(17.5151450703635,-2.4,2.38337658286849));
#13285=CARTESIAN_POINT('',(17.515,-2.4,2.4));
#13286=CARTESIAN_POINT('',(17.4626387932554,-2.4,8.4));
#13287=CARTESIAN_POINT('',(19.38,-2.4,8.4));
#13288=CARTESIAN_POINT('',(18.2754033307593,-2.40000000000294,8.40000000001177));
#13289=CARTESIAN_POINT('',(18.2754033307585,-2.4,9.2));
#13290=CARTESIAN_POINT('',(18.2754033307585,-2.4,2.4));
#13291=CARTESIAN_POINT('',(19.38,-2.4,2.4));
#13292=CARTESIAN_POINT('',(19.05,-3.8,9.2));
#13293=CARTESIAN_POINT('',(19.05,-3.8,8.4));
#13294=CARTESIAN_POINT('',(19.8245966692406,-2.40000000000331,8.40000000001325));
#13295=CARTESIAN_POINT('',(19.8245966692415,-2.4,9.2));
#13296=CARTESIAN_POINT('',(19.8245966692415,-2.4,2.4));
#13297=CARTESIAN_POINT('',(19.05,-3.8,2.4));
#13298=CARTESIAN_POINT('',(19.38,-2.4,2.4));
#13299=CARTESIAN_POINT('',(19.38,-2.4,8.4));
#13300=CARTESIAN_POINT('',(20.6373612067446,-2.4,8.4));
#13301=CARTESIAN_POINT('',(20.5849082363317,-2.4,2.38948492512154));
#13302=CARTESIAN_POINT('',(20.585,-2.4,2.4));
#13303=CARTESIAN_POINT('',(19.38,-2.4,2.4));
#13304=CARTESIAN_POINT('',(19.45,3.5,3.6));
#13305=CARTESIAN_POINT('',(19.45,3.5,2.4));
#13306=CARTESIAN_POINT('',(19.45,3.5,2.4));
#13307=CARTESIAN_POINT('',(19.45,3.5,3.6));
#13308=CARTESIAN_POINT('',(19.45,3.5,3.6));
#13309=CARTESIAN_POINT('',(19.45,3.5,3.6));
#13310=CARTESIAN_POINT('',(20.955,3.5,3.6));
#13311=CARTESIAN_POINT('',(20.955,3.5,3.6));
#13312=CARTESIAN_POINT('',(18.65,3.5,3.6));
#13313=CARTESIAN_POINT('',(18.65,3.3,3.6));
#13314=CARTESIAN_POINT('',(18.65,3.3,3.6));
#13315=CARTESIAN_POINT('',(18.65,3.3,2.4));
#13316=CARTESIAN_POINT('',(18.65,3.5,2.4));
#13317=CARTESIAN_POINT('',(18.65,3.5,3.6));
#13318=CARTESIAN_POINT('',(22.86,0.,2.4));
#13319=CARTESIAN_POINT('',(20.585,0.55,2.4));
#13320=CARTESIAN_POINT('',(20.585,2.15,2.4));
#13321=CARTESIAN_POINT('',(21.705,2.15,2.4));
#13322=CARTESIAN_POINT('',(19.8,2.15,2.4));
#13323=CARTESIAN_POINT('',(19.8,2.6,2.4));
#13324=CARTESIAN_POINT('',(19.8,2.6,2.4));
#13325=CARTESIAN_POINT('',(21.705,2.6,2.4));
#13326=CARTESIAN_POINT('',(20.1,2.6,2.4));
#13327=CARTESIAN_POINT('',(20.350254691689,3.24351206434316,2.4));
#13328=CARTESIAN_POINT('',(20.45,3.5,2.4));
#13329=CARTESIAN_POINT('',(20.955,3.5,2.4));
#13330=CARTESIAN_POINT('',(20.955,3.5,2.4));
#13331=CARTESIAN_POINT('',(17.65,3.5,2.4));
#13332=CARTESIAN_POINT('',(17.900254691689,2.85648793565684,2.4));
#13333=CARTESIAN_POINT('',(18.,2.6,2.4));
#13334=CARTESIAN_POINT('',(20.205,2.6,2.4));
#13335=CARTESIAN_POINT('',(18.3,2.6,2.4));
#13336=CARTESIAN_POINT('',(18.3,2.15,2.4));
#13337=CARTESIAN_POINT('',(18.3,2.15,2.4));
#13338=CARTESIAN_POINT('',(19.38,2.15,2.4));
#13339=CARTESIAN_POINT('',(17.515,2.15,2.4));
#13340=CARTESIAN_POINT('',(17.515,0.55,2.4));
#13341=CARTESIAN_POINT('',(11.76,-2.4,2.4));
#13342=CARTESIAN_POINT('',(9.89514507036354,-2.4,2.38337658286849));
#13343=CARTESIAN_POINT('',(9.895,-2.4,2.4));
#13344=CARTESIAN_POINT('',(9.84263879325545,-2.4,8.4));
#13345=CARTESIAN_POINT('',(11.76,-2.4,8.4));
#13346=CARTESIAN_POINT('',(10.6554033307593,-2.40000000000294,8.40000000001177));
#13347=CARTESIAN_POINT('',(10.6554033307585,-2.4,9.2));
#13348=CARTESIAN_POINT('',(10.6554033307585,-2.4,2.4));
#13349=CARTESIAN_POINT('',(11.76,-2.4,2.4));
#13350=CARTESIAN_POINT('',(11.43,-3.8,9.2));
#13351=CARTESIAN_POINT('',(11.43,-3.8,8.4));
#13352=CARTESIAN_POINT('',(12.2045966692406,-2.40000000000331,8.40000000001325));
#13353=CARTESIAN_POINT('',(12.2045966692415,-2.4,9.2));
#13354=CARTESIAN_POINT('',(12.2045966692415,-2.4,2.4));
#13355=CARTESIAN_POINT('',(11.43,-3.8,2.4));
#13356=CARTESIAN_POINT('',(11.76,-2.4,2.4));
#13357=CARTESIAN_POINT('',(11.76,-2.4,8.4));
#13358=CARTESIAN_POINT('',(13.0173612067446,-2.4,8.4));
#13359=CARTESIAN_POINT('',(12.9649082363317,-2.4,2.38948492512154));
#13360=CARTESIAN_POINT('',(12.965,-2.4,2.4));
#13361=CARTESIAN_POINT('',(11.76,-2.4,2.4));
#13362=CARTESIAN_POINT('',(11.83,3.5,3.6));
#13363=CARTESIAN_POINT('',(11.83,3.5,2.4));
#13364=CARTESIAN_POINT('',(11.83,3.5,2.4));
#13365=CARTESIAN_POINT('',(11.83,3.5,3.6));
#13366=CARTESIAN_POINT('',(11.83,3.5,3.6));
#13367=CARTESIAN_POINT('',(11.83,3.5,3.6));
#13368=CARTESIAN_POINT('',(13.335,3.5,3.6));
#13369=CARTESIAN_POINT('',(13.335,3.5,3.6));
#13370=CARTESIAN_POINT('',(11.03,3.5,3.6));
#13371=CARTESIAN_POINT('',(11.03,3.3,3.6));
#13372=CARTESIAN_POINT('',(11.03,3.3,3.6));
#13373=CARTESIAN_POINT('',(11.03,3.3,2.4));
#13374=CARTESIAN_POINT('',(11.03,3.5,2.4));
#13375=CARTESIAN_POINT('',(11.03,3.5,3.6));
#13376=CARTESIAN_POINT('',(15.24,0.,2.4));
#13377=CARTESIAN_POINT('',(12.965,0.55,2.4));
#13378=CARTESIAN_POINT('',(12.965,2.15,2.4));
#13379=CARTESIAN_POINT('',(14.085,2.15,2.4));
#13380=CARTESIAN_POINT('',(12.18,2.15,2.4));
#13381=CARTESIAN_POINT('',(12.18,2.6,2.4));
#13382=CARTESIAN_POINT('',(12.18,2.6,2.4));
#13383=CARTESIAN_POINT('',(14.085,2.6,2.4));
#13384=CARTESIAN_POINT('',(12.48,2.6,2.4));
#13385=CARTESIAN_POINT('',(12.730254691689,3.24351206434316,2.4));
#13386=CARTESIAN_POINT('',(12.83,3.5,2.4));
#13387=CARTESIAN_POINT('',(13.335,3.5,2.4));
#13388=CARTESIAN_POINT('',(13.335,3.5,2.4));
#13389=CARTESIAN_POINT('',(10.03,3.5,2.4));
#13390=CARTESIAN_POINT('',(10.280254691689,2.85648793565684,2.4));
#13391=CARTESIAN_POINT('',(10.38,2.6,2.4));
#13392=CARTESIAN_POINT('',(12.585,2.6,2.4));
#13393=CARTESIAN_POINT('',(10.68,2.6,2.4));
#13394=CARTESIAN_POINT('',(10.68,2.15,2.4));
#13395=CARTESIAN_POINT('',(10.68,2.15,2.4));
#13396=CARTESIAN_POINT('',(11.76,2.15,2.4));
#13397=CARTESIAN_POINT('',(9.895,2.15,2.4));
#13398=CARTESIAN_POINT('',(9.895,0.55,2.4));
#13399=CARTESIAN_POINT('',(15.57,-2.4,2.4));
#13400=CARTESIAN_POINT('',(13.7051450703635,-2.4,2.38337658286849));
#13401=CARTESIAN_POINT('',(13.705,-2.4,2.4));
#13402=CARTESIAN_POINT('',(13.6526387932554,-2.4,8.4));
#13403=CARTESIAN_POINT('',(15.57,-2.4,8.4));
#13404=CARTESIAN_POINT('',(14.4654033307593,-2.40000000000294,8.40000000001177));
#13405=CARTESIAN_POINT('',(14.4654033307585,-2.4,9.2));
#13406=CARTESIAN_POINT('',(14.4654033307585,-2.4,2.4));
#13407=CARTESIAN_POINT('',(15.57,-2.4,2.4));
#13408=CARTESIAN_POINT('',(15.24,-3.8,9.2));
#13409=CARTESIAN_POINT('',(15.24,-3.8,8.4));
#13410=CARTESIAN_POINT('',(16.0145966692406,-2.40000000000331,8.40000000001325));
#13411=CARTESIAN_POINT('',(16.0145966692415,-2.4,9.2));
#13412=CARTESIAN_POINT('',(16.0145966692415,-2.4,2.4));
#13413=CARTESIAN_POINT('',(15.24,-3.8,2.4));
#13414=CARTESIAN_POINT('',(15.57,-2.4,2.4));
#13415=CARTESIAN_POINT('',(15.57,-2.4,8.4));
#13416=CARTESIAN_POINT('',(16.8273612067446,-2.4,8.4));
#13417=CARTESIAN_POINT('',(16.7749082363317,-2.4,2.38948492512154));
#13418=CARTESIAN_POINT('',(16.775,-2.4,2.4));
#13419=CARTESIAN_POINT('',(15.57,-2.4,2.4));
#13420=CARTESIAN_POINT('',(15.64,3.5,3.6));
#13421=CARTESIAN_POINT('',(15.64,3.5,2.4));
#13422=CARTESIAN_POINT('',(15.64,3.5,2.4));
#13423=CARTESIAN_POINT('',(15.64,3.5,3.6));
#13424=CARTESIAN_POINT('',(15.64,3.5,3.6));
#13425=CARTESIAN_POINT('',(15.64,3.5,3.6));
#13426=CARTESIAN_POINT('',(17.145,3.5,3.6));
#13427=CARTESIAN_POINT('',(17.145,3.5,3.6));
#13428=CARTESIAN_POINT('',(14.84,3.5,3.6));
#13429=CARTESIAN_POINT('',(14.84,3.3,3.6));
#13430=CARTESIAN_POINT('',(14.84,3.3,3.6));
#13431=CARTESIAN_POINT('',(14.84,3.3,2.4));
#13432=CARTESIAN_POINT('',(14.84,3.5,2.4));
#13433=CARTESIAN_POINT('',(14.84,3.5,3.6));
#13434=CARTESIAN_POINT('',(19.05,0.,2.4));
#13435=CARTESIAN_POINT('',(16.775,0.55,2.4));
#13436=CARTESIAN_POINT('',(16.775,2.15,2.4));
#13437=CARTESIAN_POINT('',(17.895,2.15,2.4));
#13438=CARTESIAN_POINT('',(15.99,2.15,2.4));
#13439=CARTESIAN_POINT('',(15.99,2.6,2.4));
#13440=CARTESIAN_POINT('',(15.99,2.6,2.4));
#13441=CARTESIAN_POINT('',(17.895,2.6,2.4));
#13442=CARTESIAN_POINT('',(16.29,2.6,2.4));
#13443=CARTESIAN_POINT('',(16.540254691689,3.24351206434316,2.4));
#13444=CARTESIAN_POINT('',(16.64,3.5,2.4));
#13445=CARTESIAN_POINT('',(17.145,3.5,2.4));
#13446=CARTESIAN_POINT('',(17.145,3.5,2.4));
#13447=CARTESIAN_POINT('',(13.84,3.5,2.4));
#13448=CARTESIAN_POINT('',(14.090254691689,2.85648793565684,2.4));
#13449=CARTESIAN_POINT('',(14.19,2.6,2.4));
#13450=CARTESIAN_POINT('',(16.395,2.6,2.4));
#13451=CARTESIAN_POINT('',(14.49,2.6,2.4));
#13452=CARTESIAN_POINT('',(14.49,2.15,2.4));
#13453=CARTESIAN_POINT('',(14.49,2.15,2.4));
#13454=CARTESIAN_POINT('',(15.57,2.15,2.4));
#13455=CARTESIAN_POINT('',(13.705,2.15,2.4));
#13456=CARTESIAN_POINT('',(13.705,0.55,2.4));
#13457=CARTESIAN_POINT('',(-3.81,-3.8,9.2));
#13458=CARTESIAN_POINT('',(-4.58459666924148,-2.4,9.2));
#13459=CARTESIAN_POINT('',(-4.58459666924073,-2.40000000000294,8.40000000001177));
#13460=CARTESIAN_POINT('',(-4.58459666924148,-2.4,2.4));
#13461=CARTESIAN_POINT('',(-3.81,-3.8,8.4));
#13462=CARTESIAN_POINT('',(-3.03540333075937,-2.40000000000331,8.40000000001325));
#13463=CARTESIAN_POINT('',(-3.03540333075852,-2.4,9.2));
#13464=CARTESIAN_POINT('',(-3.03540333075852,-2.4,2.4));
#13465=CARTESIAN_POINT('',(-3.81,-3.8,2.4));
#13466=CARTESIAN_POINT('',(-3.48,-2.4,2.4));
#13467=CARTESIAN_POINT('',(-3.48,-2.4,8.4));
#13468=CARTESIAN_POINT('',(-2.22263879325545,-2.4,8.4));
#13469=CARTESIAN_POINT('',(-2.27509176366827,-2.4,2.38948492512154));
#13470=CARTESIAN_POINT('',(-2.275,-2.4,2.4));
#13471=CARTESIAN_POINT('',(-3.48,-2.4,2.4));
#13472=CARTESIAN_POINT('',(-3.41,3.5,3.6));
#13473=CARTESIAN_POINT('',(-3.41,3.5,2.4));
#13474=CARTESIAN_POINT('',(-3.41,3.5,2.4));
#13475=CARTESIAN_POINT('',(-3.41,3.5,3.6));
#13476=CARTESIAN_POINT('',(-3.41,3.5,3.6));
#13477=CARTESIAN_POINT('',(-3.41,3.5,3.6));
#13478=CARTESIAN_POINT('',(-1.905,3.5,3.6));
#13479=CARTESIAN_POINT('',(-1.905,3.5,3.6));
#13480=CARTESIAN_POINT('',(-4.21,3.5,3.6));
#13481=CARTESIAN_POINT('',(-4.21,3.3,3.6));
#13482=CARTESIAN_POINT('',(-4.21,3.3,3.6));
#13483=CARTESIAN_POINT('',(-4.21,3.3,2.4));
#13484=CARTESIAN_POINT('',(-4.21,3.5,2.4));
#13485=CARTESIAN_POINT('',(-4.21,3.5,3.6));
#13486=CARTESIAN_POINT('',(-5.635,-0.2,7.6));
#13487=CARTESIAN_POINT('',(-5.635,1.6,7.6));
#13488=CARTESIAN_POINT('',(-5.635,1.6,7.6));
#13489=CARTESIAN_POINT('',(-5.635,1.6,8.09999999999999));
#13490=CARTESIAN_POINT('',(-5.635,-0.2,8.1));
#13491=CARTESIAN_POINT('',(-5.635,-0.2,8.1));
#13492=CARTESIAN_POINT('',(-5.635,-0.2,7.6));
#13493=CARTESIAN_POINT('',(-5.635,-0.2,7.6));
#13494=CARTESIAN_POINT('',(-5.635,-0.2,7.6));
#13495=CARTESIAN_POINT('',(0.,0.,2.4));
#13496=CARTESIAN_POINT('',(-3.48,-2.4,2.4));
#13497=CARTESIAN_POINT('',(-5.345,-2.4,2.4));
#13498=CARTESIAN_POINT('',(-2.275,0.55,2.4));
#13499=CARTESIAN_POINT('',(-2.275,2.15,2.4));
#13500=CARTESIAN_POINT('',(-1.155,2.15,2.4));
#13501=CARTESIAN_POINT('',(-3.06,2.15,2.4));
#13502=CARTESIAN_POINT('',(-3.06,2.6,2.4));
#13503=CARTESIAN_POINT('',(-3.06,2.6,2.4));
#13504=CARTESIAN_POINT('',(-1.155,2.6,2.4));
#13505=CARTESIAN_POINT('',(-2.76,2.6,2.4));
#13506=CARTESIAN_POINT('',(-2.50974530831099,3.24351206434316,2.4));
#13507=CARTESIAN_POINT('',(-2.41,3.5,2.4));
#13508=CARTESIAN_POINT('',(-1.905,3.5,2.4));
#13509=CARTESIAN_POINT('',(-1.905,3.5,2.4));
#13510=CARTESIAN_POINT('',(-5.21,3.5,2.4));
#13511=CARTESIAN_POINT('',(-4.95974530831099,2.85648793565684,2.4));
#13512=CARTESIAN_POINT('',(-4.86,2.6,2.4));
#13513=CARTESIAN_POINT('',(-2.655,2.6,2.4));
#13514=CARTESIAN_POINT('',(-4.56,2.6,2.4));
#13515=CARTESIAN_POINT('',(-4.56,2.15,2.4));
#13516=CARTESIAN_POINT('',(-4.56,2.15,2.4));
#13517=CARTESIAN_POINT('',(-3.48,2.15,2.4));
#13518=CARTESIAN_POINT('',(-5.345,2.15,2.4));
#13519=CARTESIAN_POINT('',(-5.345,0.55,2.4));
#13520=CARTESIAN_POINT('',(-3.48,0.7,7.6));
#13521=CARTESIAN_POINT('',(-3.73,1.6,7.6));
#13522=CARTESIAN_POINT('',(-5.39037971251194,1.6,7.6));
#13523=CARTESIAN_POINT('',(-3.48,-0.2,7.6));
#13524=CARTESIAN_POINT('',(-5.39037971251194,-0.2,7.6));
#13525=CARTESIAN_POINT('',(-5.39037971251194,0.55,7.6));
#13526=CARTESIAN_POINT('',(-3.48,-2.4,2.4));
#13527=CARTESIAN_POINT('',(-5.34485492963646,-2.4,2.38337658286849));
#13528=CARTESIAN_POINT('',(-5.39736120674455,-2.4,8.4));
#13529=CARTESIAN_POINT('',(-3.48,-2.4,8.4));
#13530=CARTESIAN_POINT('',(30.81,-2.4,2.4));
#13531=CARTESIAN_POINT('',(28.9451450703635,-2.4,2.38337658286849));
#13532=CARTESIAN_POINT('',(28.945,-2.4,2.4));
#13533=CARTESIAN_POINT('',(28.8926387932555,-2.4,8.4));
#13534=CARTESIAN_POINT('',(30.81,-2.4,8.4));
#13535=CARTESIAN_POINT('',(29.7054033307593,-2.40000000000294,8.40000000001177));
#13536=CARTESIAN_POINT('',(29.7054033307585,-2.4,9.2));
#13537=CARTESIAN_POINT('',(29.7054033307585,-2.4,2.4));
#13538=CARTESIAN_POINT('',(30.81,-2.4,2.4));
#13539=CARTESIAN_POINT('',(30.48,-3.8,9.2));
#13540=CARTESIAN_POINT('',(30.48,-3.8,8.4));
#13541=CARTESIAN_POINT('',(31.2545966692406,-2.40000000000331,8.40000000001325));
#13542=CARTESIAN_POINT('',(31.2545966692415,-2.4,9.2));
#13543=CARTESIAN_POINT('',(31.2545966692415,-2.4,2.4));
#13544=CARTESIAN_POINT('',(30.48,-3.8,2.4));
#13545=CARTESIAN_POINT('',(30.81,-2.4,2.4));
#13546=CARTESIAN_POINT('',(30.81,-2.4,8.4));
#13547=CARTESIAN_POINT('',(32.0673612067446,-2.4,8.4));
#13548=CARTESIAN_POINT('',(32.0149082363317,-2.4,2.38948492512154));
#13549=CARTESIAN_POINT('',(32.015,-2.4,2.4));
#13550=CARTESIAN_POINT('',(30.81,-2.4,2.4));
#13551=CARTESIAN_POINT('',(30.88,3.5,3.6));
#13552=CARTESIAN_POINT('',(30.88,3.5,2.4));
#13553=CARTESIAN_POINT('',(30.88,3.5,2.4));
#13554=CARTESIAN_POINT('',(30.88,3.5,3.6));
#13555=CARTESIAN_POINT('',(30.88,3.5,3.6));
#13556=CARTESIAN_POINT('',(30.88,3.5,3.6));
#13557=CARTESIAN_POINT('',(32.385,3.5,3.6));
#13558=CARTESIAN_POINT('',(32.385,3.5,3.6));
#13559=CARTESIAN_POINT('',(30.08,3.5,3.6));
#13560=CARTESIAN_POINT('',(30.08,3.3,3.6));
#13561=CARTESIAN_POINT('',(30.08,3.3,3.6));
#13562=CARTESIAN_POINT('',(30.08,3.3,2.4));
#13563=CARTESIAN_POINT('',(30.08,3.5,2.4));
#13564=CARTESIAN_POINT('',(30.08,3.5,3.6));
#13565=CARTESIAN_POINT('',(34.29,0.,2.4));
#13566=CARTESIAN_POINT('',(32.015,0.55,2.4));
#13567=CARTESIAN_POINT('',(32.015,2.15,2.4));
#13568=CARTESIAN_POINT('',(33.135,2.15,2.4));
#13569=CARTESIAN_POINT('',(31.23,2.15,2.4));
#13570=CARTESIAN_POINT('',(31.23,2.6,2.4));
#13571=CARTESIAN_POINT('',(31.23,2.6,2.4));
#13572=CARTESIAN_POINT('',(33.135,2.6,2.4));
#13573=CARTESIAN_POINT('',(31.53,2.6,2.4));
#13574=CARTESIAN_POINT('',(31.780254691689,3.24351206434316,2.4));
#13575=CARTESIAN_POINT('',(31.88,3.5,2.4));
#13576=CARTESIAN_POINT('',(32.385,3.5,2.4));
#13577=CARTESIAN_POINT('',(32.385,3.5,2.4));
#13578=CARTESIAN_POINT('',(29.08,3.5,2.4));
#13579=CARTESIAN_POINT('',(29.330254691689,2.85648793565684,2.4));
#13580=CARTESIAN_POINT('',(29.43,2.6,2.4));
#13581=CARTESIAN_POINT('',(31.635,2.6,2.4));
#13582=CARTESIAN_POINT('',(29.73,2.6,2.4));
#13583=CARTESIAN_POINT('',(29.73,2.15,2.4));
#13584=CARTESIAN_POINT('',(29.73,2.15,2.4));
#13585=CARTESIAN_POINT('',(30.81,2.15,2.4));
#13586=CARTESIAN_POINT('',(28.945,2.15,2.4));
#13587=CARTESIAN_POINT('',(28.945,0.55,2.4));
#13588=CARTESIAN_POINT('',(35.865,-2.4,2.4));
#13589=CARTESIAN_POINT('',(33.5154033307585,-2.4,9.2));
#13590=CARTESIAN_POINT('',(33.5154033307585,-2.4,8.4));
#13591=CARTESIAN_POINT('',(33.5154033307585,-2.4,2.4));
#13592=CARTESIAN_POINT('',(35.865,-2.4,2.4));
#13593=CARTESIAN_POINT('',(32.755,-2.4,2.4));
#13594=CARTESIAN_POINT('',(32.7552368340318,-2.4,2.37286150799002));
#13595=CARTESIAN_POINT('',(32.7026387932555,-2.4,8.4));
#13596=CARTESIAN_POINT('',(35.865,-2.4,8.4));
#13597=CARTESIAN_POINT('',(34.29,-3.8,9.2));
#13598=CARTESIAN_POINT('',(35.0645966692415,-2.4,9.2));
#13599=CARTESIAN_POINT('',(35.0645966692415,-2.4,8.4));
#13600=CARTESIAN_POINT('',(35.0645966692415,-2.4,2.4));
#13601=CARTESIAN_POINT('',(34.29,-3.8,2.4));
#13602=CARTESIAN_POINT('',(34.29,-3.8,8.4));
#13603=CARTESIAN_POINT('',(36.115,-0.2,7.6));
#13604=CARTESIAN_POINT('',(36.115,1.6,7.6));
#13605=CARTESIAN_POINT('',(36.115,1.6,7.6));
#13606=CARTESIAN_POINT('',(36.115,1.6,8.1));
#13607=CARTESIAN_POINT('',(36.115,-0.2,7.6));
#13608=CARTESIAN_POINT('',(36.115,-0.2,7.6));
#13609=CARTESIAN_POINT('',(36.115,-0.2,7.6));
#13610=CARTESIAN_POINT('',(36.115,-0.2,8.1));
#13611=CARTESIAN_POINT('',(36.115,-0.2,8.1));
#13612=CARTESIAN_POINT('',(35.865,0.7,7.6));
#13613=CARTESIAN_POINT('',(36.115,1.6,7.6));
#13614=CARTESIAN_POINT('',(35.8703797125119,1.6,7.6));
#13615=CARTESIAN_POINT('',(35.8703797125119,0.55,7.6));
#13616=CARTESIAN_POINT('',(35.8703797125119,-0.2,7.6));
#13617=CARTESIAN_POINT('',(35.865,-0.2,7.6));
#13618=CARTESIAN_POINT('',(35.865,-2.4,2.4));
#13619=CARTESIAN_POINT('',(35.825,-2.4,2.4));
#13620=CARTESIAN_POINT('',(35.825,-2.4,2.4));
#13621=CARTESIAN_POINT('',(35.8773612067446,-2.4,8.4));
#13622=CARTESIAN_POINT('',(35.865,-2.4,2.4));
#13623=CARTESIAN_POINT('',(35.865,-2.4,8.4));
#13624=CARTESIAN_POINT('',(34.69,3.3,3.6));
#13625=CARTESIAN_POINT('',(34.69,3.3,2.4));
#13626=CARTESIAN_POINT('',(34.69,3.5,2.4));
#13627=CARTESIAN_POINT('',(34.69,3.5,3.6));
#13628=CARTESIAN_POINT('',(34.69,3.5,3.6));
#13629=CARTESIAN_POINT('',(34.69,3.3,3.6));
#13630=CARTESIAN_POINT('',(34.29,3.5,3.6));
#13631=CARTESIAN_POINT('',(33.89,3.5,3.6));
#13632=CARTESIAN_POINT('',(33.89,3.5,3.6));
#13633=CARTESIAN_POINT('',(34.29,3.5,3.6));
#13634=CARTESIAN_POINT('',(33.89,3.5,3.6));
#13635=CARTESIAN_POINT('',(33.89,3.5,2.4));
#13636=CARTESIAN_POINT('',(33.89,3.5,2.4));
#13637=CARTESIAN_POINT('',(33.89,3.5,3.6));
#13638=CARTESIAN_POINT('',(32.385,0.,2.4));
#13639=CARTESIAN_POINT('',(35.825,0.55,2.4));
#13640=CARTESIAN_POINT('',(35.825,2.15,2.4));
#13641=CARTESIAN_POINT('',(35.865,2.15,2.4));
#13642=CARTESIAN_POINT('',(35.04,2.15,2.4));
#13643=CARTESIAN_POINT('',(35.04,2.15,2.4));
#13644=CARTESIAN_POINT('',(35.04,2.6,2.4));
#13645=CARTESIAN_POINT('',(35.04,2.6,2.4));
#13646=CARTESIAN_POINT('',(35.34,2.6,2.4));
#13647=CARTESIAN_POINT('',(35.69,3.5,2.4));
#13648=CARTESIAN_POINT('',(35.69,3.5,2.4));
#13649=CARTESIAN_POINT('',(34.29,3.5,2.4));
#13650=CARTESIAN_POINT('',(34.29,3.5,2.4));
#13651=CARTESIAN_POINT('',(32.89,3.5,2.4));
#13652=CARTESIAN_POINT('',(33.24,2.6,2.4));
#13653=CARTESIAN_POINT('',(33.24,2.6,2.4));
#13654=CARTESIAN_POINT('',(33.54,2.6,2.4));
#13655=CARTESIAN_POINT('',(33.54,2.6,2.4));
#13656=CARTESIAN_POINT('',(33.54,2.6,2.4));
#13657=CARTESIAN_POINT('',(33.54,2.15,2.4));
#13658=CARTESIAN_POINT('',(33.54,2.15,2.4));
#13659=CARTESIAN_POINT('',(32.755,2.15,2.4));
#13660=CARTESIAN_POINT('',(32.755,0.55,2.4));
#13661=CARTESIAN_POINT('',(5.715,-3.,0.3));
#13662=CARTESIAN_POINT('',(7.115,1.,0.3));
#13663=CARTESIAN_POINT('',(2.41,1.,0.3));
#13664=CARTESIAN_POINT('',(5.715,-2.8,0.3));
#13665=CARTESIAN_POINT('',(2.41,-2.8,0.3));
#13666=CARTESIAN_POINT('',(2.41,1.,0.3));
#13667=CARTESIAN_POINT('',(5.715,1.,0.3));
#13668=CARTESIAN_POINT('',(7.115,1.,0.3));
#13669=CARTESIAN_POINT('',(5.715,-3.,0.3));
#13670=CARTESIAN_POINT('',(5.715,-2.8,0.3));
#13671=CARTESIAN_POINT('',(5.21,-2.8,0.3));
#13672=CARTESIAN_POINT('',(7.115,1.,0.3));
#13673=CARTESIAN_POINT('',(5.21,1.,0.3));
#13674=CARTESIAN_POINT('',(5.21,-3.,0.3));
#13675=CARTESIAN_POINT('',(5.715,-2.8,0.3));
#13676=CARTESIAN_POINT('',(4.315,-2.8,2.6));
#13677=CARTESIAN_POINT('',(5.21,-2.8,2.6));
#13678=CARTESIAN_POINT('',(2.41,-2.8,2.6));
#13679=CARTESIAN_POINT('',(2.41,-2.8,0.3));
#13680=CARTESIAN_POINT('',(5.21,-2.8,2.6));
#13681=CARTESIAN_POINT('',(9.525,-3.,0.3));
#13682=CARTESIAN_POINT('',(10.925,1.,0.3));
#13683=CARTESIAN_POINT('',(6.22,1.,0.3));
#13684=CARTESIAN_POINT('',(9.525,-2.8,0.3));
#13685=CARTESIAN_POINT('',(6.22,-2.8,0.3));
#13686=CARTESIAN_POINT('',(6.22,1.,0.3));
#13687=CARTESIAN_POINT('',(9.525,1.,0.3));
#13688=CARTESIAN_POINT('',(10.925,1.,0.3));
#13689=CARTESIAN_POINT('',(9.525,-3.,0.3));
#13690=CARTESIAN_POINT('',(9.525,-2.8,0.3));
#13691=CARTESIAN_POINT('',(9.02,-2.8,0.3));
#13692=CARTESIAN_POINT('',(10.925,1.,0.3));
#13693=CARTESIAN_POINT('',(9.02,1.,0.3));
#13694=CARTESIAN_POINT('',(9.02,-3.,0.3));
#13695=CARTESIAN_POINT('',(9.525,-2.8,0.3));
#13696=CARTESIAN_POINT('',(8.125,-2.8,2.6));
#13697=CARTESIAN_POINT('',(9.02,-2.8,2.6));
#13698=CARTESIAN_POINT('',(6.22,-2.8,2.6));
#13699=CARTESIAN_POINT('',(6.22,-2.8,0.3));
#13700=CARTESIAN_POINT('',(9.02,-2.8,2.6));
#13701=CARTESIAN_POINT('',(13.335,-3.,0.3));
#13702=CARTESIAN_POINT('',(14.735,1.,0.3));
#13703=CARTESIAN_POINT('',(10.03,1.,0.3));
#13704=CARTESIAN_POINT('',(13.335,-2.8,0.3));
#13705=CARTESIAN_POINT('',(10.03,-2.8,0.3));
#13706=CARTESIAN_POINT('',(10.03,1.,0.3));
#13707=CARTESIAN_POINT('',(13.335,1.,0.3));
#13708=CARTESIAN_POINT('',(14.735,1.,0.3));
#13709=CARTESIAN_POINT('',(13.335,-3.,0.3));
#13710=CARTESIAN_POINT('',(13.335,-2.8,0.3));
#13711=CARTESIAN_POINT('',(12.83,-2.8,0.3));
#13712=CARTESIAN_POINT('',(14.735,1.,0.3));
#13713=CARTESIAN_POINT('',(12.83,1.,0.3));
#13714=CARTESIAN_POINT('',(12.83,-3.,0.3));
#13715=CARTESIAN_POINT('',(13.335,-2.8,0.3));
#13716=CARTESIAN_POINT('',(11.935,-2.8,2.6));
#13717=CARTESIAN_POINT('',(12.83,-2.8,2.6));
#13718=CARTESIAN_POINT('',(10.03,-2.8,2.6));
#13719=CARTESIAN_POINT('',(10.03,-2.8,0.3));
#13720=CARTESIAN_POINT('',(12.83,-2.8,2.6));
#13721=CARTESIAN_POINT('',(17.145,-3.,0.3));
#13722=CARTESIAN_POINT('',(18.545,1.,0.3));
#13723=CARTESIAN_POINT('',(13.84,1.,0.3));
#13724=CARTESIAN_POINT('',(17.145,-2.8,0.3));
#13725=CARTESIAN_POINT('',(13.84,-2.8,0.3));
#13726=CARTESIAN_POINT('',(13.84,1.,0.3));
#13727=CARTESIAN_POINT('',(17.145,1.,0.3));
#13728=CARTESIAN_POINT('',(18.545,1.,0.3));
#13729=CARTESIAN_POINT('',(17.145,-3.,0.3));
#13730=CARTESIAN_POINT('',(17.145,-2.8,0.3));
#13731=CARTESIAN_POINT('',(16.64,-2.8,0.3));
#13732=CARTESIAN_POINT('',(18.545,1.,0.3));
#13733=CARTESIAN_POINT('',(16.64,1.,0.3));
#13734=CARTESIAN_POINT('',(16.64,-3.,0.3));
#13735=CARTESIAN_POINT('',(17.145,-2.8,0.3));
#13736=CARTESIAN_POINT('',(15.745,-2.8,2.6));
#13737=CARTESIAN_POINT('',(16.64,-2.8,2.6));
#13738=CARTESIAN_POINT('',(13.84,-2.8,2.6));
#13739=CARTESIAN_POINT('',(13.84,-2.8,0.3));
#13740=CARTESIAN_POINT('',(16.64,-2.8,2.6));
#13741=CARTESIAN_POINT('',(20.955,-3.,0.3));
#13742=CARTESIAN_POINT('',(22.355,1.,0.3));
#13743=CARTESIAN_POINT('',(17.65,1.,0.3));
#13744=CARTESIAN_POINT('',(20.955,-2.8,0.3));
#13745=CARTESIAN_POINT('',(17.65,-2.8,0.3));
#13746=CARTESIAN_POINT('',(17.65,1.,0.3));
#13747=CARTESIAN_POINT('',(20.955,1.,0.3));
#13748=CARTESIAN_POINT('',(22.355,1.,0.3));
#13749=CARTESIAN_POINT('',(20.955,-3.,0.3));
#13750=CARTESIAN_POINT('',(20.955,-2.8,0.3));
#13751=CARTESIAN_POINT('',(20.45,-2.8,0.3));
#13752=CARTESIAN_POINT('',(22.355,1.,0.3));
#13753=CARTESIAN_POINT('',(20.45,1.,0.3));
#13754=CARTESIAN_POINT('',(20.45,-3.,0.3));
#13755=CARTESIAN_POINT('',(20.955,-2.8,0.3));
#13756=CARTESIAN_POINT('',(19.555,-2.8,2.6));
#13757=CARTESIAN_POINT('',(20.45,-2.8,2.6));
#13758=CARTESIAN_POINT('',(17.65,-2.8,2.6));
#13759=CARTESIAN_POINT('',(17.65,-2.8,0.3));
#13760=CARTESIAN_POINT('',(20.45,-2.8,2.6));
#13761=CARTESIAN_POINT('',(24.765,-3.,0.3));
#13762=CARTESIAN_POINT('',(26.165,1.,0.3));
#13763=CARTESIAN_POINT('',(21.46,1.,0.3));
#13764=CARTESIAN_POINT('',(24.765,-2.8,0.3));
#13765=CARTESIAN_POINT('',(21.46,-2.8,0.3));
#13766=CARTESIAN_POINT('',(21.46,1.,0.3));
#13767=CARTESIAN_POINT('',(24.765,1.,0.3));
#13768=CARTESIAN_POINT('',(26.165,1.,0.3));
#13769=CARTESIAN_POINT('',(24.765,-3.,0.3));
#13770=CARTESIAN_POINT('',(24.765,-2.8,0.3));
#13771=CARTESIAN_POINT('',(24.26,-2.8,0.3));
#13772=CARTESIAN_POINT('',(26.165,1.,0.3));
#13773=CARTESIAN_POINT('',(24.26,1.,0.3));
#13774=CARTESIAN_POINT('',(24.26,-3.,0.3));
#13775=CARTESIAN_POINT('',(24.765,-2.8,0.3));
#13776=CARTESIAN_POINT('',(23.365,-2.8,2.6));
#13777=CARTESIAN_POINT('',(24.26,-2.8,2.6));
#13778=CARTESIAN_POINT('',(21.46,-2.8,2.6));
#13779=CARTESIAN_POINT('',(21.46,-2.8,0.3));
#13780=CARTESIAN_POINT('',(24.26,-2.8,2.6));
#13781=CARTESIAN_POINT('',(28.575,-3.,0.3));
#13782=CARTESIAN_POINT('',(29.975,1.,0.3));
#13783=CARTESIAN_POINT('',(25.27,1.,0.3));
#13784=CARTESIAN_POINT('',(28.575,-2.8,0.3));
#13785=CARTESIAN_POINT('',(25.27,-2.8,0.3));
#13786=CARTESIAN_POINT('',(25.27,1.,0.3));
#13787=CARTESIAN_POINT('',(28.575,1.,0.3));
#13788=CARTESIAN_POINT('',(29.975,1.,0.3));
#13789=CARTESIAN_POINT('',(28.575,-3.,0.3));
#13790=CARTESIAN_POINT('',(28.575,-2.8,0.3));
#13791=CARTESIAN_POINT('',(28.07,-2.8,0.3));
#13792=CARTESIAN_POINT('',(29.975,1.,0.3));
#13793=CARTESIAN_POINT('',(28.07,1.,0.3));
#13794=CARTESIAN_POINT('',(28.07,-3.,0.3));
#13795=CARTESIAN_POINT('',(28.575,-2.8,0.3));
#13796=CARTESIAN_POINT('',(27.175,-2.8,2.6));
#13797=CARTESIAN_POINT('',(28.07,-2.8,2.6));
#13798=CARTESIAN_POINT('',(25.27,-2.8,2.6));
#13799=CARTESIAN_POINT('',(25.27,-2.8,0.3));
#13800=CARTESIAN_POINT('',(28.07,-2.8,2.6));
#13801=CARTESIAN_POINT('',(32.385,-3.,0.3));
#13802=CARTESIAN_POINT('',(33.785,1.,0.3));
#13803=CARTESIAN_POINT('',(29.08,1.,0.3));
#13804=CARTESIAN_POINT('',(32.385,-2.8,0.3));
#13805=CARTESIAN_POINT('',(29.08,-2.8,0.3));
#13806=CARTESIAN_POINT('',(29.08,1.,0.3));
#13807=CARTESIAN_POINT('',(32.385,1.,0.3));
#13808=CARTESIAN_POINT('',(33.785,1.,0.3));
#13809=CARTESIAN_POINT('',(32.385,-3.,0.3));
#13810=CARTESIAN_POINT('',(32.385,-2.8,0.3));
#13811=CARTESIAN_POINT('',(31.88,-2.8,0.3));
#13812=CARTESIAN_POINT('',(33.785,1.,0.3));
#13813=CARTESIAN_POINT('',(31.88,1.,0.3));
#13814=CARTESIAN_POINT('',(31.88,-3.,0.3));
#13815=CARTESIAN_POINT('',(32.385,-2.8,0.3));
#13816=CARTESIAN_POINT('',(30.985,-2.8,2.6));
#13817=CARTESIAN_POINT('',(31.88,-2.8,2.6));
#13818=CARTESIAN_POINT('',(29.08,-2.8,2.6));
#13819=CARTESIAN_POINT('',(29.08,-2.8,0.3));
#13820=CARTESIAN_POINT('',(31.88,-2.8,2.6));
#13821=CARTESIAN_POINT('',(34.29,-3.,0.3));
#13822=CARTESIAN_POINT('',(34.29,-2.8,0.3));
#13823=CARTESIAN_POINT('',(32.89,-2.8,0.3));
#13824=CARTESIAN_POINT('',(32.89,-3.,0.3));
#13825=CARTESIAN_POINT('',(32.89,1.,0.3));
#13826=CARTESIAN_POINT('',(32.89,1.,0.3));
#13827=CARTESIAN_POINT('',(34.29,1.,0.3));
#13828=CARTESIAN_POINT('',(32.89,1.,0.3));
#13829=CARTESIAN_POINT('',(34.29,-3.,0.3));
#13830=CARTESIAN_POINT('',(32.89,1.,0.3));
#13831=CARTESIAN_POINT('',(35.69,1.,0.3));
#13832=CARTESIAN_POINT('',(35.69,1.,0.3));
#13833=CARTESIAN_POINT('',(35.69,-2.8,0.3));
#13834=CARTESIAN_POINT('',(34.29,-2.8,0.3));
#13835=CARTESIAN_POINT('',(34.29,-2.8,0.3));
#13836=CARTESIAN_POINT('',(35.69,-2.8,2.6));
#13837=CARTESIAN_POINT('',(32.89,-2.8,2.6));
#13838=CARTESIAN_POINT('',(35.69,-2.8,2.6));
#13839=CARTESIAN_POINT('',(32.89,-2.8,2.6));
#13840=CARTESIAN_POINT('',(35.69,-2.8,0.3));
#13841=CARTESIAN_POINT('',(4.21,4.3,9.2));
#13842=CARTESIAN_POINT('',(-4.21,4.3,6.));
#13843=CARTESIAN_POINT('',(-6.115,4.3,6.));
#13844=CARTESIAN_POINT('',(36.595,4.3,6.));
#13845=CARTESIAN_POINT('',(-6.115,4.3,9.2));
#13846=CARTESIAN_POINT('',(-6.115,4.3,6.2));
#13847=CARTESIAN_POINT('',(-4.21,4.3,6.2));
#13848=CARTESIAN_POINT('',(36.595,4.3,6.2));
#13849=CARTESIAN_POINT('',(36.595,4.3,9.2));
#13850=CARTESIAN_POINT('',(-4.21,4.3,6.2));
#13851=CARTESIAN_POINT('',(36.595,4.3,6.2));
#13852=CARTESIAN_POINT('',(36.595,4.1,6.2));
#13853=CARTESIAN_POINT('',(-6.115,4.3,6.2));
#13854=CARTESIAN_POINT('',(-6.115,4.1,6.2));
#13855=CARTESIAN_POINT('',(-4.21,4.1,6.2));
#13856=CARTESIAN_POINT('',(-4.21,4.,5.8));
#13857=CARTESIAN_POINT('',(36.595,4.,5.8));
#13858=CARTESIAN_POINT('',(36.595,4.,0.5));
#13859=CARTESIAN_POINT('',(36.595,4.,5.8));
#13860=CARTESIAN_POINT('',(-4.21,4.,0.5));
#13861=CARTESIAN_POINT('',(-6.115,4.,0.5));
#13862=CARTESIAN_POINT('',(-6.115,4.,5.8));
#13863=CARTESIAN_POINT('',(-6.115,4.,5.8));
#13864=CARTESIAN_POINT('',(-4.21,4.,5.8));
#13865=CARTESIAN_POINT('',(-4.21,4.1,5.8));
#13866=CARTESIAN_POINT('',(36.595,4.1,5.8));
#13867=CARTESIAN_POINT('',(36.595,4.1,5.8));
#13868=CARTESIAN_POINT('',(-6.115,4.1,5.8));
#13869=CARTESIAN_POINT('',(-6.115,4.1,5.8));
#13870=CARTESIAN_POINT('',(-4.21,4.1,5.8));
#13871=CARTESIAN_POINT('',(-4.21,4.1,6.));
#13872=CARTESIAN_POINT('',(36.595,4.1,6.));
#13873=CARTESIAN_POINT('',(-6.115,4.1,6.));
#13874=CARTESIAN_POINT('',(-1.905,-3.,0.3));
#13875=CARTESIAN_POINT('',(-0.505,1.,0.3));
#13876=CARTESIAN_POINT('',(-5.21,1.,0.3));
#13877=CARTESIAN_POINT('',(-1.905,-2.8,0.3));
#13878=CARTESIAN_POINT('',(-5.21,-2.8,0.3));
#13879=CARTESIAN_POINT('',(-5.21,1.,0.3));
#13880=CARTESIAN_POINT('',(-1.905,1.,0.3));
#13881=CARTESIAN_POINT('',(-0.505,1.,0.3));
#13882=CARTESIAN_POINT('',(-1.905,-3.,0.3));
#13883=CARTESIAN_POINT('',(-1.905,-2.8,0.3));
#13884=CARTESIAN_POINT('',(-2.41,-2.8,0.3));
#13885=CARTESIAN_POINT('',(-0.505,1.,0.3));
#13886=CARTESIAN_POINT('',(-2.41,1.,0.3));
#13887=CARTESIAN_POINT('',(-2.41,-3.,0.3));
#13888=CARTESIAN_POINT('',(-1.905,-2.8,0.3));
#13889=CARTESIAN_POINT('',(-3.305,-2.8,2.6));
#13890=CARTESIAN_POINT('',(-2.41,-2.8,2.6));
#13891=CARTESIAN_POINT('',(-5.21,-2.8,2.6));
#13892=CARTESIAN_POINT('',(-5.21,-2.8,0.3));
#13893=CARTESIAN_POINT('',(-2.41,-2.8,2.6));
#13894=CARTESIAN_POINT('',(25.520254691689,2.85648793565684,2.4));
#13895=CARTESIAN_POINT('',(25.520254691689,2.85648793565684,9.2));
#13896=CARTESIAN_POINT('',(25.62,2.6,9.2));
#13897=CARTESIAN_POINT('',(25.27,3.5,9.2));
#13898=CARTESIAN_POINT('',(25.62,2.6,2.4));
#13899=CARTESIAN_POINT('',(25.27,3.5,2.4));
#13900=CARTESIAN_POINT('',(27.825,2.6,2.4));
#13901=CARTESIAN_POINT('',(3.81,2.6,9.2));
#13902=CARTESIAN_POINT('',(25.92,2.6,9.2));
#13903=CARTESIAN_POINT('',(25.92,2.6,2.4));
#13904=CARTESIAN_POINT('',(25.92,2.15,2.4));
#13905=CARTESIAN_POINT('',(25.92,2.15,9.2));
#13906=CARTESIAN_POINT('',(25.92,2.15,9.2));
#13907=CARTESIAN_POINT('',(25.92,2.15,2.4));
#13908=CARTESIAN_POINT('',(27.,2.15,2.4));
#13909=CARTESIAN_POINT('',(3.81,2.15,9.2));
#13910=CARTESIAN_POINT('',(25.0756572990228,2.15,9.2));
#13911=CARTESIAN_POINT('',(25.1351420242667,2.15,2.38372563099723));
#13912=CARTESIAN_POINT('',(25.1351450703635,0.55,2.38337658286849));
#13913=CARTESIAN_POINT('',(25.0756572990228,0.650000000000002,9.2));
#13914=CARTESIAN_POINT('',(25.0756572990228,-2.6,9.2));
#13915=CARTESIAN_POINT('',(25.0760446454967,-2.58890362260567,9.15561449042267));
#13916=CARTESIAN_POINT('',(30.48,-2.6,9.2));
#13917=CARTESIAN_POINT('',(25.8954033307574,-2.40000000000297,8.40000000001189));
#13918=CARTESIAN_POINT('',(25.9126189473965,-2.46667579654089,8.66670318616356));
#13919=CARTESIAN_POINT('',(25.9304024575822,-2.53334313760533,8.93337255042131));
#13920=CARTESIAN_POINT('',(25.9488897449072,-2.6,9.2));
#13921=CARTESIAN_POINT('',(25.9488897449072,-2.6,9.2));
#13922=CARTESIAN_POINT('',(30.48,-2.6,9.2));
#13923=CARTESIAN_POINT('',(26.67,-3.8,8.4));
#13924=CARTESIAN_POINT('',(27.4445966692425,-2.40000000000334,8.40000000001336));
#13925=CARTESIAN_POINT('',(27.4273810526034,-2.46667579654114,8.66670318616454));
#13926=CARTESIAN_POINT('',(27.4095975424178,-2.53334313760545,8.93337255042181));
#13927=CARTESIAN_POINT('',(27.3911102550928,-2.6,9.2));
#13928=CARTESIAN_POINT('',(27.3911102550928,-2.6,9.2));
#13929=CARTESIAN_POINT('',(26.67,-3.8,9.2));
#13930=CARTESIAN_POINT('',(30.48,-2.6,9.2));
#13931=CARTESIAN_POINT('',(28.2645015042007,-2.60454926175611,9.21819704702444));
#13932=CARTESIAN_POINT('',(28.2643427009772,-2.6,9.2));
#13933=CARTESIAN_POINT('',(30.48,-2.6,9.2));
#13934=CARTESIAN_POINT('',(28.2051450703635,0.55,2.41662341713151));
#13935=CARTESIAN_POINT('',(28.2643427009772,0.650000000000005,9.2));
#13936=CARTESIAN_POINT('',(28.2643427009772,2.15,9.2));
#13937=CARTESIAN_POINT('',(28.2051450703635,2.15,2.41662341713151));
#13938=CARTESIAN_POINT('',(29.325,2.15,2.4));
#13939=CARTESIAN_POINT('',(3.81,2.15,9.2));
#13940=CARTESIAN_POINT('',(27.42,2.15,9.2));
#13941=CARTESIAN_POINT('',(27.42,2.15,2.4));
#13942=CARTESIAN_POINT('',(27.42,2.6,2.4));
#13943=CARTESIAN_POINT('',(27.42,0.65,9.2));
#13944=CARTESIAN_POINT('',(27.42,2.6,9.2));
#13945=CARTESIAN_POINT('',(27.42,2.6,2.4));
#13946=CARTESIAN_POINT('',(29.325,2.6,2.4));
#13947=CARTESIAN_POINT('',(3.81,2.6,9.2));
#13948=CARTESIAN_POINT('',(27.72,2.6,9.2));
#13949=CARTESIAN_POINT('',(27.72,2.6,2.4));
#13950=CARTESIAN_POINT('',(27.970254691689,3.24351206434316,2.4));
#13951=CARTESIAN_POINT('',(23.9202949061662,-7.17067024128687,9.2));
#13952=CARTESIAN_POINT('',(28.07,3.5,9.2));
#13953=CARTESIAN_POINT('',(28.07,3.5,2.4));
#13954=CARTESIAN_POINT('',(28.575,3.5,2.4));
#13955=CARTESIAN_POINT('',(3.81,3.5,9.2));
#13956=CARTESIAN_POINT('',(2.66025469168901,2.85648793565684,2.4));
#13957=CARTESIAN_POINT('',(2.66025469168901,2.85648793565684,9.2));
#13958=CARTESIAN_POINT('',(2.76,2.6,9.2));
#13959=CARTESIAN_POINT('',(2.41,3.5,9.2));
#13960=CARTESIAN_POINT('',(2.76,2.6,2.4));
#13961=CARTESIAN_POINT('',(2.41,3.5,2.4));
#13962=CARTESIAN_POINT('',(4.965,2.6,2.4));
#13963=CARTESIAN_POINT('',(3.81714285714286,2.6,9.2));
#13964=CARTESIAN_POINT('',(3.06,2.6,9.2));
#13965=CARTESIAN_POINT('',(3.06,2.6,2.4));
#13966=CARTESIAN_POINT('',(3.06,2.15,2.4));
#13967=CARTESIAN_POINT('',(3.06,2.15,9.2));
#13968=CARTESIAN_POINT('',(3.06,2.15,9.2));
#13969=CARTESIAN_POINT('',(3.06,2.15,2.4));
#13970=CARTESIAN_POINT('',(4.14,2.15,2.4));
#13971=CARTESIAN_POINT('',(3.81714285714286,2.15,9.2));
#13972=CARTESIAN_POINT('',(2.21565729902284,2.15,9.2));
#13973=CARTESIAN_POINT('',(2.27514202426667,2.15,2.38372563099723));
#13974=CARTESIAN_POINT('',(2.27514507036354,0.55,2.38337658286849));
#13975=CARTESIAN_POINT('',(2.21565729902284,0.65,9.2));
#13976=CARTESIAN_POINT('',(2.21565729902284,-2.6,9.2));
#13977=CARTESIAN_POINT('',(2.21604464549675,-2.58890362260567,9.15561449042267));
#13978=CARTESIAN_POINT('',(7.62,-2.6,9.2));
#13979=CARTESIAN_POINT('',(3.03540333075737,-2.40000000000297,8.40000000001189));
#13980=CARTESIAN_POINT('',(3.05261894739652,-2.46667579654089,8.66670318616356));
#13981=CARTESIAN_POINT('',(3.07040245758216,-2.53334313760533,8.93337255042132));
#13982=CARTESIAN_POINT('',(3.0888897449072,-2.6,9.2));
#13983=CARTESIAN_POINT('',(3.0888897449072,-2.6,9.2));
#13984=CARTESIAN_POINT('',(7.62,-2.6,9.2));
#13985=CARTESIAN_POINT('',(3.81,-3.8,8.4));
#13986=CARTESIAN_POINT('',(4.58459666924253,-2.40000000000334,8.40000000001336));
#13987=CARTESIAN_POINT('',(4.56738105260341,-2.46667579654114,8.66670318616454));
#13988=CARTESIAN_POINT('',(4.5495975424178,-2.53334313760545,8.93337255042181));
#13989=CARTESIAN_POINT('',(4.5311102550928,-2.6,9.2));
#13990=CARTESIAN_POINT('',(4.5311102550928,-2.6,9.2));
#13991=CARTESIAN_POINT('',(3.81,-3.8,9.2));
#13992=CARTESIAN_POINT('',(7.62,-2.6,9.2));
#13993=CARTESIAN_POINT('',(5.40450150420073,-2.60454926175611,9.21819704702444));
#13994=CARTESIAN_POINT('',(5.40434270097716,-2.6,9.2));
#13995=CARTESIAN_POINT('',(7.62,-2.6,9.2));
#13996=CARTESIAN_POINT('',(5.34514507036354,0.55,2.41662341713151));
#13997=CARTESIAN_POINT('',(5.40434270097716,0.65,9.2));
#13998=CARTESIAN_POINT('',(5.40434270097716,2.15,9.2));
#13999=CARTESIAN_POINT('',(5.34514507036354,2.15,2.41662341713151));
#14000=CARTESIAN_POINT('',(6.465,2.15,2.4));
#14001=CARTESIAN_POINT('',(3.81714285714286,2.15,9.2));
#14002=CARTESIAN_POINT('',(4.56,2.15,9.2));
#14003=CARTESIAN_POINT('',(4.56,2.15,2.4));
#14004=CARTESIAN_POINT('',(4.56,2.6,2.4));
#14005=CARTESIAN_POINT('',(4.56,0.65,9.2));
#14006=CARTESIAN_POINT('',(4.56,2.6,9.2));
#14007=CARTESIAN_POINT('',(4.56,2.6,2.4));
#14008=CARTESIAN_POINT('',(6.465,2.6,2.4));
#14009=CARTESIAN_POINT('',(3.81714285714286,2.6,9.2));
#14010=CARTESIAN_POINT('',(4.86,2.6,9.2));
#14011=CARTESIAN_POINT('',(4.86,2.6,2.4));
#14012=CARTESIAN_POINT('',(5.11025469168901,3.24351206434316,2.4));
#14013=CARTESIAN_POINT('',(4.06428954423592,0.553887399463807,9.2));
#14014=CARTESIAN_POINT('',(5.21,3.5,9.2));
#14015=CARTESIAN_POINT('',(5.21,3.5,2.4));
#14016=CARTESIAN_POINT('',(5.715,3.5,2.4));
#14017=CARTESIAN_POINT('',(3.81714285714286,3.5,9.2));
#14018=CARTESIAN_POINT('',(21.710254691689,2.85648793565684,2.4));
#14019=CARTESIAN_POINT('',(21.710254691689,2.85648793565684,9.2));
#14020=CARTESIAN_POINT('',(21.81,2.6,9.2));
#14021=CARTESIAN_POINT('',(21.46,3.5,9.2));
#14022=CARTESIAN_POINT('',(21.81,2.6,2.4));
#14023=CARTESIAN_POINT('',(21.46,3.5,2.4));
#14024=CARTESIAN_POINT('',(24.015,2.6,2.4));
#14025=CARTESIAN_POINT('',(7.62,2.6,9.2));
#14026=CARTESIAN_POINT('',(22.11,2.6,9.2));
#14027=CARTESIAN_POINT('',(22.11,2.6,2.4));
#14028=CARTESIAN_POINT('',(22.11,2.15,2.4));
#14029=CARTESIAN_POINT('',(22.11,2.15,9.2));
#14030=CARTESIAN_POINT('',(22.11,2.15,9.2));
#14031=CARTESIAN_POINT('',(22.11,2.15,2.4));
#14032=CARTESIAN_POINT('',(23.19,2.15,2.4));
#14033=CARTESIAN_POINT('',(7.62,2.15,9.2));
#14034=CARTESIAN_POINT('',(21.2656572990228,2.15,9.2));
#14035=CARTESIAN_POINT('',(21.3251420242667,2.15,2.38372563099723));
#14036=CARTESIAN_POINT('',(21.3251450703635,0.55,2.38337658286849));
#14037=CARTESIAN_POINT('',(21.2656572990228,0.650000000000001,9.2));
#14038=CARTESIAN_POINT('',(21.2656572990228,-2.6,9.2));
#14039=CARTESIAN_POINT('',(21.2660446454967,-2.58890362260567,9.15561449042267));
#14040=CARTESIAN_POINT('',(26.67,-2.6,9.2));
#14041=CARTESIAN_POINT('',(22.0854033307574,-2.40000000000297,8.40000000001189));
#14042=CARTESIAN_POINT('',(22.1026189473965,-2.46667579654089,8.66670318616356));
#14043=CARTESIAN_POINT('',(22.1204024575822,-2.53334313760533,8.93337255042131));
#14044=CARTESIAN_POINT('',(22.1388897449072,-2.6,9.2));
#14045=CARTESIAN_POINT('',(22.1388897449072,-2.6,9.2));
#14046=CARTESIAN_POINT('',(26.67,-2.6,9.2));
#14047=CARTESIAN_POINT('',(22.86,-3.8,8.4));
#14048=CARTESIAN_POINT('',(23.6345966692425,-2.40000000000334,8.40000000001336));
#14049=CARTESIAN_POINT('',(23.6173810526034,-2.46667579654114,8.66670318616454));
#14050=CARTESIAN_POINT('',(23.5995975424178,-2.53334313760545,8.93337255042181));
#14051=CARTESIAN_POINT('',(23.5811102550928,-2.6,9.2));
#14052=CARTESIAN_POINT('',(23.5811102550928,-2.6,9.2));
#14053=CARTESIAN_POINT('',(22.86,-3.8,9.2));
#14054=CARTESIAN_POINT('',(26.67,-2.6,9.2));
#14055=CARTESIAN_POINT('',(24.4545015042007,-2.60454926175611,9.21819704702444));
#14056=CARTESIAN_POINT('',(24.4543427009772,-2.6,9.2));
#14057=CARTESIAN_POINT('',(26.67,-2.6,9.2));
#14058=CARTESIAN_POINT('',(24.3951450703635,0.55,2.41662341713151));
#14059=CARTESIAN_POINT('',(24.4543427009772,0.650000000000004,9.2));
#14060=CARTESIAN_POINT('',(24.4543427009772,2.15,9.2));
#14061=CARTESIAN_POINT('',(24.3951450703635,2.15,2.41662341713151));
#14062=CARTESIAN_POINT('',(25.515,2.15,2.4));
#14063=CARTESIAN_POINT('',(7.62,2.15,9.2));
#14064=CARTESIAN_POINT('',(23.61,2.15,9.2));
#14065=CARTESIAN_POINT('',(23.61,2.15,2.4));
#14066=CARTESIAN_POINT('',(23.61,2.6,2.4));
#14067=CARTESIAN_POINT('',(23.61,0.65,9.2));
#14068=CARTESIAN_POINT('',(23.61,2.6,9.2));
#14069=CARTESIAN_POINT('',(23.61,2.6,2.4));
#14070=CARTESIAN_POINT('',(25.515,2.6,2.4));
#14071=CARTESIAN_POINT('',(7.62,2.6,9.2));
#14072=CARTESIAN_POINT('',(23.91,2.6,9.2));
#14073=CARTESIAN_POINT('',(23.91,2.6,2.4));
#14074=CARTESIAN_POINT('',(24.160254691689,3.24351206434316,2.4));
#14075=CARTESIAN_POINT('',(21.1113136729222,-4.59662198391421,9.2));
#14076=CARTESIAN_POINT('',(24.26,3.5,9.2));
#14077=CARTESIAN_POINT('',(24.26,3.5,2.4));
#14078=CARTESIAN_POINT('',(24.765,3.5,2.4));
#14079=CARTESIAN_POINT('',(7.62,3.5,9.2));
#14080=CARTESIAN_POINT('',(6.47025469168901,2.85648793565684,2.4));
#14081=CARTESIAN_POINT('',(6.47025469168901,2.85648793565684,9.2));
#14082=CARTESIAN_POINT('',(6.57,2.6,9.2));
#14083=CARTESIAN_POINT('',(6.22,3.5,9.2));
#14084=CARTESIAN_POINT('',(6.57,2.6,2.4));
#14085=CARTESIAN_POINT('',(6.22,3.5,2.4));
#14086=CARTESIAN_POINT('',(8.775,2.6,2.4));
#14087=CARTESIAN_POINT('',(7.62,2.6,9.2));
#14088=CARTESIAN_POINT('',(6.87,2.6,9.2));
#14089=CARTESIAN_POINT('',(6.87,2.6,2.4));
#14090=CARTESIAN_POINT('',(6.87,2.15,2.4));
#14091=CARTESIAN_POINT('',(6.87,2.15,9.2));
#14092=CARTESIAN_POINT('',(6.87,2.15,9.2));
#14093=CARTESIAN_POINT('',(6.87,2.15,2.4));
#14094=CARTESIAN_POINT('',(7.95,2.15,2.4));
#14095=CARTESIAN_POINT('',(7.62,2.15,9.2));
#14096=CARTESIAN_POINT('',(6.02565729902284,2.15,9.2));
#14097=CARTESIAN_POINT('',(6.08514202426667,2.15,2.38372563099723));
#14098=CARTESIAN_POINT('',(6.08514507036354,0.55,2.38337658286849));
#14099=CARTESIAN_POINT('',(6.02565729902284,0.65,9.2));
#14100=CARTESIAN_POINT('',(6.02565729902284,-2.6,9.2));
#14101=CARTESIAN_POINT('',(6.02604464549675,-2.58890362260567,9.15561449042267));
#14102=CARTESIAN_POINT('',(11.43,-2.6,9.2));
#14103=CARTESIAN_POINT('',(6.84540333075737,-2.40000000000297,8.40000000001189));
#14104=CARTESIAN_POINT('',(6.86261894739652,-2.46667579654089,8.66670318616356));
#14105=CARTESIAN_POINT('',(6.88040245758216,-2.53334313760533,8.93337255042132));
#14106=CARTESIAN_POINT('',(6.8988897449072,-2.6,9.2));
#14107=CARTESIAN_POINT('',(6.8988897449072,-2.6,9.2));
#14108=CARTESIAN_POINT('',(11.43,-2.6,9.2));
#14109=CARTESIAN_POINT('',(7.62,-3.8,8.4));
#14110=CARTESIAN_POINT('',(8.39459666924253,-2.40000000000334,8.40000000001336));
#14111=CARTESIAN_POINT('',(8.37738105260341,-2.46667579654114,8.66670318616454));
#14112=CARTESIAN_POINT('',(8.3595975424178,-2.53334313760545,8.93337255042181));
#14113=CARTESIAN_POINT('',(8.3411102550928,-2.6,9.2));
#14114=CARTESIAN_POINT('',(8.3411102550928,-2.6,9.2));
#14115=CARTESIAN_POINT('',(7.62,-3.8,9.2));
#14116=CARTESIAN_POINT('',(11.43,-2.6,9.2));
#14117=CARTESIAN_POINT('',(9.21450150420072,-2.60454926175611,9.21819704702444));
#14118=CARTESIAN_POINT('',(9.21434270097716,-2.6,9.2));
#14119=CARTESIAN_POINT('',(11.43,-2.6,9.2));
#14120=CARTESIAN_POINT('',(9.15514507036354,0.55,2.41662341713151));
#14121=CARTESIAN_POINT('',(9.21434270097716,0.65,9.2));
#14122=CARTESIAN_POINT('',(9.21434270097716,2.15,9.2));
#14123=CARTESIAN_POINT('',(9.15514507036353,2.15,2.41662341713151));
#14124=CARTESIAN_POINT('',(10.275,2.15,2.4));
#14125=CARTESIAN_POINT('',(7.62,2.15,9.2));
#14126=CARTESIAN_POINT('',(8.37,2.15,9.2));
#14127=CARTESIAN_POINT('',(8.37,2.15,2.4));
#14128=CARTESIAN_POINT('',(8.37,2.6,2.4));
#14129=CARTESIAN_POINT('',(8.37,0.65,9.2));
#14130=CARTESIAN_POINT('',(8.37,2.6,9.2));
#14131=CARTESIAN_POINT('',(8.37,2.6,2.4));
#14132=CARTESIAN_POINT('',(10.275,2.6,2.4));
#14133=CARTESIAN_POINT('',(7.62,2.6,9.2));
#14134=CARTESIAN_POINT('',(8.67,2.6,9.2));
#14135=CARTESIAN_POINT('',(8.67,2.6,2.4));
#14136=CARTESIAN_POINT('',(8.92025469168901,3.24351206434316,2.4));
#14137=CARTESIAN_POINT('',(7.87335120643431,0.551474530831099,9.2));
#14138=CARTESIAN_POINT('',(9.02,3.5,9.2));
#14139=CARTESIAN_POINT('',(9.02,3.5,2.4));
#14140=CARTESIAN_POINT('',(9.525,3.5,2.4));
#14141=CARTESIAN_POINT('',(7.62,3.5,9.2));
#14142=CARTESIAN_POINT('',(17.900254691689,2.85648793565684,2.4));
#14143=CARTESIAN_POINT('',(17.900254691689,2.85648793565684,9.2));
#14144=CARTESIAN_POINT('',(18.,2.6,9.2));
#14145=CARTESIAN_POINT('',(17.65,3.5,9.2));
#14146=CARTESIAN_POINT('',(18.,2.6,2.4));
#14147=CARTESIAN_POINT('',(17.65,3.5,2.4));
#14148=CARTESIAN_POINT('',(20.205,2.6,2.4));
#14149=CARTESIAN_POINT('',(11.43,2.6,9.2));
#14150=CARTESIAN_POINT('',(18.3,2.6,9.2));
#14151=CARTESIAN_POINT('',(18.3,2.6,2.4));
#14152=CARTESIAN_POINT('',(18.3,2.15,2.4));
#14153=CARTESIAN_POINT('',(18.3,2.15,9.2));
#14154=CARTESIAN_POINT('',(18.3,2.15,9.2));
#14155=CARTESIAN_POINT('',(18.3,2.15,2.4));
#14156=CARTESIAN_POINT('',(19.38,2.15,2.4));
#14157=CARTESIAN_POINT('',(11.43,2.15,9.2));
#14158=CARTESIAN_POINT('',(17.4556572990228,2.15,9.2));
#14159=CARTESIAN_POINT('',(17.5151420242667,2.15,2.38372563099723));
#14160=CARTESIAN_POINT('',(17.5151450703635,0.55,2.38337658286849));
#14161=CARTESIAN_POINT('',(17.4556572990228,0.65,9.2));
#14162=CARTESIAN_POINT('',(17.4556572990228,-2.6,9.2));
#14163=CARTESIAN_POINT('',(17.4560446454967,-2.58890362260567,9.15561449042267));
#14164=CARTESIAN_POINT('',(22.86,-2.6,9.2));
#14165=CARTESIAN_POINT('',(18.2754033307574,-2.40000000000297,8.40000000001189));
#14166=CARTESIAN_POINT('',(18.2926189473965,-2.46667579654089,8.66670318616356));
#14167=CARTESIAN_POINT('',(18.3104024575822,-2.53334313760533,8.93337255042131));
#14168=CARTESIAN_POINT('',(18.3288897449072,-2.6,9.2));
#14169=CARTESIAN_POINT('',(18.3288897449072,-2.6,9.2));
#14170=CARTESIAN_POINT('',(22.86,-2.6,9.2));
#14171=CARTESIAN_POINT('',(19.05,-3.8,8.4));
#14172=CARTESIAN_POINT('',(19.8245966692425,-2.40000000000334,8.40000000001336));
#14173=CARTESIAN_POINT('',(19.8073810526034,-2.46667579654114,8.66670318616454));
#14174=CARTESIAN_POINT('',(19.7895975424178,-2.53334313760545,8.93337255042181));
#14175=CARTESIAN_POINT('',(19.7711102550928,-2.6,9.2));
#14176=CARTESIAN_POINT('',(19.7711102550928,-2.6,9.2));
#14177=CARTESIAN_POINT('',(19.05,-3.8,9.2));
#14178=CARTESIAN_POINT('',(22.86,-2.6,9.2));
#14179=CARTESIAN_POINT('',(20.6445015042007,-2.60454926175611,9.21819704702444));
#14180=CARTESIAN_POINT('',(20.6443427009772,-2.6,9.2));
#14181=CARTESIAN_POINT('',(22.86,-2.6,9.2));
#14182=CARTESIAN_POINT('',(20.5851450703635,0.55,2.41662341713151));
#14183=CARTESIAN_POINT('',(20.6443427009772,0.650000000000002,9.2));
#14184=CARTESIAN_POINT('',(20.6443427009772,2.15,9.2));
#14185=CARTESIAN_POINT('',(20.5851450703635,2.15,2.41662341713151));
#14186=CARTESIAN_POINT('',(21.705,2.15,2.4));
#14187=CARTESIAN_POINT('',(11.43,2.15,9.2));
#14188=CARTESIAN_POINT('',(19.8,2.15,9.2));
#14189=CARTESIAN_POINT('',(19.8,2.15,2.4));
#14190=CARTESIAN_POINT('',(19.8,2.6,2.4));
#14191=CARTESIAN_POINT('',(19.8,0.65,9.2));
#14192=CARTESIAN_POINT('',(19.8,2.6,9.2));
#14193=CARTESIAN_POINT('',(19.8,2.6,2.4));
#14194=CARTESIAN_POINT('',(21.705,2.6,2.4));
#14195=CARTESIAN_POINT('',(11.43,2.6,9.2));
#14196=CARTESIAN_POINT('',(20.1,2.6,9.2));
#14197=CARTESIAN_POINT('',(20.1,2.6,2.4));
#14198=CARTESIAN_POINT('',(20.350254691689,3.24351206434316,2.4));
#14199=CARTESIAN_POINT('',(18.3023324396783,-2.02257372654155,9.2));
#14200=CARTESIAN_POINT('',(20.45,3.5,9.2));
#14201=CARTESIAN_POINT('',(20.45,3.5,2.4));
#14202=CARTESIAN_POINT('',(20.955,3.5,2.4));
#14203=CARTESIAN_POINT('',(11.43,3.5,9.2));
#14204=CARTESIAN_POINT('',(10.280254691689,2.85648793565684,2.4));
#14205=CARTESIAN_POINT('',(10.280254691689,2.85648793565684,9.2));
#14206=CARTESIAN_POINT('',(10.38,2.6,9.2));
#14207=CARTESIAN_POINT('',(10.03,3.5,9.2));
#14208=CARTESIAN_POINT('',(10.38,2.6,2.4));
#14209=CARTESIAN_POINT('',(10.03,3.5,2.4));
#14210=CARTESIAN_POINT('',(12.585,2.6,2.4));
#14211=CARTESIAN_POINT('',(11.43,2.6,9.2));
#14212=CARTESIAN_POINT('',(10.68,2.6,9.2));
#14213=CARTESIAN_POINT('',(10.68,2.6,2.4));
#14214=CARTESIAN_POINT('',(10.68,2.15,2.4));
#14215=CARTESIAN_POINT('',(10.68,2.15,9.2));
#14216=CARTESIAN_POINT('',(10.68,2.15,9.2));
#14217=CARTESIAN_POINT('',(10.68,2.15,2.4));
#14218=CARTESIAN_POINT('',(11.76,2.15,2.4));
#14219=CARTESIAN_POINT('',(11.43,2.15,9.2));
#14220=CARTESIAN_POINT('',(9.83565729902284,2.15,9.2));
#14221=CARTESIAN_POINT('',(9.89514202426667,2.15,2.38372563099723));
#14222=CARTESIAN_POINT('',(9.89514507036354,0.55,2.38337658286849));
#14223=CARTESIAN_POINT('',(9.83565729902284,0.65,9.2));
#14224=CARTESIAN_POINT('',(9.83565729902284,-2.6,9.2));
#14225=CARTESIAN_POINT('',(9.83604464549675,-2.58890362260567,9.15561449042267));
#14226=CARTESIAN_POINT('',(15.24,-2.6,9.2));
#14227=CARTESIAN_POINT('',(10.6554033307574,-2.40000000000297,8.40000000001189));
#14228=CARTESIAN_POINT('',(10.6726189473965,-2.46667579654089,8.66670318616356));
#14229=CARTESIAN_POINT('',(10.6904024575822,-2.53334313760533,8.93337255042132));
#14230=CARTESIAN_POINT('',(10.7088897449072,-2.6,9.2));
#14231=CARTESIAN_POINT('',(10.7088897449072,-2.6,9.2));
#14232=CARTESIAN_POINT('',(15.24,-2.6,9.2));
#14233=CARTESIAN_POINT('',(11.43,-3.8,8.4));
#14234=CARTESIAN_POINT('',(12.2045966692425,-2.40000000000334,8.40000000001336));
#14235=CARTESIAN_POINT('',(12.1873810526034,-2.46667579654114,8.66670318616454));
#14236=CARTESIAN_POINT('',(12.1695975424178,-2.53334313760545,8.93337255042181));
#14237=CARTESIAN_POINT('',(12.1511102550928,-2.6,9.2));
#14238=CARTESIAN_POINT('',(12.1511102550928,-2.6,9.2));
#14239=CARTESIAN_POINT('',(11.43,-3.8,9.2));
#14240=CARTESIAN_POINT('',(15.24,-2.6,9.2));
#14241=CARTESIAN_POINT('',(13.0245015042007,-2.60454926175611,9.21819704702444));
#14242=CARTESIAN_POINT('',(13.0243427009772,-2.6,9.2));
#14243=CARTESIAN_POINT('',(15.24,-2.6,9.2));
#14244=CARTESIAN_POINT('',(12.9651450703635,0.55,2.41662341713151));
#14245=CARTESIAN_POINT('',(13.0243427009772,0.65,9.2));
#14246=CARTESIAN_POINT('',(13.0243427009772,2.15,9.2));
#14247=CARTESIAN_POINT('',(12.9651450703635,2.15,2.41662341713151));
#14248=CARTESIAN_POINT('',(14.085,2.15,2.4));
#14249=CARTESIAN_POINT('',(11.43,2.15,9.2));
#14250=CARTESIAN_POINT('',(12.18,2.15,9.2));
#14251=CARTESIAN_POINT('',(12.18,2.15,2.4));
#14252=CARTESIAN_POINT('',(12.18,2.6,2.4));
#14253=CARTESIAN_POINT('',(12.18,0.65,9.2));
#14254=CARTESIAN_POINT('',(12.18,2.6,9.2));
#14255=CARTESIAN_POINT('',(12.18,2.6,2.4));
#14256=CARTESIAN_POINT('',(14.085,2.6,2.4));
#14257=CARTESIAN_POINT('',(11.43,2.6,9.2));
#14258=CARTESIAN_POINT('',(12.48,2.6,9.2));
#14259=CARTESIAN_POINT('',(12.48,2.6,2.4));
#14260=CARTESIAN_POINT('',(12.730254691689,3.24351206434316,2.4));
#14261=CARTESIAN_POINT('',(11.6833512064343,0.5514745308311,9.2));
#14262=CARTESIAN_POINT('',(12.83,3.5,9.2));
#14263=CARTESIAN_POINT('',(12.83,3.5,2.4));
#14264=CARTESIAN_POINT('',(13.335,3.5,2.4));
#14265=CARTESIAN_POINT('',(11.43,3.5,9.2));
#14266=CARTESIAN_POINT('',(14.090254691689,2.85648793565684,2.4));
#14267=CARTESIAN_POINT('',(14.090254691689,2.85648793565684,9.2));
#14268=CARTESIAN_POINT('',(14.19,2.6,9.2));
#14269=CARTESIAN_POINT('',(13.84,3.5,9.2));
#14270=CARTESIAN_POINT('',(14.19,2.6,2.4));
#14271=CARTESIAN_POINT('',(13.84,3.5,2.4));
#14272=CARTESIAN_POINT('',(16.395,2.6,2.4));
#14273=CARTESIAN_POINT('',(15.24,2.6,9.2));
#14274=CARTESIAN_POINT('',(14.49,2.6,9.2));
#14275=CARTESIAN_POINT('',(14.49,2.6,2.4));
#14276=CARTESIAN_POINT('',(14.49,2.15,2.4));
#14277=CARTESIAN_POINT('',(14.49,2.15,9.2));
#14278=CARTESIAN_POINT('',(14.49,2.15,9.2));
#14279=CARTESIAN_POINT('',(14.49,2.15,2.4));
#14280=CARTESIAN_POINT('',(15.57,2.15,2.4));
#14281=CARTESIAN_POINT('',(15.24,2.15,9.2));
#14282=CARTESIAN_POINT('',(13.6456572990228,2.15,9.2));
#14283=CARTESIAN_POINT('',(13.7051420242667,2.15,2.38372563099723));
#14284=CARTESIAN_POINT('',(13.7051450703635,0.55,2.38337658286849));
#14285=CARTESIAN_POINT('',(13.6456572990228,0.65,9.2));
#14286=CARTESIAN_POINT('',(13.6456572990228,-2.6,9.2));
#14287=CARTESIAN_POINT('',(13.6460446454967,-2.58890362260567,9.15561449042267));
#14288=CARTESIAN_POINT('',(19.05,-2.6,9.2));
#14289=CARTESIAN_POINT('',(14.4654033307574,-2.40000000000297,8.40000000001189));
#14290=CARTESIAN_POINT('',(14.4826189473965,-2.46667579654089,8.66670318616356));
#14291=CARTESIAN_POINT('',(14.5004024575822,-2.53334313760533,8.93337255042132));
#14292=CARTESIAN_POINT('',(14.5188897449072,-2.6,9.2));
#14293=CARTESIAN_POINT('',(14.5188897449072,-2.6,9.2));
#14294=CARTESIAN_POINT('',(19.05,-2.6,9.2));
#14295=CARTESIAN_POINT('',(15.24,-3.8,8.4));
#14296=CARTESIAN_POINT('',(16.0145966692425,-2.40000000000334,8.40000000001336));
#14297=CARTESIAN_POINT('',(15.9973810526034,-2.46667579654114,8.66670318616454));
#14298=CARTESIAN_POINT('',(15.9795975424178,-2.53334313760545,8.93337255042181));
#14299=CARTESIAN_POINT('',(15.9611102550928,-2.6,9.2));
#14300=CARTESIAN_POINT('',(15.9611102550928,-2.6,9.2));
#14301=CARTESIAN_POINT('',(15.24,-3.8,9.2));
#14302=CARTESIAN_POINT('',(19.05,-2.6,9.2));
#14303=CARTESIAN_POINT('',(16.8345015042007,-2.60454926175611,9.21819704702444));
#14304=CARTESIAN_POINT('',(16.8343427009772,-2.6,9.2));
#14305=CARTESIAN_POINT('',(19.05,-2.6,9.2));
#14306=CARTESIAN_POINT('',(16.7751450703635,0.55,2.41662341713151));
#14307=CARTESIAN_POINT('',(16.8343427009772,0.65,9.2));
#14308=CARTESIAN_POINT('',(16.8343427009772,2.15,9.2));
#14309=CARTESIAN_POINT('',(16.7751450703635,2.15,2.41662341713151));
#14310=CARTESIAN_POINT('',(17.895,2.15,2.4));
#14311=CARTESIAN_POINT('',(15.24,2.15,9.2));
#14312=CARTESIAN_POINT('',(15.99,2.15,9.2));
#14313=CARTESIAN_POINT('',(15.99,2.15,2.4));
#14314=CARTESIAN_POINT('',(15.99,2.6,2.4));
#14315=CARTESIAN_POINT('',(15.99,0.65,9.2));
#14316=CARTESIAN_POINT('',(15.99,2.6,9.2));
#14317=CARTESIAN_POINT('',(15.99,2.6,2.4));
#14318=CARTESIAN_POINT('',(17.895,2.6,2.4));
#14319=CARTESIAN_POINT('',(15.24,2.6,9.2));
#14320=CARTESIAN_POINT('',(16.29,2.6,9.2));
#14321=CARTESIAN_POINT('',(16.29,2.6,2.4));
#14322=CARTESIAN_POINT('',(16.540254691689,3.24351206434316,2.4));
#14323=CARTESIAN_POINT('',(15.4933512064343,0.551474530831099,9.2));
#14324=CARTESIAN_POINT('',(16.64,3.5,9.2));
#14325=CARTESIAN_POINT('',(16.64,3.5,2.4));
#14326=CARTESIAN_POINT('',(17.145,3.5,2.4));
#14327=CARTESIAN_POINT('',(15.24,3.5,9.2));
#14328=CARTESIAN_POINT('',(-4.21,4.,9.2));
#14329=CARTESIAN_POINT('',(36.595,4.,9.2));
#14330=CARTESIAN_POINT('',(36.595,4.,9.2));
#14331=CARTESIAN_POINT('',(-6.115,4.,9.2));
#14332=CARTESIAN_POINT('',(-6.115,4.,9.2));
#14333=CARTESIAN_POINT('',(-4.21,4.,9.2));
#14334=CARTESIAN_POINT('',(-3.81,-3.8,8.4));
#14335=CARTESIAN_POINT('',(-3.08888974490707,-2.6,9.20000000000001));
#14336=CARTESIAN_POINT('',(-3.07040245758206,-2.53334313760545,8.93337255042182));
#14337=CARTESIAN_POINT('',(-3.05261894739846,-2.46667579654111,8.66670318616443));
#14338=CARTESIAN_POINT('',(-3.03540333075937,-2.40000000000331,8.40000000001325));
#14339=CARTESIAN_POINT('',(-3.0888897449072,-2.6,9.2));
#14340=CARTESIAN_POINT('',(-4.53111025510188,-2.60000000000016,9.20000000000065));
#14341=CARTESIAN_POINT('',(-4.54959754242712,-2.53334313760549,8.93337255042197));
#14342=CARTESIAN_POINT('',(-4.56738105260161,-2.46667579654086,8.66670318616345));
#14343=CARTESIAN_POINT('',(-4.58459666924072,-2.40000000000294,8.40000000001177));
#14344=CARTESIAN_POINT('',(-4.5311102550928,-2.6,9.2));
#14345=CARTESIAN_POINT('',(-3.81,-3.8,9.2));
#14346=CARTESIAN_POINT('',(0.,-2.6,9.2));
#14347=CARTESIAN_POINT('',(-2.21549849579928,-2.60454926175611,9.21819704702444));
#14348=CARTESIAN_POINT('',(-2.21565729902284,-2.6,9.2));
#14349=CARTESIAN_POINT('',(0.,-2.6,9.2));
#14350=CARTESIAN_POINT('',(-2.27485492963646,0.55,2.41662341713151));
#14351=CARTESIAN_POINT('',(-2.21565729902284,0.649999999999999,9.2));
#14352=CARTESIAN_POINT('',(-2.21565729902284,2.15,9.2));
#14353=CARTESIAN_POINT('',(-2.27485492963646,2.15,2.41662341713151));
#14354=CARTESIAN_POINT('',(-1.155,2.15,2.4));
#14355=CARTESIAN_POINT('',(-1.155,2.15,9.2));
#14356=CARTESIAN_POINT('',(-3.06,2.15,9.2));
#14357=CARTESIAN_POINT('',(-3.06,2.15,2.4));
#14358=CARTESIAN_POINT('',(-3.06,2.6,2.4));
#14359=CARTESIAN_POINT('',(-3.06,2.6,9.2));
#14360=CARTESIAN_POINT('',(-3.06,2.6,9.2));
#14361=CARTESIAN_POINT('',(-3.06,2.6,2.4));
#14362=CARTESIAN_POINT('',(-1.155,2.6,2.4));
#14363=CARTESIAN_POINT('',(-1.155,2.6,9.2));
#14364=CARTESIAN_POINT('',(-2.76,2.6,9.2));
#14365=CARTESIAN_POINT('',(-2.76,2.6,2.4));
#14366=CARTESIAN_POINT('',(-2.50974530831099,3.24351206434316,2.4));
#14367=CARTESIAN_POINT('',(-2.50974530831099,3.24351206434316,9.2));
#14368=CARTESIAN_POINT('',(-2.41,3.5,9.2));
#14369=CARTESIAN_POINT('',(-2.41,3.5,2.4));
#14370=CARTESIAN_POINT('',(-1.905,3.5,2.4));
#14371=CARTESIAN_POINT('',(-1.905,3.5,9.2));
#14372=CARTESIAN_POINT('',(-5.21,3.5,9.2));
#14373=CARTESIAN_POINT('',(-5.21,3.5,2.4));
#14374=CARTESIAN_POINT('',(-4.95974530831099,2.85648793565684,2.4));
#14375=CARTESIAN_POINT('',(-4.95974530831099,2.85648793565684,9.2));
#14376=CARTESIAN_POINT('',(-4.86,2.6,9.2));
#14377=CARTESIAN_POINT('',(-4.86,2.6,2.4));
#14378=CARTESIAN_POINT('',(-2.655,2.6,2.4));
#14379=CARTESIAN_POINT('',(-2.655,2.6,9.2));
#14380=CARTESIAN_POINT('',(-4.56,2.6,9.2));
#14381=CARTESIAN_POINT('',(-4.56,2.6,2.4));
#14382=CARTESIAN_POINT('',(-4.56,2.15,2.4));
#14383=CARTESIAN_POINT('',(-4.56,2.15,9.2));
#14384=CARTESIAN_POINT('',(-4.56,2.15,9.2));
#14385=CARTESIAN_POINT('',(-4.56,2.15,2.4));
#14386=CARTESIAN_POINT('',(-3.48,2.15,2.4));
#14387=CARTESIAN_POINT('',(-3.48,2.15,9.2));
#14388=CARTESIAN_POINT('',(-5.40434270097716,2.15,9.2));
#14389=CARTESIAN_POINT('',(-5.34485797573333,2.15,2.38372563099723));
#14390=CARTESIAN_POINT('',(-3.73,1.6,7.6));
#14391=CARTESIAN_POINT('',(-3.73,1.6,9.2));
#14392=CARTESIAN_POINT('',(-5.905,1.6,9.2));
#14393=CARTESIAN_POINT('',(-5.40434270097716,1.6,9.2));
#14394=CARTESIAN_POINT('',(-5.79674955179671,1.6,8.75897965546808));
#14395=CARTESIAN_POINT('',(-5.39025327057572,1.6,7.58551118920851));
#14396=CARTESIAN_POINT('',(-5.79674955179671,0.649999999999999,8.75897965546808));
#14397=CARTESIAN_POINT('',(-5.79674955179671,-0.200000000000001,8.75897965546808));
#14398=CARTESIAN_POINT('',(-5.905,-0.2,9.2));
#14399=CARTESIAN_POINT('',(-5.905,0.649999999999999,9.2));
#14400=CARTESIAN_POINT('',(-3.48,-0.2,7.6));
#14401=CARTESIAN_POINT('',(-3.48,-0.2,9.2));
#14402=CARTESIAN_POINT('',(-5.40434270097716,-0.2,9.2));
#14403=CARTESIAN_POINT('',(-5.34485492963646,-0.2,2.38337658286849));
#14404=CARTESIAN_POINT('',(-5.34485492963646,0.55,2.38337658286849));
#14405=CARTESIAN_POINT('',(-5.40434270097716,0.649999999999999,9.2));
#14406=CARTESIAN_POINT('',(-5.40434270097716,0.649999999999999,9.2));
#14407=CARTESIAN_POINT('',(-5.40434270097716,-2.6,9.2));
#14408=CARTESIAN_POINT('',(-5.40395535450325,-2.58890362260567,9.15561449042267));
#14409=CARTESIAN_POINT('',(0.,-2.6,9.2));
#14410=CARTESIAN_POINT('',(0.,-2.6,9.2));
#14411=CARTESIAN_POINT('',(29.330254691689,2.85648793565684,2.4));
#14412=CARTESIAN_POINT('',(29.330254691689,2.85648793565684,9.2));
#14413=CARTESIAN_POINT('',(29.43,2.6,9.2));
#14414=CARTESIAN_POINT('',(29.08,3.5,9.2));
#14415=CARTESIAN_POINT('',(29.43,2.6,2.4));
#14416=CARTESIAN_POINT('',(29.08,3.5,2.4));
#14417=CARTESIAN_POINT('',(31.635,2.6,2.4));
#14418=CARTESIAN_POINT('',(30.48,2.6,9.2));
#14419=CARTESIAN_POINT('',(29.73,2.6,9.2));
#14420=CARTESIAN_POINT('',(29.73,2.6,2.4));
#14421=CARTESIAN_POINT('',(29.73,2.15,2.4));
#14422=CARTESIAN_POINT('',(29.73,2.15,9.2));
#14423=CARTESIAN_POINT('',(29.73,2.15,9.2));
#14424=CARTESIAN_POINT('',(29.73,2.15,2.4));
#14425=CARTESIAN_POINT('',(30.81,2.15,2.4));
#14426=CARTESIAN_POINT('',(30.48,2.15,9.2));
#14427=CARTESIAN_POINT('',(28.8856572990228,2.15,9.2));
#14428=CARTESIAN_POINT('',(28.9451420242667,2.15,2.38372563099723));
#14429=CARTESIAN_POINT('',(28.9451450703635,0.55,2.38337658286849));
#14430=CARTESIAN_POINT('',(28.8856572990228,0.65,9.2));
#14431=CARTESIAN_POINT('',(28.8856572990228,-2.6,9.2));
#14432=CARTESIAN_POINT('',(28.8860446454967,-2.58890362260567,9.15561449042267));
#14433=CARTESIAN_POINT('',(34.29,-2.6,9.2));
#14434=CARTESIAN_POINT('',(29.7054033307574,-2.40000000000297,8.40000000001189));
#14435=CARTESIAN_POINT('',(29.7226189473965,-2.46667579654089,8.66670318616356));
#14436=CARTESIAN_POINT('',(29.7404024575822,-2.53334313760533,8.93337255042132));
#14437=CARTESIAN_POINT('',(29.7588897449072,-2.6,9.2));
#14438=CARTESIAN_POINT('',(29.7588897449072,-2.6,9.2));
#14439=CARTESIAN_POINT('',(34.29,-2.6,9.2));
#14440=CARTESIAN_POINT('',(30.48,-3.8,8.4));
#14441=CARTESIAN_POINT('',(31.2545966692425,-2.40000000000334,8.40000000001336));
#14442=CARTESIAN_POINT('',(31.2373810526034,-2.46667579654114,8.66670318616454));
#14443=CARTESIAN_POINT('',(31.2195975424178,-2.53334313760545,8.93337255042181));
#14444=CARTESIAN_POINT('',(31.2011102550928,-2.6,9.2));
#14445=CARTESIAN_POINT('',(31.2011102550928,-2.6,9.2));
#14446=CARTESIAN_POINT('',(30.48,-3.8,9.2));
#14447=CARTESIAN_POINT('',(34.29,-2.6,9.2));
#14448=CARTESIAN_POINT('',(32.0745015042007,-2.60454926175611,9.21819704702444));
#14449=CARTESIAN_POINT('',(32.0743427009772,-2.6,9.2));
#14450=CARTESIAN_POINT('',(34.29,-2.6,9.2));
#14451=CARTESIAN_POINT('',(32.0151450703635,0.55,2.41662341713151));
#14452=CARTESIAN_POINT('',(32.0743427009772,0.65,9.2));
#14453=CARTESIAN_POINT('',(32.0743427009772,2.15,9.2));
#14454=CARTESIAN_POINT('',(32.0151450703635,2.15,2.41662341713151));
#14455=CARTESIAN_POINT('',(33.135,2.15,2.4));
#14456=CARTESIAN_POINT('',(30.48,2.15,9.2));
#14457=CARTESIAN_POINT('',(31.23,2.15,9.2));
#14458=CARTESIAN_POINT('',(31.23,2.15,2.4));
#14459=CARTESIAN_POINT('',(31.23,2.6,2.4));
#14460=CARTESIAN_POINT('',(31.23,0.65,9.2));
#14461=CARTESIAN_POINT('',(31.23,2.6,9.2));
#14462=CARTESIAN_POINT('',(31.23,2.6,2.4));
#14463=CARTESIAN_POINT('',(33.135,2.6,2.4));
#14464=CARTESIAN_POINT('',(30.48,2.6,9.2));
#14465=CARTESIAN_POINT('',(31.53,2.6,9.2));
#14466=CARTESIAN_POINT('',(31.53,2.6,2.4));
#14467=CARTESIAN_POINT('',(31.780254691689,3.24351206434316,2.4));
#14468=CARTESIAN_POINT('',(30.7333512064343,0.551474530831099,9.2));
#14469=CARTESIAN_POINT('',(31.88,3.5,9.2));
#14470=CARTESIAN_POINT('',(31.88,3.5,2.4));
#14471=CARTESIAN_POINT('',(32.385,3.5,2.4));
#14472=CARTESIAN_POINT('',(30.48,3.5,9.2));
#14473=CARTESIAN_POINT('',(32.755,0.55,2.4));
#14474=CARTESIAN_POINT('',(32.755,2.15,2.4));
#14475=CARTESIAN_POINT('',(32.6956572990228,2.15,9.2));
#14476=CARTESIAN_POINT('',(32.6956572990228,0.65,9.2));
#14477=CARTESIAN_POINT('',(32.6956572990228,-2.6,9.2));
#14478=CARTESIAN_POINT('',(32.6956350332236,-2.6006378519685,9.202551407874));
#14479=CARTESIAN_POINT('',(32.385,-2.6,9.2));
#14480=CARTESIAN_POINT('',(32.385,-2.6,9.2));
#14481=CARTESIAN_POINT('',(33.5688897449061,-2.60000000000034,9.2));
#14482=CARTESIAN_POINT('',(33.5688897449057,-2.6,9.2));
#14483=CARTESIAN_POINT('',(33.5504026107071,-2.5333436897108,8.93337475884321));
#14484=CARTESIAN_POINT('',(33.5326190801834,-2.4666763108223,8.6667052432892));
#14485=CARTESIAN_POINT('',(33.5154033307566,-2.40000000000003,8.40000000000012));
#14486=CARTESIAN_POINT('',(34.29,-3.8,8.4));
#14487=CARTESIAN_POINT('',(34.29,-3.8,9.2));
#14488=CARTESIAN_POINT('',(35.0111102550944,-2.6,9.2));
#14489=CARTESIAN_POINT('',(35.0645966692415,-2.4,8.4));
#14490=CARTESIAN_POINT('',(35.0473809198147,-2.46667631082228,8.66670524328911));
#14491=CARTESIAN_POINT('',(35.0295973892929,-2.5333436897108,8.93337475884318));
#14492=CARTESIAN_POINT('',(35.0111102550944,-2.6,9.2));
#14493=CARTESIAN_POINT('',(32.385,-2.6,9.2));
#14494=CARTESIAN_POINT('',(28.48,-2.6,9.2));
#14495=CARTESIAN_POINT('',(35.8843427009772,-2.6,9.2));
#14496=CARTESIAN_POINT('',(35.8840918919276,-2.59281503239328,9.17126012957311));
#14497=CARTESIAN_POINT('',(35.865,-0.2,7.6));
#14498=CARTESIAN_POINT('',(35.825,-0.2,2.4));
#14499=CARTESIAN_POINT('',(35.8843427009772,-0.2,9.2));
#14500=CARTESIAN_POINT('',(35.865,-0.2,9.2));
#14501=CARTESIAN_POINT('',(36.385,-0.2,9.2));
#14502=CARTESIAN_POINT('',(36.385,-0.2,9.2));
#14503=CARTESIAN_POINT('',(36.385,0.649999999999999,9.2));
#14504=CARTESIAN_POINT('',(36.385,0.649999999999998,9.2));
#14505=CARTESIAN_POINT('',(36.385,1.6,9.2));
#14506=CARTESIAN_POINT('',(36.385,1.6,9.2));
#14507=CARTESIAN_POINT('',(36.115,1.6,7.6));
#14508=CARTESIAN_POINT('',(28.48,1.59999999999999,9.2));
#14509=CARTESIAN_POINT('',(35.8843427009772,1.6,9.2));
#14510=CARTESIAN_POINT('',(35.8703983409393,1.6,7.60213460634002));
#14511=CARTESIAN_POINT('',(35.825,0.55,2.4));
#14512=CARTESIAN_POINT('',(35.8843427009772,0.649999999999999,9.2));
#14513=CARTESIAN_POINT('',(35.8843427009772,2.15,9.2));
#14514=CARTESIAN_POINT('',(35.8250030460969,2.15,2.40034904812875));
#14515=CARTESIAN_POINT('',(35.8843427009772,0.649999999999999,9.2));
#14516=CARTESIAN_POINT('',(35.865,2.15,2.4));
#14517=CARTESIAN_POINT('',(35.865,2.15,9.2));
#14518=CARTESIAN_POINT('',(35.04,2.15,9.2));
#14519=CARTESIAN_POINT('',(35.04,2.15,2.4));
#14520=CARTESIAN_POINT('',(35.04,2.15,2.4));
#14521=CARTESIAN_POINT('',(35.04,0.65,9.2));
#14522=CARTESIAN_POINT('',(35.04,2.6,9.2));
#14523=CARTESIAN_POINT('',(35.04,2.6,2.4));
#14524=CARTESIAN_POINT('',(35.04,2.6,2.4));
#14525=CARTESIAN_POINT('',(28.48,2.6,9.2));
#14526=CARTESIAN_POINT('',(35.34,2.6,9.2));
#14527=CARTESIAN_POINT('',(35.34,2.6,2.4));
#14528=CARTESIAN_POINT('',(35.69,3.5,2.4));
#14529=CARTESIAN_POINT('',(33.7801072386059,-1.4111528150134,9.2));
#14530=CARTESIAN_POINT('',(35.69,3.5,9.2));
#14531=CARTESIAN_POINT('',(35.69,3.5,2.4));
#14532=CARTESIAN_POINT('',(34.29,3.5,2.4));
#14533=CARTESIAN_POINT('',(32.385,3.5,9.2));
#14534=CARTESIAN_POINT('',(32.89,3.5,9.2));
#14535=CARTESIAN_POINT('',(32.89,3.5,2.4));
#14536=CARTESIAN_POINT('',(33.24,2.6,2.4));
#14537=CARTESIAN_POINT('',(33.24,2.6,9.2));
#14538=CARTESIAN_POINT('',(33.24,2.6,9.2));
#14539=CARTESIAN_POINT('',(33.24,2.6,2.4));
#14540=CARTESIAN_POINT('',(33.54,2.6,2.4));
#14541=CARTESIAN_POINT('',(32.385,2.6,9.2));
#14542=CARTESIAN_POINT('',(33.54,2.6,9.2));
#14543=CARTESIAN_POINT('',(33.54,2.6,2.4));
#14544=CARTESIAN_POINT('',(33.54,2.6,2.4));
#14545=CARTESIAN_POINT('',(33.54,0.65,9.2));
#14546=CARTESIAN_POINT('',(33.54,2.15,9.2));
#14547=CARTESIAN_POINT('',(33.54,2.15,2.4));
#14548=CARTESIAN_POINT('',(33.54,2.15,2.4));
#14549=CARTESIAN_POINT('',(32.385,2.15,9.2));
#14550=CARTESIAN_POINT('',(-3.305,-2.8,2.6));
#14551=CARTESIAN_POINT('',(-5.21,-2.8,2.6));
#14552=CARTESIAN_POINT('',(-5.21,-3.,2.6));
#14553=CARTESIAN_POINT('',(-2.41,-2.8,2.6));
#14554=CARTESIAN_POINT('',(-2.41,-3.,2.6));
#14555=CARTESIAN_POINT('',(-3.305,-3.,2.6));
#14556=CARTESIAN_POINT('',(0.,0.65,9.2));
#14557=CARTESIAN_POINT('',(36.595,-3.,9.2));
#14558=CARTESIAN_POINT('',(36.595,-3.,9.2));
#14559=CARTESIAN_POINT('',(-6.115,4.3,9.2));
#14560=CARTESIAN_POINT('',(-6.115,-3.,9.2));
#14561=CARTESIAN_POINT('',(-4.21,-3.,9.2));
#14562=CARTESIAN_POINT('',(35.69,-2.8,2.6));
#14563=CARTESIAN_POINT('',(35.69,-2.8,2.6));
#14564=CARTESIAN_POINT('',(35.69,-3.,2.6));
#14565=CARTESIAN_POINT('',(28.175,-3.,2.6));
#14566=CARTESIAN_POINT('',(32.89,-3.,2.6));
#14567=CARTESIAN_POINT('',(32.89,-2.8,2.6));
#14568=CARTESIAN_POINT('',(30.985,-2.8,2.6));
#14569=CARTESIAN_POINT('',(29.08,-2.8,2.6));
#14570=CARTESIAN_POINT('',(29.08,-3.,2.6));
#14571=CARTESIAN_POINT('',(31.88,-2.8,2.6));
#14572=CARTESIAN_POINT('',(31.88,-3.,2.6));
#14573=CARTESIAN_POINT('',(26.27,-3.,2.6));
#14574=CARTESIAN_POINT('',(27.175,-2.8,2.6));
#14575=CARTESIAN_POINT('',(25.27,-2.8,2.6));
#14576=CARTESIAN_POINT('',(25.27,-3.,2.6));
#14577=CARTESIAN_POINT('',(28.07,-2.8,2.6));
#14578=CARTESIAN_POINT('',(28.07,-3.,2.6));
#14579=CARTESIAN_POINT('',(-0.399999999999999,-3.,2.6));
#14580=CARTESIAN_POINT('',(23.365,-2.8,2.6));
#14581=CARTESIAN_POINT('',(21.46,-2.8,2.6));
#14582=CARTESIAN_POINT('',(21.46,-3.,2.6));
#14583=CARTESIAN_POINT('',(24.26,-2.8,2.6));
#14584=CARTESIAN_POINT('',(24.26,-3.,2.6));
#14585=CARTESIAN_POINT('',(3.41,-3.,2.6));
#14586=CARTESIAN_POINT('',(19.555,-2.8,2.6));
#14587=CARTESIAN_POINT('',(17.65,-2.8,2.6));
#14588=CARTESIAN_POINT('',(17.65,-3.,2.6));
#14589=CARTESIAN_POINT('',(20.45,-2.8,2.6));
#14590=CARTESIAN_POINT('',(20.45,-3.,2.6));
#14591=CARTESIAN_POINT('',(7.22,-3.,2.6));
#14592=CARTESIAN_POINT('',(15.745,-2.8,2.6));
#14593=CARTESIAN_POINT('',(13.84,-2.8,2.6));
#14594=CARTESIAN_POINT('',(13.84,-3.,2.6));
#14595=CARTESIAN_POINT('',(16.64,-2.8,2.6));
#14596=CARTESIAN_POINT('',(16.64,-3.,2.6));
#14597=CARTESIAN_POINT('',(11.03,-3.,2.6));
#14598=CARTESIAN_POINT('',(11.935,-2.8,2.6));
#14599=CARTESIAN_POINT('',(10.03,-2.8,2.6));
#14600=CARTESIAN_POINT('',(10.03,-3.,2.6));
#14601=CARTESIAN_POINT('',(12.83,-2.8,2.6));
#14602=CARTESIAN_POINT('',(12.83,-3.,2.6));
#14603=CARTESIAN_POINT('',(7.22,-3.,2.6));
#14604=CARTESIAN_POINT('',(8.125,-2.8,2.6));
#14605=CARTESIAN_POINT('',(6.22,-2.8,2.6));
#14606=CARTESIAN_POINT('',(6.22,-3.,2.6));
#14607=CARTESIAN_POINT('',(9.02,-2.8,2.6));
#14608=CARTESIAN_POINT('',(9.02,-3.,2.6));
#14609=CARTESIAN_POINT('',(3.41,-3.,2.6));
#14610=CARTESIAN_POINT('',(4.315,-2.8,2.6));
#14611=CARTESIAN_POINT('',(2.41,-2.8,2.6));
#14612=CARTESIAN_POINT('',(2.41,-3.,2.6));
#14613=CARTESIAN_POINT('',(5.21,-2.8,2.6));
#14614=CARTESIAN_POINT('',(5.21,-3.,2.6));
#14615=CARTESIAN_POINT('',(-0.392857142857144,-3.,2.6));
#14616=CARTESIAN_POINT('',(2.41,1.,0.3));
#14617=CARTESIAN_POINT('',(2.41,1.,0.));
#14618=CARTESIAN_POINT('',(2.41,-3.,0.));
#14619=CARTESIAN_POINT('',(2.41,1.,0.));
#14620=CARTESIAN_POINT('',(2.41,1.,0.3));
#14621=CARTESIAN_POINT('',(2.41,-3.,0.3));
#14622=CARTESIAN_POINT('',(7.115,1.,0.3));
#14623=CARTESIAN_POINT('',(3.81714285714286,1.,0.));
#14624=CARTESIAN_POINT('',(5.21,1.,0.));
#14625=CARTESIAN_POINT('',(5.21,1.,0.3));
#14626=CARTESIAN_POINT('',(5.21,-3.,0.3));
#14627=CARTESIAN_POINT('',(5.21,-3.,0.3));
#14628=CARTESIAN_POINT('',(5.21,-3.,0.));
#14629=CARTESIAN_POINT('',(5.21,-3.,0.));
#14630=CARTESIAN_POINT('',(6.22,1.,0.3));
#14631=CARTESIAN_POINT('',(6.22,1.,0.));
#14632=CARTESIAN_POINT('',(6.22,-3.,0.));
#14633=CARTESIAN_POINT('',(6.22,1.,0.));
#14634=CARTESIAN_POINT('',(6.22,1.,0.3));
#14635=CARTESIAN_POINT('',(6.22,-3.,0.3));
#14636=CARTESIAN_POINT('',(10.925,1.,0.3));
#14637=CARTESIAN_POINT('',(7.62,1.,0.));
#14638=CARTESIAN_POINT('',(9.02,1.,0.));
#14639=CARTESIAN_POINT('',(9.02,1.,0.3));
#14640=CARTESIAN_POINT('',(9.02,-3.,0.3));
#14641=CARTESIAN_POINT('',(9.02,-3.,0.3));
#14642=CARTESIAN_POINT('',(9.02,-3.,0.));
#14643=CARTESIAN_POINT('',(9.02,-3.,0.));
#14644=CARTESIAN_POINT('',(10.03,1.,0.3));
#14645=CARTESIAN_POINT('',(10.03,1.,0.));
#14646=CARTESIAN_POINT('',(10.03,-3.,0.));
#14647=CARTESIAN_POINT('',(10.03,1.,0.));
#14648=CARTESIAN_POINT('',(10.03,1.,0.3));
#14649=CARTESIAN_POINT('',(10.03,-3.,0.3));
#14650=CARTESIAN_POINT('',(14.735,1.,0.3));
#14651=CARTESIAN_POINT('',(11.43,1.,0.));
#14652=CARTESIAN_POINT('',(12.83,1.,0.));
#14653=CARTESIAN_POINT('',(12.83,1.,0.3));
#14654=CARTESIAN_POINT('',(12.83,-3.,0.3));
#14655=CARTESIAN_POINT('',(12.83,-3.,0.3));
#14656=CARTESIAN_POINT('',(12.83,-3.,0.));
#14657=CARTESIAN_POINT('',(12.83,-3.,0.));
#14658=CARTESIAN_POINT('',(13.84,1.,0.3));
#14659=CARTESIAN_POINT('',(13.84,1.,0.));
#14660=CARTESIAN_POINT('',(13.84,-3.,0.));
#14661=CARTESIAN_POINT('',(13.84,1.,0.));
#14662=CARTESIAN_POINT('',(13.84,1.,0.3));
#14663=CARTESIAN_POINT('',(13.84,-3.,0.3));
#14664=CARTESIAN_POINT('',(18.545,1.,0.3));
#14665=CARTESIAN_POINT('',(15.24,1.,0.));
#14666=CARTESIAN_POINT('',(16.64,1.,0.));
#14667=CARTESIAN_POINT('',(16.64,1.,0.3));
#14668=CARTESIAN_POINT('',(16.64,-3.,0.3));
#14669=CARTESIAN_POINT('',(16.64,-3.,0.3));
#14670=CARTESIAN_POINT('',(16.64,-3.,0.));
#14671=CARTESIAN_POINT('',(16.64,-3.,0.));
#14672=CARTESIAN_POINT('',(17.65,1.,0.3));
#14673=CARTESIAN_POINT('',(17.65,1.,0.));
#14674=CARTESIAN_POINT('',(17.65,-3.,0.));
#14675=CARTESIAN_POINT('',(17.65,1.,0.));
#14676=CARTESIAN_POINT('',(17.65,1.,0.3));
#14677=CARTESIAN_POINT('',(17.65,-3.,0.3));
#14678=CARTESIAN_POINT('',(22.355,1.,0.3));
#14679=CARTESIAN_POINT('',(11.43,1.,0.));
#14680=CARTESIAN_POINT('',(20.45,1.,0.));
#14681=CARTESIAN_POINT('',(20.45,1.,0.3));
#14682=CARTESIAN_POINT('',(20.45,-3.,0.3));
#14683=CARTESIAN_POINT('',(20.45,-3.,0.3));
#14684=CARTESIAN_POINT('',(20.45,-3.,0.));
#14685=CARTESIAN_POINT('',(20.45,-3.,0.));
#14686=CARTESIAN_POINT('',(21.46,1.,0.3));
#14687=CARTESIAN_POINT('',(21.46,1.,0.));
#14688=CARTESIAN_POINT('',(21.46,-3.,0.));
#14689=CARTESIAN_POINT('',(21.46,1.,0.));
#14690=CARTESIAN_POINT('',(21.46,1.,0.3));
#14691=CARTESIAN_POINT('',(21.46,-3.,0.3));
#14692=CARTESIAN_POINT('',(26.165,1.,0.3));
#14693=CARTESIAN_POINT('',(7.62,1.,0.));
#14694=CARTESIAN_POINT('',(24.26,1.,0.));
#14695=CARTESIAN_POINT('',(24.26,1.,0.3));
#14696=CARTESIAN_POINT('',(24.26,-3.,0.3));
#14697=CARTESIAN_POINT('',(24.26,-3.,0.3));
#14698=CARTESIAN_POINT('',(24.26,-3.,0.));
#14699=CARTESIAN_POINT('',(24.26,-3.,0.));
#14700=CARTESIAN_POINT('',(25.27,1.,0.3));
#14701=CARTESIAN_POINT('',(25.27,1.,0.));
#14702=CARTESIAN_POINT('',(25.27,-3.,0.));
#14703=CARTESIAN_POINT('',(25.27,1.,0.));
#14704=CARTESIAN_POINT('',(25.27,1.,0.3));
#14705=CARTESIAN_POINT('',(25.27,-3.,0.3));
#14706=CARTESIAN_POINT('',(29.975,1.,0.3));
#14707=CARTESIAN_POINT('',(3.81,1.,0.));
#14708=CARTESIAN_POINT('',(28.07,1.,0.));
#14709=CARTESIAN_POINT('',(28.07,1.,0.3));
#14710=CARTESIAN_POINT('',(28.07,-3.,0.3));
#14711=CARTESIAN_POINT('',(28.07,-3.,0.3));
#14712=CARTESIAN_POINT('',(28.07,-3.,0.));
#14713=CARTESIAN_POINT('',(28.07,-3.,0.));
#14714=CARTESIAN_POINT('',(29.08,1.,0.3));
#14715=CARTESIAN_POINT('',(29.08,1.,0.));
#14716=CARTESIAN_POINT('',(29.08,-3.,0.));
#14717=CARTESIAN_POINT('',(29.08,1.,0.));
#14718=CARTESIAN_POINT('',(29.08,1.,0.3));
#14719=CARTESIAN_POINT('',(29.08,-3.,0.3));
#14720=CARTESIAN_POINT('',(33.785,1.,0.3));
#14721=CARTESIAN_POINT('',(30.48,1.,0.));
#14722=CARTESIAN_POINT('',(31.88,1.,0.));
#14723=CARTESIAN_POINT('',(31.88,1.,0.3));
#14724=CARTESIAN_POINT('',(31.88,-3.,0.3));
#14725=CARTESIAN_POINT('',(31.88,-3.,0.3));
#14726=CARTESIAN_POINT('',(31.88,-3.,0.));
#14727=CARTESIAN_POINT('',(31.88,-3.,0.));
#14728=CARTESIAN_POINT('',(32.89,-3.,0.3));
#14729=CARTESIAN_POINT('',(32.89,-3.,0.3));
#14730=CARTESIAN_POINT('',(32.89,-3.,0.));
#14731=CARTESIAN_POINT('',(32.89,-3.,0.));
#14732=CARTESIAN_POINT('',(32.89,1.,0.));
#14733=CARTESIAN_POINT('',(32.89,1.,0.3));
#14734=CARTESIAN_POINT('',(32.89,1.,0.3));
#14735=CARTESIAN_POINT('',(32.385,1.,0.));
#14736=CARTESIAN_POINT('',(35.69,1.,0.));
#14737=CARTESIAN_POINT('',(35.69,1.,0.3));
#14738=CARTESIAN_POINT('',(35.69,1.,0.3));
#14739=CARTESIAN_POINT('',(35.69,1.,0.));
#14740=CARTESIAN_POINT('',(35.69,-3.,0.));
#14741=CARTESIAN_POINT('',(35.69,-3.,0.3));
#14742=CARTESIAN_POINT('',(36.595,-3.,9.2));
#14743=CARTESIAN_POINT('',(36.595,-3.,9.2));
#14744=CARTESIAN_POINT('',(36.595,-3.,0.));
#14745=CARTESIAN_POINT('',(36.595,-3.,0.));
#14746=CARTESIAN_POINT('',(36.595,3.5,0.));
#14747=CARTESIAN_POINT('',(36.595,3.5,0.5));
#14748=CARTESIAN_POINT('',(-4.21,3.5,0.5));
#14749=CARTESIAN_POINT('',(-4.21,3.5,0.));
#14750=CARTESIAN_POINT('',(-6.115,3.5,0.));
#14751=CARTESIAN_POINT('',(-6.115,3.5,0.5));
#14752=CARTESIAN_POINT('',(-6.115,4.3,9.2));
#14753=CARTESIAN_POINT('',(-6.115,4.3,0.));
#14754=CARTESIAN_POINT('',(-6.115,-3.,0.));
#14755=CARTESIAN_POINT('',(-6.115,-3.,9.2));
#14756=CARTESIAN_POINT('',(-5.21,1.,0.3));
#14757=CARTESIAN_POINT('',(-5.21,1.,0.));
#14758=CARTESIAN_POINT('',(-5.21,-3.,0.));
#14759=CARTESIAN_POINT('',(-5.21,1.,0.));
#14760=CARTESIAN_POINT('',(-5.21,1.,0.3));
#14761=CARTESIAN_POINT('',(-5.21,-3.,0.3));
#14762=CARTESIAN_POINT('',(-0.505,1.,0.3));
#14763=CARTESIAN_POINT('',(-0.505,1.,0.));
#14764=CARTESIAN_POINT('',(-2.41,1.,0.));
#14765=CARTESIAN_POINT('',(-2.41,1.,0.3));
#14766=CARTESIAN_POINT('',(-2.41,-3.,0.3));
#14767=CARTESIAN_POINT('',(-2.41,-3.,0.3));
#14768=CARTESIAN_POINT('',(-2.41,-3.,0.));
#14769=CARTESIAN_POINT('',(-2.41,-3.,0.));
#14770=CARTESIAN_POINT('',(-4.21,-3.,9.2));
#14771=CARTESIAN_POINT('',(-4.21,-3.,0.));
#14772=CARTESIAN_POINT('',(-4.21,-3.,0.));
#14773=CARTESIAN_POINT('',(-4.21,-3.,0.));
#14774=CARTESIAN_POINT('',(-4.21,-3.,0.));
#14775=CARTESIAN_POINT('',(-4.21,-3.,0.));
#14776=CARTESIAN_POINT('',(-4.21,-3.,0.));
#14777=CARTESIAN_POINT('',(-4.21,-3.,0.));
#14778=CARTESIAN_POINT('',(-4.21,-3.,0.));
#14779=CARTESIAN_POINT('',(-4.21,-3.,0.));
#14780=CARTESIAN_POINT('',(-4.21,-3.,0.));
#14781=CARTESIAN_POINT('',(-4.21,-3.,0.));
#14782=CARTESIAN_POINT('',(-4.21,-3.,0.));
#14783=CARTESIAN_POINT('',(0.,0.65,0.));
#14784=CARTESIAN_POINT('',(-15.24,1.2,3.));
#14785=CARTESIAN_POINT('',(-0.4,-0.4,3.4));
#14786=CARTESIAN_POINT('',(0.4,-0.4,3.4));
#14787=CARTESIAN_POINT('',(0.4,-0.4,2.5));
#14788=CARTESIAN_POINT('',(0.4,-0.4,-2.8));
#14789=CARTESIAN_POINT('',(-0.4,-0.4,2.5));
#14790=CARTESIAN_POINT('',(-0.4,-0.4,2.5));
#14791=CARTESIAN_POINT('',(-0.4,-0.4,3.4));
#14792=CARTESIAN_POINT('',(-0.4,-0.4,-2.8));
#14793=CARTESIAN_POINT('',(-0.4,-0.4,-2.8));
#14794=CARTESIAN_POINT('',(0.4,-0.4,3.4));
#14795=CARTESIAN_POINT('',(0.4,0.4,3.4));
#14796=CARTESIAN_POINT('',(0.4,0.4,2.5));
#14797=CARTESIAN_POINT('',(0.4,0.4,-2.8));
#14798=CARTESIAN_POINT('',(0.4,-0.5,2.5));
#14799=CARTESIAN_POINT('',(0.4,-0.5,3.4));
#14800=CARTESIAN_POINT('',(0.4,-0.4,3.4));
#14801=CARTESIAN_POINT('',(0.4,-5.8,3.4));
#14802=CARTESIAN_POINT('',(0.4,-5.8,3.4));
#14803=CARTESIAN_POINT('',(0.4,-5.8,2.6));
#14804=CARTESIAN_POINT('',(0.4,-6.4,2.6));
#14805=CARTESIAN_POINT('',(0.4,-0.5,2.6));
#14806=CARTESIAN_POINT('',(0.4,-0.5,2.5));
#14807=CARTESIAN_POINT('',(0.4,-0.4,-2.8));
#14808=CARTESIAN_POINT('',(0.4,0.4,3.4));
#14809=CARTESIAN_POINT('',(-0.4,0.4,3.4));
#14810=CARTESIAN_POINT('',(-0.4,0.4,2.5));
#14811=CARTESIAN_POINT('',(-0.4,0.4,-2.8));
#14812=CARTESIAN_POINT('',(0.4,0.4,2.5));
#14813=CARTESIAN_POINT('',(0.4,0.4,-2.8));
#14814=CARTESIAN_POINT('',(-0.4,0.4,3.4));
#14815=CARTESIAN_POINT('',(-0.4,0.4,3.4));
#14816=CARTESIAN_POINT('',(-0.4,-0.5,3.4));
#14817=CARTESIAN_POINT('',(-0.4,-5.8,3.4));
#14818=CARTESIAN_POINT('',(-0.4,-0.5,2.5));
#14819=CARTESIAN_POINT('',(-0.4,0.4,-2.8));
#14820=CARTESIAN_POINT('',(-0.4,-0.5,2.5));
#14821=CARTESIAN_POINT('',(-0.4,-0.5,2.6));
#14822=CARTESIAN_POINT('',(-0.4,-6.4,2.6));
#14823=CARTESIAN_POINT('',(-0.4,-5.8,2.6));
#14824=CARTESIAN_POINT('',(-0.4,-5.8,3.4));
#14825=CARTESIAN_POINT('',(0.,0.,3.4));
#14826=CARTESIAN_POINT('',(0.4,-0.5,3.4));
#14827=CARTESIAN_POINT('',(0.4,-5.8,3.4));
#14828=CARTESIAN_POINT('',(0.,0.,-3.4));
#14829=CARTESIAN_POINT('',(0.2,0.,-3.4));
#14830=CARTESIAN_POINT('',(0.2,0.2,-3.4));
#14831=CARTESIAN_POINT('',(0.2,-0.2,-3.4));
#14832=CARTESIAN_POINT('',(0.,-0.2,-3.4));
#14833=CARTESIAN_POINT('',(-0.2,-0.2,-3.4));
#14834=CARTESIAN_POINT('',(-0.2,0.,-3.4));
#14835=CARTESIAN_POINT('',(-0.2,0.2,-3.4));
#14836=CARTESIAN_POINT('',(0.,0.2,-3.4));
#14837=CARTESIAN_POINT('',(-0.4,-6.4,2.6));
#14838=CARTESIAN_POINT('',(-0.4,-0.5,2.6));
#14839=CARTESIAN_POINT('',(-0.4,-5.8,2.6));
#14840=CARTESIAN_POINT('',(-0.4,-6.4,3.4));
#14841=CARTESIAN_POINT('',(-0.4,-6.4,3.2));
#14842=CARTESIAN_POINT('',(0.2,-6.4,3.2));
#14843=CARTESIAN_POINT('',(-0.2,-6.4,3.2));
#14844=CARTESIAN_POINT('',(-0.2,-6.4,3.4));
#14845=CARTESIAN_POINT('',(-0.2,-6.4,2.8));
#14846=CARTESIAN_POINT('',(-0.4,-6.4,2.8));
#14847=CARTESIAN_POINT('',(0.2,-6.4,2.8));
#14848=CARTESIAN_POINT('',(0.2,-6.4,3.4));
#14849=CARTESIAN_POINT('',(0.4,-5.8,3.4));
#14850=CARTESIAN_POINT('',(0.145454545454545,-6.56363636363636,2.85454545454545));
#14851=CARTESIAN_POINT('',(0.4,-5.8,3.4));
#14852=CARTESIAN_POINT('',(0.,-5.8,3.4));
#14853=CARTESIAN_POINT('',(-0.363636363636364,-5.90909090909091,3.36363636363636));
#14854=CARTESIAN_POINT('',(-0.4,-6.4,2.8));
#14855=CARTESIAN_POINT('',(-0.218181818181818,-6.34545454545455,2.78181818181818));
#14856=CARTESIAN_POINT('',(-0.2,-6.4,3.4));
#14857=CARTESIAN_POINT('',(0.4,0.4,-2.8));
#14858=CARTESIAN_POINT('',(0.327272727272727,0.327272727272727,-3.01818181818182));
#14859=CARTESIAN_POINT('',(-0.327272727272727,0.327272727272727,-3.01818181818182));
#14860=CARTESIAN_POINT('',(-0.4,0.4,-2.8));
#14861=CARTESIAN_POINT('',(-0.327272727272727,-0.327272727272727,-3.01818181818182));
#14862=CARTESIAN_POINT('',(0.4,-0.4,-2.8));
#14863=CARTESIAN_POINT('',(0.4,-0.4,-2.8));
#14864=CARTESIAN_POINT('',(-0.4,-0.4,-2.8));
#14865=CARTESIAN_POINT('',(-0.4,-0.5,2.5));
#14866=CARTESIAN_POINT('',(0.4,-0.5,2.5));
#14867=CARTESIAN_POINT('',(-19.05,0.,0.));
#14868=CARTESIAN_POINT('',(-15.24,0.,0.));
#14869=CARTESIAN_POINT('',(-11.43,0.,0.));
#14870=CARTESIAN_POINT('',(-7.62,0.,0.));
#14871=CARTESIAN_POINT('',(-3.81,0.,0.));
#14872=CARTESIAN_POINT('',(0.,0.,0.));
#14873=CARTESIAN_POINT('',(3.81,0.,0.));
#14874=CARTESIAN_POINT('',(7.61999999999999,0.,0.));
#14875=CARTESIAN_POINT('',(11.43,0.,0.));
#14876=CARTESIAN_POINT('',(15.24,0.,0.));
#14877=CARTESIAN_POINT('',(19.05,0.,0.));
#14878=MECHANICAL_DESIGN_GEOMETRIC_PRESENTATION_REPRESENTATION('',(#9302,
#9303),#14879);
#14879=(
GEOMETRIC_REPRESENTATION_CONTEXT(3)
GLOBAL_UNCERTAINTY_ASSIGNED_CONTEXT((#14882))
GLOBAL_UNIT_ASSIGNED_CONTEXT((#14887,#14886,#14885))
REPRESENTATION_CONTEXT('15EDGRC-3.81-11P','TOP_LEVEL_ASSEMBLY_PART')
);
#14880=(
GEOMETRIC_REPRESENTATION_CONTEXT(3)
GLOBAL_UNCERTAINTY_ASSIGNED_CONTEXT((#14883))
GLOBAL_UNIT_ASSIGNED_CONTEXT((#14887,#14886,#14885))
REPRESENTATION_CONTEXT('15EDGxC-3.81-11P','COMPONENT_PART')
);
#14881=(
GEOMETRIC_REPRESENTATION_CONTEXT(3)
GLOBAL_UNCERTAINTY_ASSIGNED_CONTEXT((#14884))
GLOBAL_UNIT_ASSIGNED_CONTEXT((#14887,#14886,#14885))
REPRESENTATION_CONTEXT('15EDGRC_pin','COMPONENT_PART')
);
#14882=UNCERTAINTY_MEASURE_WITH_UNIT(LENGTH_MEASURE(0.005),#14887,
'DISTANCE_ACCURACY_VALUE','Maximum Tolerance applied to model');
#14883=UNCERTAINTY_MEASURE_WITH_UNIT(LENGTH_MEASURE(0.005),#14887,
'DISTANCE_ACCURACY_VALUE','Maximum Tolerance applied to model');
#14884=UNCERTAINTY_MEASURE_WITH_UNIT(LENGTH_MEASURE(0.005),#14887,
'DISTANCE_ACCURACY_VALUE','Maximum Tolerance applied to model');
#14885=(
NAMED_UNIT(*)
SI_UNIT($,.STERADIAN.)
SOLID_ANGLE_UNIT()
);
#14886=(
NAMED_UNIT(*)
PLANE_ANGLE_UNIT()
SI_UNIT($,.RADIAN.)
);
#14887=(
LENGTH_UNIT()
NAMED_UNIT(*)
SI_UNIT(.MILLI.,.METRE.)
);
#14888=PRODUCT_DEFINITION_SHAPE('','',#14903);
#14889=PRODUCT_DEFINITION_SHAPE('','',#14904);
#14890=PRODUCT_DEFINITION_SHAPE(' ','NAUO PRDDFN',#30);
#14891=PRODUCT_DEFINITION_SHAPE('','',#14905);
#14892=PRODUCT_DEFINITION_SHAPE(' ','NAUO PRDDFN',#31);
#14893=PRODUCT_DEFINITION_SHAPE(' ','NAUO PRDDFN',#32);
#14894=PRODUCT_DEFINITION_SHAPE(' ','NAUO PRDDFN',#33);
#14895=PRODUCT_DEFINITION_SHAPE(' ','NAUO PRDDFN',#34);
#14896=PRODUCT_DEFINITION_SHAPE(' ','NAUO PRDDFN',#35);
#14897=PRODUCT_DEFINITION_SHAPE(' ','NAUO PRDDFN',#36);
#14898=PRODUCT_DEFINITION_SHAPE(' ','NAUO PRDDFN',#37);
#14899=PRODUCT_DEFINITION_SHAPE(' ','NAUO PRDDFN',#38);
#14900=PRODUCT_DEFINITION_SHAPE(' ','NAUO PRDDFN',#39);
#14901=PRODUCT_DEFINITION_SHAPE(' ','NAUO PRDDFN',#40);
#14902=PRODUCT_DEFINITION_SHAPE(' ','NAUO PRDDFN',#41);
#14903=PRODUCT_DEFINITION('','',#14909,#14906);
#14904=PRODUCT_DEFINITION('','',#14910,#14907);
#14905=PRODUCT_DEFINITION('','',#14911,#14908);
#14906=PRODUCT_DEFINITION_CONTEXT('',#14925,'design');
#14907=PRODUCT_DEFINITION_CONTEXT('',#14925,'design');
#14908=PRODUCT_DEFINITION_CONTEXT('',#14925,'design');
#14909=PRODUCT_DEFINITION_FORMATION_WITH_SPECIFIED_SOURCE('','',#14915,
 .NOT_KNOWN.);
#14910=PRODUCT_DEFINITION_FORMATION_WITH_SPECIFIED_SOURCE('','',#14916,
 .NOT_KNOWN.);
#14911=PRODUCT_DEFINITION_FORMATION_WITH_SPECIFIED_SOURCE('','',#14917,
 .NOT_KNOWN.);
#14912=PRODUCT_RELATED_PRODUCT_CATEGORY('','',(#14915));
#14913=PRODUCT_RELATED_PRODUCT_CATEGORY('','',(#14916));
#14914=PRODUCT_RELATED_PRODUCT_CATEGORY('','',(#14917));
#14915=PRODUCT('15EDGRC-3.81-11P','15EDGRC-3.81-11P','15EDGRC-3.81-11P',
(#14921));
#14916=PRODUCT('15EDGxC-3.81-11P','15EDGxC-3.81-11P','15EDGxC-3.81-11P',
(#14922));
#14917=PRODUCT('15EDGRC_pin','15EDGRC_pin','15EDGRC_pin',(#14923));
#14918=PRODUCT_CATEGORY('','');
#14919=PRODUCT_CATEGORY('','');
#14920=PRODUCT_CATEGORY('','');
#14921=PRODUCT_CONTEXT('',#14925,'mechanical');
#14922=PRODUCT_CONTEXT('',#14925,'mechanical');
#14923=PRODUCT_CONTEXT('',#14925,'mechanical');
#14924=APPLICATION_PROTOCOL_DEFINITION('international standard',
'automotive_design',2010,#14925);
#14925=APPLICATION_CONTEXT(
'core data for automotive mechanical design processes');
ENDSEC;
END-ISO-10303-21;
