ISO-10303-21;
HEADER;
FILE_DESCRIPTION(('FreeCAD Model'),'2;1');
FILE_NAME('Open CASCADE Shape Model','2026-07-28T12:27:08',(
    'kicad StepUp'),('ksu MCAD'),'Open CASCADE STEP processor 7.8',
  'FreeCAD','Unknown');
FILE_SCHEMA(('AUTOMOTIVE_DESIGN { 1 0 10303 214 1 1 1 1 }'));
ENDSEC;
DATA;
#1 = APPLICATION_PROTOCOL_DEFINITION('international standard',
  'automotive_design',2000,#2);
#2 = APPLICATION_CONTEXT(
  'core data for automotive mechanical design processes');
#3 = SHAPE_DEFINITION_REPRESENTATION(#4,#10);
#4 = PRODUCT_DEFINITION_SHAPE('','',#5);
#5 = PRODUCT_DEFINITION('design','',#6,#9);
#6 = PRODUCT_DEFINITION_FORMATION('','',#7);
#7 = PRODUCT('SCH16T-K01-004','SCH16T-K01-004','',(#8));
#8 = PRODUCT_CONTEXT('',#2,'mechanical');
#9 = PRODUCT_DEFINITION_CONTEXT('part definition',#2,'design');
#10 = ADVANCED_BREP_SHAPE_REPRESENTATION('',(#11,#15),#13483);
#11 = AXIS2_PLACEMENT_3D('',#12,#13,#14);
#12 = CARTESIAN_POINT('',(0.,0.,0.));
#13 = DIRECTION('',(0.,0.,1.));
#14 = DIRECTION('',(1.,0.,-0.));
#15 = MANIFOLD_SOLID_BREP('',#16);
#16 = CLOSED_SHELL('',(#17,#58,#99,#112,#152,#203,#228,#271,#296,#339,
    #364,#407,#424,#470,#495,#533,#558,#596,#621,#659,#676,#762,#804,
    #835,#868,#899,#930,#961,#994,#1025,#1058,#1100,#1131,#1164,#1195,
    #1226,#1257,#1290,#1321,#1354,#1396,#1427,#1460,#1491,#1522,#1553,
    #1586,#1617,#1650,#1692,#1723,#1756,#1787,#1818,#1849,#1882,#1913,
    #1946,#1988,#2019,#2052,#2083,#2114,#2145,#2178,#2209,#2242,#2284,
    #2315,#2348,#2379,#2410,#2441,#2474,#2505,#2538,#2580,#2611,#2644,
    #2675,#2706,#2737,#2770,#2801,#2834,#2876,#2907,#2940,#2971,#3002,
    #3033,#3066,#3097,#3130,#3172,#3203,#3236,#3267,#3298,#3329,#3362,
    #3393,#3426,#3468,#3499,#3532,#3563,#3594,#3625,#3658,#3689,#3722,
    #3764,#3795,#3828,#3859,#3890,#3921,#3954,#3985,#4018,#4060,#4091,
    #4124,#4155,#4186,#4217,#4250,#4281,#4314,#4356,#4387,#4420,#4451,
    #4482,#4513,#4546,#4577,#4610,#4652,#4683,#4716,#4747,#4778,#4809,
    #4842,#4873,#4906,#4948,#4979,#5012,#5043,#5074,#5105,#5138,#5169,
    #5202,#5244,#5275,#5308,#5339,#5370,#5401,#5434,#5465,#5498,#5540,
    #5571,#5604,#5635,#5666,#5697,#5730,#5761,#5794,#5836,#5867,#5900,
    #5931,#5962,#5993,#6026,#6057,#6090,#6132,#6163,#6196,#6227,#6258,
    #6289,#6322,#6353,#6386,#6428,#6459,#6492,#6523,#6554,#6585,#6618,
    #6649,#6682,#6724,#6755,#6788,#6819,#6850,#6881,#6914,#6945,#6978,
    #7020,#7051,#7084,#7115,#7146,#7177,#7210,#7241,#7274,#7316,#7347,
    #7380,#7411,#7442,#7473,#7506,#7537,#7570,#7612,#7643,#7676,#7707,
    #7738,#7769,#7802,#7833,#7866,#7897,#7922,#7946,#7971,#7995,#8020,
    #8044,#8062,#8093,#8125,#8149,#8174,#8205,#8237,#8261,#8286,#8317,
    #8349,#8373,#8398,#8429,#8461,#8485,#8510,#8541,#8573,#8597,#8622,
    #8653,#8685,#8709,#8734,#8765,#8797,#8821,#8846,#8877,#8909,#8933,
    #8958,#8989,#9021,#9045,#9070,#9101,#9133,#9157,#9182,#9213,#9245,
    #9269,#9294,#9325,#9357,#9381,#9406,#9445,#9469,#9501,#9518,#9557,
    #9581,#9613,#9630,#9669,#9693,#9725,#9742,#9781,#9805,#9837,#9854,
    #9893,#9917,#9949,#9966,#10005,#10029,#10061,#10078,#10117,#10141,
    #10173,#10190,#10229,#10253,#10285,#10302,#10341,#10365,#10397,
    #10414,#10453,#10477,#10509,#10526,#10565,#10589,#10621,#10638,
    #10677,#10701,#10733,#10750,#10836,#10853,#10870,#10887,#10904,
    #10921,#10938,#10955,#10972,#10989,#11006,#11023,#11040,#11057,
    #11074,#11091,#11108,#11125,#11142,#11159,#11176,#11207,#11232,
    #11328,#11353,#11377,#11402,#11498,#11516,#11540,#11564,#11588,
    #11612,#11636,#11660,#11684,#11708,#11732,#11756,#11780,#11804,
    #11828,#11852,#11876,#11900,#11924,#11948,#11972,#11996,#12013,
    #12030,#12047,#12133,#12203,#12273,#12297,#12330,#12363,#12395,
    #12419,#12444,#12468,#12493,#12517,#12542,#12559,#12590,#12614,
    #12638,#12655,#12686,#12710,#12734,#12751,#12771,#12792,#12813,
    #12847,#12872,#12898,#12923,#12949,#12974,#13000,#13017,#13048,
    #13072,#13096,#13113,#13144,#13168,#13192,#13209,#13233,#13266,
    #13299,#13353,#13362,#13386,#13406,#13430,#13450,#13474));
#17 = ADVANCED_FACE('',(#18),#53,.T.);
#18 = FACE_BOUND('',#19,.T.);
#19 = EDGE_LOOP('',(#20,#29,#36,#45,#52));
#20 = ORIENTED_EDGE('',*,*,#21,.T.);
#21 = EDGE_CURVE('',#22,#22,#24,.T.);
#22 = VERTEX_POINT('',#23);
#23 = CARTESIAN_POINT('',(-3.798838354316,-4.30096920253,2.672901956709)
  );
#24 = CIRCLE('',#25,0.525799044222);
#25 = AXIS2_PLACEMENT_3D('',#26,#27,#28);
#26 = CARTESIAN_POINT('',(-3.798838354316,-4.826768246752,2.672901956709
    ));
#27 = DIRECTION('',(0.,0.,-1.));
#28 = DIRECTION('',(-6.661338147751E-16,1.,0.));
#29 = ORIENTED_EDGE('',*,*,#30,.T.);
#30 = EDGE_CURVE('',#22,#31,#33,.T.);
#31 = VERTEX_POINT('',#32);
#32 = CARTESIAN_POINT('',(-3.798838354316,-4.30096920253,2.618134987304)
  );
#33 = B_SPLINE_CURVE_WITH_KNOTS('',1,(#34,#35),.UNSPECIFIED.,.F.,.F.,(2,
    2),(0.11358047893,0.168347448335),.PIECEWISE_BEZIER_KNOTS.);
#34 = CARTESIAN_POINT('',(-3.798838354316,-4.30096920253,2.672901956709)
  );
#35 = CARTESIAN_POINT('',(-3.798838354316,-4.30096920253,2.618134987304)
  );
#36 = ORIENTED_EDGE('',*,*,#37,.F.);
#37 = EDGE_CURVE('',#38,#31,#40,.T.);
#38 = VERTEX_POINT('',#39);
#39 = CARTESIAN_POINT('',(-3.798838354316,-5.352567290974,2.618134987304
    ));
#40 = CIRCLE('',#41,0.525799044222);
#41 = AXIS2_PLACEMENT_3D('',#42,#43,#44);
#42 = CARTESIAN_POINT('',(-3.798838354316,-4.826768246752,2.618134987304
    ));
#43 = DIRECTION('',(0.,-0.,-1.));
#44 = DIRECTION('',(6.661338147751E-16,-1.,0.));
#45 = ORIENTED_EDGE('',*,*,#46,.F.);
#46 = EDGE_CURVE('',#31,#38,#47,.T.);
#47 = CIRCLE('',#48,0.525799044222);
#48 = AXIS2_PLACEMENT_3D('',#49,#50,#51);
#49 = CARTESIAN_POINT('',(-3.798838354316,-4.826768246752,2.618134987304
    ));
#50 = DIRECTION('',(0.,-0.,-1.));
#51 = DIRECTION('',(6.661338147751E-16,-1.,0.));
#52 = ORIENTED_EDGE('',*,*,#30,.F.);
#53 = CYLINDRICAL_SURFACE('',#54,0.525799044222);
#54 = AXIS2_PLACEMENT_3D('',#55,#56,#57);
#55 = CARTESIAN_POINT('',(-3.798838354316,-4.826768246752,2.786482435639
    ));
#56 = DIRECTION('',(0.,0.,-1.));
#57 = DIRECTION('',(-6.661338147751E-16,1.,0.));
#58 = ADVANCED_FACE('',(#59),#94,.F.);
#59 = FACE_BOUND('',#60,.F.);
#60 = EDGE_LOOP('',(#61,#70,#77,#86,#93));
#61 = ORIENTED_EDGE('',*,*,#62,.F.);
#62 = EDGE_CURVE('',#63,#63,#65,.T.);
#63 = VERTEX_POINT('',#64);
#64 = CARTESIAN_POINT('',(-3.798838354316,-5.430736111088,2.618134987304
    ));
#65 = CIRCLE('',#66,0.603967864336);
#66 = AXIS2_PLACEMENT_3D('',#67,#68,#69);
#67 = CARTESIAN_POINT('',(-3.798838354316,-4.826768246752,2.618134987304
    ));
#68 = DIRECTION('',(0.,-0.,-1.));
#69 = DIRECTION('',(6.661338147751E-16,-1.,0.));
#70 = ORIENTED_EDGE('',*,*,#71,.T.);
#71 = EDGE_CURVE('',#63,#72,#74,.T.);
#72 = VERTEX_POINT('',#73);
#73 = CARTESIAN_POINT('',(-3.798838354316,-5.430736111088,2.672901956709
    ));
#74 = B_SPLINE_CURVE_WITH_KNOTS('',1,(#75,#76),.UNSPECIFIED.,.F.,.F.,(2,
    2),(0.,5.476696940473E-02),.PIECEWISE_BEZIER_KNOTS.);
#75 = CARTESIAN_POINT('',(-3.798838354316,-5.430736111088,2.618134987304
    ));
#76 = CARTESIAN_POINT('',(-3.798838354316,-5.430736111088,2.672901956709
    ));
#77 = ORIENTED_EDGE('',*,*,#78,.T.);
#78 = EDGE_CURVE('',#72,#79,#81,.T.);
#79 = VERTEX_POINT('',#80);
#80 = CARTESIAN_POINT('',(-3.798838354316,-4.222800382416,2.672901956709
    ));
#81 = CIRCLE('',#82,0.603967864336);
#82 = AXIS2_PLACEMENT_3D('',#83,#84,#85);
#83 = CARTESIAN_POINT('',(-3.798838354316,-4.826768246752,2.672901956709
    ));
#84 = DIRECTION('',(0.,0.,-1.));
#85 = DIRECTION('',(-6.661338147751E-16,1.,0.));
#86 = ORIENTED_EDGE('',*,*,#87,.T.);
#87 = EDGE_CURVE('',#79,#72,#88,.T.);
#88 = CIRCLE('',#89,0.603967864336);
#89 = AXIS2_PLACEMENT_3D('',#90,#91,#92);
#90 = CARTESIAN_POINT('',(-3.798838354316,-4.826768246752,2.672901956709
    ));
#91 = DIRECTION('',(0.,0.,-1.));
#92 = DIRECTION('',(-6.661338147751E-16,1.,0.));
#93 = ORIENTED_EDGE('',*,*,#71,.F.);
#94 = CYLINDRICAL_SURFACE('',#95,0.603967864336);
#95 = AXIS2_PLACEMENT_3D('',#96,#97,#98);
#96 = CARTESIAN_POINT('',(-3.798838354316,-4.826768246752,2.618134987304
    ));
#97 = DIRECTION('',(0.,0.,1.));
#98 = DIRECTION('',(6.661338147751E-16,-1.,0.));
#99 = ADVANCED_FACE('',(#100,#104),#107,.F.);
#100 = FACE_BOUND('',#101,.T.);
#101 = EDGE_LOOP('',(#102,#103));
#102 = ORIENTED_EDGE('',*,*,#37,.T.);
#103 = ORIENTED_EDGE('',*,*,#46,.T.);
#104 = FACE_BOUND('',#105,.T.);
#105 = EDGE_LOOP('',(#106));
#106 = ORIENTED_EDGE('',*,*,#62,.F.);
#107 = PLANE('',#108);
#108 = AXIS2_PLACEMENT_3D('',#109,#110,#111);
#109 = CARTESIAN_POINT('',(-3.798838354316,-4.826768246752,
    2.618134987304));
#110 = DIRECTION('',(0.,0.,-1.));
#111 = DIRECTION('',(-6.661338147751E-16,1.,0.));
#112 = ADVANCED_FACE('',(#113),#147,.F.);
#113 = FACE_BOUND('',#114,.T.);
#114 = EDGE_LOOP('',(#115,#125,#133,#141));
#115 = ORIENTED_EDGE('',*,*,#116,.F.);
#116 = EDGE_CURVE('',#117,#119,#121,.T.);
#117 = VERTEX_POINT('',#118);
#118 = CARTESIAN_POINT('',(2.766875,3.766875,2.22044604925E-16));
#119 = VERTEX_POINT('',#120);
#120 = CARTESIAN_POINT('',(-2.766875,3.766875,2.22044604925E-16));
#121 = LINE('',#122,#123);
#122 = CARTESIAN_POINT('',(2.8,3.766875,2.22044604925E-16));
#123 = VECTOR('',#124,1.);
#124 = DIRECTION('',(-1.,-5.112477901343E-16,0.));
#125 = ORIENTED_EDGE('',*,*,#126,.F.);
#126 = EDGE_CURVE('',#127,#117,#129,.T.);
#127 = VERTEX_POINT('',#128);
#128 = CARTESIAN_POINT('',(2.766875,-3.766875,2.22044604925E-16));
#129 = LINE('',#130,#131);
#130 = CARTESIAN_POINT('',(2.766875,-3.8,2.22044604925E-16));
#131 = VECTOR('',#132,1.);
#132 = DIRECTION('',(-6.661338147751E-16,1.,0.));
#133 = ORIENTED_EDGE('',*,*,#134,.F.);
#134 = EDGE_CURVE('',#135,#127,#137,.T.);
#135 = VERTEX_POINT('',#136);
#136 = CARTESIAN_POINT('',(-2.766875,-3.766875,2.22044604925E-16));
#137 = LINE('',#138,#139);
#138 = CARTESIAN_POINT('',(-2.8,-3.766875,2.22044604925E-16));
#139 = VECTOR('',#140,1.);
#140 = DIRECTION('',(1.,5.112477901343E-16,0.));
#141 = ORIENTED_EDGE('',*,*,#142,.F.);
#142 = EDGE_CURVE('',#119,#135,#143,.T.);
#143 = LINE('',#144,#145);
#144 = CARTESIAN_POINT('',(-2.766875,3.8,2.22044604925E-16));
#145 = VECTOR('',#146,1.);
#146 = DIRECTION('',(5.520072703029E-16,-1.,0.));
#147 = PLANE('',#148);
#148 = AXIS2_PLACEMENT_3D('',#149,#150,#151);
#149 = CARTESIAN_POINT('',(-2.8,3.8,2.22044604925E-16));
#150 = DIRECTION('',(0.,0.,1.));
#151 = DIRECTION('',(6.661338147751E-16,-1.,0.));
#152 = ADVANCED_FACE('',(#153),#181,.T.);
#153 = FACE_BOUND('',#154,.T.);
#154 = EDGE_LOOP('',(#155,#164,#174));
#155 = ORIENTED_EDGE('',*,*,#156,.F.);
#156 = EDGE_CURVE('',#157,#127,#159,.T.);
#157 = VERTEX_POINT('',#158);
#158 = CARTESIAN_POINT('',(3.797097688794,-3.79990694344,0.955739748699)
  );
#159 = ELLIPSE('',#160,1.033655905633,1.033125);
#160 = AXIS2_PLACEMENT_3D('',#161,#162,#163);
#161 = CARTESIAN_POINT('',(2.766875,-3.766875,1.033125));
#162 = DIRECTION('',(3.204644777772E-02,0.99948638069,-0.));
#163 = DIRECTION('',(-0.99948638069,3.204644777772E-02,0.));
#164 = ORIENTED_EDGE('',*,*,#165,.T.);
#165 = EDGE_CURVE('',#157,#166,#168,.T.);
#166 = VERTEX_POINT('',#167);
#167 = CARTESIAN_POINT('',(2.79990694344,-4.797097688794,0.955739748699)
  );
#168 = B_SPLINE_CURVE_WITH_KNOTS('',3,(#169,#170,#171,#172,#173),
  .UNSPECIFIED.,.F.,.F.,(4,1,4),(0.,7.895268679847E-04,
    1.579053735969E-03),.QUASI_UNIFORM_KNOTS.);
#169 = CARTESIAN_POINT('',(3.797097688794,-3.79990694344,0.955739748699)
  );
#170 = CARTESIAN_POINT('',(3.797105626968,-4.063303262082,0.95584542887)
  );
#171 = CARTESIAN_POINT('',(3.580472072038,-4.579284386514,0.955870846968
    ));
#172 = CARTESIAN_POINT('',(3.063303294064,-4.797105626969,0.955845428882
    ));
#173 = CARTESIAN_POINT('',(2.79990694344,-4.797097688794,0.955739748699)
  );
#174 = ORIENTED_EDGE('',*,*,#175,.T.);
#175 = EDGE_CURVE('',#166,#127,#176,.T.);
#176 = ELLIPSE('',#177,1.033655905633,1.033125);
#177 = AXIS2_PLACEMENT_3D('',#178,#179,#180);
#178 = CARTESIAN_POINT('',(2.766875,-3.766875,1.033125));
#179 = DIRECTION('',(0.99948638069,3.204644777772E-02,-0.));
#180 = DIRECTION('',(-3.204644777772E-02,0.99948638069,0.));
#181 = ( BOUNDED_SURFACE() B_SPLINE_SURFACE(3,2,(
    (#182,#183,#184)
    ,(#185,#186,#187)
    ,(#188,#189,#190)
    ,(#191,#192,#193)
    ,(#194,#195,#196)
    ,(#197,#198,#199)
    ,(#200,#201,#202
)),.UNSPECIFIED.,.F.,.F.,.F.) B_SPLINE_SURFACE_WITH_KNOTS((4,1,1,1,4),(3
    ,3),(1.570796326795,1.952400009435,2.334003692076,2.715607374716,
3.097211057356),(0.,1.),.UNSPECIFIED.) GEOMETRIC_REPRESENTATION_ITEM() 
RATIONAL_B_SPLINE_SURFACE((
    (1.,1.,1.)
    ,(1.,0.999999613308,1.)
    ,(1.,0.974984870049,1.)
    ,(1.,0.875783313641,1.)
    ,(1.,0.756316252627,1.)
    ,(1.,0.711797735895,1.)
,(1.,0.707802385257,1.))) REPRESENTATION_ITEM('') SURFACE() );
#182 = CARTESIAN_POINT('',(2.766875,-3.766875,2.22044604925E-16));
#183 = CARTESIAN_POINT('',(2.766875,-3.766875,2.22044604925E-16));
#184 = CARTESIAN_POINT('',(2.766875,-3.766875,2.22044604925E-16));
#185 = CARTESIAN_POINT('',(2.898309725973,-3.771089180567,
    2.22044604925E-16));
#186 = CARTESIAN_POINT('',(2.834685953429,-3.834685953429,
    -8.871962098311E-07));
#187 = CARTESIAN_POINT('',(2.771089180567,-3.898309725973,
    2.22044604925E-16));
#188 = CARTESIAN_POINT('',(3.161055555492,-3.779513579035,
    5.076180791988E-02));
#189 = CARTESIAN_POINT('',(2.975659950688,-3.975659950688,
    -1.135999275981E-05));
#190 = CARTESIAN_POINT('',(2.779513579035,-4.161055555491,
    5.076180791988E-02));
#191 = CARTESIAN_POINT('',(3.498562961238,-3.790335045966,0.268218419775
    ));
#192 = CARTESIAN_POINT('',(3.24110540182,-4.24110540182,
    3.416616299281E-02));
#193 = CARTESIAN_POINT('',(2.790335045966,-4.498562961238,0.268218419775
    ));
#194 = CARTESIAN_POINT('',(3.730783357152,-3.797780726002,0.595757277333
    ));
#195 = CARTESIAN_POINT('',(3.602534888057,-4.602534888057,0.255170481562
    ));
#196 = CARTESIAN_POINT('',(2.797780726002,-4.730783357152,0.595757277333
    ));
#197 = CARTESIAN_POINT('',(3.793150430533,-3.799780353967,0.855963159004
    ));
#198 = CARTESIAN_POINT('',(3.780008362103,-4.780008362103,0.687382695192
    ));
#199 = CARTESIAN_POINT('',(2.799780353967,-4.793150430533,0.855963159004
    ));
#200 = CARTESIAN_POINT('',(3.798982680373,-3.799967381766,0.987288314469
    ));
#201 = CARTESIAN_POINT('',(3.79702004885,-4.79702004885,0.943095610643)
  );
#202 = CARTESIAN_POINT('',(2.799967381766,-4.798982680373,0.987288314469
    ));
#203 = ADVANCED_FACE('',(#204),#223,.T.);
#204 = FACE_BOUND('',#205,.T.);
#205 = EDGE_LOOP('',(#206,#207,#215,#222));
#206 = ORIENTED_EDGE('',*,*,#175,.F.);
#207 = ORIENTED_EDGE('',*,*,#208,.T.);
#208 = EDGE_CURVE('',#166,#209,#211,.T.);
#209 = VERTEX_POINT('',#210);
#210 = CARTESIAN_POINT('',(-2.79990694344,-4.797097688794,0.955739748699
    ));
#211 = LINE('',#212,#213);
#212 = CARTESIAN_POINT('',(-2.8,-4.797097688794,0.955739748699));
#213 = VECTOR('',#214,1.);
#214 = DIRECTION('',(-1.,-5.112477901343E-16,0.));
#215 = ORIENTED_EDGE('',*,*,#216,.T.);
#216 = EDGE_CURVE('',#209,#135,#217,.T.);
#217 = ELLIPSE('',#218,1.033655905633,1.033125);
#218 = AXIS2_PLACEMENT_3D('',#219,#220,#221);
#219 = CARTESIAN_POINT('',(-2.766875,-3.766875,1.033125));
#220 = DIRECTION('',(0.99948638069,-3.204644777772E-02,0.));
#221 = DIRECTION('',(3.204644777772E-02,0.99948638069,0.));
#222 = ORIENTED_EDGE('',*,*,#134,.T.);
#223 = CYLINDRICAL_SURFACE('',#224,1.033125);
#224 = AXIS2_PLACEMENT_3D('',#225,#226,#227);
#225 = CARTESIAN_POINT('',(-2.8,-3.766875,1.033125));
#226 = DIRECTION('',(-1.,-5.112477901343E-16,0.));
#227 = DIRECTION('',(5.112477901343E-16,-1.,0.));
#228 = ADVANCED_FACE('',(#229),#249,.T.);
#229 = FACE_BOUND('',#230,.T.);
#230 = EDGE_LOOP('',(#231,#232,#242));
#231 = ORIENTED_EDGE('',*,*,#216,.F.);
#232 = ORIENTED_EDGE('',*,*,#233,.T.);
#233 = EDGE_CURVE('',#209,#234,#236,.T.);
#234 = VERTEX_POINT('',#235);
#235 = CARTESIAN_POINT('',(-3.797097688794,-3.79990694344,0.955739748699
    ));
#236 = B_SPLINE_CURVE_WITH_KNOTS('',3,(#237,#238,#239,#240,#241),
  .UNSPECIFIED.,.F.,.F.,(4,1,4),(0.,7.895268679847E-04,
    1.579053735969E-03),.QUASI_UNIFORM_KNOTS.);
#237 = CARTESIAN_POINT('',(-2.79990694344,-4.797097688794,0.955739748699
    ));
#238 = CARTESIAN_POINT('',(-3.063303262082,-4.797105626968,0.95584542887
    ));
#239 = CARTESIAN_POINT('',(-3.579284386514,-4.580472072038,
    0.955870846968));
#240 = CARTESIAN_POINT('',(-3.797105626969,-4.063303294064,
    0.955845428882));
#241 = CARTESIAN_POINT('',(-3.797097688794,-3.79990694344,0.955739748699
    ));
#242 = ORIENTED_EDGE('',*,*,#243,.T.);
#243 = EDGE_CURVE('',#234,#135,#244,.T.);
#244 = ELLIPSE('',#245,1.033655905633,1.033125);
#245 = AXIS2_PLACEMENT_3D('',#246,#247,#248);
#246 = CARTESIAN_POINT('',(-2.766875,-3.766875,1.033125));
#247 = DIRECTION('',(3.204644777772E-02,-0.99948638069,0.));
#248 = DIRECTION('',(0.99948638069,3.204644777772E-02,0.));
#249 = ( BOUNDED_SURFACE() B_SPLINE_SURFACE(3,2,(
    (#250,#251,#252)
    ,(#253,#254,#255)
    ,(#256,#257,#258)
    ,(#259,#260,#261)
    ,(#262,#263,#264)
    ,(#265,#266,#267)
    ,(#268,#269,#270
)),.UNSPECIFIED.,.F.,.F.,.F.) B_SPLINE_SURFACE_WITH_KNOTS((4,1,1,1,4),(3
    ,3),(1.570796326795,1.952400009435,2.334003692076,2.715607374716,
3.097211057356),(0.,1.),.UNSPECIFIED.) GEOMETRIC_REPRESENTATION_ITEM() 
RATIONAL_B_SPLINE_SURFACE((
    (1.,1.,1.)
    ,(1.,0.999999613308,1.)
    ,(1.,0.974984870049,1.)
    ,(1.,0.875783313641,1.)
    ,(1.,0.756316252627,1.)
    ,(1.,0.711797735895,1.)
,(1.,0.707802385257,1.))) REPRESENTATION_ITEM('') SURFACE() );
#250 = CARTESIAN_POINT('',(-2.766875,-3.766875,2.22044604925E-16));
#251 = CARTESIAN_POINT('',(-2.766875,-3.766875,2.22044604925E-16));
#252 = CARTESIAN_POINT('',(-2.766875,-3.766875,2.22044604925E-16));
#253 = CARTESIAN_POINT('',(-2.771089180567,-3.898309725973,
    2.22044604925E-16));
#254 = CARTESIAN_POINT('',(-2.834685953429,-3.834685953429,
    -8.871962098311E-07));
#255 = CARTESIAN_POINT('',(-2.898309725973,-3.771089180567,
    2.22044604925E-16));
#256 = CARTESIAN_POINT('',(-2.779513579035,-4.161055555492,
    5.076180791988E-02));
#257 = CARTESIAN_POINT('',(-2.975659950688,-3.975659950688,
    -1.135999275981E-05));
#258 = CARTESIAN_POINT('',(-3.161055555491,-3.779513579035,
    5.076180791988E-02));
#259 = CARTESIAN_POINT('',(-2.790335045966,-4.498562961238,
    0.268218419775));
#260 = CARTESIAN_POINT('',(-3.24110540182,-4.24110540182,
    3.416616299281E-02));
#261 = CARTESIAN_POINT('',(-3.498562961238,-3.790335045966,
    0.268218419775));
#262 = CARTESIAN_POINT('',(-2.797780726002,-4.730783357152,
    0.595757277333));
#263 = CARTESIAN_POINT('',(-3.602534888057,-4.602534888057,
    0.255170481562));
#264 = CARTESIAN_POINT('',(-3.730783357152,-3.797780726002,
    0.595757277333));
#265 = CARTESIAN_POINT('',(-2.799780353967,-4.793150430533,
    0.855963159004));
#266 = CARTESIAN_POINT('',(-3.780008362103,-4.780008362103,
    0.687382695192));
#267 = CARTESIAN_POINT('',(-3.793150430533,-3.799780353967,
    0.855963159004));
#268 = CARTESIAN_POINT('',(-2.799967381766,-4.798982680373,
    0.987288314469));
#269 = CARTESIAN_POINT('',(-3.79702004885,-4.79702004885,0.943095610643)
  );
#270 = CARTESIAN_POINT('',(-3.798982680373,-3.799967381766,
    0.987288314469));
#271 = ADVANCED_FACE('',(#272),#291,.T.);
#272 = FACE_BOUND('',#273,.T.);
#273 = EDGE_LOOP('',(#274,#275,#283,#290));
#274 = ORIENTED_EDGE('',*,*,#243,.F.);
#275 = ORIENTED_EDGE('',*,*,#276,.T.);
#276 = EDGE_CURVE('',#234,#277,#279,.T.);
#277 = VERTEX_POINT('',#278);
#278 = CARTESIAN_POINT('',(-3.797097688794,3.79990694344,0.955739748699)
  );
#279 = LINE('',#280,#281);
#280 = CARTESIAN_POINT('',(-3.797097688794,3.8,0.955739748699));
#281 = VECTOR('',#282,1.);
#282 = DIRECTION('',(-5.520072703029E-16,1.,0.));
#283 = ORIENTED_EDGE('',*,*,#284,.T.);
#284 = EDGE_CURVE('',#277,#119,#285,.T.);
#285 = ELLIPSE('',#286,1.033655905633,1.033125);
#286 = AXIS2_PLACEMENT_3D('',#287,#288,#289);
#287 = CARTESIAN_POINT('',(-2.766875,3.766875,1.033125));
#288 = DIRECTION('',(-3.204644777772E-02,-0.99948638069,0.));
#289 = DIRECTION('',(0.99948638069,-3.204644777772E-02,0.));
#290 = ORIENTED_EDGE('',*,*,#142,.T.);
#291 = CYLINDRICAL_SURFACE('',#292,1.033125);
#292 = AXIS2_PLACEMENT_3D('',#293,#294,#295);
#293 = CARTESIAN_POINT('',(-2.766875,3.8,1.033125));
#294 = DIRECTION('',(-5.520072703029E-16,1.,0.));
#295 = DIRECTION('',(-1.,-5.520072703029E-16,0.));
#296 = ADVANCED_FACE('',(#297),#317,.T.);
#297 = FACE_BOUND('',#298,.T.);
#298 = EDGE_LOOP('',(#299,#300,#310));
#299 = ORIENTED_EDGE('',*,*,#284,.F.);
#300 = ORIENTED_EDGE('',*,*,#301,.T.);
#301 = EDGE_CURVE('',#277,#302,#304,.T.);
#302 = VERTEX_POINT('',#303);
#303 = CARTESIAN_POINT('',(-2.79990694344,4.797097688794,0.955739748699)
  );
#304 = B_SPLINE_CURVE_WITH_KNOTS('',3,(#305,#306,#307,#308,#309),
  .UNSPECIFIED.,.F.,.F.,(4,1,4),(0.,7.895268679847E-04,
    1.579053735969E-03),.QUASI_UNIFORM_KNOTS.);
#305 = CARTESIAN_POINT('',(-3.797097688794,3.79990694344,0.955739748699)
  );
#306 = CARTESIAN_POINT('',(-3.797105626968,4.063303262082,0.95584542887)
  );
#307 = CARTESIAN_POINT('',(-3.580472072038,4.579284386514,0.955870846968
    ));
#308 = CARTESIAN_POINT('',(-3.063303294064,4.797105626969,0.955845428882
    ));
#309 = CARTESIAN_POINT('',(-2.79990694344,4.797097688794,0.955739748699)
  );
#310 = ORIENTED_EDGE('',*,*,#311,.T.);
#311 = EDGE_CURVE('',#302,#119,#312,.T.);
#312 = ELLIPSE('',#313,1.033655905633,1.033125);
#313 = AXIS2_PLACEMENT_3D('',#314,#315,#316);
#314 = CARTESIAN_POINT('',(-2.766875,3.766875,1.033125));
#315 = DIRECTION('',(-0.99948638069,-3.204644777772E-02,0.));
#316 = DIRECTION('',(3.204644777772E-02,-0.99948638069,0.));
#317 = ( BOUNDED_SURFACE() B_SPLINE_SURFACE(3,2,(
    (#318,#319,#320)
    ,(#321,#322,#323)
    ,(#324,#325,#326)
    ,(#327,#328,#329)
    ,(#330,#331,#332)
    ,(#333,#334,#335)
    ,(#336,#337,#338
)),.UNSPECIFIED.,.F.,.F.,.F.) B_SPLINE_SURFACE_WITH_KNOTS((4,1,1,1,4),(3
    ,3),(1.570796326795,1.952400009435,2.334003692076,2.715607374716,
3.097211057356),(0.,1.),.UNSPECIFIED.) GEOMETRIC_REPRESENTATION_ITEM() 
RATIONAL_B_SPLINE_SURFACE((
    (1.,1.,1.)
    ,(1.,0.999999613308,1.)
    ,(1.,0.974984870049,1.)
    ,(1.,0.875783313641,1.)
    ,(1.,0.756316252627,1.)
    ,(1.,0.711797735895,1.)
,(1.,0.707802385257,1.))) REPRESENTATION_ITEM('') SURFACE() );
#318 = CARTESIAN_POINT('',(-2.766875,3.766875,2.22044604925E-16));
#319 = CARTESIAN_POINT('',(-2.766875,3.766875,2.22044604925E-16));
#320 = CARTESIAN_POINT('',(-2.766875,3.766875,2.22044604925E-16));
#321 = CARTESIAN_POINT('',(-2.898309725973,3.771089180567,
    2.22044604925E-16));
#322 = CARTESIAN_POINT('',(-2.834685953429,3.834685953429,
    -8.871962098311E-07));
#323 = CARTESIAN_POINT('',(-2.771089180567,3.898309725973,
    2.22044604925E-16));
#324 = CARTESIAN_POINT('',(-3.161055555491,3.779513579035,
    5.076180791988E-02));
#325 = CARTESIAN_POINT('',(-2.975659950688,3.975659950688,
    -1.135999275981E-05));
#326 = CARTESIAN_POINT('',(-2.779513579035,4.161055555491,
    5.076180791988E-02));
#327 = CARTESIAN_POINT('',(-3.498562961238,3.790335045966,0.268218419775
    ));
#328 = CARTESIAN_POINT('',(-3.24110540182,4.24110540182,
    3.416616299281E-02));
#329 = CARTESIAN_POINT('',(-2.790335045966,4.498562961238,0.268218419775
    ));
#330 = CARTESIAN_POINT('',(-3.730783357152,3.797780726002,0.595757277333
    ));
#331 = CARTESIAN_POINT('',(-3.602534888057,4.602534888057,0.255170481562
    ));
#332 = CARTESIAN_POINT('',(-2.797780726002,4.730783357152,0.595757277333
    ));
#333 = CARTESIAN_POINT('',(-3.793150430533,3.799780353967,0.855963159004
    ));
#334 = CARTESIAN_POINT('',(-3.780008362103,4.780008362103,0.687382695192
    ));
#335 = CARTESIAN_POINT('',(-2.799780353967,4.793150430533,0.855963159004
    ));
#336 = CARTESIAN_POINT('',(-3.798982680373,3.799967381766,0.987288314469
    ));
#337 = CARTESIAN_POINT('',(-3.79702004885,4.79702004885,0.943095610643)
  );
#338 = CARTESIAN_POINT('',(-2.799967381766,4.798982680373,0.987288314469
    ));
#339 = ADVANCED_FACE('',(#340),#359,.T.);
#340 = FACE_BOUND('',#341,.T.);
#341 = EDGE_LOOP('',(#342,#343,#351,#358));
#342 = ORIENTED_EDGE('',*,*,#311,.F.);
#343 = ORIENTED_EDGE('',*,*,#344,.T.);
#344 = EDGE_CURVE('',#302,#345,#347,.T.);
#345 = VERTEX_POINT('',#346);
#346 = CARTESIAN_POINT('',(2.79990694344,4.797097688794,0.955739748699)
  );
#347 = LINE('',#348,#349);
#348 = CARTESIAN_POINT('',(2.8,4.797097688794,0.955739748699));
#349 = VECTOR('',#350,1.);
#350 = DIRECTION('',(1.,5.112477901343E-16,0.));
#351 = ORIENTED_EDGE('',*,*,#352,.T.);
#352 = EDGE_CURVE('',#345,#117,#353,.T.);
#353 = ELLIPSE('',#354,1.033655905633,1.033125);
#354 = AXIS2_PLACEMENT_3D('',#355,#356,#357);
#355 = CARTESIAN_POINT('',(2.766875,3.766875,1.033125));
#356 = DIRECTION('',(-0.99948638069,3.204644777772E-02,0.));
#357 = DIRECTION('',(-3.204644777772E-02,-0.99948638069,0.));
#358 = ORIENTED_EDGE('',*,*,#116,.T.);
#359 = CYLINDRICAL_SURFACE('',#360,1.033125);
#360 = AXIS2_PLACEMENT_3D('',#361,#362,#363);
#361 = CARTESIAN_POINT('',(2.8,3.766875,1.033125));
#362 = DIRECTION('',(1.,5.112477901343E-16,0.));
#363 = DIRECTION('',(-5.112477901343E-16,1.,0.));
#364 = ADVANCED_FACE('',(#365),#385,.T.);
#365 = FACE_BOUND('',#366,.T.);
#366 = EDGE_LOOP('',(#367,#368,#378));
#367 = ORIENTED_EDGE('',*,*,#352,.F.);
#368 = ORIENTED_EDGE('',*,*,#369,.T.);
#369 = EDGE_CURVE('',#345,#370,#372,.T.);
#370 = VERTEX_POINT('',#371);
#371 = CARTESIAN_POINT('',(3.797097688794,3.79990694344,0.955739748699)
  );
#372 = B_SPLINE_CURVE_WITH_KNOTS('',3,(#373,#374,#375,#376,#377),
  .UNSPECIFIED.,.F.,.F.,(4,1,4),(0.,7.895268679847E-04,
    1.579053735969E-03),.QUASI_UNIFORM_KNOTS.);
#373 = CARTESIAN_POINT('',(2.79990694344,4.797097688794,0.955739748699)
  );
#374 = CARTESIAN_POINT('',(3.063303262082,4.797105626968,0.95584542887)
  );
#375 = CARTESIAN_POINT('',(3.579284386514,4.580472072038,0.955870846968)
  );
#376 = CARTESIAN_POINT('',(3.797105626969,4.063303294064,0.955845428882)
  );
#377 = CARTESIAN_POINT('',(3.797097688794,3.79990694344,0.955739748699)
  );
#378 = ORIENTED_EDGE('',*,*,#379,.T.);
#379 = EDGE_CURVE('',#370,#117,#380,.T.);
#380 = ELLIPSE('',#381,1.033655905633,1.033125);
#381 = AXIS2_PLACEMENT_3D('',#382,#383,#384);
#382 = CARTESIAN_POINT('',(2.766875,3.766875,1.033125));
#383 = DIRECTION('',(-3.204644777772E-02,0.99948638069,0.));
#384 = DIRECTION('',(-0.99948638069,-3.204644777772E-02,0.));
#385 = ( BOUNDED_SURFACE() B_SPLINE_SURFACE(3,2,(
    (#386,#387,#388)
    ,(#389,#390,#391)
    ,(#392,#393,#394)
    ,(#395,#396,#397)
    ,(#398,#399,#400)
    ,(#401,#402,#403)
    ,(#404,#405,#406
)),.UNSPECIFIED.,.F.,.F.,.F.) B_SPLINE_SURFACE_WITH_KNOTS((4,1,1,1,4),(3
    ,3),(1.570796326795,1.952400009435,2.334003692076,2.715607374716,
3.097211057356),(0.,1.),.UNSPECIFIED.) GEOMETRIC_REPRESENTATION_ITEM() 
RATIONAL_B_SPLINE_SURFACE((
    (1.,1.,1.)
    ,(1.,0.999999613308,1.)
    ,(1.,0.974984870049,1.)
    ,(1.,0.875783313641,1.)
    ,(1.,0.756316252627,1.)
    ,(1.,0.711797735895,1.)
,(1.,0.707802385257,1.))) REPRESENTATION_ITEM('') SURFACE() );
#386 = CARTESIAN_POINT('',(2.766875,3.766875,2.22044604925E-16));
#387 = CARTESIAN_POINT('',(2.766875,3.766875,2.22044604925E-16));
#388 = CARTESIAN_POINT('',(2.766875,3.766875,2.22044604925E-16));
#389 = CARTESIAN_POINT('',(2.771089180567,3.898309725973,
    2.22044604925E-16));
#390 = CARTESIAN_POINT('',(2.834685953429,3.834685953429,
    -8.871962098311E-07));
#391 = CARTESIAN_POINT('',(2.898309725973,3.771089180567,
    2.22044604925E-16));
#392 = CARTESIAN_POINT('',(2.779513579035,4.161055555492,
    5.076180791988E-02));
#393 = CARTESIAN_POINT('',(2.975659950688,3.975659950688,
    -1.135999275981E-05));
#394 = CARTESIAN_POINT('',(3.161055555491,3.779513579035,
    5.076180791988E-02));
#395 = CARTESIAN_POINT('',(2.790335045966,4.498562961238,0.268218419775)
  );
#396 = CARTESIAN_POINT('',(3.24110540182,4.24110540182,
    3.416616299281E-02));
#397 = CARTESIAN_POINT('',(3.498562961238,3.790335045966,0.268218419775)
  );
#398 = CARTESIAN_POINT('',(2.797780726002,4.730783357152,0.595757277333)
  );
#399 = CARTESIAN_POINT('',(3.602534888057,4.602534888057,0.255170481562)
  );
#400 = CARTESIAN_POINT('',(3.730783357152,3.797780726002,0.595757277333)
  );
#401 = CARTESIAN_POINT('',(2.799780353967,4.793150430533,0.855963159004)
  );
#402 = CARTESIAN_POINT('',(3.780008362103,4.780008362103,0.687382695192)
  );
#403 = CARTESIAN_POINT('',(3.793150430533,3.799780353967,0.855963159004)
  );
#404 = CARTESIAN_POINT('',(2.799967381766,4.798982680373,0.987288314469)
  );
#405 = CARTESIAN_POINT('',(3.79702004885,4.79702004885,0.943095610643));
#406 = CARTESIAN_POINT('',(3.798982680373,3.799967381766,0.987288314469)
  );
#407 = ADVANCED_FACE('',(#408),#419,.T.);
#408 = FACE_BOUND('',#409,.T.);
#409 = EDGE_LOOP('',(#410,#411,#417,#418));
#410 = ORIENTED_EDGE('',*,*,#379,.F.);
#411 = ORIENTED_EDGE('',*,*,#412,.T.);
#412 = EDGE_CURVE('',#370,#157,#413,.T.);
#413 = LINE('',#414,#415);
#414 = CARTESIAN_POINT('',(3.797097688794,-3.8,0.955739748699));
#415 = VECTOR('',#416,1.);
#416 = DIRECTION('',(6.661338147751E-16,-1.,0.));
#417 = ORIENTED_EDGE('',*,*,#156,.T.);
#418 = ORIENTED_EDGE('',*,*,#126,.T.);
#419 = CYLINDRICAL_SURFACE('',#420,1.033125);
#420 = AXIS2_PLACEMENT_3D('',#421,#422,#423);
#421 = CARTESIAN_POINT('',(2.766875,-3.8,1.033125));
#422 = DIRECTION('',(6.661338147751E-16,-1.,0.));
#423 = DIRECTION('',(0.,0.,-1.));
#424 = ADVANCED_FACE('',(#425),#454,.F.);
#425 = FACE_BOUND('',#426,.F.);
#426 = EDGE_LOOP('',(#427,#439,#446,#447));
#427 = ORIENTED_EDGE('',*,*,#428,.T.);
#428 = EDGE_CURVE('',#429,#431,#433,.T.);
#429 = VERTEX_POINT('',#430);
#430 = CARTESIAN_POINT('',(2.79990694344,-4.996535837865,1.140758937799)
  );
#431 = VERTEX_POINT('',#432);
#432 = CARTESIAN_POINT('',(3.996535837865,-3.79990694344,1.140758937799)
  );
#433 = B_SPLINE_CURVE_WITH_KNOTS('',3,(#434,#435,#436,#437,#438),
  .UNSPECIFIED.,.F.,.F.,(4,1,4),(0.,9.467679981473E-04,
    1.893535996295E-03),.UNSPECIFIED.);
#434 = CARTESIAN_POINT('',(2.79990694344,-4.996535837865,1.140758937799)
  );
#435 = CARTESIAN_POINT('',(3.115980050766,-4.996535837865,1.140758937799
    ));
#436 = CARTESIAN_POINT('',(3.736572796108,-4.7351476703,1.140758937799)
  );
#437 = CARTESIAN_POINT('',(3.996535837865,-4.115980003738,1.140758937799
    ));
#438 = CARTESIAN_POINT('',(3.996535837865,-3.79990694344,1.140758937799)
  );
#439 = ORIENTED_EDGE('',*,*,#440,.T.);
#440 = EDGE_CURVE('',#431,#157,#441,.T.);
#441 = CIRCLE('',#442,0.2);
#442 = AXIS2_PLACEMENT_3D('',#443,#444,#445);
#443 = CARTESIAN_POINT('',(3.996535837865,-3.79990694344,0.940758937799)
  );
#444 = DIRECTION('',(6.661338147751E-16,-1.,0.));
#445 = DIRECTION('',(0.,0.,-1.));
#446 = ORIENTED_EDGE('',*,*,#165,.T.);
#447 = ORIENTED_EDGE('',*,*,#448,.F.);
#448 = EDGE_CURVE('',#429,#166,#449,.T.);
#449 = CIRCLE('',#450,0.2);
#450 = AXIS2_PLACEMENT_3D('',#451,#452,#453);
#451 = CARTESIAN_POINT('',(2.79990694344,-4.996535837865,0.940758937799)
  );
#452 = DIRECTION('',(-1.,-6.661338147751E-16,-0.));
#453 = DIRECTION('',(0.,0.,-1.));
#454 = ( BOUNDED_SURFACE() B_SPLINE_SURFACE(3,2,(
    (#455,#456,#457)
    ,(#458,#459,#460)
    ,(#461,#462,#463)
    ,(#464,#465,#466)
    ,(#467,#468,#469
)),.UNSPECIFIED.,.F.,.F.,.F.) B_SPLINE_SURFACE_WITH_KNOTS((4,1,4),(3,3),
  (9.938556740565E-04,1.942168774356E-03,2.890481874655E-03),(0.,1.),
.UNSPECIFIED.) GEOMETRIC_REPRESENTATION_ITEM() RATIONAL_B_SPLINE_SURFACE
((
    (1.,0.733111197055,1.)
    ,(1.,0.733289625884,1.)
    ,(1.,0.733336616596,1.)
    ,(1.,0.73328926194,1.)
,(1.,0.733111197055,1.))) REPRESENTATION_ITEM('') SURFACE() );
#455 = CARTESIAN_POINT('',(3.797097688794,-3.79990694344,0.955739748699)
  );
#456 = CARTESIAN_POINT('',(3.810995418479,-3.79990694344,1.140758937799)
  );
#457 = CARTESIAN_POINT('',(3.996535837865,-3.79990694344,1.140758937799)
  );
#458 = CARTESIAN_POINT('',(3.797105549417,-4.060727683506,0.955844396438
    ));
#459 = CARTESIAN_POINT('',(3.811093039831,-4.064297705758,1.140758937799
    ));
#460 = CARTESIAN_POINT('',(3.996535857187,-4.112882398899,1.140758937799
    ));
#461 = CARTESIAN_POINT('',(3.581837156824,-4.580761108274,0.95587198636)
  );
#462 = CARTESIAN_POINT('',(3.592860460582,-4.591769787345,1.140758937799
    ));
#463 = CARTESIAN_POINT('',(3.738214337865,-4.736923082835,1.140758937799
    ));
#464 = CARTESIAN_POINT('',(3.060195698213,-4.797105533353,0.955844182584
    ));
#465 = CARTESIAN_POINT('',(3.063758569806,-4.811092835302,1.140758937799
    ));
#466 = CARTESIAN_POINT('',(3.112244035788,-4.99653585069,1.140758937799)
  );
#467 = CARTESIAN_POINT('',(2.79990694344,-4.797097688794,0.955739748699)
  );
#468 = CARTESIAN_POINT('',(2.79990694344,-4.810995418479,1.140758937799)
  );
#469 = CARTESIAN_POINT('',(2.79990694344,-4.996535837865,1.140758937799)
  );
#470 = ADVANCED_FACE('',(#471),#490,.F.);
#471 = FACE_BOUND('',#472,.F.);
#472 = EDGE_LOOP('',(#473,#481,#482,#483));
#473 = ORIENTED_EDGE('',*,*,#474,.T.);
#474 = EDGE_CURVE('',#475,#429,#477,.T.);
#475 = VERTEX_POINT('',#476);
#476 = CARTESIAN_POINT('',(-2.79990694344,-4.996535837865,1.140758937799
    ));
#477 = LINE('',#478,#479);
#478 = CARTESIAN_POINT('',(2.8,-4.996535837865,1.140758937799));
#479 = VECTOR('',#480,1.);
#480 = DIRECTION('',(1.,5.112477901343E-16,0.));
#481 = ORIENTED_EDGE('',*,*,#448,.T.);
#482 = ORIENTED_EDGE('',*,*,#208,.T.);
#483 = ORIENTED_EDGE('',*,*,#484,.F.);
#484 = EDGE_CURVE('',#475,#209,#485,.T.);
#485 = CIRCLE('',#486,0.2);
#486 = AXIS2_PLACEMENT_3D('',#487,#488,#489);
#487 = CARTESIAN_POINT('',(-2.79990694344,-4.996535837865,0.940758937799
    ));
#488 = DIRECTION('',(-1.,-6.661338147751E-16,-0.));
#489 = DIRECTION('',(0.,0.,-1.));
#490 = CYLINDRICAL_SURFACE('',#491,0.2);
#491 = AXIS2_PLACEMENT_3D('',#492,#493,#494);
#492 = CARTESIAN_POINT('',(-2.8,-4.996535837865,0.940758937799));
#493 = DIRECTION('',(-1.,-5.112477901343E-16,0.));
#494 = DIRECTION('',(5.112477901343E-16,-1.,0.));
#495 = ADVANCED_FACE('',(#496),#517,.F.);
#496 = FACE_BOUND('',#497,.F.);
#497 = EDGE_LOOP('',(#498,#508,#509,#510));
#498 = ORIENTED_EDGE('',*,*,#499,.T.);
#499 = EDGE_CURVE('',#500,#475,#502,.T.);
#500 = VERTEX_POINT('',#501);
#501 = CARTESIAN_POINT('',(-3.996535837865,-3.79990694344,1.140758937799
    ));
#502 = B_SPLINE_CURVE_WITH_KNOTS('',3,(#503,#504,#505,#506,#507),
  .UNSPECIFIED.,.F.,.F.,(4,1,4),(0.,9.467679981473E-04,
    1.893535996295E-03),.UNSPECIFIED.);
#503 = CARTESIAN_POINT('',(-3.996535837865,-3.79990694344,1.140758937799
    ));
#504 = CARTESIAN_POINT('',(-3.996535837865,-4.115980050766,
    1.140758937799));
#505 = CARTESIAN_POINT('',(-3.7351476703,-4.736572796108,1.140758937799)
  );
#506 = CARTESIAN_POINT('',(-3.115980003738,-4.996535837865,
    1.140758937799));
#507 = CARTESIAN_POINT('',(-2.79990694344,-4.996535837865,1.140758937799
    ));
#508 = ORIENTED_EDGE('',*,*,#484,.T.);
#509 = ORIENTED_EDGE('',*,*,#233,.T.);
#510 = ORIENTED_EDGE('',*,*,#511,.T.);
#511 = EDGE_CURVE('',#234,#500,#512,.T.);
#512 = CIRCLE('',#513,0.2);
#513 = AXIS2_PLACEMENT_3D('',#514,#515,#516);
#514 = CARTESIAN_POINT('',(-3.996535837865,-3.79990694344,0.940758937799
    ));
#515 = DIRECTION('',(6.661338147751E-16,-1.,0.));
#516 = DIRECTION('',(0.,0.,-1.));
#517 = ( BOUNDED_SURFACE() B_SPLINE_SURFACE(3,2,(
    (#518,#519,#520)
    ,(#521,#522,#523)
    ,(#524,#525,#526)
    ,(#527,#528,#529)
    ,(#530,#531,#532
)),.UNSPECIFIED.,.F.,.F.,.F.) B_SPLINE_SURFACE_WITH_KNOTS((4,1,4),(3,3),
  (9.938556740565E-04,1.942168774356E-03,2.890481874655E-03),(0.,1.),
.UNSPECIFIED.) GEOMETRIC_REPRESENTATION_ITEM() RATIONAL_B_SPLINE_SURFACE
((
    (1.,0.733111197055,1.)
    ,(1.,0.733289625884,1.)
    ,(1.,0.733336616596,1.)
    ,(1.,0.73328926194,1.)
,(1.,0.733111197055,1.))) REPRESENTATION_ITEM('') SURFACE() );
#518 = CARTESIAN_POINT('',(-2.79990694344,-4.797097688794,0.955739748699
    ));
#519 = CARTESIAN_POINT('',(-2.79990694344,-4.810995418479,1.140758937799
    ));
#520 = CARTESIAN_POINT('',(-2.79990694344,-4.996535837865,1.140758937799
    ));
#521 = CARTESIAN_POINT('',(-3.060727683506,-4.797105549417,
    0.955844396438));
#522 = CARTESIAN_POINT('',(-3.064297705758,-4.811093039832,
    1.140758937799));
#523 = CARTESIAN_POINT('',(-3.112882398899,-4.996535857187,
    1.140758937799));
#524 = CARTESIAN_POINT('',(-3.580761108274,-4.581837156825,0.95587198636
    ));
#525 = CARTESIAN_POINT('',(-3.591769787345,-4.592860460583,
    1.140758937799));
#526 = CARTESIAN_POINT('',(-3.736923082835,-4.738214337866,
    1.140758937799));
#527 = CARTESIAN_POINT('',(-3.797105533353,-4.060195698213,
    0.955844182584));
#528 = CARTESIAN_POINT('',(-3.811092835302,-4.063758569805,
    1.140758937799));
#529 = CARTESIAN_POINT('',(-3.99653585069,-4.112244035787,1.140758937799
    ));
#530 = CARTESIAN_POINT('',(-3.797097688794,-3.79990694344,0.955739748699
    ));
#531 = CARTESIAN_POINT('',(-3.810995418479,-3.79990694344,1.140758937799
    ));
#532 = CARTESIAN_POINT('',(-3.996535837865,-3.79990694344,1.140758937799
    ));
#533 = ADVANCED_FACE('',(#534),#553,.F.);
#534 = FACE_BOUND('',#535,.F.);
#535 = EDGE_LOOP('',(#536,#537,#546,#552));
#536 = ORIENTED_EDGE('',*,*,#276,.T.);
#537 = ORIENTED_EDGE('',*,*,#538,.T.);
#538 = EDGE_CURVE('',#277,#539,#541,.T.);
#539 = VERTEX_POINT('',#540);
#540 = CARTESIAN_POINT('',(-3.996535837865,3.79990694344,1.140758937799)
  );
#541 = CIRCLE('',#542,0.2);
#542 = AXIS2_PLACEMENT_3D('',#543,#544,#545);
#543 = CARTESIAN_POINT('',(-3.996535837865,3.79990694344,0.940758937799)
  );
#544 = DIRECTION('',(6.661338147751E-16,-1.,0.));
#545 = DIRECTION('',(0.,0.,-1.));
#546 = ORIENTED_EDGE('',*,*,#547,.T.);
#547 = EDGE_CURVE('',#539,#500,#548,.T.);
#548 = LINE('',#549,#550);
#549 = CARTESIAN_POINT('',(-3.996535837865,-3.8,1.140758937799));
#550 = VECTOR('',#551,1.);
#551 = DIRECTION('',(5.520072703029E-16,-1.,0.));
#552 = ORIENTED_EDGE('',*,*,#511,.F.);
#553 = CYLINDRICAL_SURFACE('',#554,0.2);
#554 = AXIS2_PLACEMENT_3D('',#555,#556,#557);
#555 = CARTESIAN_POINT('',(-3.996535837865,3.8,0.940758937799));
#556 = DIRECTION('',(-5.520072703029E-16,1.,0.));
#557 = DIRECTION('',(-1.,-5.520072703029E-16,0.));
#558 = ADVANCED_FACE('',(#559),#580,.F.);
#559 = FACE_BOUND('',#560,.F.);
#560 = EDGE_LOOP('',(#561,#562,#571,#579));
#561 = ORIENTED_EDGE('',*,*,#301,.T.);
#562 = ORIENTED_EDGE('',*,*,#563,.T.);
#563 = EDGE_CURVE('',#302,#564,#566,.T.);
#564 = VERTEX_POINT('',#565);
#565 = CARTESIAN_POINT('',(-2.79990694344,4.996535837865,1.140758937799)
  );
#566 = CIRCLE('',#567,0.2);
#567 = AXIS2_PLACEMENT_3D('',#568,#569,#570);
#568 = CARTESIAN_POINT('',(-2.79990694344,4.996535837865,0.940758937799)
  );
#569 = DIRECTION('',(-1.,-6.661338147751E-16,-0.));
#570 = DIRECTION('',(0.,0.,-1.));
#571 = ORIENTED_EDGE('',*,*,#572,.T.);
#572 = EDGE_CURVE('',#564,#539,#573,.T.);
#573 = B_SPLINE_CURVE_WITH_KNOTS('',3,(#574,#575,#576,#577,#578),
  .UNSPECIFIED.,.F.,.F.,(4,1,4),(0.,9.467679981473E-04,
    1.893535996295E-03),.UNSPECIFIED.);
#574 = CARTESIAN_POINT('',(-2.79990694344,4.996535837865,1.140758937799)
  );
#575 = CARTESIAN_POINT('',(-3.115980050766,4.996535837865,1.140758937799
    ));
#576 = CARTESIAN_POINT('',(-3.736572796108,4.7351476703,1.140758937799)
  );
#577 = CARTESIAN_POINT('',(-3.996535837865,4.115980003738,1.140758937799
    ));
#578 = CARTESIAN_POINT('',(-3.996535837865,3.79990694344,1.140758937799)
  );
#579 = ORIENTED_EDGE('',*,*,#538,.F.);
#580 = ( BOUNDED_SURFACE() B_SPLINE_SURFACE(3,2,(
    (#581,#582,#583)
    ,(#584,#585,#586)
    ,(#587,#588,#589)
    ,(#590,#591,#592)
    ,(#593,#594,#595
)),.UNSPECIFIED.,.F.,.F.,.F.) B_SPLINE_SURFACE_WITH_KNOTS((4,1,4),(3,3),
  (9.938556740565E-04,1.942168774356E-03,2.890481874655E-03),(0.,1.),
.UNSPECIFIED.) GEOMETRIC_REPRESENTATION_ITEM() RATIONAL_B_SPLINE_SURFACE
((
    (1.,0.733111197055,1.)
    ,(1.,0.733289625884,1.)
    ,(1.,0.733336616596,1.)
    ,(1.,0.73328926194,1.)
,(1.,0.733111197055,1.))) REPRESENTATION_ITEM('') SURFACE() );
#581 = CARTESIAN_POINT('',(-3.797097688794,3.79990694344,0.955739748699)
  );
#582 = CARTESIAN_POINT('',(-3.810995418479,3.79990694344,1.140758937799)
  );
#583 = CARTESIAN_POINT('',(-3.996535837865,3.79990694344,1.140758937799)
  );
#584 = CARTESIAN_POINT('',(-3.797105549417,4.060727683506,0.955844396438
    ));
#585 = CARTESIAN_POINT('',(-3.811093039831,4.064297705758,1.140758937799
    ));
#586 = CARTESIAN_POINT('',(-3.996535857187,4.112882398899,1.140758937799
    ));
#587 = CARTESIAN_POINT('',(-3.581837156825,4.580761108274,0.95587198636)
  );
#588 = CARTESIAN_POINT('',(-3.592860460583,4.591769787345,1.140758937799
    ));
#589 = CARTESIAN_POINT('',(-3.738214337866,4.736923082835,1.140758937799
    ));
#590 = CARTESIAN_POINT('',(-3.060195698213,4.797105533353,0.955844182584
    ));
#591 = CARTESIAN_POINT('',(-3.063758569805,4.811092835302,1.140758937799
    ));
#592 = CARTESIAN_POINT('',(-3.112244035787,4.99653585069,1.140758937799)
  );
#593 = CARTESIAN_POINT('',(-2.79990694344,4.797097688794,0.955739748699)
  );
#594 = CARTESIAN_POINT('',(-2.79990694344,4.810995418479,1.140758937799)
  );
#595 = CARTESIAN_POINT('',(-2.79990694344,4.996535837865,1.140758937799)
  );
#596 = ADVANCED_FACE('',(#597),#616,.F.);
#597 = FACE_BOUND('',#598,.F.);
#598 = EDGE_LOOP('',(#599,#600,#609,#615));
#599 = ORIENTED_EDGE('',*,*,#344,.T.);
#600 = ORIENTED_EDGE('',*,*,#601,.T.);
#601 = EDGE_CURVE('',#345,#602,#604,.T.);
#602 = VERTEX_POINT('',#603);
#603 = CARTESIAN_POINT('',(2.79990694344,4.996535837865,1.140758937799)
  );
#604 = CIRCLE('',#605,0.2);
#605 = AXIS2_PLACEMENT_3D('',#606,#607,#608);
#606 = CARTESIAN_POINT('',(2.79990694344,4.996535837865,0.940758937799)
  );
#607 = DIRECTION('',(-1.,-6.661338147751E-16,-0.));
#608 = DIRECTION('',(0.,0.,-1.));
#609 = ORIENTED_EDGE('',*,*,#610,.T.);
#610 = EDGE_CURVE('',#602,#564,#611,.T.);
#611 = LINE('',#612,#613);
#612 = CARTESIAN_POINT('',(-2.8,4.996535837865,1.140758937799));
#613 = VECTOR('',#614,1.);
#614 = DIRECTION('',(-1.,-5.112477901343E-16,0.));
#615 = ORIENTED_EDGE('',*,*,#563,.F.);
#616 = CYLINDRICAL_SURFACE('',#617,0.2);
#617 = AXIS2_PLACEMENT_3D('',#618,#619,#620);
#618 = CARTESIAN_POINT('',(2.8,4.996535837865,0.940758937799));
#619 = DIRECTION('',(1.,5.112477901343E-16,0.));
#620 = DIRECTION('',(-5.112477901343E-16,1.,0.));
#621 = ADVANCED_FACE('',(#622),#643,.F.);
#622 = FACE_BOUND('',#623,.F.);
#623 = EDGE_LOOP('',(#624,#634,#635,#636));
#624 = ORIENTED_EDGE('',*,*,#625,.T.);
#625 = EDGE_CURVE('',#626,#602,#628,.T.);
#626 = VERTEX_POINT('',#627);
#627 = CARTESIAN_POINT('',(3.996535837865,3.79990694344,1.140758937799)
  );
#628 = B_SPLINE_CURVE_WITH_KNOTS('',3,(#629,#630,#631,#632,#633),
  .UNSPECIFIED.,.F.,.F.,(4,1,4),(0.,9.467679981473E-04,
    1.893535996295E-03),.UNSPECIFIED.);
#629 = CARTESIAN_POINT('',(3.996535837865,3.79990694344,1.140758937799)
  );
#630 = CARTESIAN_POINT('',(3.996535837865,4.115980050766,1.140758937799)
  );
#631 = CARTESIAN_POINT('',(3.7351476703,4.736572796108,1.140758937799));
#632 = CARTESIAN_POINT('',(3.115980003738,4.996535837865,1.140758937799)
  );
#633 = CARTESIAN_POINT('',(2.79990694344,4.996535837865,1.140758937799)
  );
#634 = ORIENTED_EDGE('',*,*,#601,.F.);
#635 = ORIENTED_EDGE('',*,*,#369,.T.);
#636 = ORIENTED_EDGE('',*,*,#637,.F.);
#637 = EDGE_CURVE('',#626,#370,#638,.T.);
#638 = CIRCLE('',#639,0.2);
#639 = AXIS2_PLACEMENT_3D('',#640,#641,#642);
#640 = CARTESIAN_POINT('',(3.996535837865,3.79990694344,0.940758937799)
  );
#641 = DIRECTION('',(6.661338147751E-16,-1.,0.));
#642 = DIRECTION('',(0.,0.,-1.));
#643 = ( BOUNDED_SURFACE() B_SPLINE_SURFACE(3,2,(
    (#644,#645,#646)
    ,(#647,#648,#649)
    ,(#650,#651,#652)
    ,(#653,#654,#655)
    ,(#656,#657,#658
)),.UNSPECIFIED.,.F.,.F.,.F.) B_SPLINE_SURFACE_WITH_KNOTS((4,1,4),(3,3),
  (9.938556740565E-04,1.942168774356E-03,2.890481874655E-03),(0.,1.),
.UNSPECIFIED.) GEOMETRIC_REPRESENTATION_ITEM() RATIONAL_B_SPLINE_SURFACE
((
    (1.,0.733111197055,1.)
    ,(1.,0.733289625884,1.)
    ,(1.,0.733336616596,1.)
    ,(1.,0.73328926194,1.)
,(1.,0.733111197055,1.))) REPRESENTATION_ITEM('') SURFACE() );
#644 = CARTESIAN_POINT('',(2.79990694344,4.797097688794,0.955739748699)
  );
#645 = CARTESIAN_POINT('',(2.79990694344,4.810995418479,1.140758937799)
  );
#646 = CARTESIAN_POINT('',(2.79990694344,4.996535837865,1.140758937799)
  );
#647 = CARTESIAN_POINT('',(3.060727683506,4.797105549417,0.955844396438)
  );
#648 = CARTESIAN_POINT('',(3.064297705758,4.811093039832,1.140758937799)
  );
#649 = CARTESIAN_POINT('',(3.112882398899,4.996535857187,1.140758937799)
  );
#650 = CARTESIAN_POINT('',(3.580761108274,4.581837156825,0.95587198636)
  );
#651 = CARTESIAN_POINT('',(3.591769787346,4.592860460582,1.140758937799)
  );
#652 = CARTESIAN_POINT('',(3.736923082835,4.738214337866,1.140758937799)
  );
#653 = CARTESIAN_POINT('',(3.797105533353,4.060195698213,0.955844182584)
  );
#654 = CARTESIAN_POINT('',(3.811092835302,4.063758569806,1.140758937799)
  );
#655 = CARTESIAN_POINT('',(3.99653585069,4.112244035787,1.140758937799)
  );
#656 = CARTESIAN_POINT('',(3.797097688794,3.79990694344,0.955739748699)
  );
#657 = CARTESIAN_POINT('',(3.810995418479,3.79990694344,1.140758937799)
  );
#658 = CARTESIAN_POINT('',(3.996535837865,3.79990694344,1.140758937799)
  );
#659 = ADVANCED_FACE('',(#660),#671,.F.);
#660 = FACE_BOUND('',#661,.F.);
#661 = EDGE_LOOP('',(#662,#668,#669,#670));
#662 = ORIENTED_EDGE('',*,*,#663,.T.);
#663 = EDGE_CURVE('',#431,#626,#664,.T.);
#664 = LINE('',#665,#666);
#665 = CARTESIAN_POINT('',(3.996535837865,3.8,1.140758937799));
#666 = VECTOR('',#667,1.);
#667 = DIRECTION('',(-6.661338147751E-16,1.,0.));
#668 = ORIENTED_EDGE('',*,*,#637,.T.);
#669 = ORIENTED_EDGE('',*,*,#412,.T.);
#670 = ORIENTED_EDGE('',*,*,#440,.F.);
#671 = CYLINDRICAL_SURFACE('',#672,0.2);
#672 = AXIS2_PLACEMENT_3D('',#673,#674,#675);
#673 = CARTESIAN_POINT('',(3.996535837865,-3.8,0.940758937799));
#674 = DIRECTION('',(6.661338147751E-16,-1.,0.));
#675 = DIRECTION('',(0.,0.,-1.));
#676 = ADVANCED_FACE('',(#677,#687),#757,.T.);
#677 = FACE_BOUND('',#678,.T.);
#678 = EDGE_LOOP('',(#679,#680,#681,#682,#683,#684,#685,#686));
#679 = ORIENTED_EDGE('',*,*,#663,.T.);
#680 = ORIENTED_EDGE('',*,*,#625,.T.);
#681 = ORIENTED_EDGE('',*,*,#610,.T.);
#682 = ORIENTED_EDGE('',*,*,#572,.T.);
#683 = ORIENTED_EDGE('',*,*,#547,.T.);
#684 = ORIENTED_EDGE('',*,*,#499,.T.);
#685 = ORIENTED_EDGE('',*,*,#474,.T.);
#686 = ORIENTED_EDGE('',*,*,#428,.T.);
#687 = FACE_BOUND('',#688,.T.);
#688 = EDGE_LOOP('',(#689,#700,#708,#717,#725,#734,#742,#751));
#689 = ORIENTED_EDGE('',*,*,#690,.T.);
#690 = EDGE_CURVE('',#691,#693,#695,.T.);
#691 = VERTEX_POINT('',#692);
#692 = CARTESIAN_POINT('',(4.490733905433,-5.05,1.140758937799));
#693 = VERTEX_POINT('',#694);
#694 = CARTESIAN_POINT('',(4.05,-5.490733905433,1.140758937799));
#695 = CIRCLE('',#696,0.440733905433);
#696 = AXIS2_PLACEMENT_3D('',#697,#698,#699);
#697 = CARTESIAN_POINT('',(4.05,-5.05,1.140758937799));
#698 = DIRECTION('',(0.,-0.,-1.));
#699 = DIRECTION('',(-1.,-6.661338147751E-16,0.));
#700 = ORIENTED_EDGE('',*,*,#701,.T.);
#701 = EDGE_CURVE('',#693,#702,#704,.T.);
#702 = VERTEX_POINT('',#703);
#703 = CARTESIAN_POINT('',(-4.05,-5.490733905433,1.140758937799));
#704 = LINE('',#705,#706);
#705 = CARTESIAN_POINT('',(4.05,-5.490733905433,1.140758937799));
#706 = VECTOR('',#707,1.);
#707 = DIRECTION('',(-1.,-6.661338147751E-16,0.));
#708 = ORIENTED_EDGE('',*,*,#709,.T.);
#709 = EDGE_CURVE('',#702,#710,#712,.T.);
#710 = VERTEX_POINT('',#711);
#711 = CARTESIAN_POINT('',(-4.490733905433,-5.05,1.140758937799));
#712 = CIRCLE('',#713,0.440733905433);
#713 = AXIS2_PLACEMENT_3D('',#714,#715,#716);
#714 = CARTESIAN_POINT('',(-4.05,-5.05,1.140758937799));
#715 = DIRECTION('',(0.,0.,-1.));
#716 = DIRECTION('',(1.,6.661338147751E-16,0.));
#717 = ORIENTED_EDGE('',*,*,#718,.T.);
#718 = EDGE_CURVE('',#710,#719,#721,.T.);
#719 = VERTEX_POINT('',#720);
#720 = CARTESIAN_POINT('',(-4.490733905433,5.05,1.140758937799));
#721 = LINE('',#722,#723);
#722 = CARTESIAN_POINT('',(-4.490733905433,-5.05,1.140758937799));
#723 = VECTOR('',#724,1.);
#724 = DIRECTION('',(-6.661338147751E-16,1.,0.));
#725 = ORIENTED_EDGE('',*,*,#726,.T.);
#726 = EDGE_CURVE('',#719,#727,#729,.T.);
#727 = VERTEX_POINT('',#728);
#728 = CARTESIAN_POINT('',(-4.05,5.490733905433,1.140758937799));
#729 = CIRCLE('',#730,0.440733905433);
#730 = AXIS2_PLACEMENT_3D('',#731,#732,#733);
#731 = CARTESIAN_POINT('',(-4.05,5.05,1.140758937799));
#732 = DIRECTION('',(0.,-0.,-1.));
#733 = DIRECTION('',(-1.,-6.661338147751E-16,0.));
#734 = ORIENTED_EDGE('',*,*,#735,.T.);
#735 = EDGE_CURVE('',#727,#736,#738,.T.);
#736 = VERTEX_POINT('',#737);
#737 = CARTESIAN_POINT('',(4.05,5.490733905433,1.140758937799));
#738 = LINE('',#739,#740);
#739 = CARTESIAN_POINT('',(-4.05,5.490733905433,1.140758937799));
#740 = VECTOR('',#741,1.);
#741 = DIRECTION('',(1.,6.661338147751E-16,0.));
#742 = ORIENTED_EDGE('',*,*,#743,.T.);
#743 = EDGE_CURVE('',#736,#744,#746,.T.);
#744 = VERTEX_POINT('',#745);
#745 = CARTESIAN_POINT('',(4.490733905433,5.05,1.140758937799));
#746 = CIRCLE('',#747,0.440733905433);
#747 = AXIS2_PLACEMENT_3D('',#748,#749,#750);
#748 = CARTESIAN_POINT('',(4.05,5.05,1.140758937799));
#749 = DIRECTION('',(0.,-0.,-1.));
#750 = DIRECTION('',(-1.,-6.661338147751E-16,0.));
#751 = ORIENTED_EDGE('',*,*,#752,.T.);
#752 = EDGE_CURVE('',#744,#691,#753,.T.);
#753 = LINE('',#754,#755);
#754 = CARTESIAN_POINT('',(4.490733905433,5.05,1.140758937799));
#755 = VECTOR('',#756,1.);
#756 = DIRECTION('',(6.661338147751E-16,-1.,0.));
#757 = PLANE('',#758);
#758 = AXIS2_PLACEMENT_3D('',#759,#760,#761);
#759 = CARTESIAN_POINT('',(4.05,-5.05,1.140758937799));
#760 = DIRECTION('',(0.,0.,-1.));
#761 = DIRECTION('',(-6.661338147751E-16,1.,0.));
#762 = ADVANCED_FACE('',(#763),#799,.T.);
#763 = FACE_BOUND('',#764,.T.);
#764 = EDGE_LOOP('',(#765,#776,#784,#793));
#765 = ORIENTED_EDGE('',*,*,#766,.F.);
#766 = EDGE_CURVE('',#767,#769,#771,.T.);
#767 = VERTEX_POINT('',#768);
#768 = CARTESIAN_POINT('',(-5.886163236004,4.6,1.126693910204));
#769 = VERTEX_POINT('',#770);
#770 = CARTESIAN_POINT('',(-5.406609645391,4.6,1.586156570381));
#771 = CIRCLE('',#772,0.479992848817);
#772 = AXIS2_PLACEMENT_3D('',#773,#774,#775);
#773 = CARTESIAN_POINT('',(-5.406609645391,4.6,1.106163721564));
#774 = DIRECTION('',(-6.04903497084E-16,1.,0.));
#775 = DIRECTION('',(1.,6.04903497084E-16,0.));
#776 = ORIENTED_EDGE('',*,*,#777,.F.);
#777 = EDGE_CURVE('',#778,#767,#780,.T.);
#778 = VERTEX_POINT('',#779);
#779 = CARTESIAN_POINT('',(-5.886163236004,4.2,1.126693910204));
#780 = LINE('',#781,#782);
#781 = CARTESIAN_POINT('',(-5.886163236004,4.2,1.126693910204));
#782 = VECTOR('',#783,1.);
#783 = DIRECTION('',(-6.661338147751E-16,1.,0.));
#784 = ORIENTED_EDGE('',*,*,#785,.T.);
#785 = EDGE_CURVE('',#778,#786,#788,.T.);
#786 = VERTEX_POINT('',#787);
#787 = CARTESIAN_POINT('',(-5.406609645391,4.2,1.586156570381));
#788 = CIRCLE('',#789,0.479992848817);
#789 = AXIS2_PLACEMENT_3D('',#790,#791,#792);
#790 = CARTESIAN_POINT('',(-5.406609645391,4.2,1.106163721564));
#791 = DIRECTION('',(-6.04903497084E-16,1.,0.));
#792 = DIRECTION('',(1.,6.04903497084E-16,0.));
#793 = ORIENTED_EDGE('',*,*,#794,.T.);
#794 = EDGE_CURVE('',#786,#769,#795,.T.);
#795 = LINE('',#796,#797);
#796 = CARTESIAN_POINT('',(-5.406609645391,4.2,1.586156570381));
#797 = VECTOR('',#798,1.);
#798 = DIRECTION('',(-6.661338147751E-16,1.,0.));
#799 = CYLINDRICAL_SURFACE('',#800,0.479992848817);
#800 = AXIS2_PLACEMENT_3D('',#801,#802,#803);
#801 = CARTESIAN_POINT('',(-5.406609645391,4.2,1.106163721564));
#802 = DIRECTION('',(-6.661338147751E-16,1.,0.));
#803 = DIRECTION('',(0.,0.,1.));
#804 = ADVANCED_FACE('',(#805),#830,.T.);
#805 = FACE_BOUND('',#806,.T.);
#806 = EDGE_LOOP('',(#807,#815,#823,#829));
#807 = ORIENTED_EDGE('',*,*,#808,.F.);
#808 = EDGE_CURVE('',#809,#767,#811,.T.);
#809 = VERTEX_POINT('',#810);
#810 = CARTESIAN_POINT('',(-5.921306132378,4.6,0.305809970136));
#811 = LINE('',#812,#813);
#812 = CARTESIAN_POINT('',(-5.921306132378,4.6,0.305809970136));
#813 = VECTOR('',#814,1.);
#814 = DIRECTION('',(4.277186356053E-02,2.587284984456E-17,
    0.999084865108));
#815 = ORIENTED_EDGE('',*,*,#816,.F.);
#816 = EDGE_CURVE('',#817,#809,#819,.T.);
#817 = VERTEX_POINT('',#818);
#818 = CARTESIAN_POINT('',(-5.921306132378,4.2,0.305809970136));
#819 = LINE('',#820,#821);
#820 = CARTESIAN_POINT('',(-5.921306132378,4.2,0.305809970136));
#821 = VECTOR('',#822,1.);
#822 = DIRECTION('',(-6.661338147751E-16,1.,0.));
#823 = ORIENTED_EDGE('',*,*,#824,.T.);
#824 = EDGE_CURVE('',#817,#778,#825,.T.);
#825 = LINE('',#826,#827);
#826 = CARTESIAN_POINT('',(-5.921306132378,4.2,0.305809970136));
#827 = VECTOR('',#828,1.);
#828 = DIRECTION('',(4.277186356053E-02,2.587284984456E-17,
    0.999084865108));
#829 = ORIENTED_EDGE('',*,*,#777,.T.);
#830 = PLANE('',#831);
#831 = AXIS2_PLACEMENT_3D('',#832,#833,#834);
#832 = CARTESIAN_POINT('',(-5.921306132378,4.2,0.305809970136));
#833 = DIRECTION('',(-0.999084865108,-6.655242124783E-16,
    4.277186356053E-02));
#834 = DIRECTION('',(-4.277186356053E-02,-2.849178463861E-17,
    -0.999084865108));
#835 = ADVANCED_FACE('',(#836),#863,.F.);
#836 = FACE_BOUND('',#837,.F.);
#837 = EDGE_LOOP('',(#838,#839,#848,#856));
#838 = ORIENTED_EDGE('',*,*,#816,.F.);
#839 = ORIENTED_EDGE('',*,*,#840,.F.);
#840 = EDGE_CURVE('',#841,#817,#843,.T.);
#841 = VERTEX_POINT('',#842);
#842 = CARTESIAN_POINT('',(-6.199589675214,4.2,3.918513533714E-02));
#843 = CIRCLE('',#844,0.278538443083);
#844 = AXIS2_PLACEMENT_3D('',#845,#846,#847);
#845 = CARTESIAN_POINT('',(-6.199589675214,4.2,0.31772357842));
#846 = DIRECTION('',(6.04903497084E-16,-1.,0.));
#847 = DIRECTION('',(1.,6.04903497084E-16,0.));
#848 = ORIENTED_EDGE('',*,*,#849,.T.);
#849 = EDGE_CURVE('',#841,#850,#852,.T.);
#850 = VERTEX_POINT('',#851);
#851 = CARTESIAN_POINT('',(-6.199589675214,4.6,3.918513533714E-02));
#852 = LINE('',#853,#854);
#853 = CARTESIAN_POINT('',(-6.199589675214,4.2,3.918513533714E-02));
#854 = VECTOR('',#855,1.);
#855 = DIRECTION('',(-6.661338147751E-16,1.,0.));
#856 = ORIENTED_EDGE('',*,*,#857,.T.);
#857 = EDGE_CURVE('',#850,#809,#858,.T.);
#858 = CIRCLE('',#859,0.278538443083);
#859 = AXIS2_PLACEMENT_3D('',#860,#861,#862);
#860 = CARTESIAN_POINT('',(-6.199589675214,4.6,0.31772357842));
#861 = DIRECTION('',(6.04903497084E-16,-1.,0.));
#862 = DIRECTION('',(1.,6.04903497084E-16,0.));
#863 = CYLINDRICAL_SURFACE('',#864,0.278538443083);
#864 = AXIS2_PLACEMENT_3D('',#865,#866,#867);
#865 = CARTESIAN_POINT('',(-6.199589675214,4.2,0.31772357842));
#866 = DIRECTION('',(-6.661338147751E-16,1.,0.));
#867 = DIRECTION('',(0.,0.,1.));
#868 = ADVANCED_FACE('',(#869),#894,.T.);
#869 = FACE_BOUND('',#870,.T.);
#870 = EDGE_LOOP('',(#871,#879,#887,#893));
#871 = ORIENTED_EDGE('',*,*,#872,.F.);
#872 = EDGE_CURVE('',#873,#850,#875,.T.);
#873 = VERTEX_POINT('',#874);
#874 = CARTESIAN_POINT('',(-6.6,4.6,3.918513533714E-02));
#875 = LINE('',#876,#877);
#876 = CARTESIAN_POINT('',(-6.6,4.6,3.918513533714E-02));
#877 = VECTOR('',#878,1.);
#878 = DIRECTION('',(1.,6.04903497084E-16,-5.415455623248E-16));
#879 = ORIENTED_EDGE('',*,*,#880,.F.);
#880 = EDGE_CURVE('',#881,#873,#883,.T.);
#881 = VERTEX_POINT('',#882);
#882 = CARTESIAN_POINT('',(-6.6,4.2,3.918513533714E-02));
#883 = LINE('',#884,#885);
#884 = CARTESIAN_POINT('',(-6.6,4.2,3.918513533714E-02));
#885 = VECTOR('',#886,1.);
#886 = DIRECTION('',(-6.661338147751E-16,1.,0.));
#887 = ORIENTED_EDGE('',*,*,#888,.T.);
#888 = EDGE_CURVE('',#881,#841,#889,.T.);
#889 = LINE('',#890,#891);
#890 = CARTESIAN_POINT('',(-6.6,4.2,3.918513533714E-02));
#891 = VECTOR('',#892,1.);
#892 = DIRECTION('',(1.,6.04903497084E-16,-5.415455623248E-16));
#893 = ORIENTED_EDGE('',*,*,#849,.T.);
#894 = PLANE('',#895);
#895 = AXIS2_PLACEMENT_3D('',#896,#897,#898);
#896 = CARTESIAN_POINT('',(-6.6,4.2,3.918513533714E-02));
#897 = DIRECTION('',(5.415455623248E-16,3.607418113059E-31,1.));
#898 = DIRECTION('',(-1.,-6.661338147751E-16,5.415455623248E-16));
#899 = ADVANCED_FACE('',(#900),#925,.T.);
#900 = FACE_BOUND('',#901,.T.);
#901 = EDGE_LOOP('',(#902,#910,#918,#924));
#902 = ORIENTED_EDGE('',*,*,#903,.F.);
#903 = EDGE_CURVE('',#904,#873,#906,.T.);
#904 = VERTEX_POINT('',#905);
#905 = CARTESIAN_POINT('',(-6.6,4.6,-0.198247949201));
#906 = LINE('',#907,#908);
#907 = CARTESIAN_POINT('',(-6.6,4.6,-0.198247949201));
#908 = VECTOR('',#909,1.);
#909 = DIRECTION('',(0.,0.,1.));
#910 = ORIENTED_EDGE('',*,*,#911,.F.);
#911 = EDGE_CURVE('',#912,#904,#914,.T.);
#912 = VERTEX_POINT('',#913);
#913 = CARTESIAN_POINT('',(-6.6,4.2,-0.198247949201));
#914 = LINE('',#915,#916);
#915 = CARTESIAN_POINT('',(-6.6,4.2,-0.198247949201));
#916 = VECTOR('',#917,1.);
#917 = DIRECTION('',(-6.661338147751E-16,1.,0.));
#918 = ORIENTED_EDGE('',*,*,#919,.T.);
#919 = EDGE_CURVE('',#912,#881,#920,.T.);
#920 = LINE('',#921,#922);
#921 = CARTESIAN_POINT('',(-6.6,4.2,-0.198247949201));
#922 = VECTOR('',#923,1.);
#923 = DIRECTION('',(0.,0.,1.));
#924 = ORIENTED_EDGE('',*,*,#880,.T.);
#925 = PLANE('',#926);
#926 = AXIS2_PLACEMENT_3D('',#927,#928,#929);
#927 = CARTESIAN_POINT('',(-6.6,4.2,-0.198247949201));
#928 = DIRECTION('',(-1.,-6.661338147751E-16,0.));
#929 = DIRECTION('',(0.,0.,-1.));
#930 = ADVANCED_FACE('',(#931),#956,.T.);
#931 = FACE_BOUND('',#932,.T.);
#932 = EDGE_LOOP('',(#933,#941,#949,#955));
#933 = ORIENTED_EDGE('',*,*,#934,.F.);
#934 = EDGE_CURVE('',#935,#904,#937,.T.);
#935 = VERTEX_POINT('',#936);
#936 = CARTESIAN_POINT('',(-6.209557821209,4.6,-0.198247949201));
#937 = LINE('',#938,#939);
#938 = CARTESIAN_POINT('',(-6.209557821209,4.6,-0.198247949201));
#939 = VECTOR('',#940,1.);
#940 = DIRECTION('',(-1.,-6.04903497084E-16,5.553714385278E-16));
#941 = ORIENTED_EDGE('',*,*,#942,.F.);
#942 = EDGE_CURVE('',#943,#935,#945,.T.);
#943 = VERTEX_POINT('',#944);
#944 = CARTESIAN_POINT('',(-6.209557821209,4.2,-0.198247949201));
#945 = LINE('',#946,#947);
#946 = CARTESIAN_POINT('',(-6.209557821209,4.2,-0.198247949201));
#947 = VECTOR('',#948,1.);
#948 = DIRECTION('',(-6.661338147751E-16,1.,0.));
#949 = ORIENTED_EDGE('',*,*,#950,.T.);
#950 = EDGE_CURVE('',#943,#912,#951,.T.);
#951 = LINE('',#952,#953);
#952 = CARTESIAN_POINT('',(-6.209557821209,4.2,-0.198247949201));
#953 = VECTOR('',#954,1.);
#954 = DIRECTION('',(-1.,-6.04903497084E-16,5.553714385278E-16));
#955 = ORIENTED_EDGE('',*,*,#911,.T.);
#956 = PLANE('',#957);
#957 = AXIS2_PLACEMENT_3D('',#958,#959,#960);
#958 = CARTESIAN_POINT('',(-6.209557821209,4.2,-0.198247949201));
#959 = DIRECTION('',(-5.553714385278E-16,-3.699516949636E-31,-1.));
#960 = DIRECTION('',(1.,6.661338147751E-16,-5.553714385278E-16));
#961 = ADVANCED_FACE('',(#962),#989,.T.);
#962 = FACE_BOUND('',#963,.T.);
#963 = EDGE_LOOP('',(#964,#973,#981,#988));
#964 = ORIENTED_EDGE('',*,*,#965,.F.);
#965 = EDGE_CURVE('',#966,#935,#968,.T.);
#966 = VERTEX_POINT('',#967);
#967 = CARTESIAN_POINT('',(-5.632275833135,4.6,0.373853315374));
#968 = CIRCLE('',#969,0.577305445368);
#969 = AXIS2_PLACEMENT_3D('',#970,#971,#972);
#970 = CARTESIAN_POINT('',(-6.209557821209,4.6,0.379057496168));
#971 = DIRECTION('',(-6.04903497084E-16,1.,0.));
#972 = DIRECTION('',(1.,6.04903497084E-16,0.));
#973 = ORIENTED_EDGE('',*,*,#974,.F.);
#974 = EDGE_CURVE('',#975,#966,#977,.T.);
#975 = VERTEX_POINT('',#976);
#976 = CARTESIAN_POINT('',(-5.632275833135,4.2,0.373853315374));
#977 = LINE('',#978,#979);
#978 = CARTESIAN_POINT('',(-5.632275833135,4.2,0.373853315374));
#979 = VECTOR('',#980,1.);
#980 = DIRECTION('',(-6.661338147751E-16,1.,0.));
#981 = ORIENTED_EDGE('',*,*,#982,.T.);
#982 = EDGE_CURVE('',#975,#943,#983,.T.);
#983 = CIRCLE('',#984,0.577305445368);
#984 = AXIS2_PLACEMENT_3D('',#985,#986,#987);
#985 = CARTESIAN_POINT('',(-6.209557821209,4.2,0.379057496168));
#986 = DIRECTION('',(-6.04903497084E-16,1.,0.));
#987 = DIRECTION('',(1.,6.04903497084E-16,0.));
#988 = ORIENTED_EDGE('',*,*,#942,.T.);
#989 = CYLINDRICAL_SURFACE('',#990,0.577305445368);
#990 = AXIS2_PLACEMENT_3D('',#991,#992,#993);
#991 = CARTESIAN_POINT('',(-6.209557821209,4.2,0.379057496168));
#992 = DIRECTION('',(-6.661338147751E-16,1.,0.));
#993 = DIRECTION('',(0.,0.,1.));
#994 = ADVANCED_FACE('',(#995),#1020,.T.);
#995 = FACE_BOUND('',#996,.T.);
#996 = EDGE_LOOP('',(#997,#1005,#1013,#1019));
#997 = ORIENTED_EDGE('',*,*,#998,.F.);
#998 = EDGE_CURVE('',#999,#966,#1001,.T.);
#999 = VERTEX_POINT('',#1000);
#1000 = CARTESIAN_POINT('',(-5.62600713975,4.6,1.069218046847));
#1001 = LINE('',#1002,#1003);
#1002 = CARTESIAN_POINT('',(-5.62600713975,4.6,1.069218046847));
#1003 = VECTOR('',#1004,1.);
#1004 = DIRECTION('',(-9.014605414585E-03,-5.452966340115E-18,
    -0.999959367619));
#1005 = ORIENTED_EDGE('',*,*,#1006,.F.);
#1006 = EDGE_CURVE('',#1007,#999,#1009,.T.);
#1007 = VERTEX_POINT('',#1008);
#1008 = CARTESIAN_POINT('',(-5.62600713975,4.2,1.069218046847));
#1009 = LINE('',#1010,#1011);
#1010 = CARTESIAN_POINT('',(-5.62600713975,4.2,1.069218046847));
#1011 = VECTOR('',#1012,1.);
#1012 = DIRECTION('',(-6.661338147751E-16,1.,0.));
#1013 = ORIENTED_EDGE('',*,*,#1014,.T.);
#1014 = EDGE_CURVE('',#1007,#975,#1015,.T.);
#1015 = LINE('',#1016,#1017);
#1016 = CARTESIAN_POINT('',(-5.62600713975,4.2,1.069218046847));
#1017 = VECTOR('',#1018,1.);
#1018 = DIRECTION('',(-9.014605414585E-03,-5.452966340115E-18,
    -0.999959367619));
#1019 = ORIENTED_EDGE('',*,*,#974,.T.);
#1020 = PLANE('',#1021);
#1021 = AXIS2_PLACEMENT_3D('',#1022,#1023,#1024);
#1022 = CARTESIAN_POINT('',(-5.62600713975,4.2,1.069218046847));
#1023 = DIRECTION('',(0.999959367619,6.661067481722E-16,
    -9.014605414585E-03));
#1024 = DIRECTION('',(9.014605414585E-03,6.00493349351E-18,
    0.999959367619));
#1025 = ADVANCED_FACE('',(#1026),#1053,.F.);
#1026 = FACE_BOUND('',#1027,.F.);
#1027 = EDGE_LOOP('',(#1028,#1029,#1038,#1046));
#1028 = ORIENTED_EDGE('',*,*,#1006,.F.);
#1029 = ORIENTED_EDGE('',*,*,#1030,.F.);
#1030 = EDGE_CURVE('',#1031,#1007,#1033,.T.);
#1031 = VERTEX_POINT('',#1032);
#1032 = CARTESIAN_POINT('',(-5.32842852147,4.2,1.36412609412));
#1033 = CIRCLE('',#1034,0.297590710099);
#1034 = AXIS2_PLACEMENT_3D('',#1035,#1036,#1037);
#1035 = CARTESIAN_POINT('',(-5.32842852147,4.2,1.06653538402));
#1036 = DIRECTION('',(6.04903497084E-16,-1.,0.));
#1037 = DIRECTION('',(1.,6.04903497084E-16,0.));
#1038 = ORIENTED_EDGE('',*,*,#1039,.T.);
#1039 = EDGE_CURVE('',#1031,#1040,#1042,.T.);
#1040 = VERTEX_POINT('',#1041);
#1041 = CARTESIAN_POINT('',(-5.32842852147,4.6,1.36412609412));
#1042 = LINE('',#1043,#1044);
#1043 = CARTESIAN_POINT('',(-5.32842852147,4.2,1.36412609412));
#1044 = VECTOR('',#1045,1.);
#1045 = DIRECTION('',(-6.661338147751E-16,1.,0.));
#1046 = ORIENTED_EDGE('',*,*,#1047,.T.);
#1047 = EDGE_CURVE('',#1040,#999,#1048,.T.);
#1048 = CIRCLE('',#1049,0.297590710099);
#1049 = AXIS2_PLACEMENT_3D('',#1050,#1051,#1052);
#1050 = CARTESIAN_POINT('',(-5.32842852147,4.6,1.06653538402));
#1051 = DIRECTION('',(6.04903497084E-16,-1.,0.));
#1052 = DIRECTION('',(1.,6.04903497084E-16,0.));
#1053 = CYLINDRICAL_SURFACE('',#1054,0.297590710099);
#1054 = AXIS2_PLACEMENT_3D('',#1055,#1056,#1057);
#1055 = CARTESIAN_POINT('',(-5.32842852147,4.2,1.06653538402));
#1056 = DIRECTION('',(-6.661338147751E-16,1.,0.));
#1057 = DIRECTION('',(0.,0.,1.));
#1058 = ADVANCED_FACE('',(#1059),#1095,.T.);
#1059 = FACE_BOUND('',#1060,.T.);
#1060 = EDGE_LOOP('',(#1061,#1072,#1080,#1089));
#1061 = ORIENTED_EDGE('',*,*,#1062,.F.);
#1062 = EDGE_CURVE('',#1063,#1065,#1067,.T.);
#1063 = VERTEX_POINT('',#1064);
#1064 = CARTESIAN_POINT('',(-5.886163236004,3.8,1.126693910204));
#1065 = VERTEX_POINT('',#1066);
#1066 = CARTESIAN_POINT('',(-5.406609645391,3.8,1.586156570381));
#1067 = CIRCLE('',#1068,0.479992848817);
#1068 = AXIS2_PLACEMENT_3D('',#1069,#1070,#1071);
#1069 = CARTESIAN_POINT('',(-5.406609645391,3.8,1.106163721564));
#1070 = DIRECTION('',(-6.04903497084E-16,1.,0.));
#1071 = DIRECTION('',(1.,6.04903497084E-16,0.));
#1072 = ORIENTED_EDGE('',*,*,#1073,.F.);
#1073 = EDGE_CURVE('',#1074,#1063,#1076,.T.);
#1074 = VERTEX_POINT('',#1075);
#1075 = CARTESIAN_POINT('',(-5.886163236004,3.4,1.126693910204));
#1076 = LINE('',#1077,#1078);
#1077 = CARTESIAN_POINT('',(-5.886163236004,3.4,1.126693910204));
#1078 = VECTOR('',#1079,1.);
#1079 = DIRECTION('',(-6.661338147751E-16,1.,0.));
#1080 = ORIENTED_EDGE('',*,*,#1081,.T.);
#1081 = EDGE_CURVE('',#1074,#1082,#1084,.T.);
#1082 = VERTEX_POINT('',#1083);
#1083 = CARTESIAN_POINT('',(-5.406609645391,3.4,1.586156570381));
#1084 = CIRCLE('',#1085,0.479992848817);
#1085 = AXIS2_PLACEMENT_3D('',#1086,#1087,#1088);
#1086 = CARTESIAN_POINT('',(-5.406609645391,3.4,1.106163721564));
#1087 = DIRECTION('',(-6.04903497084E-16,1.,0.));
#1088 = DIRECTION('',(1.,6.04903497084E-16,0.));
#1089 = ORIENTED_EDGE('',*,*,#1090,.T.);
#1090 = EDGE_CURVE('',#1082,#1065,#1091,.T.);
#1091 = LINE('',#1092,#1093);
#1092 = CARTESIAN_POINT('',(-5.406609645391,3.4,1.586156570381));
#1093 = VECTOR('',#1094,1.);
#1094 = DIRECTION('',(-6.661338147751E-16,1.,0.));
#1095 = CYLINDRICAL_SURFACE('',#1096,0.479992848817);
#1096 = AXIS2_PLACEMENT_3D('',#1097,#1098,#1099);
#1097 = CARTESIAN_POINT('',(-5.406609645391,3.4,1.106163721564));
#1098 = DIRECTION('',(-6.661338147751E-16,1.,0.));
#1099 = DIRECTION('',(0.,0.,1.));
#1100 = ADVANCED_FACE('',(#1101),#1126,.T.);
#1101 = FACE_BOUND('',#1102,.T.);
#1102 = EDGE_LOOP('',(#1103,#1111,#1119,#1125));
#1103 = ORIENTED_EDGE('',*,*,#1104,.F.);
#1104 = EDGE_CURVE('',#1105,#1063,#1107,.T.);
#1105 = VERTEX_POINT('',#1106);
#1106 = CARTESIAN_POINT('',(-5.921306132378,3.8,0.305809970136));
#1107 = LINE('',#1108,#1109);
#1108 = CARTESIAN_POINT('',(-5.921306132378,3.8,0.305809970136));
#1109 = VECTOR('',#1110,1.);
#1110 = DIRECTION('',(4.277186356053E-02,2.587284984456E-17,
    0.999084865108));
#1111 = ORIENTED_EDGE('',*,*,#1112,.F.);
#1112 = EDGE_CURVE('',#1113,#1105,#1115,.T.);
#1113 = VERTEX_POINT('',#1114);
#1114 = CARTESIAN_POINT('',(-5.921306132378,3.4,0.305809970136));
#1115 = LINE('',#1116,#1117);
#1116 = CARTESIAN_POINT('',(-5.921306132378,3.4,0.305809970136));
#1117 = VECTOR('',#1118,1.);
#1118 = DIRECTION('',(-6.661338147751E-16,1.,0.));
#1119 = ORIENTED_EDGE('',*,*,#1120,.T.);
#1120 = EDGE_CURVE('',#1113,#1074,#1121,.T.);
#1121 = LINE('',#1122,#1123);
#1122 = CARTESIAN_POINT('',(-5.921306132378,3.4,0.305809970136));
#1123 = VECTOR('',#1124,1.);
#1124 = DIRECTION('',(4.277186356053E-02,2.587284984456E-17,
    0.999084865108));
#1125 = ORIENTED_EDGE('',*,*,#1073,.T.);
#1126 = PLANE('',#1127);
#1127 = AXIS2_PLACEMENT_3D('',#1128,#1129,#1130);
#1128 = CARTESIAN_POINT('',(-5.921306132378,3.4,0.305809970136));
#1129 = DIRECTION('',(-0.999084865108,-6.655242124783E-16,
    4.277186356053E-02));
#1130 = DIRECTION('',(-4.277186356053E-02,-2.849178463861E-17,
    -0.999084865108));
#1131 = ADVANCED_FACE('',(#1132),#1159,.F.);
#1132 = FACE_BOUND('',#1133,.F.);
#1133 = EDGE_LOOP('',(#1134,#1135,#1144,#1152));
#1134 = ORIENTED_EDGE('',*,*,#1112,.F.);
#1135 = ORIENTED_EDGE('',*,*,#1136,.F.);
#1136 = EDGE_CURVE('',#1137,#1113,#1139,.T.);
#1137 = VERTEX_POINT('',#1138);
#1138 = CARTESIAN_POINT('',(-6.199589675214,3.4,3.918513533714E-02));
#1139 = CIRCLE('',#1140,0.278538443083);
#1140 = AXIS2_PLACEMENT_3D('',#1141,#1142,#1143);
#1141 = CARTESIAN_POINT('',(-6.199589675214,3.4,0.31772357842));
#1142 = DIRECTION('',(6.04903497084E-16,-1.,0.));
#1143 = DIRECTION('',(1.,6.04903497084E-16,0.));
#1144 = ORIENTED_EDGE('',*,*,#1145,.T.);
#1145 = EDGE_CURVE('',#1137,#1146,#1148,.T.);
#1146 = VERTEX_POINT('',#1147);
#1147 = CARTESIAN_POINT('',(-6.199589675214,3.8,3.918513533714E-02));
#1148 = LINE('',#1149,#1150);
#1149 = CARTESIAN_POINT('',(-6.199589675214,3.4,3.918513533714E-02));
#1150 = VECTOR('',#1151,1.);
#1151 = DIRECTION('',(-6.661338147751E-16,1.,0.));
#1152 = ORIENTED_EDGE('',*,*,#1153,.T.);
#1153 = EDGE_CURVE('',#1146,#1105,#1154,.T.);
#1154 = CIRCLE('',#1155,0.278538443083);
#1155 = AXIS2_PLACEMENT_3D('',#1156,#1157,#1158);
#1156 = CARTESIAN_POINT('',(-6.199589675214,3.8,0.31772357842));
#1157 = DIRECTION('',(6.04903497084E-16,-1.,0.));
#1158 = DIRECTION('',(1.,6.04903497084E-16,0.));
#1159 = CYLINDRICAL_SURFACE('',#1160,0.278538443083);
#1160 = AXIS2_PLACEMENT_3D('',#1161,#1162,#1163);
#1161 = CARTESIAN_POINT('',(-6.199589675214,3.4,0.31772357842));
#1162 = DIRECTION('',(-6.661338147751E-16,1.,0.));
#1163 = DIRECTION('',(0.,0.,1.));
#1164 = ADVANCED_FACE('',(#1165),#1190,.T.);
#1165 = FACE_BOUND('',#1166,.T.);
#1166 = EDGE_LOOP('',(#1167,#1175,#1183,#1189));
#1167 = ORIENTED_EDGE('',*,*,#1168,.F.);
#1168 = EDGE_CURVE('',#1169,#1146,#1171,.T.);
#1169 = VERTEX_POINT('',#1170);
#1170 = CARTESIAN_POINT('',(-6.6,3.8,3.918513533714E-02));
#1171 = LINE('',#1172,#1173);
#1172 = CARTESIAN_POINT('',(-6.6,3.8,3.918513533714E-02));
#1173 = VECTOR('',#1174,1.);
#1174 = DIRECTION('',(1.,6.04903497084E-16,-5.415455623248E-16));
#1175 = ORIENTED_EDGE('',*,*,#1176,.F.);
#1176 = EDGE_CURVE('',#1177,#1169,#1179,.T.);
#1177 = VERTEX_POINT('',#1178);
#1178 = CARTESIAN_POINT('',(-6.6,3.4,3.918513533714E-02));
#1179 = LINE('',#1180,#1181);
#1180 = CARTESIAN_POINT('',(-6.6,3.4,3.918513533714E-02));
#1181 = VECTOR('',#1182,1.);
#1182 = DIRECTION('',(-6.661338147751E-16,1.,0.));
#1183 = ORIENTED_EDGE('',*,*,#1184,.T.);
#1184 = EDGE_CURVE('',#1177,#1137,#1185,.T.);
#1185 = LINE('',#1186,#1187);
#1186 = CARTESIAN_POINT('',(-6.6,3.4,3.918513533714E-02));
#1187 = VECTOR('',#1188,1.);
#1188 = DIRECTION('',(1.,6.04903497084E-16,-5.415455623248E-16));
#1189 = ORIENTED_EDGE('',*,*,#1145,.T.);
#1190 = PLANE('',#1191);
#1191 = AXIS2_PLACEMENT_3D('',#1192,#1193,#1194);
#1192 = CARTESIAN_POINT('',(-6.6,3.4,3.918513533714E-02));
#1193 = DIRECTION('',(5.415455623248E-16,3.607418113059E-31,1.));
#1194 = DIRECTION('',(-1.,-6.661338147751E-16,5.415455623248E-16));
#1195 = ADVANCED_FACE('',(#1196),#1221,.T.);
#1196 = FACE_BOUND('',#1197,.T.);
#1197 = EDGE_LOOP('',(#1198,#1206,#1214,#1220));
#1198 = ORIENTED_EDGE('',*,*,#1199,.F.);
#1199 = EDGE_CURVE('',#1200,#1169,#1202,.T.);
#1200 = VERTEX_POINT('',#1201);
#1201 = CARTESIAN_POINT('',(-6.6,3.8,-0.198247949201));
#1202 = LINE('',#1203,#1204);
#1203 = CARTESIAN_POINT('',(-6.6,3.8,-0.198247949201));
#1204 = VECTOR('',#1205,1.);
#1205 = DIRECTION('',(0.,0.,1.));
#1206 = ORIENTED_EDGE('',*,*,#1207,.F.);
#1207 = EDGE_CURVE('',#1208,#1200,#1210,.T.);
#1208 = VERTEX_POINT('',#1209);
#1209 = CARTESIAN_POINT('',(-6.6,3.4,-0.198247949201));
#1210 = LINE('',#1211,#1212);
#1211 = CARTESIAN_POINT('',(-6.6,3.4,-0.198247949201));
#1212 = VECTOR('',#1213,1.);
#1213 = DIRECTION('',(-6.661338147751E-16,1.,0.));
#1214 = ORIENTED_EDGE('',*,*,#1215,.T.);
#1215 = EDGE_CURVE('',#1208,#1177,#1216,.T.);
#1216 = LINE('',#1217,#1218);
#1217 = CARTESIAN_POINT('',(-6.6,3.4,-0.198247949201));
#1218 = VECTOR('',#1219,1.);
#1219 = DIRECTION('',(0.,0.,1.));
#1220 = ORIENTED_EDGE('',*,*,#1176,.T.);
#1221 = PLANE('',#1222);
#1222 = AXIS2_PLACEMENT_3D('',#1223,#1224,#1225);
#1223 = CARTESIAN_POINT('',(-6.6,3.4,-0.198247949201));
#1224 = DIRECTION('',(-1.,-6.661338147751E-16,0.));
#1225 = DIRECTION('',(0.,0.,-1.));
#1226 = ADVANCED_FACE('',(#1227),#1252,.T.);
#1227 = FACE_BOUND('',#1228,.T.);
#1228 = EDGE_LOOP('',(#1229,#1237,#1245,#1251));
#1229 = ORIENTED_EDGE('',*,*,#1230,.F.);
#1230 = EDGE_CURVE('',#1231,#1200,#1233,.T.);
#1231 = VERTEX_POINT('',#1232);
#1232 = CARTESIAN_POINT('',(-6.209557821209,3.8,-0.198247949201));
#1233 = LINE('',#1234,#1235);
#1234 = CARTESIAN_POINT('',(-6.209557821209,3.8,-0.198247949201));
#1235 = VECTOR('',#1236,1.);
#1236 = DIRECTION('',(-1.,-6.04903497084E-16,5.553714385278E-16));
#1237 = ORIENTED_EDGE('',*,*,#1238,.F.);
#1238 = EDGE_CURVE('',#1239,#1231,#1241,.T.);
#1239 = VERTEX_POINT('',#1240);
#1240 = CARTESIAN_POINT('',(-6.209557821209,3.4,-0.198247949201));
#1241 = LINE('',#1242,#1243);
#1242 = CARTESIAN_POINT('',(-6.209557821209,3.4,-0.198247949201));
#1243 = VECTOR('',#1244,1.);
#1244 = DIRECTION('',(-6.661338147751E-16,1.,0.));
#1245 = ORIENTED_EDGE('',*,*,#1246,.T.);
#1246 = EDGE_CURVE('',#1239,#1208,#1247,.T.);
#1247 = LINE('',#1248,#1249);
#1248 = CARTESIAN_POINT('',(-6.209557821209,3.4,-0.198247949201));
#1249 = VECTOR('',#1250,1.);
#1250 = DIRECTION('',(-1.,-6.04903497084E-16,5.553714385278E-16));
#1251 = ORIENTED_EDGE('',*,*,#1207,.T.);
#1252 = PLANE('',#1253);
#1253 = AXIS2_PLACEMENT_3D('',#1254,#1255,#1256);
#1254 = CARTESIAN_POINT('',(-6.209557821209,3.4,-0.198247949201));
#1255 = DIRECTION('',(-5.553714385278E-16,-3.699516949636E-31,-1.));
#1256 = DIRECTION('',(1.,6.661338147751E-16,-5.553714385278E-16));
#1257 = ADVANCED_FACE('',(#1258),#1285,.T.);
#1258 = FACE_BOUND('',#1259,.T.);
#1259 = EDGE_LOOP('',(#1260,#1269,#1277,#1284));
#1260 = ORIENTED_EDGE('',*,*,#1261,.F.);
#1261 = EDGE_CURVE('',#1262,#1231,#1264,.T.);
#1262 = VERTEX_POINT('',#1263);
#1263 = CARTESIAN_POINT('',(-5.632275833135,3.8,0.373853315374));
#1264 = CIRCLE('',#1265,0.577305445368);
#1265 = AXIS2_PLACEMENT_3D('',#1266,#1267,#1268);
#1266 = CARTESIAN_POINT('',(-6.209557821209,3.8,0.379057496168));
#1267 = DIRECTION('',(-6.04903497084E-16,1.,0.));
#1268 = DIRECTION('',(1.,6.04903497084E-16,0.));
#1269 = ORIENTED_EDGE('',*,*,#1270,.F.);
#1270 = EDGE_CURVE('',#1271,#1262,#1273,.T.);
#1271 = VERTEX_POINT('',#1272);
#1272 = CARTESIAN_POINT('',(-5.632275833135,3.4,0.373853315374));
#1273 = LINE('',#1274,#1275);
#1274 = CARTESIAN_POINT('',(-5.632275833135,3.4,0.373853315374));
#1275 = VECTOR('',#1276,1.);
#1276 = DIRECTION('',(-6.661338147751E-16,1.,0.));
#1277 = ORIENTED_EDGE('',*,*,#1278,.T.);
#1278 = EDGE_CURVE('',#1271,#1239,#1279,.T.);
#1279 = CIRCLE('',#1280,0.577305445368);
#1280 = AXIS2_PLACEMENT_3D('',#1281,#1282,#1283);
#1281 = CARTESIAN_POINT('',(-6.209557821209,3.4,0.379057496168));
#1282 = DIRECTION('',(-6.04903497084E-16,1.,0.));
#1283 = DIRECTION('',(1.,6.04903497084E-16,0.));
#1284 = ORIENTED_EDGE('',*,*,#1238,.T.);
#1285 = CYLINDRICAL_SURFACE('',#1286,0.577305445368);
#1286 = AXIS2_PLACEMENT_3D('',#1287,#1288,#1289);
#1287 = CARTESIAN_POINT('',(-6.209557821209,3.4,0.379057496168));
#1288 = DIRECTION('',(-6.661338147751E-16,1.,0.));
#1289 = DIRECTION('',(0.,0.,1.));
#1290 = ADVANCED_FACE('',(#1291),#1316,.T.);
#1291 = FACE_BOUND('',#1292,.T.);
#1292 = EDGE_LOOP('',(#1293,#1301,#1309,#1315));
#1293 = ORIENTED_EDGE('',*,*,#1294,.F.);
#1294 = EDGE_CURVE('',#1295,#1262,#1297,.T.);
#1295 = VERTEX_POINT('',#1296);
#1296 = CARTESIAN_POINT('',(-5.62600713975,3.8,1.069218046847));
#1297 = LINE('',#1298,#1299);
#1298 = CARTESIAN_POINT('',(-5.62600713975,3.8,1.069218046847));
#1299 = VECTOR('',#1300,1.);
#1300 = DIRECTION('',(-9.014605414585E-03,-5.452966340115E-18,
    -0.999959367619));
#1301 = ORIENTED_EDGE('',*,*,#1302,.F.);
#1302 = EDGE_CURVE('',#1303,#1295,#1305,.T.);
#1303 = VERTEX_POINT('',#1304);
#1304 = CARTESIAN_POINT('',(-5.62600713975,3.4,1.069218046847));
#1305 = LINE('',#1306,#1307);
#1306 = CARTESIAN_POINT('',(-5.62600713975,3.4,1.069218046847));
#1307 = VECTOR('',#1308,1.);
#1308 = DIRECTION('',(-6.661338147751E-16,1.,0.));
#1309 = ORIENTED_EDGE('',*,*,#1310,.T.);
#1310 = EDGE_CURVE('',#1303,#1271,#1311,.T.);
#1311 = LINE('',#1312,#1313);
#1312 = CARTESIAN_POINT('',(-5.62600713975,3.4,1.069218046847));
#1313 = VECTOR('',#1314,1.);
#1314 = DIRECTION('',(-9.014605414585E-03,-5.452966340115E-18,
    -0.999959367619));
#1315 = ORIENTED_EDGE('',*,*,#1270,.T.);
#1316 = PLANE('',#1317);
#1317 = AXIS2_PLACEMENT_3D('',#1318,#1319,#1320);
#1318 = CARTESIAN_POINT('',(-5.62600713975,3.4,1.069218046847));
#1319 = DIRECTION('',(0.999959367619,6.661067481722E-16,
    -9.014605414585E-03));
#1320 = DIRECTION('',(9.014605414585E-03,6.00493349351E-18,
    0.999959367619));
#1321 = ADVANCED_FACE('',(#1322),#1349,.F.);
#1322 = FACE_BOUND('',#1323,.F.);
#1323 = EDGE_LOOP('',(#1324,#1325,#1334,#1342));
#1324 = ORIENTED_EDGE('',*,*,#1302,.F.);
#1325 = ORIENTED_EDGE('',*,*,#1326,.F.);
#1326 = EDGE_CURVE('',#1327,#1303,#1329,.T.);
#1327 = VERTEX_POINT('',#1328);
#1328 = CARTESIAN_POINT('',(-5.32842852147,3.4,1.36412609412));
#1329 = CIRCLE('',#1330,0.297590710099);
#1330 = AXIS2_PLACEMENT_3D('',#1331,#1332,#1333);
#1331 = CARTESIAN_POINT('',(-5.32842852147,3.4,1.06653538402));
#1332 = DIRECTION('',(6.04903497084E-16,-1.,0.));
#1333 = DIRECTION('',(1.,6.04903497084E-16,0.));
#1334 = ORIENTED_EDGE('',*,*,#1335,.T.);
#1335 = EDGE_CURVE('',#1327,#1336,#1338,.T.);
#1336 = VERTEX_POINT('',#1337);
#1337 = CARTESIAN_POINT('',(-5.32842852147,3.8,1.36412609412));
#1338 = LINE('',#1339,#1340);
#1339 = CARTESIAN_POINT('',(-5.32842852147,3.4,1.36412609412));
#1340 = VECTOR('',#1341,1.);
#1341 = DIRECTION('',(-6.661338147751E-16,1.,0.));
#1342 = ORIENTED_EDGE('',*,*,#1343,.T.);
#1343 = EDGE_CURVE('',#1336,#1295,#1344,.T.);
#1344 = CIRCLE('',#1345,0.297590710099);
#1345 = AXIS2_PLACEMENT_3D('',#1346,#1347,#1348);
#1346 = CARTESIAN_POINT('',(-5.32842852147,3.8,1.06653538402));
#1347 = DIRECTION('',(6.04903497084E-16,-1.,0.));
#1348 = DIRECTION('',(1.,6.04903497084E-16,0.));
#1349 = CYLINDRICAL_SURFACE('',#1350,0.297590710099);
#1350 = AXIS2_PLACEMENT_3D('',#1351,#1352,#1353);
#1351 = CARTESIAN_POINT('',(-5.32842852147,3.4,1.06653538402));
#1352 = DIRECTION('',(-6.661338147751E-16,1.,0.));
#1353 = DIRECTION('',(0.,0.,1.));
#1354 = ADVANCED_FACE('',(#1355),#1391,.T.);
#1355 = FACE_BOUND('',#1356,.T.);
#1356 = EDGE_LOOP('',(#1357,#1368,#1376,#1385));
#1357 = ORIENTED_EDGE('',*,*,#1358,.F.);
#1358 = EDGE_CURVE('',#1359,#1361,#1363,.T.);
#1359 = VERTEX_POINT('',#1360);
#1360 = CARTESIAN_POINT('',(-5.886163236004,3.,1.126693910204));
#1361 = VERTEX_POINT('',#1362);
#1362 = CARTESIAN_POINT('',(-5.406609645391,3.,1.586156570381));
#1363 = CIRCLE('',#1364,0.479992848817);
#1364 = AXIS2_PLACEMENT_3D('',#1365,#1366,#1367);
#1365 = CARTESIAN_POINT('',(-5.406609645391,3.,1.106163721564));
#1366 = DIRECTION('',(-6.04903497084E-16,1.,0.));
#1367 = DIRECTION('',(1.,6.04903497084E-16,0.));
#1368 = ORIENTED_EDGE('',*,*,#1369,.F.);
#1369 = EDGE_CURVE('',#1370,#1359,#1372,.T.);
#1370 = VERTEX_POINT('',#1371);
#1371 = CARTESIAN_POINT('',(-5.886163236004,2.6,1.126693910204));
#1372 = LINE('',#1373,#1374);
#1373 = CARTESIAN_POINT('',(-5.886163236004,2.6,1.126693910204));
#1374 = VECTOR('',#1375,1.);
#1375 = DIRECTION('',(-6.661338147751E-16,1.,0.));
#1376 = ORIENTED_EDGE('',*,*,#1377,.T.);
#1377 = EDGE_CURVE('',#1370,#1378,#1380,.T.);
#1378 = VERTEX_POINT('',#1379);
#1379 = CARTESIAN_POINT('',(-5.406609645391,2.6,1.586156570381));
#1380 = CIRCLE('',#1381,0.479992848817);
#1381 = AXIS2_PLACEMENT_3D('',#1382,#1383,#1384);
#1382 = CARTESIAN_POINT('',(-5.406609645391,2.6,1.106163721564));
#1383 = DIRECTION('',(-6.04903497084E-16,1.,0.));
#1384 = DIRECTION('',(1.,6.04903497084E-16,0.));
#1385 = ORIENTED_EDGE('',*,*,#1386,.T.);
#1386 = EDGE_CURVE('',#1378,#1361,#1387,.T.);
#1387 = LINE('',#1388,#1389);
#1388 = CARTESIAN_POINT('',(-5.406609645391,2.6,1.586156570381));
#1389 = VECTOR('',#1390,1.);
#1390 = DIRECTION('',(-6.661338147751E-16,1.,0.));
#1391 = CYLINDRICAL_SURFACE('',#1392,0.479992848817);
#1392 = AXIS2_PLACEMENT_3D('',#1393,#1394,#1395);
#1393 = CARTESIAN_POINT('',(-5.406609645391,2.6,1.106163721564));
#1394 = DIRECTION('',(-6.661338147751E-16,1.,0.));
#1395 = DIRECTION('',(0.,0.,1.));
#1396 = ADVANCED_FACE('',(#1397),#1422,.T.);
#1397 = FACE_BOUND('',#1398,.T.);
#1398 = EDGE_LOOP('',(#1399,#1407,#1415,#1421));
#1399 = ORIENTED_EDGE('',*,*,#1400,.F.);
#1400 = EDGE_CURVE('',#1401,#1359,#1403,.T.);
#1401 = VERTEX_POINT('',#1402);
#1402 = CARTESIAN_POINT('',(-5.921306132378,3.,0.305809970136));
#1403 = LINE('',#1404,#1405);
#1404 = CARTESIAN_POINT('',(-5.921306132378,3.,0.305809970136));
#1405 = VECTOR('',#1406,1.);
#1406 = DIRECTION('',(4.277186356053E-02,2.587284984456E-17,
    0.999084865108));
#1407 = ORIENTED_EDGE('',*,*,#1408,.F.);
#1408 = EDGE_CURVE('',#1409,#1401,#1411,.T.);
#1409 = VERTEX_POINT('',#1410);
#1410 = CARTESIAN_POINT('',(-5.921306132378,2.6,0.305809970136));
#1411 = LINE('',#1412,#1413);
#1412 = CARTESIAN_POINT('',(-5.921306132378,2.6,0.305809970136));
#1413 = VECTOR('',#1414,1.);
#1414 = DIRECTION('',(-6.661338147751E-16,1.,0.));
#1415 = ORIENTED_EDGE('',*,*,#1416,.T.);
#1416 = EDGE_CURVE('',#1409,#1370,#1417,.T.);
#1417 = LINE('',#1418,#1419);
#1418 = CARTESIAN_POINT('',(-5.921306132378,2.6,0.305809970136));
#1419 = VECTOR('',#1420,1.);
#1420 = DIRECTION('',(4.277186356053E-02,2.587284984456E-17,
    0.999084865108));
#1421 = ORIENTED_EDGE('',*,*,#1369,.T.);
#1422 = PLANE('',#1423);
#1423 = AXIS2_PLACEMENT_3D('',#1424,#1425,#1426);
#1424 = CARTESIAN_POINT('',(-5.921306132378,2.6,0.305809970136));
#1425 = DIRECTION('',(-0.999084865108,-6.655242124783E-16,
    4.277186356053E-02));
#1426 = DIRECTION('',(-4.277186356053E-02,-2.849178463861E-17,
    -0.999084865108));
#1427 = ADVANCED_FACE('',(#1428),#1455,.F.);
#1428 = FACE_BOUND('',#1429,.F.);
#1429 = EDGE_LOOP('',(#1430,#1431,#1440,#1448));
#1430 = ORIENTED_EDGE('',*,*,#1408,.F.);
#1431 = ORIENTED_EDGE('',*,*,#1432,.F.);
#1432 = EDGE_CURVE('',#1433,#1409,#1435,.T.);
#1433 = VERTEX_POINT('',#1434);
#1434 = CARTESIAN_POINT('',(-6.199589675214,2.6,3.918513533714E-02));
#1435 = CIRCLE('',#1436,0.278538443083);
#1436 = AXIS2_PLACEMENT_3D('',#1437,#1438,#1439);
#1437 = CARTESIAN_POINT('',(-6.199589675214,2.6,0.31772357842));
#1438 = DIRECTION('',(6.04903497084E-16,-1.,0.));
#1439 = DIRECTION('',(1.,6.04903497084E-16,0.));
#1440 = ORIENTED_EDGE('',*,*,#1441,.T.);
#1441 = EDGE_CURVE('',#1433,#1442,#1444,.T.);
#1442 = VERTEX_POINT('',#1443);
#1443 = CARTESIAN_POINT('',(-6.199589675214,3.,3.918513533714E-02));
#1444 = LINE('',#1445,#1446);
#1445 = CARTESIAN_POINT('',(-6.199589675214,2.6,3.918513533714E-02));
#1446 = VECTOR('',#1447,1.);
#1447 = DIRECTION('',(-6.661338147751E-16,1.,0.));
#1448 = ORIENTED_EDGE('',*,*,#1449,.T.);
#1449 = EDGE_CURVE('',#1442,#1401,#1450,.T.);
#1450 = CIRCLE('',#1451,0.278538443083);
#1451 = AXIS2_PLACEMENT_3D('',#1452,#1453,#1454);
#1452 = CARTESIAN_POINT('',(-6.199589675214,3.,0.31772357842));
#1453 = DIRECTION('',(6.04903497084E-16,-1.,0.));
#1454 = DIRECTION('',(1.,6.04903497084E-16,0.));
#1455 = CYLINDRICAL_SURFACE('',#1456,0.278538443083);
#1456 = AXIS2_PLACEMENT_3D('',#1457,#1458,#1459);
#1457 = CARTESIAN_POINT('',(-6.199589675214,2.6,0.31772357842));
#1458 = DIRECTION('',(-6.661338147751E-16,1.,0.));
#1459 = DIRECTION('',(0.,0.,1.));
#1460 = ADVANCED_FACE('',(#1461),#1486,.T.);
#1461 = FACE_BOUND('',#1462,.T.);
#1462 = EDGE_LOOP('',(#1463,#1471,#1479,#1485));
#1463 = ORIENTED_EDGE('',*,*,#1464,.F.);
#1464 = EDGE_CURVE('',#1465,#1442,#1467,.T.);
#1465 = VERTEX_POINT('',#1466);
#1466 = CARTESIAN_POINT('',(-6.6,3.,3.918513533714E-02));
#1467 = LINE('',#1468,#1469);
#1468 = CARTESIAN_POINT('',(-6.6,3.,3.918513533714E-02));
#1469 = VECTOR('',#1470,1.);
#1470 = DIRECTION('',(1.,6.04903497084E-16,-5.415455623248E-16));
#1471 = ORIENTED_EDGE('',*,*,#1472,.F.);
#1472 = EDGE_CURVE('',#1473,#1465,#1475,.T.);
#1473 = VERTEX_POINT('',#1474);
#1474 = CARTESIAN_POINT('',(-6.6,2.6,3.918513533714E-02));
#1475 = LINE('',#1476,#1477);
#1476 = CARTESIAN_POINT('',(-6.6,2.6,3.918513533714E-02));
#1477 = VECTOR('',#1478,1.);
#1478 = DIRECTION('',(-6.661338147751E-16,1.,0.));
#1479 = ORIENTED_EDGE('',*,*,#1480,.T.);
#1480 = EDGE_CURVE('',#1473,#1433,#1481,.T.);
#1481 = LINE('',#1482,#1483);
#1482 = CARTESIAN_POINT('',(-6.6,2.6,3.918513533714E-02));
#1483 = VECTOR('',#1484,1.);
#1484 = DIRECTION('',(1.,6.04903497084E-16,-5.415455623248E-16));
#1485 = ORIENTED_EDGE('',*,*,#1441,.T.);
#1486 = PLANE('',#1487);
#1487 = AXIS2_PLACEMENT_3D('',#1488,#1489,#1490);
#1488 = CARTESIAN_POINT('',(-6.6,2.6,3.918513533714E-02));
#1489 = DIRECTION('',(5.415455623248E-16,3.607418113059E-31,1.));
#1490 = DIRECTION('',(-1.,-6.661338147751E-16,5.415455623248E-16));
#1491 = ADVANCED_FACE('',(#1492),#1517,.T.);
#1492 = FACE_BOUND('',#1493,.T.);
#1493 = EDGE_LOOP('',(#1494,#1502,#1510,#1516));
#1494 = ORIENTED_EDGE('',*,*,#1495,.F.);
#1495 = EDGE_CURVE('',#1496,#1465,#1498,.T.);
#1496 = VERTEX_POINT('',#1497);
#1497 = CARTESIAN_POINT('',(-6.6,3.,-0.198247949201));
#1498 = LINE('',#1499,#1500);
#1499 = CARTESIAN_POINT('',(-6.6,3.,-0.198247949201));
#1500 = VECTOR('',#1501,1.);
#1501 = DIRECTION('',(0.,0.,1.));
#1502 = ORIENTED_EDGE('',*,*,#1503,.F.);
#1503 = EDGE_CURVE('',#1504,#1496,#1506,.T.);
#1504 = VERTEX_POINT('',#1505);
#1505 = CARTESIAN_POINT('',(-6.6,2.6,-0.198247949201));
#1506 = LINE('',#1507,#1508);
#1507 = CARTESIAN_POINT('',(-6.6,2.6,-0.198247949201));
#1508 = VECTOR('',#1509,1.);
#1509 = DIRECTION('',(-6.661338147751E-16,1.,0.));
#1510 = ORIENTED_EDGE('',*,*,#1511,.T.);
#1511 = EDGE_CURVE('',#1504,#1473,#1512,.T.);
#1512 = LINE('',#1513,#1514);
#1513 = CARTESIAN_POINT('',(-6.6,2.6,-0.198247949201));
#1514 = VECTOR('',#1515,1.);
#1515 = DIRECTION('',(0.,0.,1.));
#1516 = ORIENTED_EDGE('',*,*,#1472,.T.);
#1517 = PLANE('',#1518);
#1518 = AXIS2_PLACEMENT_3D('',#1519,#1520,#1521);
#1519 = CARTESIAN_POINT('',(-6.6,2.6,-0.198247949201));
#1520 = DIRECTION('',(-1.,-6.661338147751E-16,0.));
#1521 = DIRECTION('',(0.,0.,-1.));
#1522 = ADVANCED_FACE('',(#1523),#1548,.T.);
#1523 = FACE_BOUND('',#1524,.T.);
#1524 = EDGE_LOOP('',(#1525,#1533,#1541,#1547));
#1525 = ORIENTED_EDGE('',*,*,#1526,.F.);
#1526 = EDGE_CURVE('',#1527,#1496,#1529,.T.);
#1527 = VERTEX_POINT('',#1528);
#1528 = CARTESIAN_POINT('',(-6.209557821209,3.,-0.198247949201));
#1529 = LINE('',#1530,#1531);
#1530 = CARTESIAN_POINT('',(-6.209557821209,3.,-0.198247949201));
#1531 = VECTOR('',#1532,1.);
#1532 = DIRECTION('',(-1.,-6.04903497084E-16,5.553714385278E-16));
#1533 = ORIENTED_EDGE('',*,*,#1534,.F.);
#1534 = EDGE_CURVE('',#1535,#1527,#1537,.T.);
#1535 = VERTEX_POINT('',#1536);
#1536 = CARTESIAN_POINT('',(-6.209557821209,2.6,-0.198247949201));
#1537 = LINE('',#1538,#1539);
#1538 = CARTESIAN_POINT('',(-6.209557821209,2.6,-0.198247949201));
#1539 = VECTOR('',#1540,1.);
#1540 = DIRECTION('',(-6.661338147751E-16,1.,0.));
#1541 = ORIENTED_EDGE('',*,*,#1542,.T.);
#1542 = EDGE_CURVE('',#1535,#1504,#1543,.T.);
#1543 = LINE('',#1544,#1545);
#1544 = CARTESIAN_POINT('',(-6.209557821209,2.6,-0.198247949201));
#1545 = VECTOR('',#1546,1.);
#1546 = DIRECTION('',(-1.,-6.04903497084E-16,5.553714385278E-16));
#1547 = ORIENTED_EDGE('',*,*,#1503,.T.);
#1548 = PLANE('',#1549);
#1549 = AXIS2_PLACEMENT_3D('',#1550,#1551,#1552);
#1550 = CARTESIAN_POINT('',(-6.209557821209,2.6,-0.198247949201));
#1551 = DIRECTION('',(-5.553714385278E-16,-3.699516949636E-31,-1.));
#1552 = DIRECTION('',(1.,6.661338147751E-16,-5.553714385278E-16));
#1553 = ADVANCED_FACE('',(#1554),#1581,.T.);
#1554 = FACE_BOUND('',#1555,.T.);
#1555 = EDGE_LOOP('',(#1556,#1565,#1573,#1580));
#1556 = ORIENTED_EDGE('',*,*,#1557,.F.);
#1557 = EDGE_CURVE('',#1558,#1527,#1560,.T.);
#1558 = VERTEX_POINT('',#1559);
#1559 = CARTESIAN_POINT('',(-5.632275833135,3.,0.373853315374));
#1560 = CIRCLE('',#1561,0.577305445368);
#1561 = AXIS2_PLACEMENT_3D('',#1562,#1563,#1564);
#1562 = CARTESIAN_POINT('',(-6.209557821209,3.,0.379057496168));
#1563 = DIRECTION('',(-6.04903497084E-16,1.,0.));
#1564 = DIRECTION('',(1.,6.04903497084E-16,0.));
#1565 = ORIENTED_EDGE('',*,*,#1566,.F.);
#1566 = EDGE_CURVE('',#1567,#1558,#1569,.T.);
#1567 = VERTEX_POINT('',#1568);
#1568 = CARTESIAN_POINT('',(-5.632275833135,2.6,0.373853315374));
#1569 = LINE('',#1570,#1571);
#1570 = CARTESIAN_POINT('',(-5.632275833135,2.6,0.373853315374));
#1571 = VECTOR('',#1572,1.);
#1572 = DIRECTION('',(-6.661338147751E-16,1.,0.));
#1573 = ORIENTED_EDGE('',*,*,#1574,.T.);
#1574 = EDGE_CURVE('',#1567,#1535,#1575,.T.);
#1575 = CIRCLE('',#1576,0.577305445368);
#1576 = AXIS2_PLACEMENT_3D('',#1577,#1578,#1579);
#1577 = CARTESIAN_POINT('',(-6.209557821209,2.6,0.379057496168));
#1578 = DIRECTION('',(-6.04903497084E-16,1.,0.));
#1579 = DIRECTION('',(1.,6.04903497084E-16,0.));
#1580 = ORIENTED_EDGE('',*,*,#1534,.T.);
#1581 = CYLINDRICAL_SURFACE('',#1582,0.577305445368);
#1582 = AXIS2_PLACEMENT_3D('',#1583,#1584,#1585);
#1583 = CARTESIAN_POINT('',(-6.209557821209,2.6,0.379057496168));
#1584 = DIRECTION('',(-6.661338147751E-16,1.,0.));
#1585 = DIRECTION('',(0.,0.,1.));
#1586 = ADVANCED_FACE('',(#1587),#1612,.T.);
#1587 = FACE_BOUND('',#1588,.T.);
#1588 = EDGE_LOOP('',(#1589,#1597,#1605,#1611));
#1589 = ORIENTED_EDGE('',*,*,#1590,.F.);
#1590 = EDGE_CURVE('',#1591,#1558,#1593,.T.);
#1591 = VERTEX_POINT('',#1592);
#1592 = CARTESIAN_POINT('',(-5.62600713975,3.,1.069218046847));
#1593 = LINE('',#1594,#1595);
#1594 = CARTESIAN_POINT('',(-5.62600713975,3.,1.069218046847));
#1595 = VECTOR('',#1596,1.);
#1596 = DIRECTION('',(-9.014605414585E-03,-5.452966340115E-18,
    -0.999959367619));
#1597 = ORIENTED_EDGE('',*,*,#1598,.F.);
#1598 = EDGE_CURVE('',#1599,#1591,#1601,.T.);
#1599 = VERTEX_POINT('',#1600);
#1600 = CARTESIAN_POINT('',(-5.62600713975,2.6,1.069218046847));
#1601 = LINE('',#1602,#1603);
#1602 = CARTESIAN_POINT('',(-5.62600713975,2.6,1.069218046847));
#1603 = VECTOR('',#1604,1.);
#1604 = DIRECTION('',(-6.661338147751E-16,1.,0.));
#1605 = ORIENTED_EDGE('',*,*,#1606,.T.);
#1606 = EDGE_CURVE('',#1599,#1567,#1607,.T.);
#1607 = LINE('',#1608,#1609);
#1608 = CARTESIAN_POINT('',(-5.62600713975,2.6,1.069218046847));
#1609 = VECTOR('',#1610,1.);
#1610 = DIRECTION('',(-9.014605414585E-03,-5.452966340115E-18,
    -0.999959367619));
#1611 = ORIENTED_EDGE('',*,*,#1566,.T.);
#1612 = PLANE('',#1613);
#1613 = AXIS2_PLACEMENT_3D('',#1614,#1615,#1616);
#1614 = CARTESIAN_POINT('',(-5.62600713975,2.6,1.069218046847));
#1615 = DIRECTION('',(0.999959367619,6.661067481722E-16,
    -9.014605414585E-03));
#1616 = DIRECTION('',(9.014605414585E-03,6.00493349351E-18,
    0.999959367619));
#1617 = ADVANCED_FACE('',(#1618),#1645,.F.);
#1618 = FACE_BOUND('',#1619,.F.);
#1619 = EDGE_LOOP('',(#1620,#1621,#1630,#1638));
#1620 = ORIENTED_EDGE('',*,*,#1598,.F.);
#1621 = ORIENTED_EDGE('',*,*,#1622,.F.);
#1622 = EDGE_CURVE('',#1623,#1599,#1625,.T.);
#1623 = VERTEX_POINT('',#1624);
#1624 = CARTESIAN_POINT('',(-5.32842852147,2.6,1.36412609412));
#1625 = CIRCLE('',#1626,0.297590710099);
#1626 = AXIS2_PLACEMENT_3D('',#1627,#1628,#1629);
#1627 = CARTESIAN_POINT('',(-5.32842852147,2.6,1.06653538402));
#1628 = DIRECTION('',(6.04903497084E-16,-1.,0.));
#1629 = DIRECTION('',(1.,6.04903497084E-16,0.));
#1630 = ORIENTED_EDGE('',*,*,#1631,.T.);
#1631 = EDGE_CURVE('',#1623,#1632,#1634,.T.);
#1632 = VERTEX_POINT('',#1633);
#1633 = CARTESIAN_POINT('',(-5.32842852147,3.,1.36412609412));
#1634 = LINE('',#1635,#1636);
#1635 = CARTESIAN_POINT('',(-5.32842852147,2.6,1.36412609412));
#1636 = VECTOR('',#1637,1.);
#1637 = DIRECTION('',(-6.661338147751E-16,1.,0.));
#1638 = ORIENTED_EDGE('',*,*,#1639,.T.);
#1639 = EDGE_CURVE('',#1632,#1591,#1640,.T.);
#1640 = CIRCLE('',#1641,0.297590710099);
#1641 = AXIS2_PLACEMENT_3D('',#1642,#1643,#1644);
#1642 = CARTESIAN_POINT('',(-5.32842852147,3.,1.06653538402));
#1643 = DIRECTION('',(6.04903497084E-16,-1.,0.));
#1644 = DIRECTION('',(1.,6.04903497084E-16,0.));
#1645 = CYLINDRICAL_SURFACE('',#1646,0.297590710099);
#1646 = AXIS2_PLACEMENT_3D('',#1647,#1648,#1649);
#1647 = CARTESIAN_POINT('',(-5.32842852147,2.6,1.06653538402));
#1648 = DIRECTION('',(-6.661338147751E-16,1.,0.));
#1649 = DIRECTION('',(0.,0.,1.));
#1650 = ADVANCED_FACE('',(#1651),#1687,.T.);
#1651 = FACE_BOUND('',#1652,.T.);
#1652 = EDGE_LOOP('',(#1653,#1664,#1672,#1681));
#1653 = ORIENTED_EDGE('',*,*,#1654,.F.);
#1654 = EDGE_CURVE('',#1655,#1657,#1659,.T.);
#1655 = VERTEX_POINT('',#1656);
#1656 = CARTESIAN_POINT('',(-5.886163236004,2.2,1.126693910204));
#1657 = VERTEX_POINT('',#1658);
#1658 = CARTESIAN_POINT('',(-5.406609645391,2.2,1.586156570381));
#1659 = CIRCLE('',#1660,0.479992848817);
#1660 = AXIS2_PLACEMENT_3D('',#1661,#1662,#1663);
#1661 = CARTESIAN_POINT('',(-5.406609645391,2.2,1.106163721564));
#1662 = DIRECTION('',(-6.04903497084E-16,1.,0.));
#1663 = DIRECTION('',(1.,6.04903497084E-16,0.));
#1664 = ORIENTED_EDGE('',*,*,#1665,.F.);
#1665 = EDGE_CURVE('',#1666,#1655,#1668,.T.);
#1666 = VERTEX_POINT('',#1667);
#1667 = CARTESIAN_POINT('',(-5.886163236004,1.8,1.126693910204));
#1668 = LINE('',#1669,#1670);
#1669 = CARTESIAN_POINT('',(-5.886163236004,1.8,1.126693910204));
#1670 = VECTOR('',#1671,1.);
#1671 = DIRECTION('',(-6.661338147751E-16,1.,0.));
#1672 = ORIENTED_EDGE('',*,*,#1673,.T.);
#1673 = EDGE_CURVE('',#1666,#1674,#1676,.T.);
#1674 = VERTEX_POINT('',#1675);
#1675 = CARTESIAN_POINT('',(-5.406609645391,1.8,1.586156570381));
#1676 = CIRCLE('',#1677,0.479992848817);
#1677 = AXIS2_PLACEMENT_3D('',#1678,#1679,#1680);
#1678 = CARTESIAN_POINT('',(-5.406609645391,1.8,1.106163721564));
#1679 = DIRECTION('',(-6.04903497084E-16,1.,0.));
#1680 = DIRECTION('',(1.,6.04903497084E-16,0.));
#1681 = ORIENTED_EDGE('',*,*,#1682,.T.);
#1682 = EDGE_CURVE('',#1674,#1657,#1683,.T.);
#1683 = LINE('',#1684,#1685);
#1684 = CARTESIAN_POINT('',(-5.406609645391,1.8,1.586156570381));
#1685 = VECTOR('',#1686,1.);
#1686 = DIRECTION('',(-6.661338147751E-16,1.,0.));
#1687 = CYLINDRICAL_SURFACE('',#1688,0.479992848817);
#1688 = AXIS2_PLACEMENT_3D('',#1689,#1690,#1691);
#1689 = CARTESIAN_POINT('',(-5.406609645391,1.8,1.106163721564));
#1690 = DIRECTION('',(-6.661338147751E-16,1.,0.));
#1691 = DIRECTION('',(0.,0.,1.));
#1692 = ADVANCED_FACE('',(#1693),#1718,.T.);
#1693 = FACE_BOUND('',#1694,.T.);
#1694 = EDGE_LOOP('',(#1695,#1703,#1711,#1717));
#1695 = ORIENTED_EDGE('',*,*,#1696,.F.);
#1696 = EDGE_CURVE('',#1697,#1655,#1699,.T.);
#1697 = VERTEX_POINT('',#1698);
#1698 = CARTESIAN_POINT('',(-5.921306132378,2.2,0.305809970136));
#1699 = LINE('',#1700,#1701);
#1700 = CARTESIAN_POINT('',(-5.921306132378,2.2,0.305809970136));
#1701 = VECTOR('',#1702,1.);
#1702 = DIRECTION('',(4.277186356053E-02,2.587284984456E-17,
    0.999084865108));
#1703 = ORIENTED_EDGE('',*,*,#1704,.F.);
#1704 = EDGE_CURVE('',#1705,#1697,#1707,.T.);
#1705 = VERTEX_POINT('',#1706);
#1706 = CARTESIAN_POINT('',(-5.921306132378,1.8,0.305809970136));
#1707 = LINE('',#1708,#1709);
#1708 = CARTESIAN_POINT('',(-5.921306132378,1.8,0.305809970136));
#1709 = VECTOR('',#1710,1.);
#1710 = DIRECTION('',(-6.661338147751E-16,1.,0.));
#1711 = ORIENTED_EDGE('',*,*,#1712,.T.);
#1712 = EDGE_CURVE('',#1705,#1666,#1713,.T.);
#1713 = LINE('',#1714,#1715);
#1714 = CARTESIAN_POINT('',(-5.921306132378,1.8,0.305809970136));
#1715 = VECTOR('',#1716,1.);
#1716 = DIRECTION('',(4.277186356053E-02,2.587284984456E-17,
    0.999084865108));
#1717 = ORIENTED_EDGE('',*,*,#1665,.T.);
#1718 = PLANE('',#1719);
#1719 = AXIS2_PLACEMENT_3D('',#1720,#1721,#1722);
#1720 = CARTESIAN_POINT('',(-5.921306132378,1.8,0.305809970136));
#1721 = DIRECTION('',(-0.999084865108,-6.655242124783E-16,
    4.277186356053E-02));
#1722 = DIRECTION('',(-4.277186356053E-02,-2.849178463861E-17,
    -0.999084865108));
#1723 = ADVANCED_FACE('',(#1724),#1751,.F.);
#1724 = FACE_BOUND('',#1725,.F.);
#1725 = EDGE_LOOP('',(#1726,#1727,#1736,#1744));
#1726 = ORIENTED_EDGE('',*,*,#1704,.F.);
#1727 = ORIENTED_EDGE('',*,*,#1728,.F.);
#1728 = EDGE_CURVE('',#1729,#1705,#1731,.T.);
#1729 = VERTEX_POINT('',#1730);
#1730 = CARTESIAN_POINT('',(-6.199589675214,1.8,3.918513533714E-02));
#1731 = CIRCLE('',#1732,0.278538443083);
#1732 = AXIS2_PLACEMENT_3D('',#1733,#1734,#1735);
#1733 = CARTESIAN_POINT('',(-6.199589675214,1.8,0.31772357842));
#1734 = DIRECTION('',(6.04903497084E-16,-1.,0.));
#1735 = DIRECTION('',(1.,6.04903497084E-16,0.));
#1736 = ORIENTED_EDGE('',*,*,#1737,.T.);
#1737 = EDGE_CURVE('',#1729,#1738,#1740,.T.);
#1738 = VERTEX_POINT('',#1739);
#1739 = CARTESIAN_POINT('',(-6.199589675214,2.2,3.918513533714E-02));
#1740 = LINE('',#1741,#1742);
#1741 = CARTESIAN_POINT('',(-6.199589675214,1.8,3.918513533714E-02));
#1742 = VECTOR('',#1743,1.);
#1743 = DIRECTION('',(-6.661338147751E-16,1.,0.));
#1744 = ORIENTED_EDGE('',*,*,#1745,.T.);
#1745 = EDGE_CURVE('',#1738,#1697,#1746,.T.);
#1746 = CIRCLE('',#1747,0.278538443083);
#1747 = AXIS2_PLACEMENT_3D('',#1748,#1749,#1750);
#1748 = CARTESIAN_POINT('',(-6.199589675214,2.2,0.31772357842));
#1749 = DIRECTION('',(6.04903497084E-16,-1.,0.));
#1750 = DIRECTION('',(1.,6.04903497084E-16,0.));
#1751 = CYLINDRICAL_SURFACE('',#1752,0.278538443083);
#1752 = AXIS2_PLACEMENT_3D('',#1753,#1754,#1755);
#1753 = CARTESIAN_POINT('',(-6.199589675214,1.8,0.31772357842));
#1754 = DIRECTION('',(-6.661338147751E-16,1.,0.));
#1755 = DIRECTION('',(0.,0.,1.));
#1756 = ADVANCED_FACE('',(#1757),#1782,.T.);
#1757 = FACE_BOUND('',#1758,.T.);
#1758 = EDGE_LOOP('',(#1759,#1767,#1775,#1781));
#1759 = ORIENTED_EDGE('',*,*,#1760,.F.);
#1760 = EDGE_CURVE('',#1761,#1738,#1763,.T.);
#1761 = VERTEX_POINT('',#1762);
#1762 = CARTESIAN_POINT('',(-6.6,2.2,3.918513533714E-02));
#1763 = LINE('',#1764,#1765);
#1764 = CARTESIAN_POINT('',(-6.6,2.2,3.918513533714E-02));
#1765 = VECTOR('',#1766,1.);
#1766 = DIRECTION('',(1.,6.04903497084E-16,-5.415455623248E-16));
#1767 = ORIENTED_EDGE('',*,*,#1768,.F.);
#1768 = EDGE_CURVE('',#1769,#1761,#1771,.T.);
#1769 = VERTEX_POINT('',#1770);
#1770 = CARTESIAN_POINT('',(-6.6,1.8,3.918513533714E-02));
#1771 = LINE('',#1772,#1773);
#1772 = CARTESIAN_POINT('',(-6.6,1.8,3.918513533714E-02));
#1773 = VECTOR('',#1774,1.);
#1774 = DIRECTION('',(-6.661338147751E-16,1.,0.));
#1775 = ORIENTED_EDGE('',*,*,#1776,.T.);
#1776 = EDGE_CURVE('',#1769,#1729,#1777,.T.);
#1777 = LINE('',#1778,#1779);
#1778 = CARTESIAN_POINT('',(-6.6,1.8,3.918513533714E-02));
#1779 = VECTOR('',#1780,1.);
#1780 = DIRECTION('',(1.,6.04903497084E-16,-5.415455623248E-16));
#1781 = ORIENTED_EDGE('',*,*,#1737,.T.);
#1782 = PLANE('',#1783);
#1783 = AXIS2_PLACEMENT_3D('',#1784,#1785,#1786);
#1784 = CARTESIAN_POINT('',(-6.6,1.8,3.918513533714E-02));
#1785 = DIRECTION('',(5.415455623248E-16,3.607418113059E-31,1.));
#1786 = DIRECTION('',(-1.,-6.661338147751E-16,5.415455623248E-16));
#1787 = ADVANCED_FACE('',(#1788),#1813,.T.);
#1788 = FACE_BOUND('',#1789,.T.);
#1789 = EDGE_LOOP('',(#1790,#1798,#1806,#1812));
#1790 = ORIENTED_EDGE('',*,*,#1791,.F.);
#1791 = EDGE_CURVE('',#1792,#1761,#1794,.T.);
#1792 = VERTEX_POINT('',#1793);
#1793 = CARTESIAN_POINT('',(-6.6,2.2,-0.198247949201));
#1794 = LINE('',#1795,#1796);
#1795 = CARTESIAN_POINT('',(-6.6,2.2,-0.198247949201));
#1796 = VECTOR('',#1797,1.);
#1797 = DIRECTION('',(0.,0.,1.));
#1798 = ORIENTED_EDGE('',*,*,#1799,.F.);
#1799 = EDGE_CURVE('',#1800,#1792,#1802,.T.);
#1800 = VERTEX_POINT('',#1801);
#1801 = CARTESIAN_POINT('',(-6.6,1.8,-0.198247949201));
#1802 = LINE('',#1803,#1804);
#1803 = CARTESIAN_POINT('',(-6.6,1.8,-0.198247949201));
#1804 = VECTOR('',#1805,1.);
#1805 = DIRECTION('',(-6.661338147751E-16,1.,0.));
#1806 = ORIENTED_EDGE('',*,*,#1807,.T.);
#1807 = EDGE_CURVE('',#1800,#1769,#1808,.T.);
#1808 = LINE('',#1809,#1810);
#1809 = CARTESIAN_POINT('',(-6.6,1.8,-0.198247949201));
#1810 = VECTOR('',#1811,1.);
#1811 = DIRECTION('',(0.,0.,1.));
#1812 = ORIENTED_EDGE('',*,*,#1768,.T.);
#1813 = PLANE('',#1814);
#1814 = AXIS2_PLACEMENT_3D('',#1815,#1816,#1817);
#1815 = CARTESIAN_POINT('',(-6.6,1.8,-0.198247949201));
#1816 = DIRECTION('',(-1.,-6.661338147751E-16,0.));
#1817 = DIRECTION('',(0.,0.,-1.));
#1818 = ADVANCED_FACE('',(#1819),#1844,.T.);
#1819 = FACE_BOUND('',#1820,.T.);
#1820 = EDGE_LOOP('',(#1821,#1829,#1837,#1843));
#1821 = ORIENTED_EDGE('',*,*,#1822,.F.);
#1822 = EDGE_CURVE('',#1823,#1792,#1825,.T.);
#1823 = VERTEX_POINT('',#1824);
#1824 = CARTESIAN_POINT('',(-6.209557821209,2.2,-0.198247949201));
#1825 = LINE('',#1826,#1827);
#1826 = CARTESIAN_POINT('',(-6.209557821209,2.2,-0.198247949201));
#1827 = VECTOR('',#1828,1.);
#1828 = DIRECTION('',(-1.,-6.04903497084E-16,5.553714385278E-16));
#1829 = ORIENTED_EDGE('',*,*,#1830,.F.);
#1830 = EDGE_CURVE('',#1831,#1823,#1833,.T.);
#1831 = VERTEX_POINT('',#1832);
#1832 = CARTESIAN_POINT('',(-6.209557821209,1.8,-0.198247949201));
#1833 = LINE('',#1834,#1835);
#1834 = CARTESIAN_POINT('',(-6.209557821209,1.8,-0.198247949201));
#1835 = VECTOR('',#1836,1.);
#1836 = DIRECTION('',(-6.661338147751E-16,1.,0.));
#1837 = ORIENTED_EDGE('',*,*,#1838,.T.);
#1838 = EDGE_CURVE('',#1831,#1800,#1839,.T.);
#1839 = LINE('',#1840,#1841);
#1840 = CARTESIAN_POINT('',(-6.209557821209,1.8,-0.198247949201));
#1841 = VECTOR('',#1842,1.);
#1842 = DIRECTION('',(-1.,-6.04903497084E-16,5.553714385278E-16));
#1843 = ORIENTED_EDGE('',*,*,#1799,.T.);
#1844 = PLANE('',#1845);
#1845 = AXIS2_PLACEMENT_3D('',#1846,#1847,#1848);
#1846 = CARTESIAN_POINT('',(-6.209557821209,1.8,-0.198247949201));
#1847 = DIRECTION('',(-5.553714385278E-16,-3.699516949636E-31,-1.));
#1848 = DIRECTION('',(1.,6.661338147751E-16,-5.553714385278E-16));
#1849 = ADVANCED_FACE('',(#1850),#1877,.T.);
#1850 = FACE_BOUND('',#1851,.T.);
#1851 = EDGE_LOOP('',(#1852,#1861,#1869,#1876));
#1852 = ORIENTED_EDGE('',*,*,#1853,.F.);
#1853 = EDGE_CURVE('',#1854,#1823,#1856,.T.);
#1854 = VERTEX_POINT('',#1855);
#1855 = CARTESIAN_POINT('',(-5.632275833135,2.2,0.373853315374));
#1856 = CIRCLE('',#1857,0.577305445368);
#1857 = AXIS2_PLACEMENT_3D('',#1858,#1859,#1860);
#1858 = CARTESIAN_POINT('',(-6.209557821209,2.2,0.379057496168));
#1859 = DIRECTION('',(-6.04903497084E-16,1.,0.));
#1860 = DIRECTION('',(1.,6.04903497084E-16,0.));
#1861 = ORIENTED_EDGE('',*,*,#1862,.F.);
#1862 = EDGE_CURVE('',#1863,#1854,#1865,.T.);
#1863 = VERTEX_POINT('',#1864);
#1864 = CARTESIAN_POINT('',(-5.632275833135,1.8,0.373853315374));
#1865 = LINE('',#1866,#1867);
#1866 = CARTESIAN_POINT('',(-5.632275833135,1.8,0.373853315374));
#1867 = VECTOR('',#1868,1.);
#1868 = DIRECTION('',(-6.661338147751E-16,1.,0.));
#1869 = ORIENTED_EDGE('',*,*,#1870,.T.);
#1870 = EDGE_CURVE('',#1863,#1831,#1871,.T.);
#1871 = CIRCLE('',#1872,0.577305445368);
#1872 = AXIS2_PLACEMENT_3D('',#1873,#1874,#1875);
#1873 = CARTESIAN_POINT('',(-6.209557821209,1.8,0.379057496168));
#1874 = DIRECTION('',(-6.04903497084E-16,1.,0.));
#1875 = DIRECTION('',(1.,6.04903497084E-16,0.));
#1876 = ORIENTED_EDGE('',*,*,#1830,.T.);
#1877 = CYLINDRICAL_SURFACE('',#1878,0.577305445368);
#1878 = AXIS2_PLACEMENT_3D('',#1879,#1880,#1881);
#1879 = CARTESIAN_POINT('',(-6.209557821209,1.8,0.379057496168));
#1880 = DIRECTION('',(-6.661338147751E-16,1.,0.));
#1881 = DIRECTION('',(0.,0.,1.));
#1882 = ADVANCED_FACE('',(#1883),#1908,.T.);
#1883 = FACE_BOUND('',#1884,.T.);
#1884 = EDGE_LOOP('',(#1885,#1893,#1901,#1907));
#1885 = ORIENTED_EDGE('',*,*,#1886,.F.);
#1886 = EDGE_CURVE('',#1887,#1854,#1889,.T.);
#1887 = VERTEX_POINT('',#1888);
#1888 = CARTESIAN_POINT('',(-5.62600713975,2.2,1.069218046847));
#1889 = LINE('',#1890,#1891);
#1890 = CARTESIAN_POINT('',(-5.62600713975,2.2,1.069218046847));
#1891 = VECTOR('',#1892,1.);
#1892 = DIRECTION('',(-9.014605414585E-03,-5.452966340115E-18,
    -0.999959367619));
#1893 = ORIENTED_EDGE('',*,*,#1894,.F.);
#1894 = EDGE_CURVE('',#1895,#1887,#1897,.T.);
#1895 = VERTEX_POINT('',#1896);
#1896 = CARTESIAN_POINT('',(-5.62600713975,1.8,1.069218046847));
#1897 = LINE('',#1898,#1899);
#1898 = CARTESIAN_POINT('',(-5.62600713975,1.8,1.069218046847));
#1899 = VECTOR('',#1900,1.);
#1900 = DIRECTION('',(-6.661338147751E-16,1.,0.));
#1901 = ORIENTED_EDGE('',*,*,#1902,.T.);
#1902 = EDGE_CURVE('',#1895,#1863,#1903,.T.);
#1903 = LINE('',#1904,#1905);
#1904 = CARTESIAN_POINT('',(-5.62600713975,1.8,1.069218046847));
#1905 = VECTOR('',#1906,1.);
#1906 = DIRECTION('',(-9.014605414585E-03,-5.452966340115E-18,
    -0.999959367619));
#1907 = ORIENTED_EDGE('',*,*,#1862,.T.);
#1908 = PLANE('',#1909);
#1909 = AXIS2_PLACEMENT_3D('',#1910,#1911,#1912);
#1910 = CARTESIAN_POINT('',(-5.62600713975,1.8,1.069218046847));
#1911 = DIRECTION('',(0.999959367619,6.661067481722E-16,
    -9.014605414585E-03));
#1912 = DIRECTION('',(9.014605414585E-03,6.00493349351E-18,
    0.999959367619));
#1913 = ADVANCED_FACE('',(#1914),#1941,.F.);
#1914 = FACE_BOUND('',#1915,.F.);
#1915 = EDGE_LOOP('',(#1916,#1917,#1926,#1934));
#1916 = ORIENTED_EDGE('',*,*,#1894,.F.);
#1917 = ORIENTED_EDGE('',*,*,#1918,.F.);
#1918 = EDGE_CURVE('',#1919,#1895,#1921,.T.);
#1919 = VERTEX_POINT('',#1920);
#1920 = CARTESIAN_POINT('',(-5.32842852147,1.8,1.36412609412));
#1921 = CIRCLE('',#1922,0.297590710099);
#1922 = AXIS2_PLACEMENT_3D('',#1923,#1924,#1925);
#1923 = CARTESIAN_POINT('',(-5.32842852147,1.8,1.06653538402));
#1924 = DIRECTION('',(6.04903497084E-16,-1.,0.));
#1925 = DIRECTION('',(1.,6.04903497084E-16,0.));
#1926 = ORIENTED_EDGE('',*,*,#1927,.T.);
#1927 = EDGE_CURVE('',#1919,#1928,#1930,.T.);
#1928 = VERTEX_POINT('',#1929);
#1929 = CARTESIAN_POINT('',(-5.32842852147,2.2,1.36412609412));
#1930 = LINE('',#1931,#1932);
#1931 = CARTESIAN_POINT('',(-5.32842852147,1.8,1.36412609412));
#1932 = VECTOR('',#1933,1.);
#1933 = DIRECTION('',(-6.661338147751E-16,1.,0.));
#1934 = ORIENTED_EDGE('',*,*,#1935,.T.);
#1935 = EDGE_CURVE('',#1928,#1887,#1936,.T.);
#1936 = CIRCLE('',#1937,0.297590710099);
#1937 = AXIS2_PLACEMENT_3D('',#1938,#1939,#1940);
#1938 = CARTESIAN_POINT('',(-5.32842852147,2.2,1.06653538402));
#1939 = DIRECTION('',(6.04903497084E-16,-1.,0.));
#1940 = DIRECTION('',(1.,6.04903497084E-16,0.));
#1941 = CYLINDRICAL_SURFACE('',#1942,0.297590710099);
#1942 = AXIS2_PLACEMENT_3D('',#1943,#1944,#1945);
#1943 = CARTESIAN_POINT('',(-5.32842852147,1.8,1.06653538402));
#1944 = DIRECTION('',(-6.661338147751E-16,1.,0.));
#1945 = DIRECTION('',(0.,0.,1.));
#1946 = ADVANCED_FACE('',(#1947),#1983,.T.);
#1947 = FACE_BOUND('',#1948,.T.);
#1948 = EDGE_LOOP('',(#1949,#1960,#1968,#1977));
#1949 = ORIENTED_EDGE('',*,*,#1950,.F.);
#1950 = EDGE_CURVE('',#1951,#1953,#1955,.T.);
#1951 = VERTEX_POINT('',#1952);
#1952 = CARTESIAN_POINT('',(-5.886163236004,1.4,1.126693910204));
#1953 = VERTEX_POINT('',#1954);
#1954 = CARTESIAN_POINT('',(-5.406609645391,1.4,1.586156570381));
#1955 = CIRCLE('',#1956,0.479992848817);
#1956 = AXIS2_PLACEMENT_3D('',#1957,#1958,#1959);
#1957 = CARTESIAN_POINT('',(-5.406609645391,1.4,1.106163721564));
#1958 = DIRECTION('',(-6.04903497084E-16,1.,0.));
#1959 = DIRECTION('',(1.,6.04903497084E-16,0.));
#1960 = ORIENTED_EDGE('',*,*,#1961,.F.);
#1961 = EDGE_CURVE('',#1962,#1951,#1964,.T.);
#1962 = VERTEX_POINT('',#1963);
#1963 = CARTESIAN_POINT('',(-5.886163236004,1.,1.126693910204));
#1964 = LINE('',#1965,#1966);
#1965 = CARTESIAN_POINT('',(-5.886163236004,1.,1.126693910204));
#1966 = VECTOR('',#1967,1.);
#1967 = DIRECTION('',(-6.661338147751E-16,1.,0.));
#1968 = ORIENTED_EDGE('',*,*,#1969,.T.);
#1969 = EDGE_CURVE('',#1962,#1970,#1972,.T.);
#1970 = VERTEX_POINT('',#1971);
#1971 = CARTESIAN_POINT('',(-5.406609645391,1.,1.586156570381));
#1972 = CIRCLE('',#1973,0.479992848817);
#1973 = AXIS2_PLACEMENT_3D('',#1974,#1975,#1976);
#1974 = CARTESIAN_POINT('',(-5.406609645391,1.,1.106163721564));
#1975 = DIRECTION('',(-6.04903497084E-16,1.,0.));
#1976 = DIRECTION('',(1.,6.04903497084E-16,0.));
#1977 = ORIENTED_EDGE('',*,*,#1978,.T.);
#1978 = EDGE_CURVE('',#1970,#1953,#1979,.T.);
#1979 = LINE('',#1980,#1981);
#1980 = CARTESIAN_POINT('',(-5.406609645391,1.,1.586156570381));
#1981 = VECTOR('',#1982,1.);
#1982 = DIRECTION('',(-6.661338147751E-16,1.,0.));
#1983 = CYLINDRICAL_SURFACE('',#1984,0.479992848817);
#1984 = AXIS2_PLACEMENT_3D('',#1985,#1986,#1987);
#1985 = CARTESIAN_POINT('',(-5.406609645391,1.,1.106163721564));
#1986 = DIRECTION('',(-6.661338147751E-16,1.,0.));
#1987 = DIRECTION('',(0.,0.,1.));
#1988 = ADVANCED_FACE('',(#1989),#2014,.T.);
#1989 = FACE_BOUND('',#1990,.T.);
#1990 = EDGE_LOOP('',(#1991,#1999,#2007,#2013));
#1991 = ORIENTED_EDGE('',*,*,#1992,.F.);
#1992 = EDGE_CURVE('',#1993,#1951,#1995,.T.);
#1993 = VERTEX_POINT('',#1994);
#1994 = CARTESIAN_POINT('',(-5.921306132378,1.4,0.305809970136));
#1995 = LINE('',#1996,#1997);
#1996 = CARTESIAN_POINT('',(-5.921306132378,1.4,0.305809970136));
#1997 = VECTOR('',#1998,1.);
#1998 = DIRECTION('',(4.277186356053E-02,2.587284984456E-17,
    0.999084865108));
#1999 = ORIENTED_EDGE('',*,*,#2000,.F.);
#2000 = EDGE_CURVE('',#2001,#1993,#2003,.T.);
#2001 = VERTEX_POINT('',#2002);
#2002 = CARTESIAN_POINT('',(-5.921306132378,1.,0.305809970136));
#2003 = LINE('',#2004,#2005);
#2004 = CARTESIAN_POINT('',(-5.921306132378,1.,0.305809970136));
#2005 = VECTOR('',#2006,1.);
#2006 = DIRECTION('',(-6.661338147751E-16,1.,0.));
#2007 = ORIENTED_EDGE('',*,*,#2008,.T.);
#2008 = EDGE_CURVE('',#2001,#1962,#2009,.T.);
#2009 = LINE('',#2010,#2011);
#2010 = CARTESIAN_POINT('',(-5.921306132378,1.,0.305809970136));
#2011 = VECTOR('',#2012,1.);
#2012 = DIRECTION('',(4.277186356053E-02,2.587284984456E-17,
    0.999084865108));
#2013 = ORIENTED_EDGE('',*,*,#1961,.T.);
#2014 = PLANE('',#2015);
#2015 = AXIS2_PLACEMENT_3D('',#2016,#2017,#2018);
#2016 = CARTESIAN_POINT('',(-5.921306132378,1.,0.305809970136));
#2017 = DIRECTION('',(-0.999084865108,-6.655242124783E-16,
    4.277186356053E-02));
#2018 = DIRECTION('',(-4.277186356053E-02,-2.849178463861E-17,
    -0.999084865108));
#2019 = ADVANCED_FACE('',(#2020),#2047,.F.);
#2020 = FACE_BOUND('',#2021,.F.);
#2021 = EDGE_LOOP('',(#2022,#2023,#2032,#2040));
#2022 = ORIENTED_EDGE('',*,*,#2000,.F.);
#2023 = ORIENTED_EDGE('',*,*,#2024,.F.);
#2024 = EDGE_CURVE('',#2025,#2001,#2027,.T.);
#2025 = VERTEX_POINT('',#2026);
#2026 = CARTESIAN_POINT('',(-6.199589675214,1.,3.918513533714E-02));
#2027 = CIRCLE('',#2028,0.278538443083);
#2028 = AXIS2_PLACEMENT_3D('',#2029,#2030,#2031);
#2029 = CARTESIAN_POINT('',(-6.199589675214,1.,0.31772357842));
#2030 = DIRECTION('',(6.04903497084E-16,-1.,0.));
#2031 = DIRECTION('',(1.,6.04903497084E-16,0.));
#2032 = ORIENTED_EDGE('',*,*,#2033,.T.);
#2033 = EDGE_CURVE('',#2025,#2034,#2036,.T.);
#2034 = VERTEX_POINT('',#2035);
#2035 = CARTESIAN_POINT('',(-6.199589675214,1.4,3.918513533714E-02));
#2036 = LINE('',#2037,#2038);
#2037 = CARTESIAN_POINT('',(-6.199589675214,1.,3.918513533714E-02));
#2038 = VECTOR('',#2039,1.);
#2039 = DIRECTION('',(-6.661338147751E-16,1.,0.));
#2040 = ORIENTED_EDGE('',*,*,#2041,.T.);
#2041 = EDGE_CURVE('',#2034,#1993,#2042,.T.);
#2042 = CIRCLE('',#2043,0.278538443083);
#2043 = AXIS2_PLACEMENT_3D('',#2044,#2045,#2046);
#2044 = CARTESIAN_POINT('',(-6.199589675214,1.4,0.31772357842));
#2045 = DIRECTION('',(6.04903497084E-16,-1.,0.));
#2046 = DIRECTION('',(1.,6.04903497084E-16,0.));
#2047 = CYLINDRICAL_SURFACE('',#2048,0.278538443083);
#2048 = AXIS2_PLACEMENT_3D('',#2049,#2050,#2051);
#2049 = CARTESIAN_POINT('',(-6.199589675214,1.,0.31772357842));
#2050 = DIRECTION('',(-6.661338147751E-16,1.,0.));
#2051 = DIRECTION('',(0.,0.,1.));
#2052 = ADVANCED_FACE('',(#2053),#2078,.T.);
#2053 = FACE_BOUND('',#2054,.T.);
#2054 = EDGE_LOOP('',(#2055,#2063,#2071,#2077));
#2055 = ORIENTED_EDGE('',*,*,#2056,.F.);
#2056 = EDGE_CURVE('',#2057,#2034,#2059,.T.);
#2057 = VERTEX_POINT('',#2058);
#2058 = CARTESIAN_POINT('',(-6.6,1.4,3.918513533714E-02));
#2059 = LINE('',#2060,#2061);
#2060 = CARTESIAN_POINT('',(-6.6,1.4,3.918513533714E-02));
#2061 = VECTOR('',#2062,1.);
#2062 = DIRECTION('',(1.,6.04903497084E-16,-5.415455623248E-16));
#2063 = ORIENTED_EDGE('',*,*,#2064,.F.);
#2064 = EDGE_CURVE('',#2065,#2057,#2067,.T.);
#2065 = VERTEX_POINT('',#2066);
#2066 = CARTESIAN_POINT('',(-6.6,1.,3.918513533714E-02));
#2067 = LINE('',#2068,#2069);
#2068 = CARTESIAN_POINT('',(-6.6,1.,3.918513533714E-02));
#2069 = VECTOR('',#2070,1.);
#2070 = DIRECTION('',(-6.661338147751E-16,1.,0.));
#2071 = ORIENTED_EDGE('',*,*,#2072,.T.);
#2072 = EDGE_CURVE('',#2065,#2025,#2073,.T.);
#2073 = LINE('',#2074,#2075);
#2074 = CARTESIAN_POINT('',(-6.6,1.,3.918513533714E-02));
#2075 = VECTOR('',#2076,1.);
#2076 = DIRECTION('',(1.,6.04903497084E-16,-5.415455623248E-16));
#2077 = ORIENTED_EDGE('',*,*,#2033,.T.);
#2078 = PLANE('',#2079);
#2079 = AXIS2_PLACEMENT_3D('',#2080,#2081,#2082);
#2080 = CARTESIAN_POINT('',(-6.6,1.,3.918513533714E-02));
#2081 = DIRECTION('',(5.415455623248E-16,3.607418113059E-31,1.));
#2082 = DIRECTION('',(-1.,-6.661338147751E-16,5.415455623248E-16));
#2083 = ADVANCED_FACE('',(#2084),#2109,.T.);
#2084 = FACE_BOUND('',#2085,.T.);
#2085 = EDGE_LOOP('',(#2086,#2094,#2102,#2108));
#2086 = ORIENTED_EDGE('',*,*,#2087,.F.);
#2087 = EDGE_CURVE('',#2088,#2057,#2090,.T.);
#2088 = VERTEX_POINT('',#2089);
#2089 = CARTESIAN_POINT('',(-6.6,1.4,-0.198247949201));
#2090 = LINE('',#2091,#2092);
#2091 = CARTESIAN_POINT('',(-6.6,1.4,-0.198247949201));
#2092 = VECTOR('',#2093,1.);
#2093 = DIRECTION('',(0.,0.,1.));
#2094 = ORIENTED_EDGE('',*,*,#2095,.F.);
#2095 = EDGE_CURVE('',#2096,#2088,#2098,.T.);
#2096 = VERTEX_POINT('',#2097);
#2097 = CARTESIAN_POINT('',(-6.6,1.,-0.198247949201));
#2098 = LINE('',#2099,#2100);
#2099 = CARTESIAN_POINT('',(-6.6,1.,-0.198247949201));
#2100 = VECTOR('',#2101,1.);
#2101 = DIRECTION('',(-6.661338147751E-16,1.,0.));
#2102 = ORIENTED_EDGE('',*,*,#2103,.T.);
#2103 = EDGE_CURVE('',#2096,#2065,#2104,.T.);
#2104 = LINE('',#2105,#2106);
#2105 = CARTESIAN_POINT('',(-6.6,1.,-0.198247949201));
#2106 = VECTOR('',#2107,1.);
#2107 = DIRECTION('',(0.,0.,1.));
#2108 = ORIENTED_EDGE('',*,*,#2064,.T.);
#2109 = PLANE('',#2110);
#2110 = AXIS2_PLACEMENT_3D('',#2111,#2112,#2113);
#2111 = CARTESIAN_POINT('',(-6.6,1.,-0.198247949201));
#2112 = DIRECTION('',(-1.,-6.661338147751E-16,0.));
#2113 = DIRECTION('',(0.,0.,-1.));
#2114 = ADVANCED_FACE('',(#2115),#2140,.T.);
#2115 = FACE_BOUND('',#2116,.T.);
#2116 = EDGE_LOOP('',(#2117,#2125,#2133,#2139));
#2117 = ORIENTED_EDGE('',*,*,#2118,.F.);
#2118 = EDGE_CURVE('',#2119,#2088,#2121,.T.);
#2119 = VERTEX_POINT('',#2120);
#2120 = CARTESIAN_POINT('',(-6.209557821209,1.4,-0.198247949201));
#2121 = LINE('',#2122,#2123);
#2122 = CARTESIAN_POINT('',(-6.209557821209,1.4,-0.198247949201));
#2123 = VECTOR('',#2124,1.);
#2124 = DIRECTION('',(-1.,-6.04903497084E-16,5.553714385278E-16));
#2125 = ORIENTED_EDGE('',*,*,#2126,.F.);
#2126 = EDGE_CURVE('',#2127,#2119,#2129,.T.);
#2127 = VERTEX_POINT('',#2128);
#2128 = CARTESIAN_POINT('',(-6.209557821209,1.,-0.198247949201));
#2129 = LINE('',#2130,#2131);
#2130 = CARTESIAN_POINT('',(-6.209557821209,1.,-0.198247949201));
#2131 = VECTOR('',#2132,1.);
#2132 = DIRECTION('',(-6.661338147751E-16,1.,0.));
#2133 = ORIENTED_EDGE('',*,*,#2134,.T.);
#2134 = EDGE_CURVE('',#2127,#2096,#2135,.T.);
#2135 = LINE('',#2136,#2137);
#2136 = CARTESIAN_POINT('',(-6.209557821209,1.,-0.198247949201));
#2137 = VECTOR('',#2138,1.);
#2138 = DIRECTION('',(-1.,-6.04903497084E-16,5.553714385278E-16));
#2139 = ORIENTED_EDGE('',*,*,#2095,.T.);
#2140 = PLANE('',#2141);
#2141 = AXIS2_PLACEMENT_3D('',#2142,#2143,#2144);
#2142 = CARTESIAN_POINT('',(-6.209557821209,1.,-0.198247949201));
#2143 = DIRECTION('',(-5.553714385278E-16,-3.699516949636E-31,-1.));
#2144 = DIRECTION('',(1.,6.661338147751E-16,-5.553714385278E-16));
#2145 = ADVANCED_FACE('',(#2146),#2173,.T.);
#2146 = FACE_BOUND('',#2147,.T.);
#2147 = EDGE_LOOP('',(#2148,#2157,#2165,#2172));
#2148 = ORIENTED_EDGE('',*,*,#2149,.F.);
#2149 = EDGE_CURVE('',#2150,#2119,#2152,.T.);
#2150 = VERTEX_POINT('',#2151);
#2151 = CARTESIAN_POINT('',(-5.632275833135,1.4,0.373853315374));
#2152 = CIRCLE('',#2153,0.577305445368);
#2153 = AXIS2_PLACEMENT_3D('',#2154,#2155,#2156);
#2154 = CARTESIAN_POINT('',(-6.209557821209,1.4,0.379057496168));
#2155 = DIRECTION('',(-6.04903497084E-16,1.,0.));
#2156 = DIRECTION('',(1.,6.04903497084E-16,0.));
#2157 = ORIENTED_EDGE('',*,*,#2158,.F.);
#2158 = EDGE_CURVE('',#2159,#2150,#2161,.T.);
#2159 = VERTEX_POINT('',#2160);
#2160 = CARTESIAN_POINT('',(-5.632275833135,1.,0.373853315374));
#2161 = LINE('',#2162,#2163);
#2162 = CARTESIAN_POINT('',(-5.632275833135,1.,0.373853315374));
#2163 = VECTOR('',#2164,1.);
#2164 = DIRECTION('',(-6.661338147751E-16,1.,0.));
#2165 = ORIENTED_EDGE('',*,*,#2166,.T.);
#2166 = EDGE_CURVE('',#2159,#2127,#2167,.T.);
#2167 = CIRCLE('',#2168,0.577305445368);
#2168 = AXIS2_PLACEMENT_3D('',#2169,#2170,#2171);
#2169 = CARTESIAN_POINT('',(-6.209557821209,1.,0.379057496168));
#2170 = DIRECTION('',(-6.04903497084E-16,1.,0.));
#2171 = DIRECTION('',(1.,6.04903497084E-16,0.));
#2172 = ORIENTED_EDGE('',*,*,#2126,.T.);
#2173 = CYLINDRICAL_SURFACE('',#2174,0.577305445368);
#2174 = AXIS2_PLACEMENT_3D('',#2175,#2176,#2177);
#2175 = CARTESIAN_POINT('',(-6.209557821209,1.,0.379057496168));
#2176 = DIRECTION('',(-6.661338147751E-16,1.,0.));
#2177 = DIRECTION('',(0.,0.,1.));
#2178 = ADVANCED_FACE('',(#2179),#2204,.T.);
#2179 = FACE_BOUND('',#2180,.T.);
#2180 = EDGE_LOOP('',(#2181,#2189,#2197,#2203));
#2181 = ORIENTED_EDGE('',*,*,#2182,.F.);
#2182 = EDGE_CURVE('',#2183,#2150,#2185,.T.);
#2183 = VERTEX_POINT('',#2184);
#2184 = CARTESIAN_POINT('',(-5.62600713975,1.4,1.069218046847));
#2185 = LINE('',#2186,#2187);
#2186 = CARTESIAN_POINT('',(-5.62600713975,1.4,1.069218046847));
#2187 = VECTOR('',#2188,1.);
#2188 = DIRECTION('',(-9.014605414585E-03,-5.452966340115E-18,
    -0.999959367619));
#2189 = ORIENTED_EDGE('',*,*,#2190,.F.);
#2190 = EDGE_CURVE('',#2191,#2183,#2193,.T.);
#2191 = VERTEX_POINT('',#2192);
#2192 = CARTESIAN_POINT('',(-5.62600713975,1.,1.069218046847));
#2193 = LINE('',#2194,#2195);
#2194 = CARTESIAN_POINT('',(-5.62600713975,1.,1.069218046847));
#2195 = VECTOR('',#2196,1.);
#2196 = DIRECTION('',(-6.661338147751E-16,1.,0.));
#2197 = ORIENTED_EDGE('',*,*,#2198,.T.);
#2198 = EDGE_CURVE('',#2191,#2159,#2199,.T.);
#2199 = LINE('',#2200,#2201);
#2200 = CARTESIAN_POINT('',(-5.62600713975,1.,1.069218046847));
#2201 = VECTOR('',#2202,1.);
#2202 = DIRECTION('',(-9.014605414585E-03,-5.452966340115E-18,
    -0.999959367619));
#2203 = ORIENTED_EDGE('',*,*,#2158,.T.);
#2204 = PLANE('',#2205);
#2205 = AXIS2_PLACEMENT_3D('',#2206,#2207,#2208);
#2206 = CARTESIAN_POINT('',(-5.62600713975,1.,1.069218046847));
#2207 = DIRECTION('',(0.999959367619,6.661067481722E-16,
    -9.014605414585E-03));
#2208 = DIRECTION('',(9.014605414585E-03,6.00493349351E-18,
    0.999959367619));
#2209 = ADVANCED_FACE('',(#2210),#2237,.F.);
#2210 = FACE_BOUND('',#2211,.F.);
#2211 = EDGE_LOOP('',(#2212,#2213,#2222,#2230));
#2212 = ORIENTED_EDGE('',*,*,#2190,.F.);
#2213 = ORIENTED_EDGE('',*,*,#2214,.F.);
#2214 = EDGE_CURVE('',#2215,#2191,#2217,.T.);
#2215 = VERTEX_POINT('',#2216);
#2216 = CARTESIAN_POINT('',(-5.32842852147,1.,1.36412609412));
#2217 = CIRCLE('',#2218,0.297590710099);
#2218 = AXIS2_PLACEMENT_3D('',#2219,#2220,#2221);
#2219 = CARTESIAN_POINT('',(-5.32842852147,1.,1.06653538402));
#2220 = DIRECTION('',(6.04903497084E-16,-1.,0.));
#2221 = DIRECTION('',(1.,6.04903497084E-16,0.));
#2222 = ORIENTED_EDGE('',*,*,#2223,.T.);
#2223 = EDGE_CURVE('',#2215,#2224,#2226,.T.);
#2224 = VERTEX_POINT('',#2225);
#2225 = CARTESIAN_POINT('',(-5.32842852147,1.4,1.36412609412));
#2226 = LINE('',#2227,#2228);
#2227 = CARTESIAN_POINT('',(-5.32842852147,1.,1.36412609412));
#2228 = VECTOR('',#2229,1.);
#2229 = DIRECTION('',(-6.661338147751E-16,1.,0.));
#2230 = ORIENTED_EDGE('',*,*,#2231,.T.);
#2231 = EDGE_CURVE('',#2224,#2183,#2232,.T.);
#2232 = CIRCLE('',#2233,0.297590710099);
#2233 = AXIS2_PLACEMENT_3D('',#2234,#2235,#2236);
#2234 = CARTESIAN_POINT('',(-5.32842852147,1.4,1.06653538402));
#2235 = DIRECTION('',(6.04903497084E-16,-1.,0.));
#2236 = DIRECTION('',(1.,6.04903497084E-16,0.));
#2237 = CYLINDRICAL_SURFACE('',#2238,0.297590710099);
#2238 = AXIS2_PLACEMENT_3D('',#2239,#2240,#2241);
#2239 = CARTESIAN_POINT('',(-5.32842852147,1.,1.06653538402));
#2240 = DIRECTION('',(-6.661338147751E-16,1.,0.));
#2241 = DIRECTION('',(0.,0.,1.));
#2242 = ADVANCED_FACE('',(#2243),#2279,.T.);
#2243 = FACE_BOUND('',#2244,.T.);
#2244 = EDGE_LOOP('',(#2245,#2256,#2264,#2273));
#2245 = ORIENTED_EDGE('',*,*,#2246,.F.);
#2246 = EDGE_CURVE('',#2247,#2249,#2251,.T.);
#2247 = VERTEX_POINT('',#2248);
#2248 = CARTESIAN_POINT('',(-5.886163236004,0.6,1.126693910204));
#2249 = VERTEX_POINT('',#2250);
#2250 = CARTESIAN_POINT('',(-5.406609645391,0.6,1.586156570381));
#2251 = CIRCLE('',#2252,0.479992848817);
#2252 = AXIS2_PLACEMENT_3D('',#2253,#2254,#2255);
#2253 = CARTESIAN_POINT('',(-5.406609645391,0.6,1.106163721564));
#2254 = DIRECTION('',(-6.04903497084E-16,1.,0.));
#2255 = DIRECTION('',(1.,6.04903497084E-16,0.));
#2256 = ORIENTED_EDGE('',*,*,#2257,.F.);
#2257 = EDGE_CURVE('',#2258,#2247,#2260,.T.);
#2258 = VERTEX_POINT('',#2259);
#2259 = CARTESIAN_POINT('',(-5.886163236004,0.2,1.126693910204));
#2260 = LINE('',#2261,#2262);
#2261 = CARTESIAN_POINT('',(-5.886163236004,0.2,1.126693910204));
#2262 = VECTOR('',#2263,1.);
#2263 = DIRECTION('',(-6.661338147751E-16,1.,0.));
#2264 = ORIENTED_EDGE('',*,*,#2265,.T.);
#2265 = EDGE_CURVE('',#2258,#2266,#2268,.T.);
#2266 = VERTEX_POINT('',#2267);
#2267 = CARTESIAN_POINT('',(-5.406609645391,0.2,1.586156570381));
#2268 = CIRCLE('',#2269,0.479992848817);
#2269 = AXIS2_PLACEMENT_3D('',#2270,#2271,#2272);
#2270 = CARTESIAN_POINT('',(-5.406609645391,0.2,1.106163721564));
#2271 = DIRECTION('',(-6.04903497084E-16,1.,0.));
#2272 = DIRECTION('',(1.,6.04903497084E-16,0.));
#2273 = ORIENTED_EDGE('',*,*,#2274,.T.);
#2274 = EDGE_CURVE('',#2266,#2249,#2275,.T.);
#2275 = LINE('',#2276,#2277);
#2276 = CARTESIAN_POINT('',(-5.406609645391,0.2,1.586156570381));
#2277 = VECTOR('',#2278,1.);
#2278 = DIRECTION('',(-6.661338147751E-16,1.,0.));
#2279 = CYLINDRICAL_SURFACE('',#2280,0.479992848817);
#2280 = AXIS2_PLACEMENT_3D('',#2281,#2282,#2283);
#2281 = CARTESIAN_POINT('',(-5.406609645391,0.2,1.106163721564));
#2282 = DIRECTION('',(-6.661338147751E-16,1.,0.));
#2283 = DIRECTION('',(0.,0.,1.));
#2284 = ADVANCED_FACE('',(#2285),#2310,.T.);
#2285 = FACE_BOUND('',#2286,.T.);
#2286 = EDGE_LOOP('',(#2287,#2295,#2303,#2309));
#2287 = ORIENTED_EDGE('',*,*,#2288,.F.);
#2288 = EDGE_CURVE('',#2289,#2247,#2291,.T.);
#2289 = VERTEX_POINT('',#2290);
#2290 = CARTESIAN_POINT('',(-5.921306132378,0.6,0.305809970136));
#2291 = LINE('',#2292,#2293);
#2292 = CARTESIAN_POINT('',(-5.921306132378,0.6,0.305809970136));
#2293 = VECTOR('',#2294,1.);
#2294 = DIRECTION('',(4.277186356053E-02,2.587284984456E-17,
    0.999084865108));
#2295 = ORIENTED_EDGE('',*,*,#2296,.F.);
#2296 = EDGE_CURVE('',#2297,#2289,#2299,.T.);
#2297 = VERTEX_POINT('',#2298);
#2298 = CARTESIAN_POINT('',(-5.921306132378,0.2,0.305809970136));
#2299 = LINE('',#2300,#2301);
#2300 = CARTESIAN_POINT('',(-5.921306132378,0.2,0.305809970136));
#2301 = VECTOR('',#2302,1.);
#2302 = DIRECTION('',(-6.661338147751E-16,1.,0.));
#2303 = ORIENTED_EDGE('',*,*,#2304,.T.);
#2304 = EDGE_CURVE('',#2297,#2258,#2305,.T.);
#2305 = LINE('',#2306,#2307);
#2306 = CARTESIAN_POINT('',(-5.921306132378,0.2,0.305809970136));
#2307 = VECTOR('',#2308,1.);
#2308 = DIRECTION('',(4.277186356053E-02,2.587284984456E-17,
    0.999084865108));
#2309 = ORIENTED_EDGE('',*,*,#2257,.T.);
#2310 = PLANE('',#2311);
#2311 = AXIS2_PLACEMENT_3D('',#2312,#2313,#2314);
#2312 = CARTESIAN_POINT('',(-5.921306132378,0.2,0.305809970136));
#2313 = DIRECTION('',(-0.999084865108,-6.655242124783E-16,
    4.277186356053E-02));
#2314 = DIRECTION('',(-4.277186356053E-02,-2.849178463861E-17,
    -0.999084865108));
#2315 = ADVANCED_FACE('',(#2316),#2343,.F.);
#2316 = FACE_BOUND('',#2317,.F.);
#2317 = EDGE_LOOP('',(#2318,#2319,#2328,#2336));
#2318 = ORIENTED_EDGE('',*,*,#2296,.F.);
#2319 = ORIENTED_EDGE('',*,*,#2320,.F.);
#2320 = EDGE_CURVE('',#2321,#2297,#2323,.T.);
#2321 = VERTEX_POINT('',#2322);
#2322 = CARTESIAN_POINT('',(-6.199589675214,0.2,3.918513533714E-02));
#2323 = CIRCLE('',#2324,0.278538443083);
#2324 = AXIS2_PLACEMENT_3D('',#2325,#2326,#2327);
#2325 = CARTESIAN_POINT('',(-6.199589675214,0.2,0.31772357842));
#2326 = DIRECTION('',(6.04903497084E-16,-1.,0.));
#2327 = DIRECTION('',(1.,6.04903497084E-16,0.));
#2328 = ORIENTED_EDGE('',*,*,#2329,.T.);
#2329 = EDGE_CURVE('',#2321,#2330,#2332,.T.);
#2330 = VERTEX_POINT('',#2331);
#2331 = CARTESIAN_POINT('',(-6.199589675214,0.6,3.918513533714E-02));
#2332 = LINE('',#2333,#2334);
#2333 = CARTESIAN_POINT('',(-6.199589675214,0.2,3.918513533714E-02));
#2334 = VECTOR('',#2335,1.);
#2335 = DIRECTION('',(-6.661338147751E-16,1.,0.));
#2336 = ORIENTED_EDGE('',*,*,#2337,.T.);
#2337 = EDGE_CURVE('',#2330,#2289,#2338,.T.);
#2338 = CIRCLE('',#2339,0.278538443083);
#2339 = AXIS2_PLACEMENT_3D('',#2340,#2341,#2342);
#2340 = CARTESIAN_POINT('',(-6.199589675214,0.6,0.31772357842));
#2341 = DIRECTION('',(6.04903497084E-16,-1.,0.));
#2342 = DIRECTION('',(1.,6.04903497084E-16,0.));
#2343 = CYLINDRICAL_SURFACE('',#2344,0.278538443083);
#2344 = AXIS2_PLACEMENT_3D('',#2345,#2346,#2347);
#2345 = CARTESIAN_POINT('',(-6.199589675214,0.2,0.31772357842));
#2346 = DIRECTION('',(-6.661338147751E-16,1.,0.));
#2347 = DIRECTION('',(0.,0.,1.));
#2348 = ADVANCED_FACE('',(#2349),#2374,.T.);
#2349 = FACE_BOUND('',#2350,.T.);
#2350 = EDGE_LOOP('',(#2351,#2359,#2367,#2373));
#2351 = ORIENTED_EDGE('',*,*,#2352,.F.);
#2352 = EDGE_CURVE('',#2353,#2330,#2355,.T.);
#2353 = VERTEX_POINT('',#2354);
#2354 = CARTESIAN_POINT('',(-6.6,0.6,3.918513533714E-02));
#2355 = LINE('',#2356,#2357);
#2356 = CARTESIAN_POINT('',(-6.6,0.6,3.918513533714E-02));
#2357 = VECTOR('',#2358,1.);
#2358 = DIRECTION('',(1.,6.04903497084E-16,-5.415455623248E-16));
#2359 = ORIENTED_EDGE('',*,*,#2360,.F.);
#2360 = EDGE_CURVE('',#2361,#2353,#2363,.T.);
#2361 = VERTEX_POINT('',#2362);
#2362 = CARTESIAN_POINT('',(-6.6,0.2,3.918513533714E-02));
#2363 = LINE('',#2364,#2365);
#2364 = CARTESIAN_POINT('',(-6.6,0.2,3.918513533714E-02));
#2365 = VECTOR('',#2366,1.);
#2366 = DIRECTION('',(-6.661338147751E-16,1.,0.));
#2367 = ORIENTED_EDGE('',*,*,#2368,.T.);
#2368 = EDGE_CURVE('',#2361,#2321,#2369,.T.);
#2369 = LINE('',#2370,#2371);
#2370 = CARTESIAN_POINT('',(-6.6,0.2,3.918513533714E-02));
#2371 = VECTOR('',#2372,1.);
#2372 = DIRECTION('',(1.,6.04903497084E-16,-5.415455623248E-16));
#2373 = ORIENTED_EDGE('',*,*,#2329,.T.);
#2374 = PLANE('',#2375);
#2375 = AXIS2_PLACEMENT_3D('',#2376,#2377,#2378);
#2376 = CARTESIAN_POINT('',(-6.6,0.2,3.918513533714E-02));
#2377 = DIRECTION('',(5.415455623248E-16,3.607418113059E-31,1.));
#2378 = DIRECTION('',(-1.,-6.661338147751E-16,5.415455623248E-16));
#2379 = ADVANCED_FACE('',(#2380),#2405,.T.);
#2380 = FACE_BOUND('',#2381,.T.);
#2381 = EDGE_LOOP('',(#2382,#2390,#2398,#2404));
#2382 = ORIENTED_EDGE('',*,*,#2383,.F.);
#2383 = EDGE_CURVE('',#2384,#2353,#2386,.T.);
#2384 = VERTEX_POINT('',#2385);
#2385 = CARTESIAN_POINT('',(-6.6,0.6,-0.198247949201));
#2386 = LINE('',#2387,#2388);
#2387 = CARTESIAN_POINT('',(-6.6,0.6,-0.198247949201));
#2388 = VECTOR('',#2389,1.);
#2389 = DIRECTION('',(0.,0.,1.));
#2390 = ORIENTED_EDGE('',*,*,#2391,.F.);
#2391 = EDGE_CURVE('',#2392,#2384,#2394,.T.);
#2392 = VERTEX_POINT('',#2393);
#2393 = CARTESIAN_POINT('',(-6.6,0.2,-0.198247949201));
#2394 = LINE('',#2395,#2396);
#2395 = CARTESIAN_POINT('',(-6.6,0.2,-0.198247949201));
#2396 = VECTOR('',#2397,1.);
#2397 = DIRECTION('',(-6.661338147751E-16,1.,0.));
#2398 = ORIENTED_EDGE('',*,*,#2399,.T.);
#2399 = EDGE_CURVE('',#2392,#2361,#2400,.T.);
#2400 = LINE('',#2401,#2402);
#2401 = CARTESIAN_POINT('',(-6.6,0.2,-0.198247949201));
#2402 = VECTOR('',#2403,1.);
#2403 = DIRECTION('',(0.,0.,1.));
#2404 = ORIENTED_EDGE('',*,*,#2360,.T.);
#2405 = PLANE('',#2406);
#2406 = AXIS2_PLACEMENT_3D('',#2407,#2408,#2409);
#2407 = CARTESIAN_POINT('',(-6.6,0.2,-0.198247949201));
#2408 = DIRECTION('',(-1.,-6.661338147751E-16,0.));
#2409 = DIRECTION('',(0.,0.,-1.));
#2410 = ADVANCED_FACE('',(#2411),#2436,.T.);
#2411 = FACE_BOUND('',#2412,.T.);
#2412 = EDGE_LOOP('',(#2413,#2421,#2429,#2435));
#2413 = ORIENTED_EDGE('',*,*,#2414,.F.);
#2414 = EDGE_CURVE('',#2415,#2384,#2417,.T.);
#2415 = VERTEX_POINT('',#2416);
#2416 = CARTESIAN_POINT('',(-6.209557821209,0.6,-0.198247949201));
#2417 = LINE('',#2418,#2419);
#2418 = CARTESIAN_POINT('',(-6.209557821209,0.6,-0.198247949201));
#2419 = VECTOR('',#2420,1.);
#2420 = DIRECTION('',(-1.,-6.04903497084E-16,5.553714385278E-16));
#2421 = ORIENTED_EDGE('',*,*,#2422,.F.);
#2422 = EDGE_CURVE('',#2423,#2415,#2425,.T.);
#2423 = VERTEX_POINT('',#2424);
#2424 = CARTESIAN_POINT('',(-6.209557821209,0.2,-0.198247949201));
#2425 = LINE('',#2426,#2427);
#2426 = CARTESIAN_POINT('',(-6.209557821209,0.2,-0.198247949201));
#2427 = VECTOR('',#2428,1.);
#2428 = DIRECTION('',(-6.661338147751E-16,1.,0.));
#2429 = ORIENTED_EDGE('',*,*,#2430,.T.);
#2430 = EDGE_CURVE('',#2423,#2392,#2431,.T.);
#2431 = LINE('',#2432,#2433);
#2432 = CARTESIAN_POINT('',(-6.209557821209,0.2,-0.198247949201));
#2433 = VECTOR('',#2434,1.);
#2434 = DIRECTION('',(-1.,-6.04903497084E-16,5.553714385278E-16));
#2435 = ORIENTED_EDGE('',*,*,#2391,.T.);
#2436 = PLANE('',#2437);
#2437 = AXIS2_PLACEMENT_3D('',#2438,#2439,#2440);
#2438 = CARTESIAN_POINT('',(-6.209557821209,0.2,-0.198247949201));
#2439 = DIRECTION('',(-5.553714385278E-16,-3.699516949636E-31,-1.));
#2440 = DIRECTION('',(1.,6.661338147751E-16,-5.553714385278E-16));
#2441 = ADVANCED_FACE('',(#2442),#2469,.T.);
#2442 = FACE_BOUND('',#2443,.T.);
#2443 = EDGE_LOOP('',(#2444,#2453,#2461,#2468));
#2444 = ORIENTED_EDGE('',*,*,#2445,.F.);
#2445 = EDGE_CURVE('',#2446,#2415,#2448,.T.);
#2446 = VERTEX_POINT('',#2447);
#2447 = CARTESIAN_POINT('',(-5.632275833135,0.6,0.373853315374));
#2448 = CIRCLE('',#2449,0.577305445368);
#2449 = AXIS2_PLACEMENT_3D('',#2450,#2451,#2452);
#2450 = CARTESIAN_POINT('',(-6.209557821209,0.6,0.379057496168));
#2451 = DIRECTION('',(-6.04903497084E-16,1.,0.));
#2452 = DIRECTION('',(1.,6.04903497084E-16,0.));
#2453 = ORIENTED_EDGE('',*,*,#2454,.F.);
#2454 = EDGE_CURVE('',#2455,#2446,#2457,.T.);
#2455 = VERTEX_POINT('',#2456);
#2456 = CARTESIAN_POINT('',(-5.632275833135,0.2,0.373853315374));
#2457 = LINE('',#2458,#2459);
#2458 = CARTESIAN_POINT('',(-5.632275833135,0.2,0.373853315374));
#2459 = VECTOR('',#2460,1.);
#2460 = DIRECTION('',(-6.661338147751E-16,1.,0.));
#2461 = ORIENTED_EDGE('',*,*,#2462,.T.);
#2462 = EDGE_CURVE('',#2455,#2423,#2463,.T.);
#2463 = CIRCLE('',#2464,0.577305445368);
#2464 = AXIS2_PLACEMENT_3D('',#2465,#2466,#2467);
#2465 = CARTESIAN_POINT('',(-6.209557821209,0.2,0.379057496168));
#2466 = DIRECTION('',(-6.04903497084E-16,1.,0.));
#2467 = DIRECTION('',(1.,6.04903497084E-16,0.));
#2468 = ORIENTED_EDGE('',*,*,#2422,.T.);
#2469 = CYLINDRICAL_SURFACE('',#2470,0.577305445368);
#2470 = AXIS2_PLACEMENT_3D('',#2471,#2472,#2473);
#2471 = CARTESIAN_POINT('',(-6.209557821209,0.2,0.379057496168));
#2472 = DIRECTION('',(-6.661338147751E-16,1.,0.));
#2473 = DIRECTION('',(0.,0.,1.));
#2474 = ADVANCED_FACE('',(#2475),#2500,.T.);
#2475 = FACE_BOUND('',#2476,.T.);
#2476 = EDGE_LOOP('',(#2477,#2485,#2493,#2499));
#2477 = ORIENTED_EDGE('',*,*,#2478,.F.);
#2478 = EDGE_CURVE('',#2479,#2446,#2481,.T.);
#2479 = VERTEX_POINT('',#2480);
#2480 = CARTESIAN_POINT('',(-5.62600713975,0.6,1.069218046847));
#2481 = LINE('',#2482,#2483);
#2482 = CARTESIAN_POINT('',(-5.62600713975,0.6,1.069218046847));
#2483 = VECTOR('',#2484,1.);
#2484 = DIRECTION('',(-9.014605414585E-03,-5.452966340115E-18,
    -0.999959367619));
#2485 = ORIENTED_EDGE('',*,*,#2486,.F.);
#2486 = EDGE_CURVE('',#2487,#2479,#2489,.T.);
#2487 = VERTEX_POINT('',#2488);
#2488 = CARTESIAN_POINT('',(-5.62600713975,0.2,1.069218046847));
#2489 = LINE('',#2490,#2491);
#2490 = CARTESIAN_POINT('',(-5.62600713975,0.2,1.069218046847));
#2491 = VECTOR('',#2492,1.);
#2492 = DIRECTION('',(-6.661338147751E-16,1.,0.));
#2493 = ORIENTED_EDGE('',*,*,#2494,.T.);
#2494 = EDGE_CURVE('',#2487,#2455,#2495,.T.);
#2495 = LINE('',#2496,#2497);
#2496 = CARTESIAN_POINT('',(-5.62600713975,0.2,1.069218046847));
#2497 = VECTOR('',#2498,1.);
#2498 = DIRECTION('',(-9.014605414585E-03,-5.452966340115E-18,
    -0.999959367619));
#2499 = ORIENTED_EDGE('',*,*,#2454,.T.);
#2500 = PLANE('',#2501);
#2501 = AXIS2_PLACEMENT_3D('',#2502,#2503,#2504);
#2502 = CARTESIAN_POINT('',(-5.62600713975,0.2,1.069218046847));
#2503 = DIRECTION('',(0.999959367619,6.661067481722E-16,
    -9.014605414585E-03));
#2504 = DIRECTION('',(9.014605414585E-03,6.00493349351E-18,
    0.999959367619));
#2505 = ADVANCED_FACE('',(#2506),#2533,.F.);
#2506 = FACE_BOUND('',#2507,.F.);
#2507 = EDGE_LOOP('',(#2508,#2509,#2518,#2526));
#2508 = ORIENTED_EDGE('',*,*,#2486,.F.);
#2509 = ORIENTED_EDGE('',*,*,#2510,.F.);
#2510 = EDGE_CURVE('',#2511,#2487,#2513,.T.);
#2511 = VERTEX_POINT('',#2512);
#2512 = CARTESIAN_POINT('',(-5.32842852147,0.2,1.36412609412));
#2513 = CIRCLE('',#2514,0.297590710099);
#2514 = AXIS2_PLACEMENT_3D('',#2515,#2516,#2517);
#2515 = CARTESIAN_POINT('',(-5.32842852147,0.2,1.06653538402));
#2516 = DIRECTION('',(6.04903497084E-16,-1.,0.));
#2517 = DIRECTION('',(1.,6.04903497084E-16,0.));
#2518 = ORIENTED_EDGE('',*,*,#2519,.T.);
#2519 = EDGE_CURVE('',#2511,#2520,#2522,.T.);
#2520 = VERTEX_POINT('',#2521);
#2521 = CARTESIAN_POINT('',(-5.32842852147,0.6,1.36412609412));
#2522 = LINE('',#2523,#2524);
#2523 = CARTESIAN_POINT('',(-5.32842852147,0.2,1.36412609412));
#2524 = VECTOR('',#2525,1.);
#2525 = DIRECTION('',(-6.661338147751E-16,1.,0.));
#2526 = ORIENTED_EDGE('',*,*,#2527,.T.);
#2527 = EDGE_CURVE('',#2520,#2479,#2528,.T.);
#2528 = CIRCLE('',#2529,0.297590710099);
#2529 = AXIS2_PLACEMENT_3D('',#2530,#2531,#2532);
#2530 = CARTESIAN_POINT('',(-5.32842852147,0.6,1.06653538402));
#2531 = DIRECTION('',(6.04903497084E-16,-1.,0.));
#2532 = DIRECTION('',(1.,6.04903497084E-16,0.));
#2533 = CYLINDRICAL_SURFACE('',#2534,0.297590710099);
#2534 = AXIS2_PLACEMENT_3D('',#2535,#2536,#2537);
#2535 = CARTESIAN_POINT('',(-5.32842852147,0.2,1.06653538402));
#2536 = DIRECTION('',(-6.661338147751E-16,1.,0.));
#2537 = DIRECTION('',(0.,0.,1.));
#2538 = ADVANCED_FACE('',(#2539),#2575,.T.);
#2539 = FACE_BOUND('',#2540,.T.);
#2540 = EDGE_LOOP('',(#2541,#2552,#2560,#2569));
#2541 = ORIENTED_EDGE('',*,*,#2542,.F.);
#2542 = EDGE_CURVE('',#2543,#2545,#2547,.T.);
#2543 = VERTEX_POINT('',#2544);
#2544 = CARTESIAN_POINT('',(-5.886163236004,-0.2,1.126693910204));
#2545 = VERTEX_POINT('',#2546);
#2546 = CARTESIAN_POINT('',(-5.406609645391,-0.2,1.586156570381));
#2547 = CIRCLE('',#2548,0.479992848817);
#2548 = AXIS2_PLACEMENT_3D('',#2549,#2550,#2551);
#2549 = CARTESIAN_POINT('',(-5.406609645391,-0.2,1.106163721564));
#2550 = DIRECTION('',(-6.04903497084E-16,1.,0.));
#2551 = DIRECTION('',(1.,6.04903497084E-16,0.));
#2552 = ORIENTED_EDGE('',*,*,#2553,.F.);
#2553 = EDGE_CURVE('',#2554,#2543,#2556,.T.);
#2554 = VERTEX_POINT('',#2555);
#2555 = CARTESIAN_POINT('',(-5.886163236004,-0.6,1.126693910204));
#2556 = LINE('',#2557,#2558);
#2557 = CARTESIAN_POINT('',(-5.886163236004,-0.6,1.126693910204));
#2558 = VECTOR('',#2559,1.);
#2559 = DIRECTION('',(-6.661338147751E-16,1.,0.));
#2560 = ORIENTED_EDGE('',*,*,#2561,.T.);
#2561 = EDGE_CURVE('',#2554,#2562,#2564,.T.);
#2562 = VERTEX_POINT('',#2563);
#2563 = CARTESIAN_POINT('',(-5.406609645391,-0.6,1.586156570381));
#2564 = CIRCLE('',#2565,0.479992848817);
#2565 = AXIS2_PLACEMENT_3D('',#2566,#2567,#2568);
#2566 = CARTESIAN_POINT('',(-5.406609645391,-0.6,1.106163721564));
#2567 = DIRECTION('',(-6.04903497084E-16,1.,0.));
#2568 = DIRECTION('',(1.,6.04903497084E-16,0.));
#2569 = ORIENTED_EDGE('',*,*,#2570,.T.);
#2570 = EDGE_CURVE('',#2562,#2545,#2571,.T.);
#2571 = LINE('',#2572,#2573);
#2572 = CARTESIAN_POINT('',(-5.406609645391,-0.6,1.586156570381));
#2573 = VECTOR('',#2574,1.);
#2574 = DIRECTION('',(-6.661338147751E-16,1.,0.));
#2575 = CYLINDRICAL_SURFACE('',#2576,0.479992848817);
#2576 = AXIS2_PLACEMENT_3D('',#2577,#2578,#2579);
#2577 = CARTESIAN_POINT('',(-5.406609645391,-0.6,1.106163721564));
#2578 = DIRECTION('',(-6.661338147751E-16,1.,0.));
#2579 = DIRECTION('',(0.,0.,1.));
#2580 = ADVANCED_FACE('',(#2581),#2606,.T.);
#2581 = FACE_BOUND('',#2582,.T.);
#2582 = EDGE_LOOP('',(#2583,#2591,#2599,#2605));
#2583 = ORIENTED_EDGE('',*,*,#2584,.F.);
#2584 = EDGE_CURVE('',#2585,#2543,#2587,.T.);
#2585 = VERTEX_POINT('',#2586);
#2586 = CARTESIAN_POINT('',(-5.921306132378,-0.2,0.305809970136));
#2587 = LINE('',#2588,#2589);
#2588 = CARTESIAN_POINT('',(-5.921306132378,-0.2,0.305809970136));
#2589 = VECTOR('',#2590,1.);
#2590 = DIRECTION('',(4.277186356053E-02,2.587284984456E-17,
    0.999084865108));
#2591 = ORIENTED_EDGE('',*,*,#2592,.F.);
#2592 = EDGE_CURVE('',#2593,#2585,#2595,.T.);
#2593 = VERTEX_POINT('',#2594);
#2594 = CARTESIAN_POINT('',(-5.921306132378,-0.6,0.305809970136));
#2595 = LINE('',#2596,#2597);
#2596 = CARTESIAN_POINT('',(-5.921306132378,-0.6,0.305809970136));
#2597 = VECTOR('',#2598,1.);
#2598 = DIRECTION('',(-6.661338147751E-16,1.,0.));
#2599 = ORIENTED_EDGE('',*,*,#2600,.T.);
#2600 = EDGE_CURVE('',#2593,#2554,#2601,.T.);
#2601 = LINE('',#2602,#2603);
#2602 = CARTESIAN_POINT('',(-5.921306132378,-0.6,0.305809970136));
#2603 = VECTOR('',#2604,1.);
#2604 = DIRECTION('',(4.277186356053E-02,2.587284984456E-17,
    0.999084865108));
#2605 = ORIENTED_EDGE('',*,*,#2553,.T.);
#2606 = PLANE('',#2607);
#2607 = AXIS2_PLACEMENT_3D('',#2608,#2609,#2610);
#2608 = CARTESIAN_POINT('',(-5.921306132378,-0.6,0.305809970136));
#2609 = DIRECTION('',(-0.999084865108,-6.655242124783E-16,
    4.277186356053E-02));
#2610 = DIRECTION('',(-4.277186356053E-02,-2.849178463861E-17,
    -0.999084865108));
#2611 = ADVANCED_FACE('',(#2612),#2639,.F.);
#2612 = FACE_BOUND('',#2613,.F.);
#2613 = EDGE_LOOP('',(#2614,#2615,#2624,#2632));
#2614 = ORIENTED_EDGE('',*,*,#2592,.F.);
#2615 = ORIENTED_EDGE('',*,*,#2616,.F.);
#2616 = EDGE_CURVE('',#2617,#2593,#2619,.T.);
#2617 = VERTEX_POINT('',#2618);
#2618 = CARTESIAN_POINT('',(-6.199589675214,-0.6,3.918513533714E-02));
#2619 = CIRCLE('',#2620,0.278538443083);
#2620 = AXIS2_PLACEMENT_3D('',#2621,#2622,#2623);
#2621 = CARTESIAN_POINT('',(-6.199589675214,-0.6,0.31772357842));
#2622 = DIRECTION('',(6.04903497084E-16,-1.,0.));
#2623 = DIRECTION('',(1.,6.04903497084E-16,0.));
#2624 = ORIENTED_EDGE('',*,*,#2625,.T.);
#2625 = EDGE_CURVE('',#2617,#2626,#2628,.T.);
#2626 = VERTEX_POINT('',#2627);
#2627 = CARTESIAN_POINT('',(-6.199589675214,-0.2,3.918513533714E-02));
#2628 = LINE('',#2629,#2630);
#2629 = CARTESIAN_POINT('',(-6.199589675214,-0.6,3.918513533714E-02));
#2630 = VECTOR('',#2631,1.);
#2631 = DIRECTION('',(-6.661338147751E-16,1.,0.));
#2632 = ORIENTED_EDGE('',*,*,#2633,.T.);
#2633 = EDGE_CURVE('',#2626,#2585,#2634,.T.);
#2634 = CIRCLE('',#2635,0.278538443083);
#2635 = AXIS2_PLACEMENT_3D('',#2636,#2637,#2638);
#2636 = CARTESIAN_POINT('',(-6.199589675214,-0.2,0.31772357842));
#2637 = DIRECTION('',(6.04903497084E-16,-1.,0.));
#2638 = DIRECTION('',(1.,6.04903497084E-16,0.));
#2639 = CYLINDRICAL_SURFACE('',#2640,0.278538443083);
#2640 = AXIS2_PLACEMENT_3D('',#2641,#2642,#2643);
#2641 = CARTESIAN_POINT('',(-6.199589675214,-0.6,0.31772357842));
#2642 = DIRECTION('',(-6.661338147751E-16,1.,0.));
#2643 = DIRECTION('',(0.,0.,1.));
#2644 = ADVANCED_FACE('',(#2645),#2670,.T.);
#2645 = FACE_BOUND('',#2646,.T.);
#2646 = EDGE_LOOP('',(#2647,#2655,#2663,#2669));
#2647 = ORIENTED_EDGE('',*,*,#2648,.F.);
#2648 = EDGE_CURVE('',#2649,#2626,#2651,.T.);
#2649 = VERTEX_POINT('',#2650);
#2650 = CARTESIAN_POINT('',(-6.6,-0.2,3.918513533714E-02));
#2651 = LINE('',#2652,#2653);
#2652 = CARTESIAN_POINT('',(-6.6,-0.2,3.918513533714E-02));
#2653 = VECTOR('',#2654,1.);
#2654 = DIRECTION('',(1.,6.04903497084E-16,-5.415455623248E-16));
#2655 = ORIENTED_EDGE('',*,*,#2656,.F.);
#2656 = EDGE_CURVE('',#2657,#2649,#2659,.T.);
#2657 = VERTEX_POINT('',#2658);
#2658 = CARTESIAN_POINT('',(-6.6,-0.6,3.918513533714E-02));
#2659 = LINE('',#2660,#2661);
#2660 = CARTESIAN_POINT('',(-6.6,-0.6,3.918513533714E-02));
#2661 = VECTOR('',#2662,1.);
#2662 = DIRECTION('',(-6.661338147751E-16,1.,0.));
#2663 = ORIENTED_EDGE('',*,*,#2664,.T.);
#2664 = EDGE_CURVE('',#2657,#2617,#2665,.T.);
#2665 = LINE('',#2666,#2667);
#2666 = CARTESIAN_POINT('',(-6.6,-0.6,3.918513533714E-02));
#2667 = VECTOR('',#2668,1.);
#2668 = DIRECTION('',(1.,6.04903497084E-16,-5.415455623248E-16));
#2669 = ORIENTED_EDGE('',*,*,#2625,.T.);
#2670 = PLANE('',#2671);
#2671 = AXIS2_PLACEMENT_3D('',#2672,#2673,#2674);
#2672 = CARTESIAN_POINT('',(-6.6,-0.6,3.918513533714E-02));
#2673 = DIRECTION('',(5.415455623248E-16,3.607418113059E-31,1.));
#2674 = DIRECTION('',(-1.,-6.661338147751E-16,5.415455623248E-16));
#2675 = ADVANCED_FACE('',(#2676),#2701,.T.);
#2676 = FACE_BOUND('',#2677,.T.);
#2677 = EDGE_LOOP('',(#2678,#2686,#2694,#2700));
#2678 = ORIENTED_EDGE('',*,*,#2679,.F.);
#2679 = EDGE_CURVE('',#2680,#2649,#2682,.T.);
#2680 = VERTEX_POINT('',#2681);
#2681 = CARTESIAN_POINT('',(-6.6,-0.2,-0.198247949201));
#2682 = LINE('',#2683,#2684);
#2683 = CARTESIAN_POINT('',(-6.6,-0.2,-0.198247949201));
#2684 = VECTOR('',#2685,1.);
#2685 = DIRECTION('',(0.,0.,1.));
#2686 = ORIENTED_EDGE('',*,*,#2687,.F.);
#2687 = EDGE_CURVE('',#2688,#2680,#2690,.T.);
#2688 = VERTEX_POINT('',#2689);
#2689 = CARTESIAN_POINT('',(-6.6,-0.6,-0.198247949201));
#2690 = LINE('',#2691,#2692);
#2691 = CARTESIAN_POINT('',(-6.6,-0.6,-0.198247949201));
#2692 = VECTOR('',#2693,1.);
#2693 = DIRECTION('',(-6.661338147751E-16,1.,0.));
#2694 = ORIENTED_EDGE('',*,*,#2695,.T.);
#2695 = EDGE_CURVE('',#2688,#2657,#2696,.T.);
#2696 = LINE('',#2697,#2698);
#2697 = CARTESIAN_POINT('',(-6.6,-0.6,-0.198247949201));
#2698 = VECTOR('',#2699,1.);
#2699 = DIRECTION('',(0.,0.,1.));
#2700 = ORIENTED_EDGE('',*,*,#2656,.T.);
#2701 = PLANE('',#2702);
#2702 = AXIS2_PLACEMENT_3D('',#2703,#2704,#2705);
#2703 = CARTESIAN_POINT('',(-6.6,-0.6,-0.198247949201));
#2704 = DIRECTION('',(-1.,-6.661338147751E-16,0.));
#2705 = DIRECTION('',(0.,0.,-1.));
#2706 = ADVANCED_FACE('',(#2707),#2732,.T.);
#2707 = FACE_BOUND('',#2708,.T.);
#2708 = EDGE_LOOP('',(#2709,#2717,#2725,#2731));
#2709 = ORIENTED_EDGE('',*,*,#2710,.F.);
#2710 = EDGE_CURVE('',#2711,#2680,#2713,.T.);
#2711 = VERTEX_POINT('',#2712);
#2712 = CARTESIAN_POINT('',(-6.209557821209,-0.2,-0.198247949201));
#2713 = LINE('',#2714,#2715);
#2714 = CARTESIAN_POINT('',(-6.209557821209,-0.2,-0.198247949201));
#2715 = VECTOR('',#2716,1.);
#2716 = DIRECTION('',(-1.,-6.04903497084E-16,5.553714385278E-16));
#2717 = ORIENTED_EDGE('',*,*,#2718,.F.);
#2718 = EDGE_CURVE('',#2719,#2711,#2721,.T.);
#2719 = VERTEX_POINT('',#2720);
#2720 = CARTESIAN_POINT('',(-6.209557821209,-0.6,-0.198247949201));
#2721 = LINE('',#2722,#2723);
#2722 = CARTESIAN_POINT('',(-6.209557821209,-0.6,-0.198247949201));
#2723 = VECTOR('',#2724,1.);
#2724 = DIRECTION('',(-6.661338147751E-16,1.,0.));
#2725 = ORIENTED_EDGE('',*,*,#2726,.T.);
#2726 = EDGE_CURVE('',#2719,#2688,#2727,.T.);
#2727 = LINE('',#2728,#2729);
#2728 = CARTESIAN_POINT('',(-6.209557821209,-0.6,-0.198247949201));
#2729 = VECTOR('',#2730,1.);
#2730 = DIRECTION('',(-1.,-6.04903497084E-16,5.553714385278E-16));
#2731 = ORIENTED_EDGE('',*,*,#2687,.T.);
#2732 = PLANE('',#2733);
#2733 = AXIS2_PLACEMENT_3D('',#2734,#2735,#2736);
#2734 = CARTESIAN_POINT('',(-6.209557821209,-0.6,-0.198247949201));
#2735 = DIRECTION('',(-5.553714385278E-16,-3.699516949636E-31,-1.));
#2736 = DIRECTION('',(1.,6.661338147751E-16,-5.553714385278E-16));
#2737 = ADVANCED_FACE('',(#2738),#2765,.T.);
#2738 = FACE_BOUND('',#2739,.T.);
#2739 = EDGE_LOOP('',(#2740,#2749,#2757,#2764));
#2740 = ORIENTED_EDGE('',*,*,#2741,.F.);
#2741 = EDGE_CURVE('',#2742,#2711,#2744,.T.);
#2742 = VERTEX_POINT('',#2743);
#2743 = CARTESIAN_POINT('',(-5.632275833135,-0.2,0.373853315374));
#2744 = CIRCLE('',#2745,0.577305445368);
#2745 = AXIS2_PLACEMENT_3D('',#2746,#2747,#2748);
#2746 = CARTESIAN_POINT('',(-6.209557821209,-0.2,0.379057496168));
#2747 = DIRECTION('',(-6.04903497084E-16,1.,0.));
#2748 = DIRECTION('',(1.,6.04903497084E-16,0.));
#2749 = ORIENTED_EDGE('',*,*,#2750,.F.);
#2750 = EDGE_CURVE('',#2751,#2742,#2753,.T.);
#2751 = VERTEX_POINT('',#2752);
#2752 = CARTESIAN_POINT('',(-5.632275833135,-0.6,0.373853315374));
#2753 = LINE('',#2754,#2755);
#2754 = CARTESIAN_POINT('',(-5.632275833135,-0.6,0.373853315374));
#2755 = VECTOR('',#2756,1.);
#2756 = DIRECTION('',(-6.661338147751E-16,1.,0.));
#2757 = ORIENTED_EDGE('',*,*,#2758,.T.);
#2758 = EDGE_CURVE('',#2751,#2719,#2759,.T.);
#2759 = CIRCLE('',#2760,0.577305445368);
#2760 = AXIS2_PLACEMENT_3D('',#2761,#2762,#2763);
#2761 = CARTESIAN_POINT('',(-6.209557821209,-0.6,0.379057496168));
#2762 = DIRECTION('',(-6.04903497084E-16,1.,0.));
#2763 = DIRECTION('',(1.,6.04903497084E-16,0.));
#2764 = ORIENTED_EDGE('',*,*,#2718,.T.);
#2765 = CYLINDRICAL_SURFACE('',#2766,0.577305445368);
#2766 = AXIS2_PLACEMENT_3D('',#2767,#2768,#2769);
#2767 = CARTESIAN_POINT('',(-6.209557821209,-0.6,0.379057496168));
#2768 = DIRECTION('',(-6.661338147751E-16,1.,0.));
#2769 = DIRECTION('',(0.,0.,1.));
#2770 = ADVANCED_FACE('',(#2771),#2796,.T.);
#2771 = FACE_BOUND('',#2772,.T.);
#2772 = EDGE_LOOP('',(#2773,#2781,#2789,#2795));
#2773 = ORIENTED_EDGE('',*,*,#2774,.F.);
#2774 = EDGE_CURVE('',#2775,#2742,#2777,.T.);
#2775 = VERTEX_POINT('',#2776);
#2776 = CARTESIAN_POINT('',(-5.62600713975,-0.2,1.069218046847));
#2777 = LINE('',#2778,#2779);
#2778 = CARTESIAN_POINT('',(-5.62600713975,-0.2,1.069218046847));
#2779 = VECTOR('',#2780,1.);
#2780 = DIRECTION('',(-9.014605414585E-03,-5.452966340115E-18,
    -0.999959367619));
#2781 = ORIENTED_EDGE('',*,*,#2782,.F.);
#2782 = EDGE_CURVE('',#2783,#2775,#2785,.T.);
#2783 = VERTEX_POINT('',#2784);
#2784 = CARTESIAN_POINT('',(-5.62600713975,-0.6,1.069218046847));
#2785 = LINE('',#2786,#2787);
#2786 = CARTESIAN_POINT('',(-5.62600713975,-0.6,1.069218046847));
#2787 = VECTOR('',#2788,1.);
#2788 = DIRECTION('',(-6.661338147751E-16,1.,0.));
#2789 = ORIENTED_EDGE('',*,*,#2790,.T.);
#2790 = EDGE_CURVE('',#2783,#2751,#2791,.T.);
#2791 = LINE('',#2792,#2793);
#2792 = CARTESIAN_POINT('',(-5.62600713975,-0.6,1.069218046847));
#2793 = VECTOR('',#2794,1.);
#2794 = DIRECTION('',(-9.014605414585E-03,-5.452966340115E-18,
    -0.999959367619));
#2795 = ORIENTED_EDGE('',*,*,#2750,.T.);
#2796 = PLANE('',#2797);
#2797 = AXIS2_PLACEMENT_3D('',#2798,#2799,#2800);
#2798 = CARTESIAN_POINT('',(-5.62600713975,-0.6,1.069218046847));
#2799 = DIRECTION('',(0.999959367619,6.661067481722E-16,
    -9.014605414585E-03));
#2800 = DIRECTION('',(9.014605414585E-03,6.00493349351E-18,
    0.999959367619));
#2801 = ADVANCED_FACE('',(#2802),#2829,.F.);
#2802 = FACE_BOUND('',#2803,.F.);
#2803 = EDGE_LOOP('',(#2804,#2805,#2814,#2822));
#2804 = ORIENTED_EDGE('',*,*,#2782,.F.);
#2805 = ORIENTED_EDGE('',*,*,#2806,.F.);
#2806 = EDGE_CURVE('',#2807,#2783,#2809,.T.);
#2807 = VERTEX_POINT('',#2808);
#2808 = CARTESIAN_POINT('',(-5.32842852147,-0.6,1.36412609412));
#2809 = CIRCLE('',#2810,0.297590710099);
#2810 = AXIS2_PLACEMENT_3D('',#2811,#2812,#2813);
#2811 = CARTESIAN_POINT('',(-5.32842852147,-0.6,1.06653538402));
#2812 = DIRECTION('',(6.04903497084E-16,-1.,0.));
#2813 = DIRECTION('',(1.,6.04903497084E-16,0.));
#2814 = ORIENTED_EDGE('',*,*,#2815,.T.);
#2815 = EDGE_CURVE('',#2807,#2816,#2818,.T.);
#2816 = VERTEX_POINT('',#2817);
#2817 = CARTESIAN_POINT('',(-5.32842852147,-0.2,1.36412609412));
#2818 = LINE('',#2819,#2820);
#2819 = CARTESIAN_POINT('',(-5.32842852147,-0.6,1.36412609412));
#2820 = VECTOR('',#2821,1.);
#2821 = DIRECTION('',(-6.661338147751E-16,1.,0.));
#2822 = ORIENTED_EDGE('',*,*,#2823,.T.);
#2823 = EDGE_CURVE('',#2816,#2775,#2824,.T.);
#2824 = CIRCLE('',#2825,0.297590710099);
#2825 = AXIS2_PLACEMENT_3D('',#2826,#2827,#2828);
#2826 = CARTESIAN_POINT('',(-5.32842852147,-0.2,1.06653538402));
#2827 = DIRECTION('',(6.04903497084E-16,-1.,0.));
#2828 = DIRECTION('',(1.,6.04903497084E-16,0.));
#2829 = CYLINDRICAL_SURFACE('',#2830,0.297590710099);
#2830 = AXIS2_PLACEMENT_3D('',#2831,#2832,#2833);
#2831 = CARTESIAN_POINT('',(-5.32842852147,-0.6,1.06653538402));
#2832 = DIRECTION('',(-6.661338147751E-16,1.,0.));
#2833 = DIRECTION('',(0.,0.,1.));
#2834 = ADVANCED_FACE('',(#2835),#2871,.T.);
#2835 = FACE_BOUND('',#2836,.T.);
#2836 = EDGE_LOOP('',(#2837,#2848,#2856,#2865));
#2837 = ORIENTED_EDGE('',*,*,#2838,.F.);
#2838 = EDGE_CURVE('',#2839,#2841,#2843,.T.);
#2839 = VERTEX_POINT('',#2840);
#2840 = CARTESIAN_POINT('',(-5.886163236004,-1.,1.126693910204));
#2841 = VERTEX_POINT('',#2842);
#2842 = CARTESIAN_POINT('',(-5.406609645391,-1.,1.586156570381));
#2843 = CIRCLE('',#2844,0.479992848817);
#2844 = AXIS2_PLACEMENT_3D('',#2845,#2846,#2847);
#2845 = CARTESIAN_POINT('',(-5.406609645391,-1.,1.106163721564));
#2846 = DIRECTION('',(-6.04903497084E-16,1.,0.));
#2847 = DIRECTION('',(1.,6.04903497084E-16,0.));
#2848 = ORIENTED_EDGE('',*,*,#2849,.F.);
#2849 = EDGE_CURVE('',#2850,#2839,#2852,.T.);
#2850 = VERTEX_POINT('',#2851);
#2851 = CARTESIAN_POINT('',(-5.886163236004,-1.4,1.126693910204));
#2852 = LINE('',#2853,#2854);
#2853 = CARTESIAN_POINT('',(-5.886163236004,-1.4,1.126693910204));
#2854 = VECTOR('',#2855,1.);
#2855 = DIRECTION('',(-6.661338147751E-16,1.,0.));
#2856 = ORIENTED_EDGE('',*,*,#2857,.T.);
#2857 = EDGE_CURVE('',#2850,#2858,#2860,.T.);
#2858 = VERTEX_POINT('',#2859);
#2859 = CARTESIAN_POINT('',(-5.406609645391,-1.4,1.586156570381));
#2860 = CIRCLE('',#2861,0.479992848817);
#2861 = AXIS2_PLACEMENT_3D('',#2862,#2863,#2864);
#2862 = CARTESIAN_POINT('',(-5.406609645391,-1.4,1.106163721564));
#2863 = DIRECTION('',(-6.04903497084E-16,1.,0.));
#2864 = DIRECTION('',(1.,6.04903497084E-16,0.));
#2865 = ORIENTED_EDGE('',*,*,#2866,.T.);
#2866 = EDGE_CURVE('',#2858,#2841,#2867,.T.);
#2867 = LINE('',#2868,#2869);
#2868 = CARTESIAN_POINT('',(-5.406609645391,-1.4,1.586156570381));
#2869 = VECTOR('',#2870,1.);
#2870 = DIRECTION('',(-6.661338147751E-16,1.,0.));
#2871 = CYLINDRICAL_SURFACE('',#2872,0.479992848817);
#2872 = AXIS2_PLACEMENT_3D('',#2873,#2874,#2875);
#2873 = CARTESIAN_POINT('',(-5.406609645391,-1.4,1.106163721564));
#2874 = DIRECTION('',(-6.661338147751E-16,1.,0.));
#2875 = DIRECTION('',(0.,0.,1.));
#2876 = ADVANCED_FACE('',(#2877),#2902,.T.);
#2877 = FACE_BOUND('',#2878,.T.);
#2878 = EDGE_LOOP('',(#2879,#2887,#2895,#2901));
#2879 = ORIENTED_EDGE('',*,*,#2880,.F.);
#2880 = EDGE_CURVE('',#2881,#2839,#2883,.T.);
#2881 = VERTEX_POINT('',#2882);
#2882 = CARTESIAN_POINT('',(-5.921306132378,-1.,0.305809970136));
#2883 = LINE('',#2884,#2885);
#2884 = CARTESIAN_POINT('',(-5.921306132378,-1.,0.305809970136));
#2885 = VECTOR('',#2886,1.);
#2886 = DIRECTION('',(4.277186356053E-02,2.587284984456E-17,
    0.999084865108));
#2887 = ORIENTED_EDGE('',*,*,#2888,.F.);
#2888 = EDGE_CURVE('',#2889,#2881,#2891,.T.);
#2889 = VERTEX_POINT('',#2890);
#2890 = CARTESIAN_POINT('',(-5.921306132378,-1.4,0.305809970136));
#2891 = LINE('',#2892,#2893);
#2892 = CARTESIAN_POINT('',(-5.921306132378,-1.4,0.305809970136));
#2893 = VECTOR('',#2894,1.);
#2894 = DIRECTION('',(-6.661338147751E-16,1.,0.));
#2895 = ORIENTED_EDGE('',*,*,#2896,.T.);
#2896 = EDGE_CURVE('',#2889,#2850,#2897,.T.);
#2897 = LINE('',#2898,#2899);
#2898 = CARTESIAN_POINT('',(-5.921306132378,-1.4,0.305809970136));
#2899 = VECTOR('',#2900,1.);
#2900 = DIRECTION('',(4.277186356053E-02,2.587284984456E-17,
    0.999084865108));
#2901 = ORIENTED_EDGE('',*,*,#2849,.T.);
#2902 = PLANE('',#2903);
#2903 = AXIS2_PLACEMENT_3D('',#2904,#2905,#2906);
#2904 = CARTESIAN_POINT('',(-5.921306132378,-1.4,0.305809970136));
#2905 = DIRECTION('',(-0.999084865108,-6.655242124783E-16,
    4.277186356053E-02));
#2906 = DIRECTION('',(-4.277186356053E-02,-2.849178463861E-17,
    -0.999084865108));
#2907 = ADVANCED_FACE('',(#2908),#2935,.F.);
#2908 = FACE_BOUND('',#2909,.F.);
#2909 = EDGE_LOOP('',(#2910,#2911,#2920,#2928));
#2910 = ORIENTED_EDGE('',*,*,#2888,.F.);
#2911 = ORIENTED_EDGE('',*,*,#2912,.F.);
#2912 = EDGE_CURVE('',#2913,#2889,#2915,.T.);
#2913 = VERTEX_POINT('',#2914);
#2914 = CARTESIAN_POINT('',(-6.199589675214,-1.4,3.918513533714E-02));
#2915 = CIRCLE('',#2916,0.278538443083);
#2916 = AXIS2_PLACEMENT_3D('',#2917,#2918,#2919);
#2917 = CARTESIAN_POINT('',(-6.199589675214,-1.4,0.31772357842));
#2918 = DIRECTION('',(6.04903497084E-16,-1.,0.));
#2919 = DIRECTION('',(1.,6.04903497084E-16,0.));
#2920 = ORIENTED_EDGE('',*,*,#2921,.T.);
#2921 = EDGE_CURVE('',#2913,#2922,#2924,.T.);
#2922 = VERTEX_POINT('',#2923);
#2923 = CARTESIAN_POINT('',(-6.199589675214,-1.,3.918513533714E-02));
#2924 = LINE('',#2925,#2926);
#2925 = CARTESIAN_POINT('',(-6.199589675214,-1.4,3.918513533714E-02));
#2926 = VECTOR('',#2927,1.);
#2927 = DIRECTION('',(-6.661338147751E-16,1.,0.));
#2928 = ORIENTED_EDGE('',*,*,#2929,.T.);
#2929 = EDGE_CURVE('',#2922,#2881,#2930,.T.);
#2930 = CIRCLE('',#2931,0.278538443083);
#2931 = AXIS2_PLACEMENT_3D('',#2932,#2933,#2934);
#2932 = CARTESIAN_POINT('',(-6.199589675214,-1.,0.31772357842));
#2933 = DIRECTION('',(6.04903497084E-16,-1.,0.));
#2934 = DIRECTION('',(1.,6.04903497084E-16,0.));
#2935 = CYLINDRICAL_SURFACE('',#2936,0.278538443083);
#2936 = AXIS2_PLACEMENT_3D('',#2937,#2938,#2939);
#2937 = CARTESIAN_POINT('',(-6.199589675214,-1.4,0.31772357842));
#2938 = DIRECTION('',(-6.661338147751E-16,1.,0.));
#2939 = DIRECTION('',(0.,0.,1.));
#2940 = ADVANCED_FACE('',(#2941),#2966,.T.);
#2941 = FACE_BOUND('',#2942,.T.);
#2942 = EDGE_LOOP('',(#2943,#2951,#2959,#2965));
#2943 = ORIENTED_EDGE('',*,*,#2944,.F.);
#2944 = EDGE_CURVE('',#2945,#2922,#2947,.T.);
#2945 = VERTEX_POINT('',#2946);
#2946 = CARTESIAN_POINT('',(-6.6,-1.,3.918513533714E-02));
#2947 = LINE('',#2948,#2949);
#2948 = CARTESIAN_POINT('',(-6.6,-1.,3.918513533714E-02));
#2949 = VECTOR('',#2950,1.);
#2950 = DIRECTION('',(1.,6.04903497084E-16,-5.415455623248E-16));
#2951 = ORIENTED_EDGE('',*,*,#2952,.F.);
#2952 = EDGE_CURVE('',#2953,#2945,#2955,.T.);
#2953 = VERTEX_POINT('',#2954);
#2954 = CARTESIAN_POINT('',(-6.6,-1.4,3.918513533714E-02));
#2955 = LINE('',#2956,#2957);
#2956 = CARTESIAN_POINT('',(-6.6,-1.4,3.918513533714E-02));
#2957 = VECTOR('',#2958,1.);
#2958 = DIRECTION('',(-6.661338147751E-16,1.,0.));
#2959 = ORIENTED_EDGE('',*,*,#2960,.T.);
#2960 = EDGE_CURVE('',#2953,#2913,#2961,.T.);
#2961 = LINE('',#2962,#2963);
#2962 = CARTESIAN_POINT('',(-6.6,-1.4,3.918513533714E-02));
#2963 = VECTOR('',#2964,1.);
#2964 = DIRECTION('',(1.,6.04903497084E-16,-5.415455623248E-16));
#2965 = ORIENTED_EDGE('',*,*,#2921,.T.);
#2966 = PLANE('',#2967);
#2967 = AXIS2_PLACEMENT_3D('',#2968,#2969,#2970);
#2968 = CARTESIAN_POINT('',(-6.6,-1.4,3.918513533714E-02));
#2969 = DIRECTION('',(5.415455623248E-16,3.607418113059E-31,1.));
#2970 = DIRECTION('',(-1.,-6.661338147751E-16,5.415455623248E-16));
#2971 = ADVANCED_FACE('',(#2972),#2997,.T.);
#2972 = FACE_BOUND('',#2973,.T.);
#2973 = EDGE_LOOP('',(#2974,#2982,#2990,#2996));
#2974 = ORIENTED_EDGE('',*,*,#2975,.F.);
#2975 = EDGE_CURVE('',#2976,#2945,#2978,.T.);
#2976 = VERTEX_POINT('',#2977);
#2977 = CARTESIAN_POINT('',(-6.6,-1.,-0.198247949201));
#2978 = LINE('',#2979,#2980);
#2979 = CARTESIAN_POINT('',(-6.6,-1.,-0.198247949201));
#2980 = VECTOR('',#2981,1.);
#2981 = DIRECTION('',(0.,0.,1.));
#2982 = ORIENTED_EDGE('',*,*,#2983,.F.);
#2983 = EDGE_CURVE('',#2984,#2976,#2986,.T.);
#2984 = VERTEX_POINT('',#2985);
#2985 = CARTESIAN_POINT('',(-6.6,-1.4,-0.198247949201));
#2986 = LINE('',#2987,#2988);
#2987 = CARTESIAN_POINT('',(-6.6,-1.4,-0.198247949201));
#2988 = VECTOR('',#2989,1.);
#2989 = DIRECTION('',(-6.661338147751E-16,1.,0.));
#2990 = ORIENTED_EDGE('',*,*,#2991,.T.);
#2991 = EDGE_CURVE('',#2984,#2953,#2992,.T.);
#2992 = LINE('',#2993,#2994);
#2993 = CARTESIAN_POINT('',(-6.6,-1.4,-0.198247949201));
#2994 = VECTOR('',#2995,1.);
#2995 = DIRECTION('',(0.,0.,1.));
#2996 = ORIENTED_EDGE('',*,*,#2952,.T.);
#2997 = PLANE('',#2998);
#2998 = AXIS2_PLACEMENT_3D('',#2999,#3000,#3001);
#2999 = CARTESIAN_POINT('',(-6.6,-1.4,-0.198247949201));
#3000 = DIRECTION('',(-1.,-6.661338147751E-16,0.));
#3001 = DIRECTION('',(0.,0.,-1.));
#3002 = ADVANCED_FACE('',(#3003),#3028,.T.);
#3003 = FACE_BOUND('',#3004,.T.);
#3004 = EDGE_LOOP('',(#3005,#3013,#3021,#3027));
#3005 = ORIENTED_EDGE('',*,*,#3006,.F.);
#3006 = EDGE_CURVE('',#3007,#2976,#3009,.T.);
#3007 = VERTEX_POINT('',#3008);
#3008 = CARTESIAN_POINT('',(-6.209557821209,-1.,-0.198247949201));
#3009 = LINE('',#3010,#3011);
#3010 = CARTESIAN_POINT('',(-6.209557821209,-1.,-0.198247949201));
#3011 = VECTOR('',#3012,1.);
#3012 = DIRECTION('',(-1.,-6.04903497084E-16,5.553714385278E-16));
#3013 = ORIENTED_EDGE('',*,*,#3014,.F.);
#3014 = EDGE_CURVE('',#3015,#3007,#3017,.T.);
#3015 = VERTEX_POINT('',#3016);
#3016 = CARTESIAN_POINT('',(-6.209557821209,-1.4,-0.198247949201));
#3017 = LINE('',#3018,#3019);
#3018 = CARTESIAN_POINT('',(-6.209557821209,-1.4,-0.198247949201));
#3019 = VECTOR('',#3020,1.);
#3020 = DIRECTION('',(-6.661338147751E-16,1.,0.));
#3021 = ORIENTED_EDGE('',*,*,#3022,.T.);
#3022 = EDGE_CURVE('',#3015,#2984,#3023,.T.);
#3023 = LINE('',#3024,#3025);
#3024 = CARTESIAN_POINT('',(-6.209557821209,-1.4,-0.198247949201));
#3025 = VECTOR('',#3026,1.);
#3026 = DIRECTION('',(-1.,-6.04903497084E-16,5.553714385278E-16));
#3027 = ORIENTED_EDGE('',*,*,#2983,.T.);
#3028 = PLANE('',#3029);
#3029 = AXIS2_PLACEMENT_3D('',#3030,#3031,#3032);
#3030 = CARTESIAN_POINT('',(-6.209557821209,-1.4,-0.198247949201));
#3031 = DIRECTION('',(-5.553714385278E-16,-3.699516949636E-31,-1.));
#3032 = DIRECTION('',(1.,6.661338147751E-16,-5.553714385278E-16));
#3033 = ADVANCED_FACE('',(#3034),#3061,.T.);
#3034 = FACE_BOUND('',#3035,.T.);
#3035 = EDGE_LOOP('',(#3036,#3045,#3053,#3060));
#3036 = ORIENTED_EDGE('',*,*,#3037,.F.);
#3037 = EDGE_CURVE('',#3038,#3007,#3040,.T.);
#3038 = VERTEX_POINT('',#3039);
#3039 = CARTESIAN_POINT('',(-5.632275833135,-1.,0.373853315374));
#3040 = CIRCLE('',#3041,0.577305445368);
#3041 = AXIS2_PLACEMENT_3D('',#3042,#3043,#3044);
#3042 = CARTESIAN_POINT('',(-6.209557821209,-1.,0.379057496168));
#3043 = DIRECTION('',(-6.04903497084E-16,1.,0.));
#3044 = DIRECTION('',(1.,6.04903497084E-16,0.));
#3045 = ORIENTED_EDGE('',*,*,#3046,.F.);
#3046 = EDGE_CURVE('',#3047,#3038,#3049,.T.);
#3047 = VERTEX_POINT('',#3048);
#3048 = CARTESIAN_POINT('',(-5.632275833135,-1.4,0.373853315374));
#3049 = LINE('',#3050,#3051);
#3050 = CARTESIAN_POINT('',(-5.632275833135,-1.4,0.373853315374));
#3051 = VECTOR('',#3052,1.);
#3052 = DIRECTION('',(-6.661338147751E-16,1.,0.));
#3053 = ORIENTED_EDGE('',*,*,#3054,.T.);
#3054 = EDGE_CURVE('',#3047,#3015,#3055,.T.);
#3055 = CIRCLE('',#3056,0.577305445368);
#3056 = AXIS2_PLACEMENT_3D('',#3057,#3058,#3059);
#3057 = CARTESIAN_POINT('',(-6.209557821209,-1.4,0.379057496168));
#3058 = DIRECTION('',(-6.04903497084E-16,1.,0.));
#3059 = DIRECTION('',(1.,6.04903497084E-16,0.));
#3060 = ORIENTED_EDGE('',*,*,#3014,.T.);
#3061 = CYLINDRICAL_SURFACE('',#3062,0.577305445368);
#3062 = AXIS2_PLACEMENT_3D('',#3063,#3064,#3065);
#3063 = CARTESIAN_POINT('',(-6.209557821209,-1.4,0.379057496168));
#3064 = DIRECTION('',(-6.661338147751E-16,1.,0.));
#3065 = DIRECTION('',(0.,0.,1.));
#3066 = ADVANCED_FACE('',(#3067),#3092,.T.);
#3067 = FACE_BOUND('',#3068,.T.);
#3068 = EDGE_LOOP('',(#3069,#3077,#3085,#3091));
#3069 = ORIENTED_EDGE('',*,*,#3070,.F.);
#3070 = EDGE_CURVE('',#3071,#3038,#3073,.T.);
#3071 = VERTEX_POINT('',#3072);
#3072 = CARTESIAN_POINT('',(-5.62600713975,-1.,1.069218046847));
#3073 = LINE('',#3074,#3075);
#3074 = CARTESIAN_POINT('',(-5.62600713975,-1.,1.069218046847));
#3075 = VECTOR('',#3076,1.);
#3076 = DIRECTION('',(-9.014605414585E-03,-5.452966340115E-18,
    -0.999959367619));
#3077 = ORIENTED_EDGE('',*,*,#3078,.F.);
#3078 = EDGE_CURVE('',#3079,#3071,#3081,.T.);
#3079 = VERTEX_POINT('',#3080);
#3080 = CARTESIAN_POINT('',(-5.62600713975,-1.4,1.069218046847));
#3081 = LINE('',#3082,#3083);
#3082 = CARTESIAN_POINT('',(-5.62600713975,-1.4,1.069218046847));
#3083 = VECTOR('',#3084,1.);
#3084 = DIRECTION('',(-6.661338147751E-16,1.,0.));
#3085 = ORIENTED_EDGE('',*,*,#3086,.T.);
#3086 = EDGE_CURVE('',#3079,#3047,#3087,.T.);
#3087 = LINE('',#3088,#3089);
#3088 = CARTESIAN_POINT('',(-5.62600713975,-1.4,1.069218046847));
#3089 = VECTOR('',#3090,1.);
#3090 = DIRECTION('',(-9.014605414585E-03,-5.452966340115E-18,
    -0.999959367619));
#3091 = ORIENTED_EDGE('',*,*,#3046,.T.);
#3092 = PLANE('',#3093);
#3093 = AXIS2_PLACEMENT_3D('',#3094,#3095,#3096);
#3094 = CARTESIAN_POINT('',(-5.62600713975,-1.4,1.069218046847));
#3095 = DIRECTION('',(0.999959367619,6.661067481722E-16,
    -9.014605414585E-03));
#3096 = DIRECTION('',(9.014605414585E-03,6.00493349351E-18,
    0.999959367619));
#3097 = ADVANCED_FACE('',(#3098),#3125,.F.);
#3098 = FACE_BOUND('',#3099,.F.);
#3099 = EDGE_LOOP('',(#3100,#3101,#3110,#3118));
#3100 = ORIENTED_EDGE('',*,*,#3078,.F.);
#3101 = ORIENTED_EDGE('',*,*,#3102,.F.);
#3102 = EDGE_CURVE('',#3103,#3079,#3105,.T.);
#3103 = VERTEX_POINT('',#3104);
#3104 = CARTESIAN_POINT('',(-5.32842852147,-1.4,1.36412609412));
#3105 = CIRCLE('',#3106,0.297590710099);
#3106 = AXIS2_PLACEMENT_3D('',#3107,#3108,#3109);
#3107 = CARTESIAN_POINT('',(-5.32842852147,-1.4,1.06653538402));
#3108 = DIRECTION('',(6.04903497084E-16,-1.,0.));
#3109 = DIRECTION('',(1.,6.04903497084E-16,0.));
#3110 = ORIENTED_EDGE('',*,*,#3111,.T.);
#3111 = EDGE_CURVE('',#3103,#3112,#3114,.T.);
#3112 = VERTEX_POINT('',#3113);
#3113 = CARTESIAN_POINT('',(-5.32842852147,-1.,1.36412609412));
#3114 = LINE('',#3115,#3116);
#3115 = CARTESIAN_POINT('',(-5.32842852147,-1.4,1.36412609412));
#3116 = VECTOR('',#3117,1.);
#3117 = DIRECTION('',(-6.661338147751E-16,1.,0.));
#3118 = ORIENTED_EDGE('',*,*,#3119,.T.);
#3119 = EDGE_CURVE('',#3112,#3071,#3120,.T.);
#3120 = CIRCLE('',#3121,0.297590710099);
#3121 = AXIS2_PLACEMENT_3D('',#3122,#3123,#3124);
#3122 = CARTESIAN_POINT('',(-5.32842852147,-1.,1.06653538402));
#3123 = DIRECTION('',(6.04903497084E-16,-1.,0.));
#3124 = DIRECTION('',(1.,6.04903497084E-16,0.));
#3125 = CYLINDRICAL_SURFACE('',#3126,0.297590710099);
#3126 = AXIS2_PLACEMENT_3D('',#3127,#3128,#3129);
#3127 = CARTESIAN_POINT('',(-5.32842852147,-1.4,1.06653538402));
#3128 = DIRECTION('',(-6.661338147751E-16,1.,0.));
#3129 = DIRECTION('',(0.,0.,1.));
#3130 = ADVANCED_FACE('',(#3131),#3167,.T.);
#3131 = FACE_BOUND('',#3132,.T.);
#3132 = EDGE_LOOP('',(#3133,#3144,#3152,#3161));
#3133 = ORIENTED_EDGE('',*,*,#3134,.F.);
#3134 = EDGE_CURVE('',#3135,#3137,#3139,.T.);
#3135 = VERTEX_POINT('',#3136);
#3136 = CARTESIAN_POINT('',(-5.886163236004,-1.8,1.126693910204));
#3137 = VERTEX_POINT('',#3138);
#3138 = CARTESIAN_POINT('',(-5.406609645391,-1.8,1.586156570381));
#3139 = CIRCLE('',#3140,0.479992848817);
#3140 = AXIS2_PLACEMENT_3D('',#3141,#3142,#3143);
#3141 = CARTESIAN_POINT('',(-5.406609645391,-1.8,1.106163721564));
#3142 = DIRECTION('',(-6.04903497084E-16,1.,0.));
#3143 = DIRECTION('',(1.,6.04903497084E-16,0.));
#3144 = ORIENTED_EDGE('',*,*,#3145,.F.);
#3145 = EDGE_CURVE('',#3146,#3135,#3148,.T.);
#3146 = VERTEX_POINT('',#3147);
#3147 = CARTESIAN_POINT('',(-5.886163236004,-2.2,1.126693910204));
#3148 = LINE('',#3149,#3150);
#3149 = CARTESIAN_POINT('',(-5.886163236004,-2.2,1.126693910204));
#3150 = VECTOR('',#3151,1.);
#3151 = DIRECTION('',(-6.661338147751E-16,1.,0.));
#3152 = ORIENTED_EDGE('',*,*,#3153,.T.);
#3153 = EDGE_CURVE('',#3146,#3154,#3156,.T.);
#3154 = VERTEX_POINT('',#3155);
#3155 = CARTESIAN_POINT('',(-5.406609645391,-2.2,1.586156570381));
#3156 = CIRCLE('',#3157,0.479992848817);
#3157 = AXIS2_PLACEMENT_3D('',#3158,#3159,#3160);
#3158 = CARTESIAN_POINT('',(-5.406609645391,-2.2,1.106163721564));
#3159 = DIRECTION('',(-6.04903497084E-16,1.,0.));
#3160 = DIRECTION('',(1.,6.04903497084E-16,0.));
#3161 = ORIENTED_EDGE('',*,*,#3162,.T.);
#3162 = EDGE_CURVE('',#3154,#3137,#3163,.T.);
#3163 = LINE('',#3164,#3165);
#3164 = CARTESIAN_POINT('',(-5.406609645391,-2.2,1.586156570381));
#3165 = VECTOR('',#3166,1.);
#3166 = DIRECTION('',(-6.661338147751E-16,1.,0.));
#3167 = CYLINDRICAL_SURFACE('',#3168,0.479992848817);
#3168 = AXIS2_PLACEMENT_3D('',#3169,#3170,#3171);
#3169 = CARTESIAN_POINT('',(-5.406609645391,-2.2,1.106163721564));
#3170 = DIRECTION('',(-6.661338147751E-16,1.,0.));
#3171 = DIRECTION('',(0.,0.,1.));
#3172 = ADVANCED_FACE('',(#3173),#3198,.T.);
#3173 = FACE_BOUND('',#3174,.T.);
#3174 = EDGE_LOOP('',(#3175,#3183,#3191,#3197));
#3175 = ORIENTED_EDGE('',*,*,#3176,.F.);
#3176 = EDGE_CURVE('',#3177,#3135,#3179,.T.);
#3177 = VERTEX_POINT('',#3178);
#3178 = CARTESIAN_POINT('',(-5.921306132378,-1.8,0.305809970136));
#3179 = LINE('',#3180,#3181);
#3180 = CARTESIAN_POINT('',(-5.921306132378,-1.8,0.305809970136));
#3181 = VECTOR('',#3182,1.);
#3182 = DIRECTION('',(4.277186356053E-02,2.587284984456E-17,
    0.999084865108));
#3183 = ORIENTED_EDGE('',*,*,#3184,.F.);
#3184 = EDGE_CURVE('',#3185,#3177,#3187,.T.);
#3185 = VERTEX_POINT('',#3186);
#3186 = CARTESIAN_POINT('',(-5.921306132378,-2.2,0.305809970136));
#3187 = LINE('',#3188,#3189);
#3188 = CARTESIAN_POINT('',(-5.921306132378,-2.2,0.305809970136));
#3189 = VECTOR('',#3190,1.);
#3190 = DIRECTION('',(-6.661338147751E-16,1.,0.));
#3191 = ORIENTED_EDGE('',*,*,#3192,.T.);
#3192 = EDGE_CURVE('',#3185,#3146,#3193,.T.);
#3193 = LINE('',#3194,#3195);
#3194 = CARTESIAN_POINT('',(-5.921306132378,-2.2,0.305809970136));
#3195 = VECTOR('',#3196,1.);
#3196 = DIRECTION('',(4.277186356053E-02,2.587284984456E-17,
    0.999084865108));
#3197 = ORIENTED_EDGE('',*,*,#3145,.T.);
#3198 = PLANE('',#3199);
#3199 = AXIS2_PLACEMENT_3D('',#3200,#3201,#3202);
#3200 = CARTESIAN_POINT('',(-5.921306132378,-2.2,0.305809970136));
#3201 = DIRECTION('',(-0.999084865108,-6.655242124783E-16,
    4.277186356053E-02));
#3202 = DIRECTION('',(-4.277186356053E-02,-2.849178463861E-17,
    -0.999084865108));
#3203 = ADVANCED_FACE('',(#3204),#3231,.F.);
#3204 = FACE_BOUND('',#3205,.F.);
#3205 = EDGE_LOOP('',(#3206,#3207,#3216,#3224));
#3206 = ORIENTED_EDGE('',*,*,#3184,.F.);
#3207 = ORIENTED_EDGE('',*,*,#3208,.F.);
#3208 = EDGE_CURVE('',#3209,#3185,#3211,.T.);
#3209 = VERTEX_POINT('',#3210);
#3210 = CARTESIAN_POINT('',(-6.199589675214,-2.2,3.918513533714E-02));
#3211 = CIRCLE('',#3212,0.278538443083);
#3212 = AXIS2_PLACEMENT_3D('',#3213,#3214,#3215);
#3213 = CARTESIAN_POINT('',(-6.199589675214,-2.2,0.31772357842));
#3214 = DIRECTION('',(6.04903497084E-16,-1.,0.));
#3215 = DIRECTION('',(1.,6.04903497084E-16,0.));
#3216 = ORIENTED_EDGE('',*,*,#3217,.T.);
#3217 = EDGE_CURVE('',#3209,#3218,#3220,.T.);
#3218 = VERTEX_POINT('',#3219);
#3219 = CARTESIAN_POINT('',(-6.199589675214,-1.8,3.918513533714E-02));
#3220 = LINE('',#3221,#3222);
#3221 = CARTESIAN_POINT('',(-6.199589675214,-2.2,3.918513533714E-02));
#3222 = VECTOR('',#3223,1.);
#3223 = DIRECTION('',(-6.661338147751E-16,1.,0.));
#3224 = ORIENTED_EDGE('',*,*,#3225,.T.);
#3225 = EDGE_CURVE('',#3218,#3177,#3226,.T.);
#3226 = CIRCLE('',#3227,0.278538443083);
#3227 = AXIS2_PLACEMENT_3D('',#3228,#3229,#3230);
#3228 = CARTESIAN_POINT('',(-6.199589675214,-1.8,0.31772357842));
#3229 = DIRECTION('',(6.04903497084E-16,-1.,0.));
#3230 = DIRECTION('',(1.,6.04903497084E-16,0.));
#3231 = CYLINDRICAL_SURFACE('',#3232,0.278538443083);
#3232 = AXIS2_PLACEMENT_3D('',#3233,#3234,#3235);
#3233 = CARTESIAN_POINT('',(-6.199589675214,-2.2,0.31772357842));
#3234 = DIRECTION('',(-6.661338147751E-16,1.,0.));
#3235 = DIRECTION('',(0.,0.,1.));
#3236 = ADVANCED_FACE('',(#3237),#3262,.T.);
#3237 = FACE_BOUND('',#3238,.T.);
#3238 = EDGE_LOOP('',(#3239,#3247,#3255,#3261));
#3239 = ORIENTED_EDGE('',*,*,#3240,.F.);
#3240 = EDGE_CURVE('',#3241,#3218,#3243,.T.);
#3241 = VERTEX_POINT('',#3242);
#3242 = CARTESIAN_POINT('',(-6.6,-1.8,3.918513533714E-02));
#3243 = LINE('',#3244,#3245);
#3244 = CARTESIAN_POINT('',(-6.6,-1.8,3.918513533714E-02));
#3245 = VECTOR('',#3246,1.);
#3246 = DIRECTION('',(1.,6.04903497084E-16,-5.415455623248E-16));
#3247 = ORIENTED_EDGE('',*,*,#3248,.F.);
#3248 = EDGE_CURVE('',#3249,#3241,#3251,.T.);
#3249 = VERTEX_POINT('',#3250);
#3250 = CARTESIAN_POINT('',(-6.6,-2.2,3.918513533714E-02));
#3251 = LINE('',#3252,#3253);
#3252 = CARTESIAN_POINT('',(-6.6,-2.2,3.918513533714E-02));
#3253 = VECTOR('',#3254,1.);
#3254 = DIRECTION('',(-6.661338147751E-16,1.,0.));
#3255 = ORIENTED_EDGE('',*,*,#3256,.T.);
#3256 = EDGE_CURVE('',#3249,#3209,#3257,.T.);
#3257 = LINE('',#3258,#3259);
#3258 = CARTESIAN_POINT('',(-6.6,-2.2,3.918513533714E-02));
#3259 = VECTOR('',#3260,1.);
#3260 = DIRECTION('',(1.,6.04903497084E-16,-5.415455623248E-16));
#3261 = ORIENTED_EDGE('',*,*,#3217,.T.);
#3262 = PLANE('',#3263);
#3263 = AXIS2_PLACEMENT_3D('',#3264,#3265,#3266);
#3264 = CARTESIAN_POINT('',(-6.6,-2.2,3.918513533714E-02));
#3265 = DIRECTION('',(5.415455623248E-16,3.607418113059E-31,1.));
#3266 = DIRECTION('',(-1.,-6.661338147751E-16,5.415455623248E-16));
#3267 = ADVANCED_FACE('',(#3268),#3293,.T.);
#3268 = FACE_BOUND('',#3269,.T.);
#3269 = EDGE_LOOP('',(#3270,#3278,#3286,#3292));
#3270 = ORIENTED_EDGE('',*,*,#3271,.F.);
#3271 = EDGE_CURVE('',#3272,#3241,#3274,.T.);
#3272 = VERTEX_POINT('',#3273);
#3273 = CARTESIAN_POINT('',(-6.6,-1.8,-0.198247949201));
#3274 = LINE('',#3275,#3276);
#3275 = CARTESIAN_POINT('',(-6.6,-1.8,-0.198247949201));
#3276 = VECTOR('',#3277,1.);
#3277 = DIRECTION('',(0.,0.,1.));
#3278 = ORIENTED_EDGE('',*,*,#3279,.F.);
#3279 = EDGE_CURVE('',#3280,#3272,#3282,.T.);
#3280 = VERTEX_POINT('',#3281);
#3281 = CARTESIAN_POINT('',(-6.6,-2.2,-0.198247949201));
#3282 = LINE('',#3283,#3284);
#3283 = CARTESIAN_POINT('',(-6.6,-2.2,-0.198247949201));
#3284 = VECTOR('',#3285,1.);
#3285 = DIRECTION('',(-6.661338147751E-16,1.,0.));
#3286 = ORIENTED_EDGE('',*,*,#3287,.T.);
#3287 = EDGE_CURVE('',#3280,#3249,#3288,.T.);
#3288 = LINE('',#3289,#3290);
#3289 = CARTESIAN_POINT('',(-6.6,-2.2,-0.198247949201));
#3290 = VECTOR('',#3291,1.);
#3291 = DIRECTION('',(0.,0.,1.));
#3292 = ORIENTED_EDGE('',*,*,#3248,.T.);
#3293 = PLANE('',#3294);
#3294 = AXIS2_PLACEMENT_3D('',#3295,#3296,#3297);
#3295 = CARTESIAN_POINT('',(-6.6,-2.2,-0.198247949201));
#3296 = DIRECTION('',(-1.,-6.661338147751E-16,0.));
#3297 = DIRECTION('',(0.,0.,-1.));
#3298 = ADVANCED_FACE('',(#3299),#3324,.T.);
#3299 = FACE_BOUND('',#3300,.T.);
#3300 = EDGE_LOOP('',(#3301,#3309,#3317,#3323));
#3301 = ORIENTED_EDGE('',*,*,#3302,.F.);
#3302 = EDGE_CURVE('',#3303,#3272,#3305,.T.);
#3303 = VERTEX_POINT('',#3304);
#3304 = CARTESIAN_POINT('',(-6.209557821209,-1.8,-0.198247949201));
#3305 = LINE('',#3306,#3307);
#3306 = CARTESIAN_POINT('',(-6.209557821209,-1.8,-0.198247949201));
#3307 = VECTOR('',#3308,1.);
#3308 = DIRECTION('',(-1.,-6.04903497084E-16,5.553714385278E-16));
#3309 = ORIENTED_EDGE('',*,*,#3310,.F.);
#3310 = EDGE_CURVE('',#3311,#3303,#3313,.T.);
#3311 = VERTEX_POINT('',#3312);
#3312 = CARTESIAN_POINT('',(-6.209557821209,-2.2,-0.198247949201));
#3313 = LINE('',#3314,#3315);
#3314 = CARTESIAN_POINT('',(-6.209557821209,-2.2,-0.198247949201));
#3315 = VECTOR('',#3316,1.);
#3316 = DIRECTION('',(-6.661338147751E-16,1.,0.));
#3317 = ORIENTED_EDGE('',*,*,#3318,.T.);
#3318 = EDGE_CURVE('',#3311,#3280,#3319,.T.);
#3319 = LINE('',#3320,#3321);
#3320 = CARTESIAN_POINT('',(-6.209557821209,-2.2,-0.198247949201));
#3321 = VECTOR('',#3322,1.);
#3322 = DIRECTION('',(-1.,-6.04903497084E-16,5.553714385278E-16));
#3323 = ORIENTED_EDGE('',*,*,#3279,.T.);
#3324 = PLANE('',#3325);
#3325 = AXIS2_PLACEMENT_3D('',#3326,#3327,#3328);
#3326 = CARTESIAN_POINT('',(-6.209557821209,-2.2,-0.198247949201));
#3327 = DIRECTION('',(-5.553714385278E-16,-3.699516949636E-31,-1.));
#3328 = DIRECTION('',(1.,6.661338147751E-16,-5.553714385278E-16));
#3329 = ADVANCED_FACE('',(#3330),#3357,.T.);
#3330 = FACE_BOUND('',#3331,.T.);
#3331 = EDGE_LOOP('',(#3332,#3341,#3349,#3356));
#3332 = ORIENTED_EDGE('',*,*,#3333,.F.);
#3333 = EDGE_CURVE('',#3334,#3303,#3336,.T.);
#3334 = VERTEX_POINT('',#3335);
#3335 = CARTESIAN_POINT('',(-5.632275833135,-1.8,0.373853315374));
#3336 = CIRCLE('',#3337,0.577305445368);
#3337 = AXIS2_PLACEMENT_3D('',#3338,#3339,#3340);
#3338 = CARTESIAN_POINT('',(-6.209557821209,-1.8,0.379057496168));
#3339 = DIRECTION('',(-6.04903497084E-16,1.,0.));
#3340 = DIRECTION('',(1.,6.04903497084E-16,0.));
#3341 = ORIENTED_EDGE('',*,*,#3342,.F.);
#3342 = EDGE_CURVE('',#3343,#3334,#3345,.T.);
#3343 = VERTEX_POINT('',#3344);
#3344 = CARTESIAN_POINT('',(-5.632275833135,-2.2,0.373853315374));
#3345 = LINE('',#3346,#3347);
#3346 = CARTESIAN_POINT('',(-5.632275833135,-2.2,0.373853315374));
#3347 = VECTOR('',#3348,1.);
#3348 = DIRECTION('',(-6.661338147751E-16,1.,0.));
#3349 = ORIENTED_EDGE('',*,*,#3350,.T.);
#3350 = EDGE_CURVE('',#3343,#3311,#3351,.T.);
#3351 = CIRCLE('',#3352,0.577305445368);
#3352 = AXIS2_PLACEMENT_3D('',#3353,#3354,#3355);
#3353 = CARTESIAN_POINT('',(-6.209557821209,-2.2,0.379057496168));
#3354 = DIRECTION('',(-6.04903497084E-16,1.,0.));
#3355 = DIRECTION('',(1.,6.04903497084E-16,0.));
#3356 = ORIENTED_EDGE('',*,*,#3310,.T.);
#3357 = CYLINDRICAL_SURFACE('',#3358,0.577305445368);
#3358 = AXIS2_PLACEMENT_3D('',#3359,#3360,#3361);
#3359 = CARTESIAN_POINT('',(-6.209557821209,-2.2,0.379057496168));
#3360 = DIRECTION('',(-6.661338147751E-16,1.,0.));
#3361 = DIRECTION('',(0.,0.,1.));
#3362 = ADVANCED_FACE('',(#3363),#3388,.T.);
#3363 = FACE_BOUND('',#3364,.T.);
#3364 = EDGE_LOOP('',(#3365,#3373,#3381,#3387));
#3365 = ORIENTED_EDGE('',*,*,#3366,.F.);
#3366 = EDGE_CURVE('',#3367,#3334,#3369,.T.);
#3367 = VERTEX_POINT('',#3368);
#3368 = CARTESIAN_POINT('',(-5.62600713975,-1.8,1.069218046847));
#3369 = LINE('',#3370,#3371);
#3370 = CARTESIAN_POINT('',(-5.62600713975,-1.8,1.069218046847));
#3371 = VECTOR('',#3372,1.);
#3372 = DIRECTION('',(-9.014605414585E-03,-5.452966340115E-18,
    -0.999959367619));
#3373 = ORIENTED_EDGE('',*,*,#3374,.F.);
#3374 = EDGE_CURVE('',#3375,#3367,#3377,.T.);
#3375 = VERTEX_POINT('',#3376);
#3376 = CARTESIAN_POINT('',(-5.62600713975,-2.2,1.069218046847));
#3377 = LINE('',#3378,#3379);
#3378 = CARTESIAN_POINT('',(-5.62600713975,-2.2,1.069218046847));
#3379 = VECTOR('',#3380,1.);
#3380 = DIRECTION('',(-6.661338147751E-16,1.,0.));
#3381 = ORIENTED_EDGE('',*,*,#3382,.T.);
#3382 = EDGE_CURVE('',#3375,#3343,#3383,.T.);
#3383 = LINE('',#3384,#3385);
#3384 = CARTESIAN_POINT('',(-5.62600713975,-2.2,1.069218046847));
#3385 = VECTOR('',#3386,1.);
#3386 = DIRECTION('',(-9.014605414585E-03,-5.452966340115E-18,
    -0.999959367619));
#3387 = ORIENTED_EDGE('',*,*,#3342,.T.);
#3388 = PLANE('',#3389);
#3389 = AXIS2_PLACEMENT_3D('',#3390,#3391,#3392);
#3390 = CARTESIAN_POINT('',(-5.62600713975,-2.2,1.069218046847));
#3391 = DIRECTION('',(0.999959367619,6.661067481722E-16,
    -9.014605414585E-03));
#3392 = DIRECTION('',(9.014605414585E-03,6.00493349351E-18,
    0.999959367619));
#3393 = ADVANCED_FACE('',(#3394),#3421,.F.);
#3394 = FACE_BOUND('',#3395,.F.);
#3395 = EDGE_LOOP('',(#3396,#3397,#3406,#3414));
#3396 = ORIENTED_EDGE('',*,*,#3374,.F.);
#3397 = ORIENTED_EDGE('',*,*,#3398,.F.);
#3398 = EDGE_CURVE('',#3399,#3375,#3401,.T.);
#3399 = VERTEX_POINT('',#3400);
#3400 = CARTESIAN_POINT('',(-5.32842852147,-2.2,1.36412609412));
#3401 = CIRCLE('',#3402,0.297590710099);
#3402 = AXIS2_PLACEMENT_3D('',#3403,#3404,#3405);
#3403 = CARTESIAN_POINT('',(-5.32842852147,-2.2,1.06653538402));
#3404 = DIRECTION('',(6.04903497084E-16,-1.,0.));
#3405 = DIRECTION('',(1.,6.04903497084E-16,0.));
#3406 = ORIENTED_EDGE('',*,*,#3407,.T.);
#3407 = EDGE_CURVE('',#3399,#3408,#3410,.T.);
#3408 = VERTEX_POINT('',#3409);
#3409 = CARTESIAN_POINT('',(-5.32842852147,-1.8,1.36412609412));
#3410 = LINE('',#3411,#3412);
#3411 = CARTESIAN_POINT('',(-5.32842852147,-2.2,1.36412609412));
#3412 = VECTOR('',#3413,1.);
#3413 = DIRECTION('',(-6.661338147751E-16,1.,0.));
#3414 = ORIENTED_EDGE('',*,*,#3415,.T.);
#3415 = EDGE_CURVE('',#3408,#3367,#3416,.T.);
#3416 = CIRCLE('',#3417,0.297590710099);
#3417 = AXIS2_PLACEMENT_3D('',#3418,#3419,#3420);
#3418 = CARTESIAN_POINT('',(-5.32842852147,-1.8,1.06653538402));
#3419 = DIRECTION('',(6.04903497084E-16,-1.,0.));
#3420 = DIRECTION('',(1.,6.04903497084E-16,0.));
#3421 = CYLINDRICAL_SURFACE('',#3422,0.297590710099);
#3422 = AXIS2_PLACEMENT_3D('',#3423,#3424,#3425);
#3423 = CARTESIAN_POINT('',(-5.32842852147,-2.2,1.06653538402));
#3424 = DIRECTION('',(-6.661338147751E-16,1.,0.));
#3425 = DIRECTION('',(0.,0.,1.));
#3426 = ADVANCED_FACE('',(#3427),#3463,.T.);
#3427 = FACE_BOUND('',#3428,.T.);
#3428 = EDGE_LOOP('',(#3429,#3440,#3448,#3457));
#3429 = ORIENTED_EDGE('',*,*,#3430,.F.);
#3430 = EDGE_CURVE('',#3431,#3433,#3435,.T.);
#3431 = VERTEX_POINT('',#3432);
#3432 = CARTESIAN_POINT('',(-5.886163236004,-2.6,1.126693910204));
#3433 = VERTEX_POINT('',#3434);
#3434 = CARTESIAN_POINT('',(-5.406609645391,-2.6,1.586156570381));
#3435 = CIRCLE('',#3436,0.479992848817);
#3436 = AXIS2_PLACEMENT_3D('',#3437,#3438,#3439);
#3437 = CARTESIAN_POINT('',(-5.406609645391,-2.6,1.106163721564));
#3438 = DIRECTION('',(-6.04903497084E-16,1.,0.));
#3439 = DIRECTION('',(1.,6.04903497084E-16,0.));
#3440 = ORIENTED_EDGE('',*,*,#3441,.F.);
#3441 = EDGE_CURVE('',#3442,#3431,#3444,.T.);
#3442 = VERTEX_POINT('',#3443);
#3443 = CARTESIAN_POINT('',(-5.886163236004,-3.,1.126693910204));
#3444 = LINE('',#3445,#3446);
#3445 = CARTESIAN_POINT('',(-5.886163236004,-3.,1.126693910204));
#3446 = VECTOR('',#3447,1.);
#3447 = DIRECTION('',(-6.661338147751E-16,1.,0.));
#3448 = ORIENTED_EDGE('',*,*,#3449,.T.);
#3449 = EDGE_CURVE('',#3442,#3450,#3452,.T.);
#3450 = VERTEX_POINT('',#3451);
#3451 = CARTESIAN_POINT('',(-5.406609645391,-3.,1.586156570381));
#3452 = CIRCLE('',#3453,0.479992848817);
#3453 = AXIS2_PLACEMENT_3D('',#3454,#3455,#3456);
#3454 = CARTESIAN_POINT('',(-5.406609645391,-3.,1.106163721564));
#3455 = DIRECTION('',(-6.04903497084E-16,1.,0.));
#3456 = DIRECTION('',(1.,6.04903497084E-16,0.));
#3457 = ORIENTED_EDGE('',*,*,#3458,.T.);
#3458 = EDGE_CURVE('',#3450,#3433,#3459,.T.);
#3459 = LINE('',#3460,#3461);
#3460 = CARTESIAN_POINT('',(-5.406609645391,-3.,1.586156570381));
#3461 = VECTOR('',#3462,1.);
#3462 = DIRECTION('',(-6.661338147751E-16,1.,0.));
#3463 = CYLINDRICAL_SURFACE('',#3464,0.479992848817);
#3464 = AXIS2_PLACEMENT_3D('',#3465,#3466,#3467);
#3465 = CARTESIAN_POINT('',(-5.406609645391,-3.,1.106163721564));
#3466 = DIRECTION('',(-6.661338147751E-16,1.,0.));
#3467 = DIRECTION('',(0.,0.,1.));
#3468 = ADVANCED_FACE('',(#3469),#3494,.T.);
#3469 = FACE_BOUND('',#3470,.T.);
#3470 = EDGE_LOOP('',(#3471,#3479,#3487,#3493));
#3471 = ORIENTED_EDGE('',*,*,#3472,.F.);
#3472 = EDGE_CURVE('',#3473,#3431,#3475,.T.);
#3473 = VERTEX_POINT('',#3474);
#3474 = CARTESIAN_POINT('',(-5.921306132378,-2.6,0.305809970136));
#3475 = LINE('',#3476,#3477);
#3476 = CARTESIAN_POINT('',(-5.921306132378,-2.6,0.305809970136));
#3477 = VECTOR('',#3478,1.);
#3478 = DIRECTION('',(4.277186356053E-02,2.587284984456E-17,
    0.999084865108));
#3479 = ORIENTED_EDGE('',*,*,#3480,.F.);
#3480 = EDGE_CURVE('',#3481,#3473,#3483,.T.);
#3481 = VERTEX_POINT('',#3482);
#3482 = CARTESIAN_POINT('',(-5.921306132378,-3.,0.305809970136));
#3483 = LINE('',#3484,#3485);
#3484 = CARTESIAN_POINT('',(-5.921306132378,-3.,0.305809970136));
#3485 = VECTOR('',#3486,1.);
#3486 = DIRECTION('',(-6.661338147751E-16,1.,0.));
#3487 = ORIENTED_EDGE('',*,*,#3488,.T.);
#3488 = EDGE_CURVE('',#3481,#3442,#3489,.T.);
#3489 = LINE('',#3490,#3491);
#3490 = CARTESIAN_POINT('',(-5.921306132378,-3.,0.305809970136));
#3491 = VECTOR('',#3492,1.);
#3492 = DIRECTION('',(4.277186356053E-02,2.587284984456E-17,
    0.999084865108));
#3493 = ORIENTED_EDGE('',*,*,#3441,.T.);
#3494 = PLANE('',#3495);
#3495 = AXIS2_PLACEMENT_3D('',#3496,#3497,#3498);
#3496 = CARTESIAN_POINT('',(-5.921306132378,-3.,0.305809970136));
#3497 = DIRECTION('',(-0.999084865108,-6.655242124783E-16,
    4.277186356053E-02));
#3498 = DIRECTION('',(-4.277186356053E-02,-2.849178463861E-17,
    -0.999084865108));
#3499 = ADVANCED_FACE('',(#3500),#3527,.F.);
#3500 = FACE_BOUND('',#3501,.F.);
#3501 = EDGE_LOOP('',(#3502,#3503,#3512,#3520));
#3502 = ORIENTED_EDGE('',*,*,#3480,.F.);
#3503 = ORIENTED_EDGE('',*,*,#3504,.F.);
#3504 = EDGE_CURVE('',#3505,#3481,#3507,.T.);
#3505 = VERTEX_POINT('',#3506);
#3506 = CARTESIAN_POINT('',(-6.199589675214,-3.,3.918513533714E-02));
#3507 = CIRCLE('',#3508,0.278538443083);
#3508 = AXIS2_PLACEMENT_3D('',#3509,#3510,#3511);
#3509 = CARTESIAN_POINT('',(-6.199589675214,-3.,0.31772357842));
#3510 = DIRECTION('',(6.04903497084E-16,-1.,0.));
#3511 = DIRECTION('',(1.,6.04903497084E-16,0.));
#3512 = ORIENTED_EDGE('',*,*,#3513,.T.);
#3513 = EDGE_CURVE('',#3505,#3514,#3516,.T.);
#3514 = VERTEX_POINT('',#3515);
#3515 = CARTESIAN_POINT('',(-6.199589675214,-2.6,3.918513533714E-02));
#3516 = LINE('',#3517,#3518);
#3517 = CARTESIAN_POINT('',(-6.199589675214,-3.,3.918513533714E-02));
#3518 = VECTOR('',#3519,1.);
#3519 = DIRECTION('',(-6.661338147751E-16,1.,0.));
#3520 = ORIENTED_EDGE('',*,*,#3521,.T.);
#3521 = EDGE_CURVE('',#3514,#3473,#3522,.T.);
#3522 = CIRCLE('',#3523,0.278538443083);
#3523 = AXIS2_PLACEMENT_3D('',#3524,#3525,#3526);
#3524 = CARTESIAN_POINT('',(-6.199589675214,-2.6,0.31772357842));
#3525 = DIRECTION('',(6.04903497084E-16,-1.,0.));
#3526 = DIRECTION('',(1.,6.04903497084E-16,0.));
#3527 = CYLINDRICAL_SURFACE('',#3528,0.278538443083);
#3528 = AXIS2_PLACEMENT_3D('',#3529,#3530,#3531);
#3529 = CARTESIAN_POINT('',(-6.199589675214,-3.,0.31772357842));
#3530 = DIRECTION('',(-6.661338147751E-16,1.,0.));
#3531 = DIRECTION('',(0.,0.,1.));
#3532 = ADVANCED_FACE('',(#3533),#3558,.T.);
#3533 = FACE_BOUND('',#3534,.T.);
#3534 = EDGE_LOOP('',(#3535,#3543,#3551,#3557));
#3535 = ORIENTED_EDGE('',*,*,#3536,.F.);
#3536 = EDGE_CURVE('',#3537,#3514,#3539,.T.);
#3537 = VERTEX_POINT('',#3538);
#3538 = CARTESIAN_POINT('',(-6.6,-2.6,3.918513533714E-02));
#3539 = LINE('',#3540,#3541);
#3540 = CARTESIAN_POINT('',(-6.6,-2.6,3.918513533714E-02));
#3541 = VECTOR('',#3542,1.);
#3542 = DIRECTION('',(1.,6.04903497084E-16,-5.415455623248E-16));
#3543 = ORIENTED_EDGE('',*,*,#3544,.F.);
#3544 = EDGE_CURVE('',#3545,#3537,#3547,.T.);
#3545 = VERTEX_POINT('',#3546);
#3546 = CARTESIAN_POINT('',(-6.6,-3.,3.918513533714E-02));
#3547 = LINE('',#3548,#3549);
#3548 = CARTESIAN_POINT('',(-6.6,-3.,3.918513533714E-02));
#3549 = VECTOR('',#3550,1.);
#3550 = DIRECTION('',(-6.661338147751E-16,1.,0.));
#3551 = ORIENTED_EDGE('',*,*,#3552,.T.);
#3552 = EDGE_CURVE('',#3545,#3505,#3553,.T.);
#3553 = LINE('',#3554,#3555);
#3554 = CARTESIAN_POINT('',(-6.6,-3.,3.918513533714E-02));
#3555 = VECTOR('',#3556,1.);
#3556 = DIRECTION('',(1.,6.04903497084E-16,-5.415455623248E-16));
#3557 = ORIENTED_EDGE('',*,*,#3513,.T.);
#3558 = PLANE('',#3559);
#3559 = AXIS2_PLACEMENT_3D('',#3560,#3561,#3562);
#3560 = CARTESIAN_POINT('',(-6.6,-3.,3.918513533714E-02));
#3561 = DIRECTION('',(5.415455623248E-16,3.607418113059E-31,1.));
#3562 = DIRECTION('',(-1.,-6.661338147751E-16,5.415455623248E-16));
#3563 = ADVANCED_FACE('',(#3564),#3589,.T.);
#3564 = FACE_BOUND('',#3565,.T.);
#3565 = EDGE_LOOP('',(#3566,#3574,#3582,#3588));
#3566 = ORIENTED_EDGE('',*,*,#3567,.F.);
#3567 = EDGE_CURVE('',#3568,#3537,#3570,.T.);
#3568 = VERTEX_POINT('',#3569);
#3569 = CARTESIAN_POINT('',(-6.6,-2.6,-0.198247949201));
#3570 = LINE('',#3571,#3572);
#3571 = CARTESIAN_POINT('',(-6.6,-2.6,-0.198247949201));
#3572 = VECTOR('',#3573,1.);
#3573 = DIRECTION('',(0.,0.,1.));
#3574 = ORIENTED_EDGE('',*,*,#3575,.F.);
#3575 = EDGE_CURVE('',#3576,#3568,#3578,.T.);
#3576 = VERTEX_POINT('',#3577);
#3577 = CARTESIAN_POINT('',(-6.6,-3.,-0.198247949201));
#3578 = LINE('',#3579,#3580);
#3579 = CARTESIAN_POINT('',(-6.6,-3.,-0.198247949201));
#3580 = VECTOR('',#3581,1.);
#3581 = DIRECTION('',(-6.661338147751E-16,1.,0.));
#3582 = ORIENTED_EDGE('',*,*,#3583,.T.);
#3583 = EDGE_CURVE('',#3576,#3545,#3584,.T.);
#3584 = LINE('',#3585,#3586);
#3585 = CARTESIAN_POINT('',(-6.6,-3.,-0.198247949201));
#3586 = VECTOR('',#3587,1.);
#3587 = DIRECTION('',(0.,0.,1.));
#3588 = ORIENTED_EDGE('',*,*,#3544,.T.);
#3589 = PLANE('',#3590);
#3590 = AXIS2_PLACEMENT_3D('',#3591,#3592,#3593);
#3591 = CARTESIAN_POINT('',(-6.6,-3.,-0.198247949201));
#3592 = DIRECTION('',(-1.,-6.661338147751E-16,0.));
#3593 = DIRECTION('',(0.,0.,-1.));
#3594 = ADVANCED_FACE('',(#3595),#3620,.T.);
#3595 = FACE_BOUND('',#3596,.T.);
#3596 = EDGE_LOOP('',(#3597,#3605,#3613,#3619));
#3597 = ORIENTED_EDGE('',*,*,#3598,.F.);
#3598 = EDGE_CURVE('',#3599,#3568,#3601,.T.);
#3599 = VERTEX_POINT('',#3600);
#3600 = CARTESIAN_POINT('',(-6.209557821209,-2.6,-0.198247949201));
#3601 = LINE('',#3602,#3603);
#3602 = CARTESIAN_POINT('',(-6.209557821209,-2.6,-0.198247949201));
#3603 = VECTOR('',#3604,1.);
#3604 = DIRECTION('',(-1.,-6.04903497084E-16,5.553714385278E-16));
#3605 = ORIENTED_EDGE('',*,*,#3606,.F.);
#3606 = EDGE_CURVE('',#3607,#3599,#3609,.T.);
#3607 = VERTEX_POINT('',#3608);
#3608 = CARTESIAN_POINT('',(-6.209557821209,-3.,-0.198247949201));
#3609 = LINE('',#3610,#3611);
#3610 = CARTESIAN_POINT('',(-6.209557821209,-3.,-0.198247949201));
#3611 = VECTOR('',#3612,1.);
#3612 = DIRECTION('',(-6.661338147751E-16,1.,0.));
#3613 = ORIENTED_EDGE('',*,*,#3614,.T.);
#3614 = EDGE_CURVE('',#3607,#3576,#3615,.T.);
#3615 = LINE('',#3616,#3617);
#3616 = CARTESIAN_POINT('',(-6.209557821209,-3.,-0.198247949201));
#3617 = VECTOR('',#3618,1.);
#3618 = DIRECTION('',(-1.,-6.04903497084E-16,5.553714385278E-16));
#3619 = ORIENTED_EDGE('',*,*,#3575,.T.);
#3620 = PLANE('',#3621);
#3621 = AXIS2_PLACEMENT_3D('',#3622,#3623,#3624);
#3622 = CARTESIAN_POINT('',(-6.209557821209,-3.,-0.198247949201));
#3623 = DIRECTION('',(-5.553714385278E-16,-3.699516949636E-31,-1.));
#3624 = DIRECTION('',(1.,6.661338147751E-16,-5.553714385278E-16));
#3625 = ADVANCED_FACE('',(#3626),#3653,.T.);
#3626 = FACE_BOUND('',#3627,.T.);
#3627 = EDGE_LOOP('',(#3628,#3637,#3645,#3652));
#3628 = ORIENTED_EDGE('',*,*,#3629,.F.);
#3629 = EDGE_CURVE('',#3630,#3599,#3632,.T.);
#3630 = VERTEX_POINT('',#3631);
#3631 = CARTESIAN_POINT('',(-5.632275833135,-2.6,0.373853315374));
#3632 = CIRCLE('',#3633,0.577305445368);
#3633 = AXIS2_PLACEMENT_3D('',#3634,#3635,#3636);
#3634 = CARTESIAN_POINT('',(-6.209557821209,-2.6,0.379057496168));
#3635 = DIRECTION('',(-6.04903497084E-16,1.,0.));
#3636 = DIRECTION('',(1.,6.04903497084E-16,0.));
#3637 = ORIENTED_EDGE('',*,*,#3638,.F.);
#3638 = EDGE_CURVE('',#3639,#3630,#3641,.T.);
#3639 = VERTEX_POINT('',#3640);
#3640 = CARTESIAN_POINT('',(-5.632275833135,-3.,0.373853315374));
#3641 = LINE('',#3642,#3643);
#3642 = CARTESIAN_POINT('',(-5.632275833135,-3.,0.373853315374));
#3643 = VECTOR('',#3644,1.);
#3644 = DIRECTION('',(-6.661338147751E-16,1.,0.));
#3645 = ORIENTED_EDGE('',*,*,#3646,.T.);
#3646 = EDGE_CURVE('',#3639,#3607,#3647,.T.);
#3647 = CIRCLE('',#3648,0.577305445368);
#3648 = AXIS2_PLACEMENT_3D('',#3649,#3650,#3651);
#3649 = CARTESIAN_POINT('',(-6.209557821209,-3.,0.379057496168));
#3650 = DIRECTION('',(-6.04903497084E-16,1.,0.));
#3651 = DIRECTION('',(1.,6.04903497084E-16,0.));
#3652 = ORIENTED_EDGE('',*,*,#3606,.T.);
#3653 = CYLINDRICAL_SURFACE('',#3654,0.577305445368);
#3654 = AXIS2_PLACEMENT_3D('',#3655,#3656,#3657);
#3655 = CARTESIAN_POINT('',(-6.209557821209,-3.,0.379057496168));
#3656 = DIRECTION('',(-6.661338147751E-16,1.,0.));
#3657 = DIRECTION('',(0.,0.,1.));
#3658 = ADVANCED_FACE('',(#3659),#3684,.T.);
#3659 = FACE_BOUND('',#3660,.T.);
#3660 = EDGE_LOOP('',(#3661,#3669,#3677,#3683));
#3661 = ORIENTED_EDGE('',*,*,#3662,.F.);
#3662 = EDGE_CURVE('',#3663,#3630,#3665,.T.);
#3663 = VERTEX_POINT('',#3664);
#3664 = CARTESIAN_POINT('',(-5.62600713975,-2.6,1.069218046847));
#3665 = LINE('',#3666,#3667);
#3666 = CARTESIAN_POINT('',(-5.62600713975,-2.6,1.069218046847));
#3667 = VECTOR('',#3668,1.);
#3668 = DIRECTION('',(-9.014605414585E-03,-5.452966340115E-18,
    -0.999959367619));
#3669 = ORIENTED_EDGE('',*,*,#3670,.F.);
#3670 = EDGE_CURVE('',#3671,#3663,#3673,.T.);
#3671 = VERTEX_POINT('',#3672);
#3672 = CARTESIAN_POINT('',(-5.62600713975,-3.,1.069218046847));
#3673 = LINE('',#3674,#3675);
#3674 = CARTESIAN_POINT('',(-5.62600713975,-3.,1.069218046847));
#3675 = VECTOR('',#3676,1.);
#3676 = DIRECTION('',(-6.661338147751E-16,1.,0.));
#3677 = ORIENTED_EDGE('',*,*,#3678,.T.);
#3678 = EDGE_CURVE('',#3671,#3639,#3679,.T.);
#3679 = LINE('',#3680,#3681);
#3680 = CARTESIAN_POINT('',(-5.62600713975,-3.,1.069218046847));
#3681 = VECTOR('',#3682,1.);
#3682 = DIRECTION('',(-9.014605414585E-03,-5.452966340115E-18,
    -0.999959367619));
#3683 = ORIENTED_EDGE('',*,*,#3638,.T.);
#3684 = PLANE('',#3685);
#3685 = AXIS2_PLACEMENT_3D('',#3686,#3687,#3688);
#3686 = CARTESIAN_POINT('',(-5.62600713975,-3.,1.069218046847));
#3687 = DIRECTION('',(0.999959367619,6.661067481722E-16,
    -9.014605414585E-03));
#3688 = DIRECTION('',(9.014605414585E-03,6.00493349351E-18,
    0.999959367619));
#3689 = ADVANCED_FACE('',(#3690),#3717,.F.);
#3690 = FACE_BOUND('',#3691,.F.);
#3691 = EDGE_LOOP('',(#3692,#3693,#3702,#3710));
#3692 = ORIENTED_EDGE('',*,*,#3670,.F.);
#3693 = ORIENTED_EDGE('',*,*,#3694,.F.);
#3694 = EDGE_CURVE('',#3695,#3671,#3697,.T.);
#3695 = VERTEX_POINT('',#3696);
#3696 = CARTESIAN_POINT('',(-5.32842852147,-3.,1.36412609412));
#3697 = CIRCLE('',#3698,0.297590710099);
#3698 = AXIS2_PLACEMENT_3D('',#3699,#3700,#3701);
#3699 = CARTESIAN_POINT('',(-5.32842852147,-3.,1.06653538402));
#3700 = DIRECTION('',(6.04903497084E-16,-1.,0.));
#3701 = DIRECTION('',(1.,6.04903497084E-16,0.));
#3702 = ORIENTED_EDGE('',*,*,#3703,.T.);
#3703 = EDGE_CURVE('',#3695,#3704,#3706,.T.);
#3704 = VERTEX_POINT('',#3705);
#3705 = CARTESIAN_POINT('',(-5.32842852147,-2.6,1.36412609412));
#3706 = LINE('',#3707,#3708);
#3707 = CARTESIAN_POINT('',(-5.32842852147,-3.,1.36412609412));
#3708 = VECTOR('',#3709,1.);
#3709 = DIRECTION('',(-6.661338147751E-16,1.,0.));
#3710 = ORIENTED_EDGE('',*,*,#3711,.T.);
#3711 = EDGE_CURVE('',#3704,#3663,#3712,.T.);
#3712 = CIRCLE('',#3713,0.297590710099);
#3713 = AXIS2_PLACEMENT_3D('',#3714,#3715,#3716);
#3714 = CARTESIAN_POINT('',(-5.32842852147,-2.6,1.06653538402));
#3715 = DIRECTION('',(6.04903497084E-16,-1.,0.));
#3716 = DIRECTION('',(1.,6.04903497084E-16,0.));
#3717 = CYLINDRICAL_SURFACE('',#3718,0.297590710099);
#3718 = AXIS2_PLACEMENT_3D('',#3719,#3720,#3721);
#3719 = CARTESIAN_POINT('',(-5.32842852147,-3.,1.06653538402));
#3720 = DIRECTION('',(-6.661338147751E-16,1.,0.));
#3721 = DIRECTION('',(0.,0.,1.));
#3722 = ADVANCED_FACE('',(#3723),#3759,.T.);
#3723 = FACE_BOUND('',#3724,.T.);
#3724 = EDGE_LOOP('',(#3725,#3736,#3744,#3753));
#3725 = ORIENTED_EDGE('',*,*,#3726,.F.);
#3726 = EDGE_CURVE('',#3727,#3729,#3731,.T.);
#3727 = VERTEX_POINT('',#3728);
#3728 = CARTESIAN_POINT('',(-5.886163236004,-3.4,1.126693910204));
#3729 = VERTEX_POINT('',#3730);
#3730 = CARTESIAN_POINT('',(-5.406609645391,-3.4,1.586156570381));
#3731 = CIRCLE('',#3732,0.479992848817);
#3732 = AXIS2_PLACEMENT_3D('',#3733,#3734,#3735);
#3733 = CARTESIAN_POINT('',(-5.406609645391,-3.4,1.106163721564));
#3734 = DIRECTION('',(-6.04903497084E-16,1.,0.));
#3735 = DIRECTION('',(1.,6.04903497084E-16,0.));
#3736 = ORIENTED_EDGE('',*,*,#3737,.F.);
#3737 = EDGE_CURVE('',#3738,#3727,#3740,.T.);
#3738 = VERTEX_POINT('',#3739);
#3739 = CARTESIAN_POINT('',(-5.886163236004,-3.8,1.126693910204));
#3740 = LINE('',#3741,#3742);
#3741 = CARTESIAN_POINT('',(-5.886163236004,-3.8,1.126693910204));
#3742 = VECTOR('',#3743,1.);
#3743 = DIRECTION('',(-6.661338147751E-16,1.,0.));
#3744 = ORIENTED_EDGE('',*,*,#3745,.T.);
#3745 = EDGE_CURVE('',#3738,#3746,#3748,.T.);
#3746 = VERTEX_POINT('',#3747);
#3747 = CARTESIAN_POINT('',(-5.406609645391,-3.8,1.586156570381));
#3748 = CIRCLE('',#3749,0.479992848817);
#3749 = AXIS2_PLACEMENT_3D('',#3750,#3751,#3752);
#3750 = CARTESIAN_POINT('',(-5.406609645391,-3.8,1.106163721564));
#3751 = DIRECTION('',(-6.04903497084E-16,1.,0.));
#3752 = DIRECTION('',(1.,6.04903497084E-16,0.));
#3753 = ORIENTED_EDGE('',*,*,#3754,.T.);
#3754 = EDGE_CURVE('',#3746,#3729,#3755,.T.);
#3755 = LINE('',#3756,#3757);
#3756 = CARTESIAN_POINT('',(-5.406609645391,-3.8,1.586156570381));
#3757 = VECTOR('',#3758,1.);
#3758 = DIRECTION('',(-6.661338147751E-16,1.,0.));
#3759 = CYLINDRICAL_SURFACE('',#3760,0.479992848817);
#3760 = AXIS2_PLACEMENT_3D('',#3761,#3762,#3763);
#3761 = CARTESIAN_POINT('',(-5.406609645391,-3.8,1.106163721564));
#3762 = DIRECTION('',(-6.661338147751E-16,1.,0.));
#3763 = DIRECTION('',(0.,0.,1.));
#3764 = ADVANCED_FACE('',(#3765),#3790,.T.);
#3765 = FACE_BOUND('',#3766,.T.);
#3766 = EDGE_LOOP('',(#3767,#3775,#3783,#3789));
#3767 = ORIENTED_EDGE('',*,*,#3768,.F.);
#3768 = EDGE_CURVE('',#3769,#3727,#3771,.T.);
#3769 = VERTEX_POINT('',#3770);
#3770 = CARTESIAN_POINT('',(-5.921306132378,-3.4,0.305809970136));
#3771 = LINE('',#3772,#3773);
#3772 = CARTESIAN_POINT('',(-5.921306132378,-3.4,0.305809970136));
#3773 = VECTOR('',#3774,1.);
#3774 = DIRECTION('',(4.277186356053E-02,2.587284984456E-17,
    0.999084865108));
#3775 = ORIENTED_EDGE('',*,*,#3776,.F.);
#3776 = EDGE_CURVE('',#3777,#3769,#3779,.T.);
#3777 = VERTEX_POINT('',#3778);
#3778 = CARTESIAN_POINT('',(-5.921306132378,-3.8,0.305809970136));
#3779 = LINE('',#3780,#3781);
#3780 = CARTESIAN_POINT('',(-5.921306132378,-3.8,0.305809970136));
#3781 = VECTOR('',#3782,1.);
#3782 = DIRECTION('',(-6.661338147751E-16,1.,0.));
#3783 = ORIENTED_EDGE('',*,*,#3784,.T.);
#3784 = EDGE_CURVE('',#3777,#3738,#3785,.T.);
#3785 = LINE('',#3786,#3787);
#3786 = CARTESIAN_POINT('',(-5.921306132378,-3.8,0.305809970136));
#3787 = VECTOR('',#3788,1.);
#3788 = DIRECTION('',(4.277186356053E-02,2.587284984456E-17,
    0.999084865108));
#3789 = ORIENTED_EDGE('',*,*,#3737,.T.);
#3790 = PLANE('',#3791);
#3791 = AXIS2_PLACEMENT_3D('',#3792,#3793,#3794);
#3792 = CARTESIAN_POINT('',(-5.921306132378,-3.8,0.305809970136));
#3793 = DIRECTION('',(-0.999084865108,-6.655242124783E-16,
    4.277186356053E-02));
#3794 = DIRECTION('',(-4.277186356053E-02,-2.849178463861E-17,
    -0.999084865108));
#3795 = ADVANCED_FACE('',(#3796),#3823,.F.);
#3796 = FACE_BOUND('',#3797,.F.);
#3797 = EDGE_LOOP('',(#3798,#3799,#3808,#3816));
#3798 = ORIENTED_EDGE('',*,*,#3776,.F.);
#3799 = ORIENTED_EDGE('',*,*,#3800,.F.);
#3800 = EDGE_CURVE('',#3801,#3777,#3803,.T.);
#3801 = VERTEX_POINT('',#3802);
#3802 = CARTESIAN_POINT('',(-6.199589675214,-3.8,3.918513533714E-02));
#3803 = CIRCLE('',#3804,0.278538443083);
#3804 = AXIS2_PLACEMENT_3D('',#3805,#3806,#3807);
#3805 = CARTESIAN_POINT('',(-6.199589675214,-3.8,0.31772357842));
#3806 = DIRECTION('',(6.04903497084E-16,-1.,0.));
#3807 = DIRECTION('',(1.,6.04903497084E-16,0.));
#3808 = ORIENTED_EDGE('',*,*,#3809,.T.);
#3809 = EDGE_CURVE('',#3801,#3810,#3812,.T.);
#3810 = VERTEX_POINT('',#3811);
#3811 = CARTESIAN_POINT('',(-6.199589675214,-3.4,3.918513533714E-02));
#3812 = LINE('',#3813,#3814);
#3813 = CARTESIAN_POINT('',(-6.199589675214,-3.8,3.918513533714E-02));
#3814 = VECTOR('',#3815,1.);
#3815 = DIRECTION('',(-6.661338147751E-16,1.,0.));
#3816 = ORIENTED_EDGE('',*,*,#3817,.T.);
#3817 = EDGE_CURVE('',#3810,#3769,#3818,.T.);
#3818 = CIRCLE('',#3819,0.278538443083);
#3819 = AXIS2_PLACEMENT_3D('',#3820,#3821,#3822);
#3820 = CARTESIAN_POINT('',(-6.199589675214,-3.4,0.31772357842));
#3821 = DIRECTION('',(6.04903497084E-16,-1.,0.));
#3822 = DIRECTION('',(1.,6.04903497084E-16,0.));
#3823 = CYLINDRICAL_SURFACE('',#3824,0.278538443083);
#3824 = AXIS2_PLACEMENT_3D('',#3825,#3826,#3827);
#3825 = CARTESIAN_POINT('',(-6.199589675214,-3.8,0.31772357842));
#3826 = DIRECTION('',(-6.661338147751E-16,1.,0.));
#3827 = DIRECTION('',(0.,0.,1.));
#3828 = ADVANCED_FACE('',(#3829),#3854,.T.);
#3829 = FACE_BOUND('',#3830,.T.);
#3830 = EDGE_LOOP('',(#3831,#3839,#3847,#3853));
#3831 = ORIENTED_EDGE('',*,*,#3832,.F.);
#3832 = EDGE_CURVE('',#3833,#3810,#3835,.T.);
#3833 = VERTEX_POINT('',#3834);
#3834 = CARTESIAN_POINT('',(-6.6,-3.4,3.918513533714E-02));
#3835 = LINE('',#3836,#3837);
#3836 = CARTESIAN_POINT('',(-6.6,-3.4,3.918513533714E-02));
#3837 = VECTOR('',#3838,1.);
#3838 = DIRECTION('',(1.,6.04903497084E-16,-5.415455623248E-16));
#3839 = ORIENTED_EDGE('',*,*,#3840,.F.);
#3840 = EDGE_CURVE('',#3841,#3833,#3843,.T.);
#3841 = VERTEX_POINT('',#3842);
#3842 = CARTESIAN_POINT('',(-6.6,-3.8,3.918513533714E-02));
#3843 = LINE('',#3844,#3845);
#3844 = CARTESIAN_POINT('',(-6.6,-3.8,3.918513533714E-02));
#3845 = VECTOR('',#3846,1.);
#3846 = DIRECTION('',(-6.661338147751E-16,1.,0.));
#3847 = ORIENTED_EDGE('',*,*,#3848,.T.);
#3848 = EDGE_CURVE('',#3841,#3801,#3849,.T.);
#3849 = LINE('',#3850,#3851);
#3850 = CARTESIAN_POINT('',(-6.6,-3.8,3.918513533714E-02));
#3851 = VECTOR('',#3852,1.);
#3852 = DIRECTION('',(1.,6.04903497084E-16,-5.415455623248E-16));
#3853 = ORIENTED_EDGE('',*,*,#3809,.T.);
#3854 = PLANE('',#3855);
#3855 = AXIS2_PLACEMENT_3D('',#3856,#3857,#3858);
#3856 = CARTESIAN_POINT('',(-6.6,-3.8,3.918513533714E-02));
#3857 = DIRECTION('',(5.415455623248E-16,3.607418113059E-31,1.));
#3858 = DIRECTION('',(-1.,-6.661338147751E-16,5.415455623248E-16));
#3859 = ADVANCED_FACE('',(#3860),#3885,.T.);
#3860 = FACE_BOUND('',#3861,.T.);
#3861 = EDGE_LOOP('',(#3862,#3870,#3878,#3884));
#3862 = ORIENTED_EDGE('',*,*,#3863,.F.);
#3863 = EDGE_CURVE('',#3864,#3833,#3866,.T.);
#3864 = VERTEX_POINT('',#3865);
#3865 = CARTESIAN_POINT('',(-6.6,-3.4,-0.198247949201));
#3866 = LINE('',#3867,#3868);
#3867 = CARTESIAN_POINT('',(-6.6,-3.4,-0.198247949201));
#3868 = VECTOR('',#3869,1.);
#3869 = DIRECTION('',(0.,0.,1.));
#3870 = ORIENTED_EDGE('',*,*,#3871,.F.);
#3871 = EDGE_CURVE('',#3872,#3864,#3874,.T.);
#3872 = VERTEX_POINT('',#3873);
#3873 = CARTESIAN_POINT('',(-6.6,-3.8,-0.198247949201));
#3874 = LINE('',#3875,#3876);
#3875 = CARTESIAN_POINT('',(-6.6,-3.8,-0.198247949201));
#3876 = VECTOR('',#3877,1.);
#3877 = DIRECTION('',(-6.661338147751E-16,1.,0.));
#3878 = ORIENTED_EDGE('',*,*,#3879,.T.);
#3879 = EDGE_CURVE('',#3872,#3841,#3880,.T.);
#3880 = LINE('',#3881,#3882);
#3881 = CARTESIAN_POINT('',(-6.6,-3.8,-0.198247949201));
#3882 = VECTOR('',#3883,1.);
#3883 = DIRECTION('',(0.,0.,1.));
#3884 = ORIENTED_EDGE('',*,*,#3840,.T.);
#3885 = PLANE('',#3886);
#3886 = AXIS2_PLACEMENT_3D('',#3887,#3888,#3889);
#3887 = CARTESIAN_POINT('',(-6.6,-3.8,-0.198247949201));
#3888 = DIRECTION('',(-1.,-6.661338147751E-16,0.));
#3889 = DIRECTION('',(0.,0.,-1.));
#3890 = ADVANCED_FACE('',(#3891),#3916,.T.);
#3891 = FACE_BOUND('',#3892,.T.);
#3892 = EDGE_LOOP('',(#3893,#3901,#3909,#3915));
#3893 = ORIENTED_EDGE('',*,*,#3894,.F.);
#3894 = EDGE_CURVE('',#3895,#3864,#3897,.T.);
#3895 = VERTEX_POINT('',#3896);
#3896 = CARTESIAN_POINT('',(-6.209557821209,-3.4,-0.198247949201));
#3897 = LINE('',#3898,#3899);
#3898 = CARTESIAN_POINT('',(-6.209557821209,-3.4,-0.198247949201));
#3899 = VECTOR('',#3900,1.);
#3900 = DIRECTION('',(-1.,-6.04903497084E-16,5.553714385278E-16));
#3901 = ORIENTED_EDGE('',*,*,#3902,.F.);
#3902 = EDGE_CURVE('',#3903,#3895,#3905,.T.);
#3903 = VERTEX_POINT('',#3904);
#3904 = CARTESIAN_POINT('',(-6.209557821209,-3.8,-0.198247949201));
#3905 = LINE('',#3906,#3907);
#3906 = CARTESIAN_POINT('',(-6.209557821209,-3.8,-0.198247949201));
#3907 = VECTOR('',#3908,1.);
#3908 = DIRECTION('',(-6.661338147751E-16,1.,0.));
#3909 = ORIENTED_EDGE('',*,*,#3910,.T.);
#3910 = EDGE_CURVE('',#3903,#3872,#3911,.T.);
#3911 = LINE('',#3912,#3913);
#3912 = CARTESIAN_POINT('',(-6.209557821209,-3.8,-0.198247949201));
#3913 = VECTOR('',#3914,1.);
#3914 = DIRECTION('',(-1.,-6.04903497084E-16,5.553714385278E-16));
#3915 = ORIENTED_EDGE('',*,*,#3871,.T.);
#3916 = PLANE('',#3917);
#3917 = AXIS2_PLACEMENT_3D('',#3918,#3919,#3920);
#3918 = CARTESIAN_POINT('',(-6.209557821209,-3.8,-0.198247949201));
#3919 = DIRECTION('',(-5.553714385278E-16,-3.699516949636E-31,-1.));
#3920 = DIRECTION('',(1.,6.661338147751E-16,-5.553714385278E-16));
#3921 = ADVANCED_FACE('',(#3922),#3949,.T.);
#3922 = FACE_BOUND('',#3923,.T.);
#3923 = EDGE_LOOP('',(#3924,#3933,#3941,#3948));
#3924 = ORIENTED_EDGE('',*,*,#3925,.F.);
#3925 = EDGE_CURVE('',#3926,#3895,#3928,.T.);
#3926 = VERTEX_POINT('',#3927);
#3927 = CARTESIAN_POINT('',(-5.632275833135,-3.4,0.373853315374));
#3928 = CIRCLE('',#3929,0.577305445368);
#3929 = AXIS2_PLACEMENT_3D('',#3930,#3931,#3932);
#3930 = CARTESIAN_POINT('',(-6.209557821209,-3.4,0.379057496168));
#3931 = DIRECTION('',(-6.04903497084E-16,1.,0.));
#3932 = DIRECTION('',(1.,6.04903497084E-16,0.));
#3933 = ORIENTED_EDGE('',*,*,#3934,.F.);
#3934 = EDGE_CURVE('',#3935,#3926,#3937,.T.);
#3935 = VERTEX_POINT('',#3936);
#3936 = CARTESIAN_POINT('',(-5.632275833135,-3.8,0.373853315374));
#3937 = LINE('',#3938,#3939);
#3938 = CARTESIAN_POINT('',(-5.632275833135,-3.8,0.373853315374));
#3939 = VECTOR('',#3940,1.);
#3940 = DIRECTION('',(-6.661338147751E-16,1.,0.));
#3941 = ORIENTED_EDGE('',*,*,#3942,.T.);
#3942 = EDGE_CURVE('',#3935,#3903,#3943,.T.);
#3943 = CIRCLE('',#3944,0.577305445368);
#3944 = AXIS2_PLACEMENT_3D('',#3945,#3946,#3947);
#3945 = CARTESIAN_POINT('',(-6.209557821209,-3.8,0.379057496168));
#3946 = DIRECTION('',(-6.04903497084E-16,1.,0.));
#3947 = DIRECTION('',(1.,6.04903497084E-16,0.));
#3948 = ORIENTED_EDGE('',*,*,#3902,.T.);
#3949 = CYLINDRICAL_SURFACE('',#3950,0.577305445368);
#3950 = AXIS2_PLACEMENT_3D('',#3951,#3952,#3953);
#3951 = CARTESIAN_POINT('',(-6.209557821209,-3.8,0.379057496168));
#3952 = DIRECTION('',(-6.661338147751E-16,1.,0.));
#3953 = DIRECTION('',(0.,0.,1.));
#3954 = ADVANCED_FACE('',(#3955),#3980,.T.);
#3955 = FACE_BOUND('',#3956,.T.);
#3956 = EDGE_LOOP('',(#3957,#3965,#3973,#3979));
#3957 = ORIENTED_EDGE('',*,*,#3958,.F.);
#3958 = EDGE_CURVE('',#3959,#3926,#3961,.T.);
#3959 = VERTEX_POINT('',#3960);
#3960 = CARTESIAN_POINT('',(-5.62600713975,-3.4,1.069218046847));
#3961 = LINE('',#3962,#3963);
#3962 = CARTESIAN_POINT('',(-5.62600713975,-3.4,1.069218046847));
#3963 = VECTOR('',#3964,1.);
#3964 = DIRECTION('',(-9.014605414585E-03,-5.452966340115E-18,
    -0.999959367619));
#3965 = ORIENTED_EDGE('',*,*,#3966,.F.);
#3966 = EDGE_CURVE('',#3967,#3959,#3969,.T.);
#3967 = VERTEX_POINT('',#3968);
#3968 = CARTESIAN_POINT('',(-5.62600713975,-3.8,1.069218046847));
#3969 = LINE('',#3970,#3971);
#3970 = CARTESIAN_POINT('',(-5.62600713975,-3.8,1.069218046847));
#3971 = VECTOR('',#3972,1.);
#3972 = DIRECTION('',(-6.661338147751E-16,1.,0.));
#3973 = ORIENTED_EDGE('',*,*,#3974,.T.);
#3974 = EDGE_CURVE('',#3967,#3935,#3975,.T.);
#3975 = LINE('',#3976,#3977);
#3976 = CARTESIAN_POINT('',(-5.62600713975,-3.8,1.069218046847));
#3977 = VECTOR('',#3978,1.);
#3978 = DIRECTION('',(-9.014605414585E-03,-5.452966340115E-18,
    -0.999959367619));
#3979 = ORIENTED_EDGE('',*,*,#3934,.T.);
#3980 = PLANE('',#3981);
#3981 = AXIS2_PLACEMENT_3D('',#3982,#3983,#3984);
#3982 = CARTESIAN_POINT('',(-5.62600713975,-3.8,1.069218046847));
#3983 = DIRECTION('',(0.999959367619,6.661067481722E-16,
    -9.014605414585E-03));
#3984 = DIRECTION('',(9.014605414585E-03,6.00493349351E-18,
    0.999959367619));
#3985 = ADVANCED_FACE('',(#3986),#4013,.F.);
#3986 = FACE_BOUND('',#3987,.F.);
#3987 = EDGE_LOOP('',(#3988,#3989,#3998,#4006));
#3988 = ORIENTED_EDGE('',*,*,#3966,.F.);
#3989 = ORIENTED_EDGE('',*,*,#3990,.F.);
#3990 = EDGE_CURVE('',#3991,#3967,#3993,.T.);
#3991 = VERTEX_POINT('',#3992);
#3992 = CARTESIAN_POINT('',(-5.32842852147,-3.8,1.36412609412));
#3993 = CIRCLE('',#3994,0.297590710099);
#3994 = AXIS2_PLACEMENT_3D('',#3995,#3996,#3997);
#3995 = CARTESIAN_POINT('',(-5.32842852147,-3.8,1.06653538402));
#3996 = DIRECTION('',(6.04903497084E-16,-1.,0.));
#3997 = DIRECTION('',(1.,6.04903497084E-16,0.));
#3998 = ORIENTED_EDGE('',*,*,#3999,.T.);
#3999 = EDGE_CURVE('',#3991,#4000,#4002,.T.);
#4000 = VERTEX_POINT('',#4001);
#4001 = CARTESIAN_POINT('',(-5.32842852147,-3.4,1.36412609412));
#4002 = LINE('',#4003,#4004);
#4003 = CARTESIAN_POINT('',(-5.32842852147,-3.8,1.36412609412));
#4004 = VECTOR('',#4005,1.);
#4005 = DIRECTION('',(-6.661338147751E-16,1.,0.));
#4006 = ORIENTED_EDGE('',*,*,#4007,.T.);
#4007 = EDGE_CURVE('',#4000,#3959,#4008,.T.);
#4008 = CIRCLE('',#4009,0.297590710099);
#4009 = AXIS2_PLACEMENT_3D('',#4010,#4011,#4012);
#4010 = CARTESIAN_POINT('',(-5.32842852147,-3.4,1.06653538402));
#4011 = DIRECTION('',(6.04903497084E-16,-1.,0.));
#4012 = DIRECTION('',(1.,6.04903497084E-16,0.));
#4013 = CYLINDRICAL_SURFACE('',#4014,0.297590710099);
#4014 = AXIS2_PLACEMENT_3D('',#4015,#4016,#4017);
#4015 = CARTESIAN_POINT('',(-5.32842852147,-3.8,1.06653538402));
#4016 = DIRECTION('',(-6.661338147751E-16,1.,0.));
#4017 = DIRECTION('',(0.,0.,1.));
#4018 = ADVANCED_FACE('',(#4019),#4055,.T.);
#4019 = FACE_BOUND('',#4020,.T.);
#4020 = EDGE_LOOP('',(#4021,#4032,#4040,#4049));
#4021 = ORIENTED_EDGE('',*,*,#4022,.F.);
#4022 = EDGE_CURVE('',#4023,#4025,#4027,.T.);
#4023 = VERTEX_POINT('',#4024);
#4024 = CARTESIAN_POINT('',(-5.886163236004,-4.2,1.126693910204));
#4025 = VERTEX_POINT('',#4026);
#4026 = CARTESIAN_POINT('',(-5.406609645391,-4.2,1.586156570381));
#4027 = CIRCLE('',#4028,0.479992848817);
#4028 = AXIS2_PLACEMENT_3D('',#4029,#4030,#4031);
#4029 = CARTESIAN_POINT('',(-5.406609645391,-4.2,1.106163721564));
#4030 = DIRECTION('',(-6.04903497084E-16,1.,0.));
#4031 = DIRECTION('',(1.,6.04903497084E-16,0.));
#4032 = ORIENTED_EDGE('',*,*,#4033,.F.);
#4033 = EDGE_CURVE('',#4034,#4023,#4036,.T.);
#4034 = VERTEX_POINT('',#4035);
#4035 = CARTESIAN_POINT('',(-5.886163236004,-4.6,1.126693910204));
#4036 = LINE('',#4037,#4038);
#4037 = CARTESIAN_POINT('',(-5.886163236004,-4.6,1.126693910204));
#4038 = VECTOR('',#4039,1.);
#4039 = DIRECTION('',(-6.661338147751E-16,1.,0.));
#4040 = ORIENTED_EDGE('',*,*,#4041,.T.);
#4041 = EDGE_CURVE('',#4034,#4042,#4044,.T.);
#4042 = VERTEX_POINT('',#4043);
#4043 = CARTESIAN_POINT('',(-5.406609645391,-4.6,1.586156570381));
#4044 = CIRCLE('',#4045,0.479992848817);
#4045 = AXIS2_PLACEMENT_3D('',#4046,#4047,#4048);
#4046 = CARTESIAN_POINT('',(-5.406609645391,-4.6,1.106163721564));
#4047 = DIRECTION('',(-6.04903497084E-16,1.,0.));
#4048 = DIRECTION('',(1.,6.04903497084E-16,0.));
#4049 = ORIENTED_EDGE('',*,*,#4050,.T.);
#4050 = EDGE_CURVE('',#4042,#4025,#4051,.T.);
#4051 = LINE('',#4052,#4053);
#4052 = CARTESIAN_POINT('',(-5.406609645391,-4.6,1.586156570381));
#4053 = VECTOR('',#4054,1.);
#4054 = DIRECTION('',(-6.661338147751E-16,1.,0.));
#4055 = CYLINDRICAL_SURFACE('',#4056,0.479992848817);
#4056 = AXIS2_PLACEMENT_3D('',#4057,#4058,#4059);
#4057 = CARTESIAN_POINT('',(-5.406609645391,-4.6,1.106163721564));
#4058 = DIRECTION('',(-6.661338147751E-16,1.,0.));
#4059 = DIRECTION('',(0.,0.,1.));
#4060 = ADVANCED_FACE('',(#4061),#4086,.T.);
#4061 = FACE_BOUND('',#4062,.T.);
#4062 = EDGE_LOOP('',(#4063,#4071,#4079,#4085));
#4063 = ORIENTED_EDGE('',*,*,#4064,.F.);
#4064 = EDGE_CURVE('',#4065,#4023,#4067,.T.);
#4065 = VERTEX_POINT('',#4066);
#4066 = CARTESIAN_POINT('',(-5.921306132378,-4.2,0.305809970136));
#4067 = LINE('',#4068,#4069);
#4068 = CARTESIAN_POINT('',(-5.921306132378,-4.2,0.305809970136));
#4069 = VECTOR('',#4070,1.);
#4070 = DIRECTION('',(4.277186356053E-02,2.587284984456E-17,
    0.999084865108));
#4071 = ORIENTED_EDGE('',*,*,#4072,.F.);
#4072 = EDGE_CURVE('',#4073,#4065,#4075,.T.);
#4073 = VERTEX_POINT('',#4074);
#4074 = CARTESIAN_POINT('',(-5.921306132378,-4.6,0.305809970136));
#4075 = LINE('',#4076,#4077);
#4076 = CARTESIAN_POINT('',(-5.921306132378,-4.6,0.305809970136));
#4077 = VECTOR('',#4078,1.);
#4078 = DIRECTION('',(-6.661338147751E-16,1.,0.));
#4079 = ORIENTED_EDGE('',*,*,#4080,.T.);
#4080 = EDGE_CURVE('',#4073,#4034,#4081,.T.);
#4081 = LINE('',#4082,#4083);
#4082 = CARTESIAN_POINT('',(-5.921306132378,-4.6,0.305809970136));
#4083 = VECTOR('',#4084,1.);
#4084 = DIRECTION('',(4.277186356053E-02,2.587284984456E-17,
    0.999084865108));
#4085 = ORIENTED_EDGE('',*,*,#4033,.T.);
#4086 = PLANE('',#4087);
#4087 = AXIS2_PLACEMENT_3D('',#4088,#4089,#4090);
#4088 = CARTESIAN_POINT('',(-5.921306132378,-4.6,0.305809970136));
#4089 = DIRECTION('',(-0.999084865108,-6.655242124783E-16,
    4.277186356053E-02));
#4090 = DIRECTION('',(-4.277186356053E-02,-2.849178463861E-17,
    -0.999084865108));
#4091 = ADVANCED_FACE('',(#4092),#4119,.F.);
#4092 = FACE_BOUND('',#4093,.F.);
#4093 = EDGE_LOOP('',(#4094,#4095,#4104,#4112));
#4094 = ORIENTED_EDGE('',*,*,#4072,.F.);
#4095 = ORIENTED_EDGE('',*,*,#4096,.F.);
#4096 = EDGE_CURVE('',#4097,#4073,#4099,.T.);
#4097 = VERTEX_POINT('',#4098);
#4098 = CARTESIAN_POINT('',(-6.199589675214,-4.6,3.918513533714E-02));
#4099 = CIRCLE('',#4100,0.278538443083);
#4100 = AXIS2_PLACEMENT_3D('',#4101,#4102,#4103);
#4101 = CARTESIAN_POINT('',(-6.199589675214,-4.6,0.31772357842));
#4102 = DIRECTION('',(6.04903497084E-16,-1.,0.));
#4103 = DIRECTION('',(1.,6.04903497084E-16,0.));
#4104 = ORIENTED_EDGE('',*,*,#4105,.T.);
#4105 = EDGE_CURVE('',#4097,#4106,#4108,.T.);
#4106 = VERTEX_POINT('',#4107);
#4107 = CARTESIAN_POINT('',(-6.199589675214,-4.2,3.918513533714E-02));
#4108 = LINE('',#4109,#4110);
#4109 = CARTESIAN_POINT('',(-6.199589675214,-4.6,3.918513533714E-02));
#4110 = VECTOR('',#4111,1.);
#4111 = DIRECTION('',(-6.661338147751E-16,1.,0.));
#4112 = ORIENTED_EDGE('',*,*,#4113,.T.);
#4113 = EDGE_CURVE('',#4106,#4065,#4114,.T.);
#4114 = CIRCLE('',#4115,0.278538443083);
#4115 = AXIS2_PLACEMENT_3D('',#4116,#4117,#4118);
#4116 = CARTESIAN_POINT('',(-6.199589675214,-4.2,0.31772357842));
#4117 = DIRECTION('',(6.04903497084E-16,-1.,0.));
#4118 = DIRECTION('',(1.,6.04903497084E-16,0.));
#4119 = CYLINDRICAL_SURFACE('',#4120,0.278538443083);
#4120 = AXIS2_PLACEMENT_3D('',#4121,#4122,#4123);
#4121 = CARTESIAN_POINT('',(-6.199589675214,-4.6,0.31772357842));
#4122 = DIRECTION('',(-6.661338147751E-16,1.,0.));
#4123 = DIRECTION('',(0.,0.,1.));
#4124 = ADVANCED_FACE('',(#4125),#4150,.T.);
#4125 = FACE_BOUND('',#4126,.T.);
#4126 = EDGE_LOOP('',(#4127,#4135,#4143,#4149));
#4127 = ORIENTED_EDGE('',*,*,#4128,.F.);
#4128 = EDGE_CURVE('',#4129,#4106,#4131,.T.);
#4129 = VERTEX_POINT('',#4130);
#4130 = CARTESIAN_POINT('',(-6.6,-4.2,3.918513533714E-02));
#4131 = LINE('',#4132,#4133);
#4132 = CARTESIAN_POINT('',(-6.6,-4.2,3.918513533714E-02));
#4133 = VECTOR('',#4134,1.);
#4134 = DIRECTION('',(1.,6.04903497084E-16,-5.415455623248E-16));
#4135 = ORIENTED_EDGE('',*,*,#4136,.F.);
#4136 = EDGE_CURVE('',#4137,#4129,#4139,.T.);
#4137 = VERTEX_POINT('',#4138);
#4138 = CARTESIAN_POINT('',(-6.6,-4.6,3.918513533714E-02));
#4139 = LINE('',#4140,#4141);
#4140 = CARTESIAN_POINT('',(-6.6,-4.6,3.918513533714E-02));
#4141 = VECTOR('',#4142,1.);
#4142 = DIRECTION('',(-6.661338147751E-16,1.,0.));
#4143 = ORIENTED_EDGE('',*,*,#4144,.T.);
#4144 = EDGE_CURVE('',#4137,#4097,#4145,.T.);
#4145 = LINE('',#4146,#4147);
#4146 = CARTESIAN_POINT('',(-6.6,-4.6,3.918513533714E-02));
#4147 = VECTOR('',#4148,1.);
#4148 = DIRECTION('',(1.,6.04903497084E-16,-5.415455623248E-16));
#4149 = ORIENTED_EDGE('',*,*,#4105,.T.);
#4150 = PLANE('',#4151);
#4151 = AXIS2_PLACEMENT_3D('',#4152,#4153,#4154);
#4152 = CARTESIAN_POINT('',(-6.6,-4.6,3.918513533714E-02));
#4153 = DIRECTION('',(5.415455623248E-16,3.607418113059E-31,1.));
#4154 = DIRECTION('',(-1.,-6.661338147751E-16,5.415455623248E-16));
#4155 = ADVANCED_FACE('',(#4156),#4181,.T.);
#4156 = FACE_BOUND('',#4157,.T.);
#4157 = EDGE_LOOP('',(#4158,#4166,#4174,#4180));
#4158 = ORIENTED_EDGE('',*,*,#4159,.F.);
#4159 = EDGE_CURVE('',#4160,#4129,#4162,.T.);
#4160 = VERTEX_POINT('',#4161);
#4161 = CARTESIAN_POINT('',(-6.6,-4.2,-0.198247949201));
#4162 = LINE('',#4163,#4164);
#4163 = CARTESIAN_POINT('',(-6.6,-4.2,-0.198247949201));
#4164 = VECTOR('',#4165,1.);
#4165 = DIRECTION('',(0.,0.,1.));
#4166 = ORIENTED_EDGE('',*,*,#4167,.F.);
#4167 = EDGE_CURVE('',#4168,#4160,#4170,.T.);
#4168 = VERTEX_POINT('',#4169);
#4169 = CARTESIAN_POINT('',(-6.6,-4.6,-0.198247949201));
#4170 = LINE('',#4171,#4172);
#4171 = CARTESIAN_POINT('',(-6.6,-4.6,-0.198247949201));
#4172 = VECTOR('',#4173,1.);
#4173 = DIRECTION('',(-6.661338147751E-16,1.,0.));
#4174 = ORIENTED_EDGE('',*,*,#4175,.T.);
#4175 = EDGE_CURVE('',#4168,#4137,#4176,.T.);
#4176 = LINE('',#4177,#4178);
#4177 = CARTESIAN_POINT('',(-6.6,-4.6,-0.198247949201));
#4178 = VECTOR('',#4179,1.);
#4179 = DIRECTION('',(0.,0.,1.));
#4180 = ORIENTED_EDGE('',*,*,#4136,.T.);
#4181 = PLANE('',#4182);
#4182 = AXIS2_PLACEMENT_3D('',#4183,#4184,#4185);
#4183 = CARTESIAN_POINT('',(-6.6,-4.6,-0.198247949201));
#4184 = DIRECTION('',(-1.,-6.661338147751E-16,0.));
#4185 = DIRECTION('',(0.,0.,-1.));
#4186 = ADVANCED_FACE('',(#4187),#4212,.T.);
#4187 = FACE_BOUND('',#4188,.T.);
#4188 = EDGE_LOOP('',(#4189,#4197,#4205,#4211));
#4189 = ORIENTED_EDGE('',*,*,#4190,.F.);
#4190 = EDGE_CURVE('',#4191,#4160,#4193,.T.);
#4191 = VERTEX_POINT('',#4192);
#4192 = CARTESIAN_POINT('',(-6.209557821209,-4.2,-0.198247949201));
#4193 = LINE('',#4194,#4195);
#4194 = CARTESIAN_POINT('',(-6.209557821209,-4.2,-0.198247949201));
#4195 = VECTOR('',#4196,1.);
#4196 = DIRECTION('',(-1.,-6.04903497084E-16,5.553714385278E-16));
#4197 = ORIENTED_EDGE('',*,*,#4198,.F.);
#4198 = EDGE_CURVE('',#4199,#4191,#4201,.T.);
#4199 = VERTEX_POINT('',#4200);
#4200 = CARTESIAN_POINT('',(-6.209557821209,-4.6,-0.198247949201));
#4201 = LINE('',#4202,#4203);
#4202 = CARTESIAN_POINT('',(-6.209557821209,-4.6,-0.198247949201));
#4203 = VECTOR('',#4204,1.);
#4204 = DIRECTION('',(-6.661338147751E-16,1.,0.));
#4205 = ORIENTED_EDGE('',*,*,#4206,.T.);
#4206 = EDGE_CURVE('',#4199,#4168,#4207,.T.);
#4207 = LINE('',#4208,#4209);
#4208 = CARTESIAN_POINT('',(-6.209557821209,-4.6,-0.198247949201));
#4209 = VECTOR('',#4210,1.);
#4210 = DIRECTION('',(-1.,-6.04903497084E-16,5.553714385278E-16));
#4211 = ORIENTED_EDGE('',*,*,#4167,.T.);
#4212 = PLANE('',#4213);
#4213 = AXIS2_PLACEMENT_3D('',#4214,#4215,#4216);
#4214 = CARTESIAN_POINT('',(-6.209557821209,-4.6,-0.198247949201));
#4215 = DIRECTION('',(-5.553714385278E-16,-3.699516949636E-31,-1.));
#4216 = DIRECTION('',(1.,6.661338147751E-16,-5.553714385278E-16));
#4217 = ADVANCED_FACE('',(#4218),#4245,.T.);
#4218 = FACE_BOUND('',#4219,.T.);
#4219 = EDGE_LOOP('',(#4220,#4229,#4237,#4244));
#4220 = ORIENTED_EDGE('',*,*,#4221,.F.);
#4221 = EDGE_CURVE('',#4222,#4191,#4224,.T.);
#4222 = VERTEX_POINT('',#4223);
#4223 = CARTESIAN_POINT('',(-5.632275833135,-4.2,0.373853315374));
#4224 = CIRCLE('',#4225,0.577305445368);
#4225 = AXIS2_PLACEMENT_3D('',#4226,#4227,#4228);
#4226 = CARTESIAN_POINT('',(-6.209557821209,-4.2,0.379057496168));
#4227 = DIRECTION('',(-6.04903497084E-16,1.,0.));
#4228 = DIRECTION('',(1.,6.04903497084E-16,0.));
#4229 = ORIENTED_EDGE('',*,*,#4230,.F.);
#4230 = EDGE_CURVE('',#4231,#4222,#4233,.T.);
#4231 = VERTEX_POINT('',#4232);
#4232 = CARTESIAN_POINT('',(-5.632275833135,-4.6,0.373853315374));
#4233 = LINE('',#4234,#4235);
#4234 = CARTESIAN_POINT('',(-5.632275833135,-4.6,0.373853315374));
#4235 = VECTOR('',#4236,1.);
#4236 = DIRECTION('',(-6.661338147751E-16,1.,0.));
#4237 = ORIENTED_EDGE('',*,*,#4238,.T.);
#4238 = EDGE_CURVE('',#4231,#4199,#4239,.T.);
#4239 = CIRCLE('',#4240,0.577305445368);
#4240 = AXIS2_PLACEMENT_3D('',#4241,#4242,#4243);
#4241 = CARTESIAN_POINT('',(-6.209557821209,-4.6,0.379057496168));
#4242 = DIRECTION('',(-6.04903497084E-16,1.,0.));
#4243 = DIRECTION('',(1.,6.04903497084E-16,0.));
#4244 = ORIENTED_EDGE('',*,*,#4198,.T.);
#4245 = CYLINDRICAL_SURFACE('',#4246,0.577305445368);
#4246 = AXIS2_PLACEMENT_3D('',#4247,#4248,#4249);
#4247 = CARTESIAN_POINT('',(-6.209557821209,-4.6,0.379057496168));
#4248 = DIRECTION('',(-6.661338147751E-16,1.,0.));
#4249 = DIRECTION('',(0.,0.,1.));
#4250 = ADVANCED_FACE('',(#4251),#4276,.T.);
#4251 = FACE_BOUND('',#4252,.T.);
#4252 = EDGE_LOOP('',(#4253,#4261,#4269,#4275));
#4253 = ORIENTED_EDGE('',*,*,#4254,.F.);
#4254 = EDGE_CURVE('',#4255,#4222,#4257,.T.);
#4255 = VERTEX_POINT('',#4256);
#4256 = CARTESIAN_POINT('',(-5.62600713975,-4.2,1.069218046847));
#4257 = LINE('',#4258,#4259);
#4258 = CARTESIAN_POINT('',(-5.62600713975,-4.2,1.069218046847));
#4259 = VECTOR('',#4260,1.);
#4260 = DIRECTION('',(-9.014605414585E-03,-5.452966340115E-18,
    -0.999959367619));
#4261 = ORIENTED_EDGE('',*,*,#4262,.F.);
#4262 = EDGE_CURVE('',#4263,#4255,#4265,.T.);
#4263 = VERTEX_POINT('',#4264);
#4264 = CARTESIAN_POINT('',(-5.62600713975,-4.6,1.069218046847));
#4265 = LINE('',#4266,#4267);
#4266 = CARTESIAN_POINT('',(-5.62600713975,-4.6,1.069218046847));
#4267 = VECTOR('',#4268,1.);
#4268 = DIRECTION('',(-6.661338147751E-16,1.,0.));
#4269 = ORIENTED_EDGE('',*,*,#4270,.T.);
#4270 = EDGE_CURVE('',#4263,#4231,#4271,.T.);
#4271 = LINE('',#4272,#4273);
#4272 = CARTESIAN_POINT('',(-5.62600713975,-4.6,1.069218046847));
#4273 = VECTOR('',#4274,1.);
#4274 = DIRECTION('',(-9.014605414585E-03,-5.452966340115E-18,
    -0.999959367619));
#4275 = ORIENTED_EDGE('',*,*,#4230,.T.);
#4276 = PLANE('',#4277);
#4277 = AXIS2_PLACEMENT_3D('',#4278,#4279,#4280);
#4278 = CARTESIAN_POINT('',(-5.62600713975,-4.6,1.069218046847));
#4279 = DIRECTION('',(0.999959367619,6.661067481722E-16,
    -9.014605414585E-03));
#4280 = DIRECTION('',(9.014605414585E-03,6.00493349351E-18,
    0.999959367619));
#4281 = ADVANCED_FACE('',(#4282),#4309,.F.);
#4282 = FACE_BOUND('',#4283,.F.);
#4283 = EDGE_LOOP('',(#4284,#4285,#4294,#4302));
#4284 = ORIENTED_EDGE('',*,*,#4262,.F.);
#4285 = ORIENTED_EDGE('',*,*,#4286,.F.);
#4286 = EDGE_CURVE('',#4287,#4263,#4289,.T.);
#4287 = VERTEX_POINT('',#4288);
#4288 = CARTESIAN_POINT('',(-5.32842852147,-4.6,1.36412609412));
#4289 = CIRCLE('',#4290,0.297590710099);
#4290 = AXIS2_PLACEMENT_3D('',#4291,#4292,#4293);
#4291 = CARTESIAN_POINT('',(-5.32842852147,-4.6,1.06653538402));
#4292 = DIRECTION('',(6.04903497084E-16,-1.,0.));
#4293 = DIRECTION('',(1.,6.04903497084E-16,0.));
#4294 = ORIENTED_EDGE('',*,*,#4295,.T.);
#4295 = EDGE_CURVE('',#4287,#4296,#4298,.T.);
#4296 = VERTEX_POINT('',#4297);
#4297 = CARTESIAN_POINT('',(-5.32842852147,-4.2,1.36412609412));
#4298 = LINE('',#4299,#4300);
#4299 = CARTESIAN_POINT('',(-5.32842852147,-4.6,1.36412609412));
#4300 = VECTOR('',#4301,1.);
#4301 = DIRECTION('',(-6.661338147751E-16,1.,0.));
#4302 = ORIENTED_EDGE('',*,*,#4303,.T.);
#4303 = EDGE_CURVE('',#4296,#4255,#4304,.T.);
#4304 = CIRCLE('',#4305,0.297590710099);
#4305 = AXIS2_PLACEMENT_3D('',#4306,#4307,#4308);
#4306 = CARTESIAN_POINT('',(-5.32842852147,-4.2,1.06653538402));
#4307 = DIRECTION('',(6.04903497084E-16,-1.,0.));
#4308 = DIRECTION('',(1.,6.04903497084E-16,0.));
#4309 = CYLINDRICAL_SURFACE('',#4310,0.297590710099);
#4310 = AXIS2_PLACEMENT_3D('',#4311,#4312,#4313);
#4311 = CARTESIAN_POINT('',(-5.32842852147,-4.6,1.06653538402));
#4312 = DIRECTION('',(-6.661338147751E-16,1.,0.));
#4313 = DIRECTION('',(0.,0.,1.));
#4314 = ADVANCED_FACE('',(#4315),#4351,.F.);
#4315 = FACE_BOUND('',#4316,.F.);
#4316 = EDGE_LOOP('',(#4317,#4327,#4336,#4344));
#4317 = ORIENTED_EDGE('',*,*,#4318,.F.);
#4318 = EDGE_CURVE('',#4319,#4321,#4323,.T.);
#4319 = VERTEX_POINT('',#4320);
#4320 = CARTESIAN_POINT('',(5.32842852147,4.2,1.36412609412));
#4321 = VERTEX_POINT('',#4322);
#4322 = CARTESIAN_POINT('',(5.32842852147,4.6,1.36412609412));
#4323 = LINE('',#4324,#4325);
#4324 = CARTESIAN_POINT('',(5.32842852147,4.2,1.36412609412));
#4325 = VECTOR('',#4326,1.);
#4326 = DIRECTION('',(-6.661338147751E-16,1.,0.));
#4327 = ORIENTED_EDGE('',*,*,#4328,.T.);
#4328 = EDGE_CURVE('',#4319,#4329,#4331,.T.);
#4329 = VERTEX_POINT('',#4330);
#4330 = CARTESIAN_POINT('',(5.62600713975,4.2,1.069218046847));
#4331 = CIRCLE('',#4332,0.297590710099);
#4332 = AXIS2_PLACEMENT_3D('',#4333,#4334,#4335);
#4333 = CARTESIAN_POINT('',(5.32842852147,4.2,1.06653538402));
#4334 = DIRECTION('',(-6.04903497084E-16,1.,0.));
#4335 = DIRECTION('',(1.,6.04903497084E-16,0.));
#4336 = ORIENTED_EDGE('',*,*,#4337,.T.);
#4337 = EDGE_CURVE('',#4329,#4338,#4340,.T.);
#4338 = VERTEX_POINT('',#4339);
#4339 = CARTESIAN_POINT('',(5.62600713975,4.6,1.069218046847));
#4340 = LINE('',#4341,#4342);
#4341 = CARTESIAN_POINT('',(5.62600713975,4.2,1.069218046847));
#4342 = VECTOR('',#4343,1.);
#4343 = DIRECTION('',(-6.661338147751E-16,1.,0.));
#4344 = ORIENTED_EDGE('',*,*,#4345,.F.);
#4345 = EDGE_CURVE('',#4321,#4338,#4346,.T.);
#4346 = CIRCLE('',#4347,0.297590710099);
#4347 = AXIS2_PLACEMENT_3D('',#4348,#4349,#4350);
#4348 = CARTESIAN_POINT('',(5.32842852147,4.6,1.06653538402));
#4349 = DIRECTION('',(-6.04903497084E-16,1.,0.));
#4350 = DIRECTION('',(1.,6.04903497084E-16,0.));
#4351 = CYLINDRICAL_SURFACE('',#4352,0.297590710099);
#4352 = AXIS2_PLACEMENT_3D('',#4353,#4354,#4355);
#4353 = CARTESIAN_POINT('',(5.32842852147,4.2,1.06653538402));
#4354 = DIRECTION('',(-6.661338147751E-16,1.,0.));
#4355 = DIRECTION('',(0.,0.,1.));
#4356 = ADVANCED_FACE('',(#4357),#4382,.F.);
#4357 = FACE_BOUND('',#4358,.T.);
#4358 = EDGE_LOOP('',(#4359,#4367,#4375,#4381));
#4359 = ORIENTED_EDGE('',*,*,#4360,.T.);
#4360 = EDGE_CURVE('',#4338,#4361,#4363,.T.);
#4361 = VERTEX_POINT('',#4362);
#4362 = CARTESIAN_POINT('',(5.632275833135,4.6,0.373853315374));
#4363 = LINE('',#4364,#4365);
#4364 = CARTESIAN_POINT('',(5.62600713975,4.6,1.069218046847));
#4365 = VECTOR('',#4366,1.);
#4366 = DIRECTION('',(9.014605414585E-03,5.452966340115E-18,
    -0.999959367619));
#4367 = ORIENTED_EDGE('',*,*,#4368,.F.);
#4368 = EDGE_CURVE('',#4369,#4361,#4371,.T.);
#4369 = VERTEX_POINT('',#4370);
#4370 = CARTESIAN_POINT('',(5.632275833135,4.2,0.373853315374));
#4371 = LINE('',#4372,#4373);
#4372 = CARTESIAN_POINT('',(5.632275833135,4.2,0.373853315374));
#4373 = VECTOR('',#4374,1.);
#4374 = DIRECTION('',(-6.661338147751E-16,1.,0.));
#4375 = ORIENTED_EDGE('',*,*,#4376,.F.);
#4376 = EDGE_CURVE('',#4329,#4369,#4377,.T.);
#4377 = LINE('',#4378,#4379);
#4378 = CARTESIAN_POINT('',(5.62600713975,4.2,1.069218046847));
#4379 = VECTOR('',#4380,1.);
#4380 = DIRECTION('',(9.014605414585E-03,5.452966340115E-18,
    -0.999959367619));
#4381 = ORIENTED_EDGE('',*,*,#4337,.T.);
#4382 = PLANE('',#4383);
#4383 = AXIS2_PLACEMENT_3D('',#4384,#4385,#4386);
#4384 = CARTESIAN_POINT('',(5.62600713975,4.2,1.069218046847));
#4385 = DIRECTION('',(0.999959367619,6.661067481722E-16,
    9.014605414585E-03));
#4386 = DIRECTION('',(-9.014605414585E-03,-6.00493349351E-18,
    0.999959367619));
#4387 = ADVANCED_FACE('',(#4388),#4415,.T.);
#4388 = FACE_BOUND('',#4389,.T.);
#4389 = EDGE_LOOP('',(#4390,#4399,#4407,#4414));
#4390 = ORIENTED_EDGE('',*,*,#4391,.T.);
#4391 = EDGE_CURVE('',#4361,#4392,#4394,.T.);
#4392 = VERTEX_POINT('',#4393);
#4393 = CARTESIAN_POINT('',(6.209557821209,4.6,-0.198247949201));
#4394 = CIRCLE('',#4395,0.577305445368);
#4395 = AXIS2_PLACEMENT_3D('',#4396,#4397,#4398);
#4396 = CARTESIAN_POINT('',(6.209557821209,4.6,0.379057496168));
#4397 = DIRECTION('',(6.04903497084E-16,-1.,0.));
#4398 = DIRECTION('',(1.,6.04903497084E-16,0.));
#4399 = ORIENTED_EDGE('',*,*,#4400,.F.);
#4400 = EDGE_CURVE('',#4401,#4392,#4403,.T.);
#4401 = VERTEX_POINT('',#4402);
#4402 = CARTESIAN_POINT('',(6.209557821209,4.2,-0.198247949201));
#4403 = LINE('',#4404,#4405);
#4404 = CARTESIAN_POINT('',(6.209557821209,4.2,-0.198247949201));
#4405 = VECTOR('',#4406,1.);
#4406 = DIRECTION('',(-6.661338147751E-16,1.,0.));
#4407 = ORIENTED_EDGE('',*,*,#4408,.F.);
#4408 = EDGE_CURVE('',#4369,#4401,#4409,.T.);
#4409 = CIRCLE('',#4410,0.577305445368);
#4410 = AXIS2_PLACEMENT_3D('',#4411,#4412,#4413);
#4411 = CARTESIAN_POINT('',(6.209557821209,4.2,0.379057496168));
#4412 = DIRECTION('',(6.04903497084E-16,-1.,0.));
#4413 = DIRECTION('',(1.,6.04903497084E-16,0.));
#4414 = ORIENTED_EDGE('',*,*,#4368,.T.);
#4415 = CYLINDRICAL_SURFACE('',#4416,0.577305445368);
#4416 = AXIS2_PLACEMENT_3D('',#4417,#4418,#4419);
#4417 = CARTESIAN_POINT('',(6.209557821209,4.2,0.379057496168));
#4418 = DIRECTION('',(-6.661338147751E-16,1.,0.));
#4419 = DIRECTION('',(0.,0.,1.));
#4420 = ADVANCED_FACE('',(#4421),#4446,.F.);
#4421 = FACE_BOUND('',#4422,.T.);
#4422 = EDGE_LOOP('',(#4423,#4431,#4439,#4445));
#4423 = ORIENTED_EDGE('',*,*,#4424,.T.);
#4424 = EDGE_CURVE('',#4392,#4425,#4427,.T.);
#4425 = VERTEX_POINT('',#4426);
#4426 = CARTESIAN_POINT('',(6.6,4.6,-0.198247949201));
#4427 = LINE('',#4428,#4429);
#4428 = CARTESIAN_POINT('',(6.209557821209,4.6,-0.198247949201));
#4429 = VECTOR('',#4430,1.);
#4430 = DIRECTION('',(1.,6.04903497084E-16,5.553714385278E-16));
#4431 = ORIENTED_EDGE('',*,*,#4432,.F.);
#4432 = EDGE_CURVE('',#4433,#4425,#4435,.T.);
#4433 = VERTEX_POINT('',#4434);
#4434 = CARTESIAN_POINT('',(6.6,4.2,-0.198247949201));
#4435 = LINE('',#4436,#4437);
#4436 = CARTESIAN_POINT('',(6.6,4.2,-0.198247949201));
#4437 = VECTOR('',#4438,1.);
#4438 = DIRECTION('',(-6.661338147751E-16,1.,0.));
#4439 = ORIENTED_EDGE('',*,*,#4440,.F.);
#4440 = EDGE_CURVE('',#4401,#4433,#4441,.T.);
#4441 = LINE('',#4442,#4443);
#4442 = CARTESIAN_POINT('',(6.209557821209,4.2,-0.198247949201));
#4443 = VECTOR('',#4444,1.);
#4444 = DIRECTION('',(1.,6.04903497084E-16,5.553714385278E-16));
#4445 = ORIENTED_EDGE('',*,*,#4400,.T.);
#4446 = PLANE('',#4447);
#4447 = AXIS2_PLACEMENT_3D('',#4448,#4449,#4450);
#4448 = CARTESIAN_POINT('',(6.209557821209,4.2,-0.198247949201));
#4449 = DIRECTION('',(-5.553714385278E-16,-3.699516949636E-31,1.));
#4450 = DIRECTION('',(-1.,-6.661338147751E-16,-5.553714385278E-16));
#4451 = ADVANCED_FACE('',(#4452),#4477,.F.);
#4452 = FACE_BOUND('',#4453,.T.);
#4453 = EDGE_LOOP('',(#4454,#4462,#4470,#4476));
#4454 = ORIENTED_EDGE('',*,*,#4455,.T.);
#4455 = EDGE_CURVE('',#4425,#4456,#4458,.T.);
#4456 = VERTEX_POINT('',#4457);
#4457 = CARTESIAN_POINT('',(6.6,4.6,3.918513533714E-02));
#4458 = LINE('',#4459,#4460);
#4459 = CARTESIAN_POINT('',(6.6,4.6,-0.198247949201));
#4460 = VECTOR('',#4461,1.);
#4461 = DIRECTION('',(0.,0.,1.));
#4462 = ORIENTED_EDGE('',*,*,#4463,.F.);
#4463 = EDGE_CURVE('',#4464,#4456,#4466,.T.);
#4464 = VERTEX_POINT('',#4465);
#4465 = CARTESIAN_POINT('',(6.6,4.2,3.918513533714E-02));
#4466 = LINE('',#4467,#4468);
#4467 = CARTESIAN_POINT('',(6.6,4.2,3.918513533714E-02));
#4468 = VECTOR('',#4469,1.);
#4469 = DIRECTION('',(-6.661338147751E-16,1.,0.));
#4470 = ORIENTED_EDGE('',*,*,#4471,.F.);
#4471 = EDGE_CURVE('',#4433,#4464,#4472,.T.);
#4472 = LINE('',#4473,#4474);
#4473 = CARTESIAN_POINT('',(6.6,4.2,-0.198247949201));
#4474 = VECTOR('',#4475,1.);
#4475 = DIRECTION('',(0.,0.,1.));
#4476 = ORIENTED_EDGE('',*,*,#4432,.T.);
#4477 = PLANE('',#4478);
#4478 = AXIS2_PLACEMENT_3D('',#4479,#4480,#4481);
#4479 = CARTESIAN_POINT('',(6.6,4.2,-0.198247949201));
#4480 = DIRECTION('',(-1.,-6.661338147751E-16,0.));
#4481 = DIRECTION('',(0.,0.,-1.));
#4482 = ADVANCED_FACE('',(#4483),#4508,.F.);
#4483 = FACE_BOUND('',#4484,.T.);
#4484 = EDGE_LOOP('',(#4485,#4493,#4501,#4507));
#4485 = ORIENTED_EDGE('',*,*,#4486,.T.);
#4486 = EDGE_CURVE('',#4456,#4487,#4489,.T.);
#4487 = VERTEX_POINT('',#4488);
#4488 = CARTESIAN_POINT('',(6.199589675214,4.6,3.918513533714E-02));
#4489 = LINE('',#4490,#4491);
#4490 = CARTESIAN_POINT('',(6.6,4.6,3.918513533714E-02));
#4491 = VECTOR('',#4492,1.);
#4492 = DIRECTION('',(-1.,-6.04903497084E-16,-5.415455623248E-16));
#4493 = ORIENTED_EDGE('',*,*,#4494,.F.);
#4494 = EDGE_CURVE('',#4495,#4487,#4497,.T.);
#4495 = VERTEX_POINT('',#4496);
#4496 = CARTESIAN_POINT('',(6.199589675214,4.2,3.918513533714E-02));
#4497 = LINE('',#4498,#4499);
#4498 = CARTESIAN_POINT('',(6.199589675214,4.2,3.918513533714E-02));
#4499 = VECTOR('',#4500,1.);
#4500 = DIRECTION('',(-6.661338147751E-16,1.,0.));
#4501 = ORIENTED_EDGE('',*,*,#4502,.F.);
#4502 = EDGE_CURVE('',#4464,#4495,#4503,.T.);
#4503 = LINE('',#4504,#4505);
#4504 = CARTESIAN_POINT('',(6.6,4.2,3.918513533714E-02));
#4505 = VECTOR('',#4506,1.);
#4506 = DIRECTION('',(-1.,-6.04903497084E-16,-5.415455623248E-16));
#4507 = ORIENTED_EDGE('',*,*,#4463,.T.);
#4508 = PLANE('',#4509);
#4509 = AXIS2_PLACEMENT_3D('',#4510,#4511,#4512);
#4510 = CARTESIAN_POINT('',(6.6,4.2,3.918513533714E-02));
#4511 = DIRECTION('',(5.415455623248E-16,3.607418113059E-31,-1.));
#4512 = DIRECTION('',(1.,6.661338147751E-16,5.415455623248E-16));
#4513 = ADVANCED_FACE('',(#4514),#4541,.F.);
#4514 = FACE_BOUND('',#4515,.F.);
#4515 = EDGE_LOOP('',(#4516,#4517,#4526,#4534));
#4516 = ORIENTED_EDGE('',*,*,#4494,.F.);
#4517 = ORIENTED_EDGE('',*,*,#4518,.T.);
#4518 = EDGE_CURVE('',#4495,#4519,#4521,.T.);
#4519 = VERTEX_POINT('',#4520);
#4520 = CARTESIAN_POINT('',(5.921306132378,4.2,0.305809970136));
#4521 = CIRCLE('',#4522,0.278538443083);
#4522 = AXIS2_PLACEMENT_3D('',#4523,#4524,#4525);
#4523 = CARTESIAN_POINT('',(6.199589675214,4.2,0.31772357842));
#4524 = DIRECTION('',(-6.04903497084E-16,1.,0.));
#4525 = DIRECTION('',(1.,6.04903497084E-16,0.));
#4526 = ORIENTED_EDGE('',*,*,#4527,.T.);
#4527 = EDGE_CURVE('',#4519,#4528,#4530,.T.);
#4528 = VERTEX_POINT('',#4529);
#4529 = CARTESIAN_POINT('',(5.921306132378,4.6,0.305809970136));
#4530 = LINE('',#4531,#4532);
#4531 = CARTESIAN_POINT('',(5.921306132378,4.2,0.305809970136));
#4532 = VECTOR('',#4533,1.);
#4533 = DIRECTION('',(-6.661338147751E-16,1.,0.));
#4534 = ORIENTED_EDGE('',*,*,#4535,.F.);
#4535 = EDGE_CURVE('',#4487,#4528,#4536,.T.);
#4536 = CIRCLE('',#4537,0.278538443083);
#4537 = AXIS2_PLACEMENT_3D('',#4538,#4539,#4540);
#4538 = CARTESIAN_POINT('',(6.199589675214,4.6,0.31772357842));
#4539 = DIRECTION('',(-6.04903497084E-16,1.,0.));
#4540 = DIRECTION('',(1.,6.04903497084E-16,0.));
#4541 = CYLINDRICAL_SURFACE('',#4542,0.278538443083);
#4542 = AXIS2_PLACEMENT_3D('',#4543,#4544,#4545);
#4543 = CARTESIAN_POINT('',(6.199589675214,4.2,0.31772357842));
#4544 = DIRECTION('',(-6.661338147751E-16,1.,0.));
#4545 = DIRECTION('',(0.,0.,1.));
#4546 = ADVANCED_FACE('',(#4547),#4572,.F.);
#4547 = FACE_BOUND('',#4548,.T.);
#4548 = EDGE_LOOP('',(#4549,#4557,#4565,#4571));
#4549 = ORIENTED_EDGE('',*,*,#4550,.T.);
#4550 = EDGE_CURVE('',#4528,#4551,#4553,.T.);
#4551 = VERTEX_POINT('',#4552);
#4552 = CARTESIAN_POINT('',(5.886163236004,4.6,1.126693910204));
#4553 = LINE('',#4554,#4555);
#4554 = CARTESIAN_POINT('',(5.921306132378,4.6,0.305809970136));
#4555 = VECTOR('',#4556,1.);
#4556 = DIRECTION('',(-4.277186356053E-02,-2.587284984456E-17,
    0.999084865108));
#4557 = ORIENTED_EDGE('',*,*,#4558,.F.);
#4558 = EDGE_CURVE('',#4559,#4551,#4561,.T.);
#4559 = VERTEX_POINT('',#4560);
#4560 = CARTESIAN_POINT('',(5.886163236004,4.2,1.126693910204));
#4561 = LINE('',#4562,#4563);
#4562 = CARTESIAN_POINT('',(5.886163236004,4.2,1.126693910204));
#4563 = VECTOR('',#4564,1.);
#4564 = DIRECTION('',(-6.661338147751E-16,1.,0.));
#4565 = ORIENTED_EDGE('',*,*,#4566,.F.);
#4566 = EDGE_CURVE('',#4519,#4559,#4567,.T.);
#4567 = LINE('',#4568,#4569);
#4568 = CARTESIAN_POINT('',(5.921306132378,4.2,0.305809970136));
#4569 = VECTOR('',#4570,1.);
#4570 = DIRECTION('',(-4.277186356053E-02,-2.587284984456E-17,
    0.999084865108));
#4571 = ORIENTED_EDGE('',*,*,#4527,.T.);
#4572 = PLANE('',#4573);
#4573 = AXIS2_PLACEMENT_3D('',#4574,#4575,#4576);
#4574 = CARTESIAN_POINT('',(5.921306132378,4.2,0.305809970136));
#4575 = DIRECTION('',(-0.999084865108,-6.655242124783E-16,
    -4.277186356053E-02));
#4576 = DIRECTION('',(4.277186356053E-02,2.849178463861E-17,
    -0.999084865108));
#4577 = ADVANCED_FACE('',(#4578),#4605,.T.);
#4578 = FACE_BOUND('',#4579,.T.);
#4579 = EDGE_LOOP('',(#4580,#4589,#4597,#4604));
#4580 = ORIENTED_EDGE('',*,*,#4581,.T.);
#4581 = EDGE_CURVE('',#4551,#4582,#4584,.T.);
#4582 = VERTEX_POINT('',#4583);
#4583 = CARTESIAN_POINT('',(5.406609645391,4.6,1.586156570381));
#4584 = CIRCLE('',#4585,0.479992848817);
#4585 = AXIS2_PLACEMENT_3D('',#4586,#4587,#4588);
#4586 = CARTESIAN_POINT('',(5.406609645391,4.6,1.106163721564));
#4587 = DIRECTION('',(6.04903497084E-16,-1.,0.));
#4588 = DIRECTION('',(1.,6.04903497084E-16,0.));
#4589 = ORIENTED_EDGE('',*,*,#4590,.F.);
#4590 = EDGE_CURVE('',#4591,#4582,#4593,.T.);
#4591 = VERTEX_POINT('',#4592);
#4592 = CARTESIAN_POINT('',(5.406609645391,4.2,1.586156570381));
#4593 = LINE('',#4594,#4595);
#4594 = CARTESIAN_POINT('',(5.406609645391,4.2,1.586156570381));
#4595 = VECTOR('',#4596,1.);
#4596 = DIRECTION('',(-6.661338147751E-16,1.,0.));
#4597 = ORIENTED_EDGE('',*,*,#4598,.F.);
#4598 = EDGE_CURVE('',#4559,#4591,#4599,.T.);
#4599 = CIRCLE('',#4600,0.479992848817);
#4600 = AXIS2_PLACEMENT_3D('',#4601,#4602,#4603);
#4601 = CARTESIAN_POINT('',(5.406609645391,4.2,1.106163721564));
#4602 = DIRECTION('',(6.04903497084E-16,-1.,0.));
#4603 = DIRECTION('',(1.,6.04903497084E-16,0.));
#4604 = ORIENTED_EDGE('',*,*,#4558,.T.);
#4605 = CYLINDRICAL_SURFACE('',#4606,0.479992848817);
#4606 = AXIS2_PLACEMENT_3D('',#4607,#4608,#4609);
#4607 = CARTESIAN_POINT('',(5.406609645391,4.2,1.106163721564));
#4608 = DIRECTION('',(-6.661338147751E-16,1.,0.));
#4609 = DIRECTION('',(0.,0.,1.));
#4610 = ADVANCED_FACE('',(#4611),#4647,.F.);
#4611 = FACE_BOUND('',#4612,.F.);
#4612 = EDGE_LOOP('',(#4613,#4623,#4632,#4640));
#4613 = ORIENTED_EDGE('',*,*,#4614,.F.);
#4614 = EDGE_CURVE('',#4615,#4617,#4619,.T.);
#4615 = VERTEX_POINT('',#4616);
#4616 = CARTESIAN_POINT('',(5.32842852147,3.4,1.36412609412));
#4617 = VERTEX_POINT('',#4618);
#4618 = CARTESIAN_POINT('',(5.32842852147,3.8,1.36412609412));
#4619 = LINE('',#4620,#4621);
#4620 = CARTESIAN_POINT('',(5.32842852147,3.4,1.36412609412));
#4621 = VECTOR('',#4622,1.);
#4622 = DIRECTION('',(-6.661338147751E-16,1.,0.));
#4623 = ORIENTED_EDGE('',*,*,#4624,.T.);
#4624 = EDGE_CURVE('',#4615,#4625,#4627,.T.);
#4625 = VERTEX_POINT('',#4626);
#4626 = CARTESIAN_POINT('',(5.62600713975,3.4,1.069218046847));
#4627 = CIRCLE('',#4628,0.297590710099);
#4628 = AXIS2_PLACEMENT_3D('',#4629,#4630,#4631);
#4629 = CARTESIAN_POINT('',(5.32842852147,3.4,1.06653538402));
#4630 = DIRECTION('',(-6.04903497084E-16,1.,0.));
#4631 = DIRECTION('',(1.,6.04903497084E-16,0.));
#4632 = ORIENTED_EDGE('',*,*,#4633,.T.);
#4633 = EDGE_CURVE('',#4625,#4634,#4636,.T.);
#4634 = VERTEX_POINT('',#4635);
#4635 = CARTESIAN_POINT('',(5.62600713975,3.8,1.069218046847));
#4636 = LINE('',#4637,#4638);
#4637 = CARTESIAN_POINT('',(5.62600713975,3.4,1.069218046847));
#4638 = VECTOR('',#4639,1.);
#4639 = DIRECTION('',(-6.661338147751E-16,1.,0.));
#4640 = ORIENTED_EDGE('',*,*,#4641,.F.);
#4641 = EDGE_CURVE('',#4617,#4634,#4642,.T.);
#4642 = CIRCLE('',#4643,0.297590710099);
#4643 = AXIS2_PLACEMENT_3D('',#4644,#4645,#4646);
#4644 = CARTESIAN_POINT('',(5.32842852147,3.8,1.06653538402));
#4645 = DIRECTION('',(-6.04903497084E-16,1.,0.));
#4646 = DIRECTION('',(1.,6.04903497084E-16,0.));
#4647 = CYLINDRICAL_SURFACE('',#4648,0.297590710099);
#4648 = AXIS2_PLACEMENT_3D('',#4649,#4650,#4651);
#4649 = CARTESIAN_POINT('',(5.32842852147,3.4,1.06653538402));
#4650 = DIRECTION('',(-6.661338147751E-16,1.,0.));
#4651 = DIRECTION('',(0.,0.,1.));
#4652 = ADVANCED_FACE('',(#4653),#4678,.F.);
#4653 = FACE_BOUND('',#4654,.T.);
#4654 = EDGE_LOOP('',(#4655,#4663,#4671,#4677));
#4655 = ORIENTED_EDGE('',*,*,#4656,.T.);
#4656 = EDGE_CURVE('',#4634,#4657,#4659,.T.);
#4657 = VERTEX_POINT('',#4658);
#4658 = CARTESIAN_POINT('',(5.632275833135,3.8,0.373853315374));
#4659 = LINE('',#4660,#4661);
#4660 = CARTESIAN_POINT('',(5.62600713975,3.8,1.069218046847));
#4661 = VECTOR('',#4662,1.);
#4662 = DIRECTION('',(9.014605414585E-03,5.452966340115E-18,
    -0.999959367619));
#4663 = ORIENTED_EDGE('',*,*,#4664,.F.);
#4664 = EDGE_CURVE('',#4665,#4657,#4667,.T.);
#4665 = VERTEX_POINT('',#4666);
#4666 = CARTESIAN_POINT('',(5.632275833135,3.4,0.373853315374));
#4667 = LINE('',#4668,#4669);
#4668 = CARTESIAN_POINT('',(5.632275833135,3.4,0.373853315374));
#4669 = VECTOR('',#4670,1.);
#4670 = DIRECTION('',(-6.661338147751E-16,1.,0.));
#4671 = ORIENTED_EDGE('',*,*,#4672,.F.);
#4672 = EDGE_CURVE('',#4625,#4665,#4673,.T.);
#4673 = LINE('',#4674,#4675);
#4674 = CARTESIAN_POINT('',(5.62600713975,3.4,1.069218046847));
#4675 = VECTOR('',#4676,1.);
#4676 = DIRECTION('',(9.014605414585E-03,5.452966340115E-18,
    -0.999959367619));
#4677 = ORIENTED_EDGE('',*,*,#4633,.T.);
#4678 = PLANE('',#4679);
#4679 = AXIS2_PLACEMENT_3D('',#4680,#4681,#4682);
#4680 = CARTESIAN_POINT('',(5.62600713975,3.4,1.069218046847));
#4681 = DIRECTION('',(0.999959367619,6.661067481722E-16,
    9.014605414585E-03));
#4682 = DIRECTION('',(-9.014605414585E-03,-6.00493349351E-18,
    0.999959367619));
#4683 = ADVANCED_FACE('',(#4684),#4711,.T.);
#4684 = FACE_BOUND('',#4685,.T.);
#4685 = EDGE_LOOP('',(#4686,#4695,#4703,#4710));
#4686 = ORIENTED_EDGE('',*,*,#4687,.T.);
#4687 = EDGE_CURVE('',#4657,#4688,#4690,.T.);
#4688 = VERTEX_POINT('',#4689);
#4689 = CARTESIAN_POINT('',(6.209557821209,3.8,-0.198247949201));
#4690 = CIRCLE('',#4691,0.577305445368);
#4691 = AXIS2_PLACEMENT_3D('',#4692,#4693,#4694);
#4692 = CARTESIAN_POINT('',(6.209557821209,3.8,0.379057496168));
#4693 = DIRECTION('',(6.04903497084E-16,-1.,0.));
#4694 = DIRECTION('',(1.,6.04903497084E-16,0.));
#4695 = ORIENTED_EDGE('',*,*,#4696,.F.);
#4696 = EDGE_CURVE('',#4697,#4688,#4699,.T.);
#4697 = VERTEX_POINT('',#4698);
#4698 = CARTESIAN_POINT('',(6.209557821209,3.4,-0.198247949201));
#4699 = LINE('',#4700,#4701);
#4700 = CARTESIAN_POINT('',(6.209557821209,3.4,-0.198247949201));
#4701 = VECTOR('',#4702,1.);
#4702 = DIRECTION('',(-6.661338147751E-16,1.,0.));
#4703 = ORIENTED_EDGE('',*,*,#4704,.F.);
#4704 = EDGE_CURVE('',#4665,#4697,#4705,.T.);
#4705 = CIRCLE('',#4706,0.577305445368);
#4706 = AXIS2_PLACEMENT_3D('',#4707,#4708,#4709);
#4707 = CARTESIAN_POINT('',(6.209557821209,3.4,0.379057496168));
#4708 = DIRECTION('',(6.04903497084E-16,-1.,0.));
#4709 = DIRECTION('',(1.,6.04903497084E-16,0.));
#4710 = ORIENTED_EDGE('',*,*,#4664,.T.);
#4711 = CYLINDRICAL_SURFACE('',#4712,0.577305445368);
#4712 = AXIS2_PLACEMENT_3D('',#4713,#4714,#4715);
#4713 = CARTESIAN_POINT('',(6.209557821209,3.4,0.379057496168));
#4714 = DIRECTION('',(-6.661338147751E-16,1.,0.));
#4715 = DIRECTION('',(0.,0.,1.));
#4716 = ADVANCED_FACE('',(#4717),#4742,.F.);
#4717 = FACE_BOUND('',#4718,.T.);
#4718 = EDGE_LOOP('',(#4719,#4727,#4735,#4741));
#4719 = ORIENTED_EDGE('',*,*,#4720,.T.);
#4720 = EDGE_CURVE('',#4688,#4721,#4723,.T.);
#4721 = VERTEX_POINT('',#4722);
#4722 = CARTESIAN_POINT('',(6.6,3.8,-0.198247949201));
#4723 = LINE('',#4724,#4725);
#4724 = CARTESIAN_POINT('',(6.209557821209,3.8,-0.198247949201));
#4725 = VECTOR('',#4726,1.);
#4726 = DIRECTION('',(1.,6.04903497084E-16,5.553714385278E-16));
#4727 = ORIENTED_EDGE('',*,*,#4728,.F.);
#4728 = EDGE_CURVE('',#4729,#4721,#4731,.T.);
#4729 = VERTEX_POINT('',#4730);
#4730 = CARTESIAN_POINT('',(6.6,3.4,-0.198247949201));
#4731 = LINE('',#4732,#4733);
#4732 = CARTESIAN_POINT('',(6.6,3.4,-0.198247949201));
#4733 = VECTOR('',#4734,1.);
#4734 = DIRECTION('',(-6.661338147751E-16,1.,0.));
#4735 = ORIENTED_EDGE('',*,*,#4736,.F.);
#4736 = EDGE_CURVE('',#4697,#4729,#4737,.T.);
#4737 = LINE('',#4738,#4739);
#4738 = CARTESIAN_POINT('',(6.209557821209,3.4,-0.198247949201));
#4739 = VECTOR('',#4740,1.);
#4740 = DIRECTION('',(1.,6.04903497084E-16,5.553714385278E-16));
#4741 = ORIENTED_EDGE('',*,*,#4696,.T.);
#4742 = PLANE('',#4743);
#4743 = AXIS2_PLACEMENT_3D('',#4744,#4745,#4746);
#4744 = CARTESIAN_POINT('',(6.209557821209,3.4,-0.198247949201));
#4745 = DIRECTION('',(-5.553714385278E-16,-3.699516949636E-31,1.));
#4746 = DIRECTION('',(-1.,-6.661338147751E-16,-5.553714385278E-16));
#4747 = ADVANCED_FACE('',(#4748),#4773,.F.);
#4748 = FACE_BOUND('',#4749,.T.);
#4749 = EDGE_LOOP('',(#4750,#4758,#4766,#4772));
#4750 = ORIENTED_EDGE('',*,*,#4751,.T.);
#4751 = EDGE_CURVE('',#4721,#4752,#4754,.T.);
#4752 = VERTEX_POINT('',#4753);
#4753 = CARTESIAN_POINT('',(6.6,3.8,3.918513533714E-02));
#4754 = LINE('',#4755,#4756);
#4755 = CARTESIAN_POINT('',(6.6,3.8,-0.198247949201));
#4756 = VECTOR('',#4757,1.);
#4757 = DIRECTION('',(0.,0.,1.));
#4758 = ORIENTED_EDGE('',*,*,#4759,.F.);
#4759 = EDGE_CURVE('',#4760,#4752,#4762,.T.);
#4760 = VERTEX_POINT('',#4761);
#4761 = CARTESIAN_POINT('',(6.6,3.4,3.918513533714E-02));
#4762 = LINE('',#4763,#4764);
#4763 = CARTESIAN_POINT('',(6.6,3.4,3.918513533714E-02));
#4764 = VECTOR('',#4765,1.);
#4765 = DIRECTION('',(-6.661338147751E-16,1.,0.));
#4766 = ORIENTED_EDGE('',*,*,#4767,.F.);
#4767 = EDGE_CURVE('',#4729,#4760,#4768,.T.);
#4768 = LINE('',#4769,#4770);
#4769 = CARTESIAN_POINT('',(6.6,3.4,-0.198247949201));
#4770 = VECTOR('',#4771,1.);
#4771 = DIRECTION('',(0.,0.,1.));
#4772 = ORIENTED_EDGE('',*,*,#4728,.T.);
#4773 = PLANE('',#4774);
#4774 = AXIS2_PLACEMENT_3D('',#4775,#4776,#4777);
#4775 = CARTESIAN_POINT('',(6.6,3.4,-0.198247949201));
#4776 = DIRECTION('',(-1.,-6.661338147751E-16,0.));
#4777 = DIRECTION('',(0.,0.,-1.));
#4778 = ADVANCED_FACE('',(#4779),#4804,.F.);
#4779 = FACE_BOUND('',#4780,.T.);
#4780 = EDGE_LOOP('',(#4781,#4789,#4797,#4803));
#4781 = ORIENTED_EDGE('',*,*,#4782,.T.);
#4782 = EDGE_CURVE('',#4752,#4783,#4785,.T.);
#4783 = VERTEX_POINT('',#4784);
#4784 = CARTESIAN_POINT('',(6.199589675214,3.8,3.918513533714E-02));
#4785 = LINE('',#4786,#4787);
#4786 = CARTESIAN_POINT('',(6.6,3.8,3.918513533714E-02));
#4787 = VECTOR('',#4788,1.);
#4788 = DIRECTION('',(-1.,-6.04903497084E-16,-5.415455623248E-16));
#4789 = ORIENTED_EDGE('',*,*,#4790,.F.);
#4790 = EDGE_CURVE('',#4791,#4783,#4793,.T.);
#4791 = VERTEX_POINT('',#4792);
#4792 = CARTESIAN_POINT('',(6.199589675214,3.4,3.918513533714E-02));
#4793 = LINE('',#4794,#4795);
#4794 = CARTESIAN_POINT('',(6.199589675214,3.4,3.918513533714E-02));
#4795 = VECTOR('',#4796,1.);
#4796 = DIRECTION('',(-6.661338147751E-16,1.,0.));
#4797 = ORIENTED_EDGE('',*,*,#4798,.F.);
#4798 = EDGE_CURVE('',#4760,#4791,#4799,.T.);
#4799 = LINE('',#4800,#4801);
#4800 = CARTESIAN_POINT('',(6.6,3.4,3.918513533714E-02));
#4801 = VECTOR('',#4802,1.);
#4802 = DIRECTION('',(-1.,-6.04903497084E-16,-5.415455623248E-16));
#4803 = ORIENTED_EDGE('',*,*,#4759,.T.);
#4804 = PLANE('',#4805);
#4805 = AXIS2_PLACEMENT_3D('',#4806,#4807,#4808);
#4806 = CARTESIAN_POINT('',(6.6,3.4,3.918513533714E-02));
#4807 = DIRECTION('',(5.415455623248E-16,3.607418113059E-31,-1.));
#4808 = DIRECTION('',(1.,6.661338147751E-16,5.415455623248E-16));
#4809 = ADVANCED_FACE('',(#4810),#4837,.F.);
#4810 = FACE_BOUND('',#4811,.F.);
#4811 = EDGE_LOOP('',(#4812,#4813,#4822,#4830));
#4812 = ORIENTED_EDGE('',*,*,#4790,.F.);
#4813 = ORIENTED_EDGE('',*,*,#4814,.T.);
#4814 = EDGE_CURVE('',#4791,#4815,#4817,.T.);
#4815 = VERTEX_POINT('',#4816);
#4816 = CARTESIAN_POINT('',(5.921306132378,3.4,0.305809970136));
#4817 = CIRCLE('',#4818,0.278538443083);
#4818 = AXIS2_PLACEMENT_3D('',#4819,#4820,#4821);
#4819 = CARTESIAN_POINT('',(6.199589675214,3.4,0.31772357842));
#4820 = DIRECTION('',(-6.04903497084E-16,1.,0.));
#4821 = DIRECTION('',(1.,6.04903497084E-16,0.));
#4822 = ORIENTED_EDGE('',*,*,#4823,.T.);
#4823 = EDGE_CURVE('',#4815,#4824,#4826,.T.);
#4824 = VERTEX_POINT('',#4825);
#4825 = CARTESIAN_POINT('',(5.921306132378,3.8,0.305809970136));
#4826 = LINE('',#4827,#4828);
#4827 = CARTESIAN_POINT('',(5.921306132378,3.4,0.305809970136));
#4828 = VECTOR('',#4829,1.);
#4829 = DIRECTION('',(-6.661338147751E-16,1.,0.));
#4830 = ORIENTED_EDGE('',*,*,#4831,.F.);
#4831 = EDGE_CURVE('',#4783,#4824,#4832,.T.);
#4832 = CIRCLE('',#4833,0.278538443083);
#4833 = AXIS2_PLACEMENT_3D('',#4834,#4835,#4836);
#4834 = CARTESIAN_POINT('',(6.199589675214,3.8,0.31772357842));
#4835 = DIRECTION('',(-6.04903497084E-16,1.,0.));
#4836 = DIRECTION('',(1.,6.04903497084E-16,0.));
#4837 = CYLINDRICAL_SURFACE('',#4838,0.278538443083);
#4838 = AXIS2_PLACEMENT_3D('',#4839,#4840,#4841);
#4839 = CARTESIAN_POINT('',(6.199589675214,3.4,0.31772357842));
#4840 = DIRECTION('',(-6.661338147751E-16,1.,0.));
#4841 = DIRECTION('',(0.,0.,1.));
#4842 = ADVANCED_FACE('',(#4843),#4868,.F.);
#4843 = FACE_BOUND('',#4844,.T.);
#4844 = EDGE_LOOP('',(#4845,#4853,#4861,#4867));
#4845 = ORIENTED_EDGE('',*,*,#4846,.T.);
#4846 = EDGE_CURVE('',#4824,#4847,#4849,.T.);
#4847 = VERTEX_POINT('',#4848);
#4848 = CARTESIAN_POINT('',(5.886163236004,3.8,1.126693910204));
#4849 = LINE('',#4850,#4851);
#4850 = CARTESIAN_POINT('',(5.921306132378,3.8,0.305809970136));
#4851 = VECTOR('',#4852,1.);
#4852 = DIRECTION('',(-4.277186356053E-02,-2.587284984456E-17,
    0.999084865108));
#4853 = ORIENTED_EDGE('',*,*,#4854,.F.);
#4854 = EDGE_CURVE('',#4855,#4847,#4857,.T.);
#4855 = VERTEX_POINT('',#4856);
#4856 = CARTESIAN_POINT('',(5.886163236004,3.4,1.126693910204));
#4857 = LINE('',#4858,#4859);
#4858 = CARTESIAN_POINT('',(5.886163236004,3.4,1.126693910204));
#4859 = VECTOR('',#4860,1.);
#4860 = DIRECTION('',(-6.661338147751E-16,1.,0.));
#4861 = ORIENTED_EDGE('',*,*,#4862,.F.);
#4862 = EDGE_CURVE('',#4815,#4855,#4863,.T.);
#4863 = LINE('',#4864,#4865);
#4864 = CARTESIAN_POINT('',(5.921306132378,3.4,0.305809970136));
#4865 = VECTOR('',#4866,1.);
#4866 = DIRECTION('',(-4.277186356053E-02,-2.587284984456E-17,
    0.999084865108));
#4867 = ORIENTED_EDGE('',*,*,#4823,.T.);
#4868 = PLANE('',#4869);
#4869 = AXIS2_PLACEMENT_3D('',#4870,#4871,#4872);
#4870 = CARTESIAN_POINT('',(5.921306132378,3.4,0.305809970136));
#4871 = DIRECTION('',(-0.999084865108,-6.655242124783E-16,
    -4.277186356053E-02));
#4872 = DIRECTION('',(4.277186356053E-02,2.849178463861E-17,
    -0.999084865108));
#4873 = ADVANCED_FACE('',(#4874),#4901,.T.);
#4874 = FACE_BOUND('',#4875,.T.);
#4875 = EDGE_LOOP('',(#4876,#4885,#4893,#4900));
#4876 = ORIENTED_EDGE('',*,*,#4877,.T.);
#4877 = EDGE_CURVE('',#4847,#4878,#4880,.T.);
#4878 = VERTEX_POINT('',#4879);
#4879 = CARTESIAN_POINT('',(5.406609645391,3.8,1.586156570381));
#4880 = CIRCLE('',#4881,0.479992848817);
#4881 = AXIS2_PLACEMENT_3D('',#4882,#4883,#4884);
#4882 = CARTESIAN_POINT('',(5.406609645391,3.8,1.106163721564));
#4883 = DIRECTION('',(6.04903497084E-16,-1.,0.));
#4884 = DIRECTION('',(1.,6.04903497084E-16,0.));
#4885 = ORIENTED_EDGE('',*,*,#4886,.F.);
#4886 = EDGE_CURVE('',#4887,#4878,#4889,.T.);
#4887 = VERTEX_POINT('',#4888);
#4888 = CARTESIAN_POINT('',(5.406609645391,3.4,1.586156570381));
#4889 = LINE('',#4890,#4891);
#4890 = CARTESIAN_POINT('',(5.406609645391,3.4,1.586156570381));
#4891 = VECTOR('',#4892,1.);
#4892 = DIRECTION('',(-6.661338147751E-16,1.,0.));
#4893 = ORIENTED_EDGE('',*,*,#4894,.F.);
#4894 = EDGE_CURVE('',#4855,#4887,#4895,.T.);
#4895 = CIRCLE('',#4896,0.479992848817);
#4896 = AXIS2_PLACEMENT_3D('',#4897,#4898,#4899);
#4897 = CARTESIAN_POINT('',(5.406609645391,3.4,1.106163721564));
#4898 = DIRECTION('',(6.04903497084E-16,-1.,0.));
#4899 = DIRECTION('',(1.,6.04903497084E-16,0.));
#4900 = ORIENTED_EDGE('',*,*,#4854,.T.);
#4901 = CYLINDRICAL_SURFACE('',#4902,0.479992848817);
#4902 = AXIS2_PLACEMENT_3D('',#4903,#4904,#4905);
#4903 = CARTESIAN_POINT('',(5.406609645391,3.4,1.106163721564));
#4904 = DIRECTION('',(-6.661338147751E-16,1.,0.));
#4905 = DIRECTION('',(0.,0.,1.));
#4906 = ADVANCED_FACE('',(#4907),#4943,.F.);
#4907 = FACE_BOUND('',#4908,.F.);
#4908 = EDGE_LOOP('',(#4909,#4919,#4928,#4936));
#4909 = ORIENTED_EDGE('',*,*,#4910,.F.);
#4910 = EDGE_CURVE('',#4911,#4913,#4915,.T.);
#4911 = VERTEX_POINT('',#4912);
#4912 = CARTESIAN_POINT('',(5.32842852147,2.6,1.36412609412));
#4913 = VERTEX_POINT('',#4914);
#4914 = CARTESIAN_POINT('',(5.32842852147,3.,1.36412609412));
#4915 = LINE('',#4916,#4917);
#4916 = CARTESIAN_POINT('',(5.32842852147,2.6,1.36412609412));
#4917 = VECTOR('',#4918,1.);
#4918 = DIRECTION('',(-6.661338147751E-16,1.,0.));
#4919 = ORIENTED_EDGE('',*,*,#4920,.T.);
#4920 = EDGE_CURVE('',#4911,#4921,#4923,.T.);
#4921 = VERTEX_POINT('',#4922);
#4922 = CARTESIAN_POINT('',(5.62600713975,2.6,1.069218046847));
#4923 = CIRCLE('',#4924,0.297590710099);
#4924 = AXIS2_PLACEMENT_3D('',#4925,#4926,#4927);
#4925 = CARTESIAN_POINT('',(5.32842852147,2.6,1.06653538402));
#4926 = DIRECTION('',(-6.04903497084E-16,1.,0.));
#4927 = DIRECTION('',(1.,6.04903497084E-16,0.));
#4928 = ORIENTED_EDGE('',*,*,#4929,.T.);
#4929 = EDGE_CURVE('',#4921,#4930,#4932,.T.);
#4930 = VERTEX_POINT('',#4931);
#4931 = CARTESIAN_POINT('',(5.62600713975,3.,1.069218046847));
#4932 = LINE('',#4933,#4934);
#4933 = CARTESIAN_POINT('',(5.62600713975,2.6,1.069218046847));
#4934 = VECTOR('',#4935,1.);
#4935 = DIRECTION('',(-6.661338147751E-16,1.,0.));
#4936 = ORIENTED_EDGE('',*,*,#4937,.F.);
#4937 = EDGE_CURVE('',#4913,#4930,#4938,.T.);
#4938 = CIRCLE('',#4939,0.297590710099);
#4939 = AXIS2_PLACEMENT_3D('',#4940,#4941,#4942);
#4940 = CARTESIAN_POINT('',(5.32842852147,3.,1.06653538402));
#4941 = DIRECTION('',(-6.04903497084E-16,1.,0.));
#4942 = DIRECTION('',(1.,6.04903497084E-16,0.));
#4943 = CYLINDRICAL_SURFACE('',#4944,0.297590710099);
#4944 = AXIS2_PLACEMENT_3D('',#4945,#4946,#4947);
#4945 = CARTESIAN_POINT('',(5.32842852147,2.6,1.06653538402));
#4946 = DIRECTION('',(-6.661338147751E-16,1.,0.));
#4947 = DIRECTION('',(0.,0.,1.));
#4948 = ADVANCED_FACE('',(#4949),#4974,.F.);
#4949 = FACE_BOUND('',#4950,.T.);
#4950 = EDGE_LOOP('',(#4951,#4959,#4967,#4973));
#4951 = ORIENTED_EDGE('',*,*,#4952,.T.);
#4952 = EDGE_CURVE('',#4930,#4953,#4955,.T.);
#4953 = VERTEX_POINT('',#4954);
#4954 = CARTESIAN_POINT('',(5.632275833135,3.,0.373853315374));
#4955 = LINE('',#4956,#4957);
#4956 = CARTESIAN_POINT('',(5.62600713975,3.,1.069218046847));
#4957 = VECTOR('',#4958,1.);
#4958 = DIRECTION('',(9.014605414585E-03,5.452966340115E-18,
    -0.999959367619));
#4959 = ORIENTED_EDGE('',*,*,#4960,.F.);
#4960 = EDGE_CURVE('',#4961,#4953,#4963,.T.);
#4961 = VERTEX_POINT('',#4962);
#4962 = CARTESIAN_POINT('',(5.632275833135,2.6,0.373853315374));
#4963 = LINE('',#4964,#4965);
#4964 = CARTESIAN_POINT('',(5.632275833135,2.6,0.373853315374));
#4965 = VECTOR('',#4966,1.);
#4966 = DIRECTION('',(-6.661338147751E-16,1.,0.));
#4967 = ORIENTED_EDGE('',*,*,#4968,.F.);
#4968 = EDGE_CURVE('',#4921,#4961,#4969,.T.);
#4969 = LINE('',#4970,#4971);
#4970 = CARTESIAN_POINT('',(5.62600713975,2.6,1.069218046847));
#4971 = VECTOR('',#4972,1.);
#4972 = DIRECTION('',(9.014605414585E-03,5.452966340115E-18,
    -0.999959367619));
#4973 = ORIENTED_EDGE('',*,*,#4929,.T.);
#4974 = PLANE('',#4975);
#4975 = AXIS2_PLACEMENT_3D('',#4976,#4977,#4978);
#4976 = CARTESIAN_POINT('',(5.62600713975,2.6,1.069218046847));
#4977 = DIRECTION('',(0.999959367619,6.661067481722E-16,
    9.014605414585E-03));
#4978 = DIRECTION('',(-9.014605414585E-03,-6.00493349351E-18,
    0.999959367619));
#4979 = ADVANCED_FACE('',(#4980),#5007,.T.);
#4980 = FACE_BOUND('',#4981,.T.);
#4981 = EDGE_LOOP('',(#4982,#4991,#4999,#5006));
#4982 = ORIENTED_EDGE('',*,*,#4983,.T.);
#4983 = EDGE_CURVE('',#4953,#4984,#4986,.T.);
#4984 = VERTEX_POINT('',#4985);
#4985 = CARTESIAN_POINT('',(6.209557821209,3.,-0.198247949201));
#4986 = CIRCLE('',#4987,0.577305445368);
#4987 = AXIS2_PLACEMENT_3D('',#4988,#4989,#4990);
#4988 = CARTESIAN_POINT('',(6.209557821209,3.,0.379057496168));
#4989 = DIRECTION('',(6.04903497084E-16,-1.,0.));
#4990 = DIRECTION('',(1.,6.04903497084E-16,0.));
#4991 = ORIENTED_EDGE('',*,*,#4992,.F.);
#4992 = EDGE_CURVE('',#4993,#4984,#4995,.T.);
#4993 = VERTEX_POINT('',#4994);
#4994 = CARTESIAN_POINT('',(6.209557821209,2.6,-0.198247949201));
#4995 = LINE('',#4996,#4997);
#4996 = CARTESIAN_POINT('',(6.209557821209,2.6,-0.198247949201));
#4997 = VECTOR('',#4998,1.);
#4998 = DIRECTION('',(-6.661338147751E-16,1.,0.));
#4999 = ORIENTED_EDGE('',*,*,#5000,.F.);
#5000 = EDGE_CURVE('',#4961,#4993,#5001,.T.);
#5001 = CIRCLE('',#5002,0.577305445368);
#5002 = AXIS2_PLACEMENT_3D('',#5003,#5004,#5005);
#5003 = CARTESIAN_POINT('',(6.209557821209,2.6,0.379057496168));
#5004 = DIRECTION('',(6.04903497084E-16,-1.,0.));
#5005 = DIRECTION('',(1.,6.04903497084E-16,0.));
#5006 = ORIENTED_EDGE('',*,*,#4960,.T.);
#5007 = CYLINDRICAL_SURFACE('',#5008,0.577305445368);
#5008 = AXIS2_PLACEMENT_3D('',#5009,#5010,#5011);
#5009 = CARTESIAN_POINT('',(6.209557821209,2.6,0.379057496168));
#5010 = DIRECTION('',(-6.661338147751E-16,1.,0.));
#5011 = DIRECTION('',(0.,0.,1.));
#5012 = ADVANCED_FACE('',(#5013),#5038,.F.);
#5013 = FACE_BOUND('',#5014,.T.);
#5014 = EDGE_LOOP('',(#5015,#5023,#5031,#5037));
#5015 = ORIENTED_EDGE('',*,*,#5016,.T.);
#5016 = EDGE_CURVE('',#4984,#5017,#5019,.T.);
#5017 = VERTEX_POINT('',#5018);
#5018 = CARTESIAN_POINT('',(6.6,3.,-0.198247949201));
#5019 = LINE('',#5020,#5021);
#5020 = CARTESIAN_POINT('',(6.209557821209,3.,-0.198247949201));
#5021 = VECTOR('',#5022,1.);
#5022 = DIRECTION('',(1.,6.04903497084E-16,5.553714385278E-16));
#5023 = ORIENTED_EDGE('',*,*,#5024,.F.);
#5024 = EDGE_CURVE('',#5025,#5017,#5027,.T.);
#5025 = VERTEX_POINT('',#5026);
#5026 = CARTESIAN_POINT('',(6.6,2.6,-0.198247949201));
#5027 = LINE('',#5028,#5029);
#5028 = CARTESIAN_POINT('',(6.6,2.6,-0.198247949201));
#5029 = VECTOR('',#5030,1.);
#5030 = DIRECTION('',(-6.661338147751E-16,1.,0.));
#5031 = ORIENTED_EDGE('',*,*,#5032,.F.);
#5032 = EDGE_CURVE('',#4993,#5025,#5033,.T.);
#5033 = LINE('',#5034,#5035);
#5034 = CARTESIAN_POINT('',(6.209557821209,2.6,-0.198247949201));
#5035 = VECTOR('',#5036,1.);
#5036 = DIRECTION('',(1.,6.04903497084E-16,5.553714385278E-16));
#5037 = ORIENTED_EDGE('',*,*,#4992,.T.);
#5038 = PLANE('',#5039);
#5039 = AXIS2_PLACEMENT_3D('',#5040,#5041,#5042);
#5040 = CARTESIAN_POINT('',(6.209557821209,2.6,-0.198247949201));
#5041 = DIRECTION('',(-5.553714385278E-16,-3.699516949636E-31,1.));
#5042 = DIRECTION('',(-1.,-6.661338147751E-16,-5.553714385278E-16));
#5043 = ADVANCED_FACE('',(#5044),#5069,.F.);
#5044 = FACE_BOUND('',#5045,.T.);
#5045 = EDGE_LOOP('',(#5046,#5054,#5062,#5068));
#5046 = ORIENTED_EDGE('',*,*,#5047,.T.);
#5047 = EDGE_CURVE('',#5017,#5048,#5050,.T.);
#5048 = VERTEX_POINT('',#5049);
#5049 = CARTESIAN_POINT('',(6.6,3.,3.918513533714E-02));
#5050 = LINE('',#5051,#5052);
#5051 = CARTESIAN_POINT('',(6.6,3.,-0.198247949201));
#5052 = VECTOR('',#5053,1.);
#5053 = DIRECTION('',(0.,0.,1.));
#5054 = ORIENTED_EDGE('',*,*,#5055,.F.);
#5055 = EDGE_CURVE('',#5056,#5048,#5058,.T.);
#5056 = VERTEX_POINT('',#5057);
#5057 = CARTESIAN_POINT('',(6.6,2.6,3.918513533714E-02));
#5058 = LINE('',#5059,#5060);
#5059 = CARTESIAN_POINT('',(6.6,2.6,3.918513533714E-02));
#5060 = VECTOR('',#5061,1.);
#5061 = DIRECTION('',(-6.661338147751E-16,1.,0.));
#5062 = ORIENTED_EDGE('',*,*,#5063,.F.);
#5063 = EDGE_CURVE('',#5025,#5056,#5064,.T.);
#5064 = LINE('',#5065,#5066);
#5065 = CARTESIAN_POINT('',(6.6,2.6,-0.198247949201));
#5066 = VECTOR('',#5067,1.);
#5067 = DIRECTION('',(0.,0.,1.));
#5068 = ORIENTED_EDGE('',*,*,#5024,.T.);
#5069 = PLANE('',#5070);
#5070 = AXIS2_PLACEMENT_3D('',#5071,#5072,#5073);
#5071 = CARTESIAN_POINT('',(6.6,2.6,-0.198247949201));
#5072 = DIRECTION('',(-1.,-6.661338147751E-16,0.));
#5073 = DIRECTION('',(0.,0.,-1.));
#5074 = ADVANCED_FACE('',(#5075),#5100,.F.);
#5075 = FACE_BOUND('',#5076,.T.);
#5076 = EDGE_LOOP('',(#5077,#5085,#5093,#5099));
#5077 = ORIENTED_EDGE('',*,*,#5078,.T.);
#5078 = EDGE_CURVE('',#5048,#5079,#5081,.T.);
#5079 = VERTEX_POINT('',#5080);
#5080 = CARTESIAN_POINT('',(6.199589675214,3.,3.918513533714E-02));
#5081 = LINE('',#5082,#5083);
#5082 = CARTESIAN_POINT('',(6.6,3.,3.918513533714E-02));
#5083 = VECTOR('',#5084,1.);
#5084 = DIRECTION('',(-1.,-6.04903497084E-16,-5.415455623248E-16));
#5085 = ORIENTED_EDGE('',*,*,#5086,.F.);
#5086 = EDGE_CURVE('',#5087,#5079,#5089,.T.);
#5087 = VERTEX_POINT('',#5088);
#5088 = CARTESIAN_POINT('',(6.199589675214,2.6,3.918513533714E-02));
#5089 = LINE('',#5090,#5091);
#5090 = CARTESIAN_POINT('',(6.199589675214,2.6,3.918513533714E-02));
#5091 = VECTOR('',#5092,1.);
#5092 = DIRECTION('',(-6.661338147751E-16,1.,0.));
#5093 = ORIENTED_EDGE('',*,*,#5094,.F.);
#5094 = EDGE_CURVE('',#5056,#5087,#5095,.T.);
#5095 = LINE('',#5096,#5097);
#5096 = CARTESIAN_POINT('',(6.6,2.6,3.918513533714E-02));
#5097 = VECTOR('',#5098,1.);
#5098 = DIRECTION('',(-1.,-6.04903497084E-16,-5.415455623248E-16));
#5099 = ORIENTED_EDGE('',*,*,#5055,.T.);
#5100 = PLANE('',#5101);
#5101 = AXIS2_PLACEMENT_3D('',#5102,#5103,#5104);
#5102 = CARTESIAN_POINT('',(6.6,2.6,3.918513533714E-02));
#5103 = DIRECTION('',(5.415455623248E-16,3.607418113059E-31,-1.));
#5104 = DIRECTION('',(1.,6.661338147751E-16,5.415455623248E-16));
#5105 = ADVANCED_FACE('',(#5106),#5133,.F.);
#5106 = FACE_BOUND('',#5107,.F.);
#5107 = EDGE_LOOP('',(#5108,#5109,#5118,#5126));
#5108 = ORIENTED_EDGE('',*,*,#5086,.F.);
#5109 = ORIENTED_EDGE('',*,*,#5110,.T.);
#5110 = EDGE_CURVE('',#5087,#5111,#5113,.T.);
#5111 = VERTEX_POINT('',#5112);
#5112 = CARTESIAN_POINT('',(5.921306132378,2.6,0.305809970136));
#5113 = CIRCLE('',#5114,0.278538443083);
#5114 = AXIS2_PLACEMENT_3D('',#5115,#5116,#5117);
#5115 = CARTESIAN_POINT('',(6.199589675214,2.6,0.31772357842));
#5116 = DIRECTION('',(-6.04903497084E-16,1.,0.));
#5117 = DIRECTION('',(1.,6.04903497084E-16,0.));
#5118 = ORIENTED_EDGE('',*,*,#5119,.T.);
#5119 = EDGE_CURVE('',#5111,#5120,#5122,.T.);
#5120 = VERTEX_POINT('',#5121);
#5121 = CARTESIAN_POINT('',(5.921306132378,3.,0.305809970136));
#5122 = LINE('',#5123,#5124);
#5123 = CARTESIAN_POINT('',(5.921306132378,2.6,0.305809970136));
#5124 = VECTOR('',#5125,1.);
#5125 = DIRECTION('',(-6.661338147751E-16,1.,0.));
#5126 = ORIENTED_EDGE('',*,*,#5127,.F.);
#5127 = EDGE_CURVE('',#5079,#5120,#5128,.T.);
#5128 = CIRCLE('',#5129,0.278538443083);
#5129 = AXIS2_PLACEMENT_3D('',#5130,#5131,#5132);
#5130 = CARTESIAN_POINT('',(6.199589675214,3.,0.31772357842));
#5131 = DIRECTION('',(-6.04903497084E-16,1.,0.));
#5132 = DIRECTION('',(1.,6.04903497084E-16,0.));
#5133 = CYLINDRICAL_SURFACE('',#5134,0.278538443083);
#5134 = AXIS2_PLACEMENT_3D('',#5135,#5136,#5137);
#5135 = CARTESIAN_POINT('',(6.199589675214,2.6,0.31772357842));
#5136 = DIRECTION('',(-6.661338147751E-16,1.,0.));
#5137 = DIRECTION('',(0.,0.,1.));
#5138 = ADVANCED_FACE('',(#5139),#5164,.F.);
#5139 = FACE_BOUND('',#5140,.T.);
#5140 = EDGE_LOOP('',(#5141,#5149,#5157,#5163));
#5141 = ORIENTED_EDGE('',*,*,#5142,.T.);
#5142 = EDGE_CURVE('',#5120,#5143,#5145,.T.);
#5143 = VERTEX_POINT('',#5144);
#5144 = CARTESIAN_POINT('',(5.886163236004,3.,1.126693910204));
#5145 = LINE('',#5146,#5147);
#5146 = CARTESIAN_POINT('',(5.921306132378,3.,0.305809970136));
#5147 = VECTOR('',#5148,1.);
#5148 = DIRECTION('',(-4.277186356053E-02,-2.587284984456E-17,
    0.999084865108));
#5149 = ORIENTED_EDGE('',*,*,#5150,.F.);
#5150 = EDGE_CURVE('',#5151,#5143,#5153,.T.);
#5151 = VERTEX_POINT('',#5152);
#5152 = CARTESIAN_POINT('',(5.886163236004,2.6,1.126693910204));
#5153 = LINE('',#5154,#5155);
#5154 = CARTESIAN_POINT('',(5.886163236004,2.6,1.126693910204));
#5155 = VECTOR('',#5156,1.);
#5156 = DIRECTION('',(-6.661338147751E-16,1.,0.));
#5157 = ORIENTED_EDGE('',*,*,#5158,.F.);
#5158 = EDGE_CURVE('',#5111,#5151,#5159,.T.);
#5159 = LINE('',#5160,#5161);
#5160 = CARTESIAN_POINT('',(5.921306132378,2.6,0.305809970136));
#5161 = VECTOR('',#5162,1.);
#5162 = DIRECTION('',(-4.277186356053E-02,-2.587284984456E-17,
    0.999084865108));
#5163 = ORIENTED_EDGE('',*,*,#5119,.T.);
#5164 = PLANE('',#5165);
#5165 = AXIS2_PLACEMENT_3D('',#5166,#5167,#5168);
#5166 = CARTESIAN_POINT('',(5.921306132378,2.6,0.305809970136));
#5167 = DIRECTION('',(-0.999084865108,-6.655242124783E-16,
    -4.277186356053E-02));
#5168 = DIRECTION('',(4.277186356053E-02,2.849178463861E-17,
    -0.999084865108));
#5169 = ADVANCED_FACE('',(#5170),#5197,.T.);
#5170 = FACE_BOUND('',#5171,.T.);
#5171 = EDGE_LOOP('',(#5172,#5181,#5189,#5196));
#5172 = ORIENTED_EDGE('',*,*,#5173,.T.);
#5173 = EDGE_CURVE('',#5143,#5174,#5176,.T.);
#5174 = VERTEX_POINT('',#5175);
#5175 = CARTESIAN_POINT('',(5.406609645391,3.,1.586156570381));
#5176 = CIRCLE('',#5177,0.479992848817);
#5177 = AXIS2_PLACEMENT_3D('',#5178,#5179,#5180);
#5178 = CARTESIAN_POINT('',(5.406609645391,3.,1.106163721564));
#5179 = DIRECTION('',(6.04903497084E-16,-1.,0.));
#5180 = DIRECTION('',(1.,6.04903497084E-16,0.));
#5181 = ORIENTED_EDGE('',*,*,#5182,.F.);
#5182 = EDGE_CURVE('',#5183,#5174,#5185,.T.);
#5183 = VERTEX_POINT('',#5184);
#5184 = CARTESIAN_POINT('',(5.406609645391,2.6,1.586156570381));
#5185 = LINE('',#5186,#5187);
#5186 = CARTESIAN_POINT('',(5.406609645391,2.6,1.586156570381));
#5187 = VECTOR('',#5188,1.);
#5188 = DIRECTION('',(-6.661338147751E-16,1.,0.));
#5189 = ORIENTED_EDGE('',*,*,#5190,.F.);
#5190 = EDGE_CURVE('',#5151,#5183,#5191,.T.);
#5191 = CIRCLE('',#5192,0.479992848817);
#5192 = AXIS2_PLACEMENT_3D('',#5193,#5194,#5195);
#5193 = CARTESIAN_POINT('',(5.406609645391,2.6,1.106163721564));
#5194 = DIRECTION('',(6.04903497084E-16,-1.,0.));
#5195 = DIRECTION('',(1.,6.04903497084E-16,0.));
#5196 = ORIENTED_EDGE('',*,*,#5150,.T.);
#5197 = CYLINDRICAL_SURFACE('',#5198,0.479992848817);
#5198 = AXIS2_PLACEMENT_3D('',#5199,#5200,#5201);
#5199 = CARTESIAN_POINT('',(5.406609645391,2.6,1.106163721564));
#5200 = DIRECTION('',(-6.661338147751E-16,1.,0.));
#5201 = DIRECTION('',(0.,0.,1.));
#5202 = ADVANCED_FACE('',(#5203),#5239,.F.);
#5203 = FACE_BOUND('',#5204,.F.);
#5204 = EDGE_LOOP('',(#5205,#5215,#5224,#5232));
#5205 = ORIENTED_EDGE('',*,*,#5206,.F.);
#5206 = EDGE_CURVE('',#5207,#5209,#5211,.T.);
#5207 = VERTEX_POINT('',#5208);
#5208 = CARTESIAN_POINT('',(5.32842852147,1.8,1.36412609412));
#5209 = VERTEX_POINT('',#5210);
#5210 = CARTESIAN_POINT('',(5.32842852147,2.2,1.36412609412));
#5211 = LINE('',#5212,#5213);
#5212 = CARTESIAN_POINT('',(5.32842852147,1.8,1.36412609412));
#5213 = VECTOR('',#5214,1.);
#5214 = DIRECTION('',(-6.661338147751E-16,1.,0.));
#5215 = ORIENTED_EDGE('',*,*,#5216,.T.);
#5216 = EDGE_CURVE('',#5207,#5217,#5219,.T.);
#5217 = VERTEX_POINT('',#5218);
#5218 = CARTESIAN_POINT('',(5.62600713975,1.8,1.069218046847));
#5219 = CIRCLE('',#5220,0.297590710099);
#5220 = AXIS2_PLACEMENT_3D('',#5221,#5222,#5223);
#5221 = CARTESIAN_POINT('',(5.32842852147,1.8,1.06653538402));
#5222 = DIRECTION('',(-6.04903497084E-16,1.,0.));
#5223 = DIRECTION('',(1.,6.04903497084E-16,0.));
#5224 = ORIENTED_EDGE('',*,*,#5225,.T.);
#5225 = EDGE_CURVE('',#5217,#5226,#5228,.T.);
#5226 = VERTEX_POINT('',#5227);
#5227 = CARTESIAN_POINT('',(5.62600713975,2.2,1.069218046847));
#5228 = LINE('',#5229,#5230);
#5229 = CARTESIAN_POINT('',(5.62600713975,1.8,1.069218046847));
#5230 = VECTOR('',#5231,1.);
#5231 = DIRECTION('',(-6.661338147751E-16,1.,0.));
#5232 = ORIENTED_EDGE('',*,*,#5233,.F.);
#5233 = EDGE_CURVE('',#5209,#5226,#5234,.T.);
#5234 = CIRCLE('',#5235,0.297590710099);
#5235 = AXIS2_PLACEMENT_3D('',#5236,#5237,#5238);
#5236 = CARTESIAN_POINT('',(5.32842852147,2.2,1.06653538402));
#5237 = DIRECTION('',(-6.04903497084E-16,1.,0.));
#5238 = DIRECTION('',(1.,6.04903497084E-16,0.));
#5239 = CYLINDRICAL_SURFACE('',#5240,0.297590710099);
#5240 = AXIS2_PLACEMENT_3D('',#5241,#5242,#5243);
#5241 = CARTESIAN_POINT('',(5.32842852147,1.8,1.06653538402));
#5242 = DIRECTION('',(-6.661338147751E-16,1.,0.));
#5243 = DIRECTION('',(0.,0.,1.));
#5244 = ADVANCED_FACE('',(#5245),#5270,.F.);
#5245 = FACE_BOUND('',#5246,.T.);
#5246 = EDGE_LOOP('',(#5247,#5255,#5263,#5269));
#5247 = ORIENTED_EDGE('',*,*,#5248,.T.);
#5248 = EDGE_CURVE('',#5226,#5249,#5251,.T.);
#5249 = VERTEX_POINT('',#5250);
#5250 = CARTESIAN_POINT('',(5.632275833135,2.2,0.373853315374));
#5251 = LINE('',#5252,#5253);
#5252 = CARTESIAN_POINT('',(5.62600713975,2.2,1.069218046847));
#5253 = VECTOR('',#5254,1.);
#5254 = DIRECTION('',(9.014605414585E-03,5.452966340115E-18,
    -0.999959367619));
#5255 = ORIENTED_EDGE('',*,*,#5256,.F.);
#5256 = EDGE_CURVE('',#5257,#5249,#5259,.T.);
#5257 = VERTEX_POINT('',#5258);
#5258 = CARTESIAN_POINT('',(5.632275833135,1.8,0.373853315374));
#5259 = LINE('',#5260,#5261);
#5260 = CARTESIAN_POINT('',(5.632275833135,1.8,0.373853315374));
#5261 = VECTOR('',#5262,1.);
#5262 = DIRECTION('',(-6.661338147751E-16,1.,0.));
#5263 = ORIENTED_EDGE('',*,*,#5264,.F.);
#5264 = EDGE_CURVE('',#5217,#5257,#5265,.T.);
#5265 = LINE('',#5266,#5267);
#5266 = CARTESIAN_POINT('',(5.62600713975,1.8,1.069218046847));
#5267 = VECTOR('',#5268,1.);
#5268 = DIRECTION('',(9.014605414585E-03,5.452966340115E-18,
    -0.999959367619));
#5269 = ORIENTED_EDGE('',*,*,#5225,.T.);
#5270 = PLANE('',#5271);
#5271 = AXIS2_PLACEMENT_3D('',#5272,#5273,#5274);
#5272 = CARTESIAN_POINT('',(5.62600713975,1.8,1.069218046847));
#5273 = DIRECTION('',(0.999959367619,6.661067481722E-16,
    9.014605414585E-03));
#5274 = DIRECTION('',(-9.014605414585E-03,-6.00493349351E-18,
    0.999959367619));
#5275 = ADVANCED_FACE('',(#5276),#5303,.T.);
#5276 = FACE_BOUND('',#5277,.T.);
#5277 = EDGE_LOOP('',(#5278,#5287,#5295,#5302));
#5278 = ORIENTED_EDGE('',*,*,#5279,.T.);
#5279 = EDGE_CURVE('',#5249,#5280,#5282,.T.);
#5280 = VERTEX_POINT('',#5281);
#5281 = CARTESIAN_POINT('',(6.209557821209,2.2,-0.198247949201));
#5282 = CIRCLE('',#5283,0.577305445368);
#5283 = AXIS2_PLACEMENT_3D('',#5284,#5285,#5286);
#5284 = CARTESIAN_POINT('',(6.209557821209,2.2,0.379057496168));
#5285 = DIRECTION('',(6.04903497084E-16,-1.,0.));
#5286 = DIRECTION('',(1.,6.04903497084E-16,0.));
#5287 = ORIENTED_EDGE('',*,*,#5288,.F.);
#5288 = EDGE_CURVE('',#5289,#5280,#5291,.T.);
#5289 = VERTEX_POINT('',#5290);
#5290 = CARTESIAN_POINT('',(6.209557821209,1.8,-0.198247949201));
#5291 = LINE('',#5292,#5293);
#5292 = CARTESIAN_POINT('',(6.209557821209,1.8,-0.198247949201));
#5293 = VECTOR('',#5294,1.);
#5294 = DIRECTION('',(-6.661338147751E-16,1.,0.));
#5295 = ORIENTED_EDGE('',*,*,#5296,.F.);
#5296 = EDGE_CURVE('',#5257,#5289,#5297,.T.);
#5297 = CIRCLE('',#5298,0.577305445368);
#5298 = AXIS2_PLACEMENT_3D('',#5299,#5300,#5301);
#5299 = CARTESIAN_POINT('',(6.209557821209,1.8,0.379057496168));
#5300 = DIRECTION('',(6.04903497084E-16,-1.,0.));
#5301 = DIRECTION('',(1.,6.04903497084E-16,0.));
#5302 = ORIENTED_EDGE('',*,*,#5256,.T.);
#5303 = CYLINDRICAL_SURFACE('',#5304,0.577305445368);
#5304 = AXIS2_PLACEMENT_3D('',#5305,#5306,#5307);
#5305 = CARTESIAN_POINT('',(6.209557821209,1.8,0.379057496168));
#5306 = DIRECTION('',(-6.661338147751E-16,1.,0.));
#5307 = DIRECTION('',(0.,0.,1.));
#5308 = ADVANCED_FACE('',(#5309),#5334,.F.);
#5309 = FACE_BOUND('',#5310,.T.);
#5310 = EDGE_LOOP('',(#5311,#5319,#5327,#5333));
#5311 = ORIENTED_EDGE('',*,*,#5312,.T.);
#5312 = EDGE_CURVE('',#5280,#5313,#5315,.T.);
#5313 = VERTEX_POINT('',#5314);
#5314 = CARTESIAN_POINT('',(6.6,2.2,-0.198247949201));
#5315 = LINE('',#5316,#5317);
#5316 = CARTESIAN_POINT('',(6.209557821209,2.2,-0.198247949201));
#5317 = VECTOR('',#5318,1.);
#5318 = DIRECTION('',(1.,6.04903497084E-16,5.553714385278E-16));
#5319 = ORIENTED_EDGE('',*,*,#5320,.F.);
#5320 = EDGE_CURVE('',#5321,#5313,#5323,.T.);
#5321 = VERTEX_POINT('',#5322);
#5322 = CARTESIAN_POINT('',(6.6,1.8,-0.198247949201));
#5323 = LINE('',#5324,#5325);
#5324 = CARTESIAN_POINT('',(6.6,1.8,-0.198247949201));
#5325 = VECTOR('',#5326,1.);
#5326 = DIRECTION('',(-6.661338147751E-16,1.,0.));
#5327 = ORIENTED_EDGE('',*,*,#5328,.F.);
#5328 = EDGE_CURVE('',#5289,#5321,#5329,.T.);
#5329 = LINE('',#5330,#5331);
#5330 = CARTESIAN_POINT('',(6.209557821209,1.8,-0.198247949201));
#5331 = VECTOR('',#5332,1.);
#5332 = DIRECTION('',(1.,6.04903497084E-16,5.553714385278E-16));
#5333 = ORIENTED_EDGE('',*,*,#5288,.T.);
#5334 = PLANE('',#5335);
#5335 = AXIS2_PLACEMENT_3D('',#5336,#5337,#5338);
#5336 = CARTESIAN_POINT('',(6.209557821209,1.8,-0.198247949201));
#5337 = DIRECTION('',(-5.553714385278E-16,-3.699516949636E-31,1.));
#5338 = DIRECTION('',(-1.,-6.661338147751E-16,-5.553714385278E-16));
#5339 = ADVANCED_FACE('',(#5340),#5365,.F.);
#5340 = FACE_BOUND('',#5341,.T.);
#5341 = EDGE_LOOP('',(#5342,#5350,#5358,#5364));
#5342 = ORIENTED_EDGE('',*,*,#5343,.T.);
#5343 = EDGE_CURVE('',#5313,#5344,#5346,.T.);
#5344 = VERTEX_POINT('',#5345);
#5345 = CARTESIAN_POINT('',(6.6,2.2,3.918513533714E-02));
#5346 = LINE('',#5347,#5348);
#5347 = CARTESIAN_POINT('',(6.6,2.2,-0.198247949201));
#5348 = VECTOR('',#5349,1.);
#5349 = DIRECTION('',(0.,0.,1.));
#5350 = ORIENTED_EDGE('',*,*,#5351,.F.);
#5351 = EDGE_CURVE('',#5352,#5344,#5354,.T.);
#5352 = VERTEX_POINT('',#5353);
#5353 = CARTESIAN_POINT('',(6.6,1.8,3.918513533714E-02));
#5354 = LINE('',#5355,#5356);
#5355 = CARTESIAN_POINT('',(6.6,1.8,3.918513533714E-02));
#5356 = VECTOR('',#5357,1.);
#5357 = DIRECTION('',(-6.661338147751E-16,1.,0.));
#5358 = ORIENTED_EDGE('',*,*,#5359,.F.);
#5359 = EDGE_CURVE('',#5321,#5352,#5360,.T.);
#5360 = LINE('',#5361,#5362);
#5361 = CARTESIAN_POINT('',(6.6,1.8,-0.198247949201));
#5362 = VECTOR('',#5363,1.);
#5363 = DIRECTION('',(0.,0.,1.));
#5364 = ORIENTED_EDGE('',*,*,#5320,.T.);
#5365 = PLANE('',#5366);
#5366 = AXIS2_PLACEMENT_3D('',#5367,#5368,#5369);
#5367 = CARTESIAN_POINT('',(6.6,1.8,-0.198247949201));
#5368 = DIRECTION('',(-1.,-6.661338147751E-16,0.));
#5369 = DIRECTION('',(0.,0.,-1.));
#5370 = ADVANCED_FACE('',(#5371),#5396,.F.);
#5371 = FACE_BOUND('',#5372,.T.);
#5372 = EDGE_LOOP('',(#5373,#5381,#5389,#5395));
#5373 = ORIENTED_EDGE('',*,*,#5374,.T.);
#5374 = EDGE_CURVE('',#5344,#5375,#5377,.T.);
#5375 = VERTEX_POINT('',#5376);
#5376 = CARTESIAN_POINT('',(6.199589675214,2.2,3.918513533714E-02));
#5377 = LINE('',#5378,#5379);
#5378 = CARTESIAN_POINT('',(6.6,2.2,3.918513533714E-02));
#5379 = VECTOR('',#5380,1.);
#5380 = DIRECTION('',(-1.,-6.04903497084E-16,-5.415455623248E-16));
#5381 = ORIENTED_EDGE('',*,*,#5382,.F.);
#5382 = EDGE_CURVE('',#5383,#5375,#5385,.T.);
#5383 = VERTEX_POINT('',#5384);
#5384 = CARTESIAN_POINT('',(6.199589675214,1.8,3.918513533714E-02));
#5385 = LINE('',#5386,#5387);
#5386 = CARTESIAN_POINT('',(6.199589675214,1.8,3.918513533714E-02));
#5387 = VECTOR('',#5388,1.);
#5388 = DIRECTION('',(-6.661338147751E-16,1.,0.));
#5389 = ORIENTED_EDGE('',*,*,#5390,.F.);
#5390 = EDGE_CURVE('',#5352,#5383,#5391,.T.);
#5391 = LINE('',#5392,#5393);
#5392 = CARTESIAN_POINT('',(6.6,1.8,3.918513533714E-02));
#5393 = VECTOR('',#5394,1.);
#5394 = DIRECTION('',(-1.,-6.04903497084E-16,-5.415455623248E-16));
#5395 = ORIENTED_EDGE('',*,*,#5351,.T.);
#5396 = PLANE('',#5397);
#5397 = AXIS2_PLACEMENT_3D('',#5398,#5399,#5400);
#5398 = CARTESIAN_POINT('',(6.6,1.8,3.918513533714E-02));
#5399 = DIRECTION('',(5.415455623248E-16,3.607418113059E-31,-1.));
#5400 = DIRECTION('',(1.,6.661338147751E-16,5.415455623248E-16));
#5401 = ADVANCED_FACE('',(#5402),#5429,.F.);
#5402 = FACE_BOUND('',#5403,.F.);
#5403 = EDGE_LOOP('',(#5404,#5405,#5414,#5422));
#5404 = ORIENTED_EDGE('',*,*,#5382,.F.);
#5405 = ORIENTED_EDGE('',*,*,#5406,.T.);
#5406 = EDGE_CURVE('',#5383,#5407,#5409,.T.);
#5407 = VERTEX_POINT('',#5408);
#5408 = CARTESIAN_POINT('',(5.921306132378,1.8,0.305809970136));
#5409 = CIRCLE('',#5410,0.278538443083);
#5410 = AXIS2_PLACEMENT_3D('',#5411,#5412,#5413);
#5411 = CARTESIAN_POINT('',(6.199589675214,1.8,0.31772357842));
#5412 = DIRECTION('',(-6.04903497084E-16,1.,0.));
#5413 = DIRECTION('',(1.,6.04903497084E-16,0.));
#5414 = ORIENTED_EDGE('',*,*,#5415,.T.);
#5415 = EDGE_CURVE('',#5407,#5416,#5418,.T.);
#5416 = VERTEX_POINT('',#5417);
#5417 = CARTESIAN_POINT('',(5.921306132378,2.2,0.305809970136));
#5418 = LINE('',#5419,#5420);
#5419 = CARTESIAN_POINT('',(5.921306132378,1.8,0.305809970136));
#5420 = VECTOR('',#5421,1.);
#5421 = DIRECTION('',(-6.661338147751E-16,1.,0.));
#5422 = ORIENTED_EDGE('',*,*,#5423,.F.);
#5423 = EDGE_CURVE('',#5375,#5416,#5424,.T.);
#5424 = CIRCLE('',#5425,0.278538443083);
#5425 = AXIS2_PLACEMENT_3D('',#5426,#5427,#5428);
#5426 = CARTESIAN_POINT('',(6.199589675214,2.2,0.31772357842));
#5427 = DIRECTION('',(-6.04903497084E-16,1.,0.));
#5428 = DIRECTION('',(1.,6.04903497084E-16,0.));
#5429 = CYLINDRICAL_SURFACE('',#5430,0.278538443083);
#5430 = AXIS2_PLACEMENT_3D('',#5431,#5432,#5433);
#5431 = CARTESIAN_POINT('',(6.199589675214,1.8,0.31772357842));
#5432 = DIRECTION('',(-6.661338147751E-16,1.,0.));
#5433 = DIRECTION('',(0.,0.,1.));
#5434 = ADVANCED_FACE('',(#5435),#5460,.F.);
#5435 = FACE_BOUND('',#5436,.T.);
#5436 = EDGE_LOOP('',(#5437,#5445,#5453,#5459));
#5437 = ORIENTED_EDGE('',*,*,#5438,.T.);
#5438 = EDGE_CURVE('',#5416,#5439,#5441,.T.);
#5439 = VERTEX_POINT('',#5440);
#5440 = CARTESIAN_POINT('',(5.886163236004,2.2,1.126693910204));
#5441 = LINE('',#5442,#5443);
#5442 = CARTESIAN_POINT('',(5.921306132378,2.2,0.305809970136));
#5443 = VECTOR('',#5444,1.);
#5444 = DIRECTION('',(-4.277186356053E-02,-2.587284984456E-17,
    0.999084865108));
#5445 = ORIENTED_EDGE('',*,*,#5446,.F.);
#5446 = EDGE_CURVE('',#5447,#5439,#5449,.T.);
#5447 = VERTEX_POINT('',#5448);
#5448 = CARTESIAN_POINT('',(5.886163236004,1.8,1.126693910204));
#5449 = LINE('',#5450,#5451);
#5450 = CARTESIAN_POINT('',(5.886163236004,1.8,1.126693910204));
#5451 = VECTOR('',#5452,1.);
#5452 = DIRECTION('',(-6.661338147751E-16,1.,0.));
#5453 = ORIENTED_EDGE('',*,*,#5454,.F.);
#5454 = EDGE_CURVE('',#5407,#5447,#5455,.T.);
#5455 = LINE('',#5456,#5457);
#5456 = CARTESIAN_POINT('',(5.921306132378,1.8,0.305809970136));
#5457 = VECTOR('',#5458,1.);
#5458 = DIRECTION('',(-4.277186356053E-02,-2.587284984456E-17,
    0.999084865108));
#5459 = ORIENTED_EDGE('',*,*,#5415,.T.);
#5460 = PLANE('',#5461);
#5461 = AXIS2_PLACEMENT_3D('',#5462,#5463,#5464);
#5462 = CARTESIAN_POINT('',(5.921306132378,1.8,0.305809970136));
#5463 = DIRECTION('',(-0.999084865108,-6.655242124783E-16,
    -4.277186356053E-02));
#5464 = DIRECTION('',(4.277186356053E-02,2.849178463861E-17,
    -0.999084865108));
#5465 = ADVANCED_FACE('',(#5466),#5493,.T.);
#5466 = FACE_BOUND('',#5467,.T.);
#5467 = EDGE_LOOP('',(#5468,#5477,#5485,#5492));
#5468 = ORIENTED_EDGE('',*,*,#5469,.T.);
#5469 = EDGE_CURVE('',#5439,#5470,#5472,.T.);
#5470 = VERTEX_POINT('',#5471);
#5471 = CARTESIAN_POINT('',(5.406609645391,2.2,1.586156570381));
#5472 = CIRCLE('',#5473,0.479992848817);
#5473 = AXIS2_PLACEMENT_3D('',#5474,#5475,#5476);
#5474 = CARTESIAN_POINT('',(5.406609645391,2.2,1.106163721564));
#5475 = DIRECTION('',(6.04903497084E-16,-1.,0.));
#5476 = DIRECTION('',(1.,6.04903497084E-16,0.));
#5477 = ORIENTED_EDGE('',*,*,#5478,.F.);
#5478 = EDGE_CURVE('',#5479,#5470,#5481,.T.);
#5479 = VERTEX_POINT('',#5480);
#5480 = CARTESIAN_POINT('',(5.406609645391,1.8,1.586156570381));
#5481 = LINE('',#5482,#5483);
#5482 = CARTESIAN_POINT('',(5.406609645391,1.8,1.586156570381));
#5483 = VECTOR('',#5484,1.);
#5484 = DIRECTION('',(-6.661338147751E-16,1.,0.));
#5485 = ORIENTED_EDGE('',*,*,#5486,.F.);
#5486 = EDGE_CURVE('',#5447,#5479,#5487,.T.);
#5487 = CIRCLE('',#5488,0.479992848817);
#5488 = AXIS2_PLACEMENT_3D('',#5489,#5490,#5491);
#5489 = CARTESIAN_POINT('',(5.406609645391,1.8,1.106163721564));
#5490 = DIRECTION('',(6.04903497084E-16,-1.,0.));
#5491 = DIRECTION('',(1.,6.04903497084E-16,0.));
#5492 = ORIENTED_EDGE('',*,*,#5446,.T.);
#5493 = CYLINDRICAL_SURFACE('',#5494,0.479992848817);
#5494 = AXIS2_PLACEMENT_3D('',#5495,#5496,#5497);
#5495 = CARTESIAN_POINT('',(5.406609645391,1.8,1.106163721564));
#5496 = DIRECTION('',(-6.661338147751E-16,1.,0.));
#5497 = DIRECTION('',(0.,0.,1.));
#5498 = ADVANCED_FACE('',(#5499),#5535,.F.);
#5499 = FACE_BOUND('',#5500,.F.);
#5500 = EDGE_LOOP('',(#5501,#5511,#5520,#5528));
#5501 = ORIENTED_EDGE('',*,*,#5502,.F.);
#5502 = EDGE_CURVE('',#5503,#5505,#5507,.T.);
#5503 = VERTEX_POINT('',#5504);
#5504 = CARTESIAN_POINT('',(5.32842852147,1.,1.36412609412));
#5505 = VERTEX_POINT('',#5506);
#5506 = CARTESIAN_POINT('',(5.32842852147,1.4,1.36412609412));
#5507 = LINE('',#5508,#5509);
#5508 = CARTESIAN_POINT('',(5.32842852147,1.,1.36412609412));
#5509 = VECTOR('',#5510,1.);
#5510 = DIRECTION('',(-6.661338147751E-16,1.,0.));
#5511 = ORIENTED_EDGE('',*,*,#5512,.T.);
#5512 = EDGE_CURVE('',#5503,#5513,#5515,.T.);
#5513 = VERTEX_POINT('',#5514);
#5514 = CARTESIAN_POINT('',(5.62600713975,1.,1.069218046847));
#5515 = CIRCLE('',#5516,0.297590710099);
#5516 = AXIS2_PLACEMENT_3D('',#5517,#5518,#5519);
#5517 = CARTESIAN_POINT('',(5.32842852147,1.,1.06653538402));
#5518 = DIRECTION('',(-6.04903497084E-16,1.,0.));
#5519 = DIRECTION('',(1.,6.04903497084E-16,0.));
#5520 = ORIENTED_EDGE('',*,*,#5521,.T.);
#5521 = EDGE_CURVE('',#5513,#5522,#5524,.T.);
#5522 = VERTEX_POINT('',#5523);
#5523 = CARTESIAN_POINT('',(5.62600713975,1.4,1.069218046847));
#5524 = LINE('',#5525,#5526);
#5525 = CARTESIAN_POINT('',(5.62600713975,1.,1.069218046847));
#5526 = VECTOR('',#5527,1.);
#5527 = DIRECTION('',(-6.661338147751E-16,1.,0.));
#5528 = ORIENTED_EDGE('',*,*,#5529,.F.);
#5529 = EDGE_CURVE('',#5505,#5522,#5530,.T.);
#5530 = CIRCLE('',#5531,0.297590710099);
#5531 = AXIS2_PLACEMENT_3D('',#5532,#5533,#5534);
#5532 = CARTESIAN_POINT('',(5.32842852147,1.4,1.06653538402));
#5533 = DIRECTION('',(-6.04903497084E-16,1.,0.));
#5534 = DIRECTION('',(1.,6.04903497084E-16,0.));
#5535 = CYLINDRICAL_SURFACE('',#5536,0.297590710099);
#5536 = AXIS2_PLACEMENT_3D('',#5537,#5538,#5539);
#5537 = CARTESIAN_POINT('',(5.32842852147,1.,1.06653538402));
#5538 = DIRECTION('',(-6.661338147751E-16,1.,0.));
#5539 = DIRECTION('',(0.,0.,1.));
#5540 = ADVANCED_FACE('',(#5541),#5566,.F.);
#5541 = FACE_BOUND('',#5542,.T.);
#5542 = EDGE_LOOP('',(#5543,#5551,#5559,#5565));
#5543 = ORIENTED_EDGE('',*,*,#5544,.T.);
#5544 = EDGE_CURVE('',#5522,#5545,#5547,.T.);
#5545 = VERTEX_POINT('',#5546);
#5546 = CARTESIAN_POINT('',(5.632275833135,1.4,0.373853315374));
#5547 = LINE('',#5548,#5549);
#5548 = CARTESIAN_POINT('',(5.62600713975,1.4,1.069218046847));
#5549 = VECTOR('',#5550,1.);
#5550 = DIRECTION('',(9.014605414585E-03,5.452966340115E-18,
    -0.999959367619));
#5551 = ORIENTED_EDGE('',*,*,#5552,.F.);
#5552 = EDGE_CURVE('',#5553,#5545,#5555,.T.);
#5553 = VERTEX_POINT('',#5554);
#5554 = CARTESIAN_POINT('',(5.632275833135,1.,0.373853315374));
#5555 = LINE('',#5556,#5557);
#5556 = CARTESIAN_POINT('',(5.632275833135,1.,0.373853315374));
#5557 = VECTOR('',#5558,1.);
#5558 = DIRECTION('',(-6.661338147751E-16,1.,0.));
#5559 = ORIENTED_EDGE('',*,*,#5560,.F.);
#5560 = EDGE_CURVE('',#5513,#5553,#5561,.T.);
#5561 = LINE('',#5562,#5563);
#5562 = CARTESIAN_POINT('',(5.62600713975,1.,1.069218046847));
#5563 = VECTOR('',#5564,1.);
#5564 = DIRECTION('',(9.014605414585E-03,5.452966340115E-18,
    -0.999959367619));
#5565 = ORIENTED_EDGE('',*,*,#5521,.T.);
#5566 = PLANE('',#5567);
#5567 = AXIS2_PLACEMENT_3D('',#5568,#5569,#5570);
#5568 = CARTESIAN_POINT('',(5.62600713975,1.,1.069218046847));
#5569 = DIRECTION('',(0.999959367619,6.661067481722E-16,
    9.014605414585E-03));
#5570 = DIRECTION('',(-9.014605414585E-03,-6.00493349351E-18,
    0.999959367619));
#5571 = ADVANCED_FACE('',(#5572),#5599,.T.);
#5572 = FACE_BOUND('',#5573,.T.);
#5573 = EDGE_LOOP('',(#5574,#5583,#5591,#5598));
#5574 = ORIENTED_EDGE('',*,*,#5575,.T.);
#5575 = EDGE_CURVE('',#5545,#5576,#5578,.T.);
#5576 = VERTEX_POINT('',#5577);
#5577 = CARTESIAN_POINT('',(6.209557821209,1.4,-0.198247949201));
#5578 = CIRCLE('',#5579,0.577305445368);
#5579 = AXIS2_PLACEMENT_3D('',#5580,#5581,#5582);
#5580 = CARTESIAN_POINT('',(6.209557821209,1.4,0.379057496168));
#5581 = DIRECTION('',(6.04903497084E-16,-1.,0.));
#5582 = DIRECTION('',(1.,6.04903497084E-16,0.));
#5583 = ORIENTED_EDGE('',*,*,#5584,.F.);
#5584 = EDGE_CURVE('',#5585,#5576,#5587,.T.);
#5585 = VERTEX_POINT('',#5586);
#5586 = CARTESIAN_POINT('',(6.209557821209,1.,-0.198247949201));
#5587 = LINE('',#5588,#5589);
#5588 = CARTESIAN_POINT('',(6.209557821209,1.,-0.198247949201));
#5589 = VECTOR('',#5590,1.);
#5590 = DIRECTION('',(-6.661338147751E-16,1.,0.));
#5591 = ORIENTED_EDGE('',*,*,#5592,.F.);
#5592 = EDGE_CURVE('',#5553,#5585,#5593,.T.);
#5593 = CIRCLE('',#5594,0.577305445368);
#5594 = AXIS2_PLACEMENT_3D('',#5595,#5596,#5597);
#5595 = CARTESIAN_POINT('',(6.209557821209,1.,0.379057496168));
#5596 = DIRECTION('',(6.04903497084E-16,-1.,0.));
#5597 = DIRECTION('',(1.,6.04903497084E-16,0.));
#5598 = ORIENTED_EDGE('',*,*,#5552,.T.);
#5599 = CYLINDRICAL_SURFACE('',#5600,0.577305445368);
#5600 = AXIS2_PLACEMENT_3D('',#5601,#5602,#5603);
#5601 = CARTESIAN_POINT('',(6.209557821209,1.,0.379057496168));
#5602 = DIRECTION('',(-6.661338147751E-16,1.,0.));
#5603 = DIRECTION('',(0.,0.,1.));
#5604 = ADVANCED_FACE('',(#5605),#5630,.F.);
#5605 = FACE_BOUND('',#5606,.T.);
#5606 = EDGE_LOOP('',(#5607,#5615,#5623,#5629));
#5607 = ORIENTED_EDGE('',*,*,#5608,.T.);
#5608 = EDGE_CURVE('',#5576,#5609,#5611,.T.);
#5609 = VERTEX_POINT('',#5610);
#5610 = CARTESIAN_POINT('',(6.6,1.4,-0.198247949201));
#5611 = LINE('',#5612,#5613);
#5612 = CARTESIAN_POINT('',(6.209557821209,1.4,-0.198247949201));
#5613 = VECTOR('',#5614,1.);
#5614 = DIRECTION('',(1.,6.04903497084E-16,5.553714385278E-16));
#5615 = ORIENTED_EDGE('',*,*,#5616,.F.);
#5616 = EDGE_CURVE('',#5617,#5609,#5619,.T.);
#5617 = VERTEX_POINT('',#5618);
#5618 = CARTESIAN_POINT('',(6.6,1.,-0.198247949201));
#5619 = LINE('',#5620,#5621);
#5620 = CARTESIAN_POINT('',(6.6,1.,-0.198247949201));
#5621 = VECTOR('',#5622,1.);
#5622 = DIRECTION('',(-6.661338147751E-16,1.,0.));
#5623 = ORIENTED_EDGE('',*,*,#5624,.F.);
#5624 = EDGE_CURVE('',#5585,#5617,#5625,.T.);
#5625 = LINE('',#5626,#5627);
#5626 = CARTESIAN_POINT('',(6.209557821209,1.,-0.198247949201));
#5627 = VECTOR('',#5628,1.);
#5628 = DIRECTION('',(1.,6.04903497084E-16,5.553714385278E-16));
#5629 = ORIENTED_EDGE('',*,*,#5584,.T.);
#5630 = PLANE('',#5631);
#5631 = AXIS2_PLACEMENT_3D('',#5632,#5633,#5634);
#5632 = CARTESIAN_POINT('',(6.209557821209,1.,-0.198247949201));
#5633 = DIRECTION('',(-5.553714385278E-16,-3.699516949636E-31,1.));
#5634 = DIRECTION('',(-1.,-6.661338147751E-16,-5.553714385278E-16));
#5635 = ADVANCED_FACE('',(#5636),#5661,.F.);
#5636 = FACE_BOUND('',#5637,.T.);
#5637 = EDGE_LOOP('',(#5638,#5646,#5654,#5660));
#5638 = ORIENTED_EDGE('',*,*,#5639,.T.);
#5639 = EDGE_CURVE('',#5609,#5640,#5642,.T.);
#5640 = VERTEX_POINT('',#5641);
#5641 = CARTESIAN_POINT('',(6.6,1.4,3.918513533714E-02));
#5642 = LINE('',#5643,#5644);
#5643 = CARTESIAN_POINT('',(6.6,1.4,-0.198247949201));
#5644 = VECTOR('',#5645,1.);
#5645 = DIRECTION('',(0.,0.,1.));
#5646 = ORIENTED_EDGE('',*,*,#5647,.F.);
#5647 = EDGE_CURVE('',#5648,#5640,#5650,.T.);
#5648 = VERTEX_POINT('',#5649);
#5649 = CARTESIAN_POINT('',(6.6,1.,3.918513533714E-02));
#5650 = LINE('',#5651,#5652);
#5651 = CARTESIAN_POINT('',(6.6,1.,3.918513533714E-02));
#5652 = VECTOR('',#5653,1.);
#5653 = DIRECTION('',(-6.661338147751E-16,1.,0.));
#5654 = ORIENTED_EDGE('',*,*,#5655,.F.);
#5655 = EDGE_CURVE('',#5617,#5648,#5656,.T.);
#5656 = LINE('',#5657,#5658);
#5657 = CARTESIAN_POINT('',(6.6,1.,-0.198247949201));
#5658 = VECTOR('',#5659,1.);
#5659 = DIRECTION('',(0.,0.,1.));
#5660 = ORIENTED_EDGE('',*,*,#5616,.T.);
#5661 = PLANE('',#5662);
#5662 = AXIS2_PLACEMENT_3D('',#5663,#5664,#5665);
#5663 = CARTESIAN_POINT('',(6.6,1.,-0.198247949201));
#5664 = DIRECTION('',(-1.,-6.661338147751E-16,0.));
#5665 = DIRECTION('',(0.,0.,-1.));
#5666 = ADVANCED_FACE('',(#5667),#5692,.F.);
#5667 = FACE_BOUND('',#5668,.T.);
#5668 = EDGE_LOOP('',(#5669,#5677,#5685,#5691));
#5669 = ORIENTED_EDGE('',*,*,#5670,.T.);
#5670 = EDGE_CURVE('',#5640,#5671,#5673,.T.);
#5671 = VERTEX_POINT('',#5672);
#5672 = CARTESIAN_POINT('',(6.199589675214,1.4,3.918513533714E-02));
#5673 = LINE('',#5674,#5675);
#5674 = CARTESIAN_POINT('',(6.6,1.4,3.918513533714E-02));
#5675 = VECTOR('',#5676,1.);
#5676 = DIRECTION('',(-1.,-6.04903497084E-16,-5.415455623248E-16));
#5677 = ORIENTED_EDGE('',*,*,#5678,.F.);
#5678 = EDGE_CURVE('',#5679,#5671,#5681,.T.);
#5679 = VERTEX_POINT('',#5680);
#5680 = CARTESIAN_POINT('',(6.199589675214,1.,3.918513533714E-02));
#5681 = LINE('',#5682,#5683);
#5682 = CARTESIAN_POINT('',(6.199589675214,1.,3.918513533714E-02));
#5683 = VECTOR('',#5684,1.);
#5684 = DIRECTION('',(-6.661338147751E-16,1.,0.));
#5685 = ORIENTED_EDGE('',*,*,#5686,.F.);
#5686 = EDGE_CURVE('',#5648,#5679,#5687,.T.);
#5687 = LINE('',#5688,#5689);
#5688 = CARTESIAN_POINT('',(6.6,1.,3.918513533714E-02));
#5689 = VECTOR('',#5690,1.);
#5690 = DIRECTION('',(-1.,-6.04903497084E-16,-5.415455623248E-16));
#5691 = ORIENTED_EDGE('',*,*,#5647,.T.);
#5692 = PLANE('',#5693);
#5693 = AXIS2_PLACEMENT_3D('',#5694,#5695,#5696);
#5694 = CARTESIAN_POINT('',(6.6,1.,3.918513533714E-02));
#5695 = DIRECTION('',(5.415455623248E-16,3.607418113059E-31,-1.));
#5696 = DIRECTION('',(1.,6.661338147751E-16,5.415455623248E-16));
#5697 = ADVANCED_FACE('',(#5698),#5725,.F.);
#5698 = FACE_BOUND('',#5699,.F.);
#5699 = EDGE_LOOP('',(#5700,#5701,#5710,#5718));
#5700 = ORIENTED_EDGE('',*,*,#5678,.F.);
#5701 = ORIENTED_EDGE('',*,*,#5702,.T.);
#5702 = EDGE_CURVE('',#5679,#5703,#5705,.T.);
#5703 = VERTEX_POINT('',#5704);
#5704 = CARTESIAN_POINT('',(5.921306132378,1.,0.305809970136));
#5705 = CIRCLE('',#5706,0.278538443083);
#5706 = AXIS2_PLACEMENT_3D('',#5707,#5708,#5709);
#5707 = CARTESIAN_POINT('',(6.199589675214,1.,0.31772357842));
#5708 = DIRECTION('',(-6.04903497084E-16,1.,0.));
#5709 = DIRECTION('',(1.,6.04903497084E-16,0.));
#5710 = ORIENTED_EDGE('',*,*,#5711,.T.);
#5711 = EDGE_CURVE('',#5703,#5712,#5714,.T.);
#5712 = VERTEX_POINT('',#5713);
#5713 = CARTESIAN_POINT('',(5.921306132378,1.4,0.305809970136));
#5714 = LINE('',#5715,#5716);
#5715 = CARTESIAN_POINT('',(5.921306132378,1.,0.305809970136));
#5716 = VECTOR('',#5717,1.);
#5717 = DIRECTION('',(-6.661338147751E-16,1.,0.));
#5718 = ORIENTED_EDGE('',*,*,#5719,.F.);
#5719 = EDGE_CURVE('',#5671,#5712,#5720,.T.);
#5720 = CIRCLE('',#5721,0.278538443083);
#5721 = AXIS2_PLACEMENT_3D('',#5722,#5723,#5724);
#5722 = CARTESIAN_POINT('',(6.199589675214,1.4,0.31772357842));
#5723 = DIRECTION('',(-6.04903497084E-16,1.,0.));
#5724 = DIRECTION('',(1.,6.04903497084E-16,0.));
#5725 = CYLINDRICAL_SURFACE('',#5726,0.278538443083);
#5726 = AXIS2_PLACEMENT_3D('',#5727,#5728,#5729);
#5727 = CARTESIAN_POINT('',(6.199589675214,1.,0.31772357842));
#5728 = DIRECTION('',(-6.661338147751E-16,1.,0.));
#5729 = DIRECTION('',(0.,0.,1.));
#5730 = ADVANCED_FACE('',(#5731),#5756,.F.);
#5731 = FACE_BOUND('',#5732,.T.);
#5732 = EDGE_LOOP('',(#5733,#5741,#5749,#5755));
#5733 = ORIENTED_EDGE('',*,*,#5734,.T.);
#5734 = EDGE_CURVE('',#5712,#5735,#5737,.T.);
#5735 = VERTEX_POINT('',#5736);
#5736 = CARTESIAN_POINT('',(5.886163236004,1.4,1.126693910204));
#5737 = LINE('',#5738,#5739);
#5738 = CARTESIAN_POINT('',(5.921306132378,1.4,0.305809970136));
#5739 = VECTOR('',#5740,1.);
#5740 = DIRECTION('',(-4.277186356053E-02,-2.587284984456E-17,
    0.999084865108));
#5741 = ORIENTED_EDGE('',*,*,#5742,.F.);
#5742 = EDGE_CURVE('',#5743,#5735,#5745,.T.);
#5743 = VERTEX_POINT('',#5744);
#5744 = CARTESIAN_POINT('',(5.886163236004,1.,1.126693910204));
#5745 = LINE('',#5746,#5747);
#5746 = CARTESIAN_POINT('',(5.886163236004,1.,1.126693910204));
#5747 = VECTOR('',#5748,1.);
#5748 = DIRECTION('',(-6.661338147751E-16,1.,0.));
#5749 = ORIENTED_EDGE('',*,*,#5750,.F.);
#5750 = EDGE_CURVE('',#5703,#5743,#5751,.T.);
#5751 = LINE('',#5752,#5753);
#5752 = CARTESIAN_POINT('',(5.921306132378,1.,0.305809970136));
#5753 = VECTOR('',#5754,1.);
#5754 = DIRECTION('',(-4.277186356053E-02,-2.587284984456E-17,
    0.999084865108));
#5755 = ORIENTED_EDGE('',*,*,#5711,.T.);
#5756 = PLANE('',#5757);
#5757 = AXIS2_PLACEMENT_3D('',#5758,#5759,#5760);
#5758 = CARTESIAN_POINT('',(5.921306132378,1.,0.305809970136));
#5759 = DIRECTION('',(-0.999084865108,-6.655242124783E-16,
    -4.277186356053E-02));
#5760 = DIRECTION('',(4.277186356053E-02,2.849178463861E-17,
    -0.999084865108));
#5761 = ADVANCED_FACE('',(#5762),#5789,.T.);
#5762 = FACE_BOUND('',#5763,.T.);
#5763 = EDGE_LOOP('',(#5764,#5773,#5781,#5788));
#5764 = ORIENTED_EDGE('',*,*,#5765,.T.);
#5765 = EDGE_CURVE('',#5735,#5766,#5768,.T.);
#5766 = VERTEX_POINT('',#5767);
#5767 = CARTESIAN_POINT('',(5.406609645391,1.4,1.586156570381));
#5768 = CIRCLE('',#5769,0.479992848817);
#5769 = AXIS2_PLACEMENT_3D('',#5770,#5771,#5772);
#5770 = CARTESIAN_POINT('',(5.406609645391,1.4,1.106163721564));
#5771 = DIRECTION('',(6.04903497084E-16,-1.,0.));
#5772 = DIRECTION('',(1.,6.04903497084E-16,0.));
#5773 = ORIENTED_EDGE('',*,*,#5774,.F.);
#5774 = EDGE_CURVE('',#5775,#5766,#5777,.T.);
#5775 = VERTEX_POINT('',#5776);
#5776 = CARTESIAN_POINT('',(5.406609645391,1.,1.586156570381));
#5777 = LINE('',#5778,#5779);
#5778 = CARTESIAN_POINT('',(5.406609645391,1.,1.586156570381));
#5779 = VECTOR('',#5780,1.);
#5780 = DIRECTION('',(-6.661338147751E-16,1.,0.));
#5781 = ORIENTED_EDGE('',*,*,#5782,.F.);
#5782 = EDGE_CURVE('',#5743,#5775,#5783,.T.);
#5783 = CIRCLE('',#5784,0.479992848817);
#5784 = AXIS2_PLACEMENT_3D('',#5785,#5786,#5787);
#5785 = CARTESIAN_POINT('',(5.406609645391,1.,1.106163721564));
#5786 = DIRECTION('',(6.04903497084E-16,-1.,0.));
#5787 = DIRECTION('',(1.,6.04903497084E-16,0.));
#5788 = ORIENTED_EDGE('',*,*,#5742,.T.);
#5789 = CYLINDRICAL_SURFACE('',#5790,0.479992848817);
#5790 = AXIS2_PLACEMENT_3D('',#5791,#5792,#5793);
#5791 = CARTESIAN_POINT('',(5.406609645391,1.,1.106163721564));
#5792 = DIRECTION('',(-6.661338147751E-16,1.,0.));
#5793 = DIRECTION('',(0.,0.,1.));
#5794 = ADVANCED_FACE('',(#5795),#5831,.F.);
#5795 = FACE_BOUND('',#5796,.F.);
#5796 = EDGE_LOOP('',(#5797,#5807,#5816,#5824));
#5797 = ORIENTED_EDGE('',*,*,#5798,.F.);
#5798 = EDGE_CURVE('',#5799,#5801,#5803,.T.);
#5799 = VERTEX_POINT('',#5800);
#5800 = CARTESIAN_POINT('',(5.32842852147,0.2,1.36412609412));
#5801 = VERTEX_POINT('',#5802);
#5802 = CARTESIAN_POINT('',(5.32842852147,0.6,1.36412609412));
#5803 = LINE('',#5804,#5805);
#5804 = CARTESIAN_POINT('',(5.32842852147,0.2,1.36412609412));
#5805 = VECTOR('',#5806,1.);
#5806 = DIRECTION('',(-6.661338147751E-16,1.,0.));
#5807 = ORIENTED_EDGE('',*,*,#5808,.T.);
#5808 = EDGE_CURVE('',#5799,#5809,#5811,.T.);
#5809 = VERTEX_POINT('',#5810);
#5810 = CARTESIAN_POINT('',(5.62600713975,0.2,1.069218046847));
#5811 = CIRCLE('',#5812,0.297590710099);
#5812 = AXIS2_PLACEMENT_3D('',#5813,#5814,#5815);
#5813 = CARTESIAN_POINT('',(5.32842852147,0.2,1.06653538402));
#5814 = DIRECTION('',(-6.04903497084E-16,1.,0.));
#5815 = DIRECTION('',(1.,6.04903497084E-16,0.));
#5816 = ORIENTED_EDGE('',*,*,#5817,.T.);
#5817 = EDGE_CURVE('',#5809,#5818,#5820,.T.);
#5818 = VERTEX_POINT('',#5819);
#5819 = CARTESIAN_POINT('',(5.62600713975,0.6,1.069218046847));
#5820 = LINE('',#5821,#5822);
#5821 = CARTESIAN_POINT('',(5.62600713975,0.2,1.069218046847));
#5822 = VECTOR('',#5823,1.);
#5823 = DIRECTION('',(-6.661338147751E-16,1.,0.));
#5824 = ORIENTED_EDGE('',*,*,#5825,.F.);
#5825 = EDGE_CURVE('',#5801,#5818,#5826,.T.);
#5826 = CIRCLE('',#5827,0.297590710099);
#5827 = AXIS2_PLACEMENT_3D('',#5828,#5829,#5830);
#5828 = CARTESIAN_POINT('',(5.32842852147,0.6,1.06653538402));
#5829 = DIRECTION('',(-6.04903497084E-16,1.,0.));
#5830 = DIRECTION('',(1.,6.04903497084E-16,0.));
#5831 = CYLINDRICAL_SURFACE('',#5832,0.297590710099);
#5832 = AXIS2_PLACEMENT_3D('',#5833,#5834,#5835);
#5833 = CARTESIAN_POINT('',(5.32842852147,0.2,1.06653538402));
#5834 = DIRECTION('',(-6.661338147751E-16,1.,0.));
#5835 = DIRECTION('',(0.,0.,1.));
#5836 = ADVANCED_FACE('',(#5837),#5862,.F.);
#5837 = FACE_BOUND('',#5838,.T.);
#5838 = EDGE_LOOP('',(#5839,#5847,#5855,#5861));
#5839 = ORIENTED_EDGE('',*,*,#5840,.T.);
#5840 = EDGE_CURVE('',#5818,#5841,#5843,.T.);
#5841 = VERTEX_POINT('',#5842);
#5842 = CARTESIAN_POINT('',(5.632275833135,0.6,0.373853315374));
#5843 = LINE('',#5844,#5845);
#5844 = CARTESIAN_POINT('',(5.62600713975,0.6,1.069218046847));
#5845 = VECTOR('',#5846,1.);
#5846 = DIRECTION('',(9.014605414585E-03,5.452966340115E-18,
    -0.999959367619));
#5847 = ORIENTED_EDGE('',*,*,#5848,.F.);
#5848 = EDGE_CURVE('',#5849,#5841,#5851,.T.);
#5849 = VERTEX_POINT('',#5850);
#5850 = CARTESIAN_POINT('',(5.632275833135,0.2,0.373853315374));
#5851 = LINE('',#5852,#5853);
#5852 = CARTESIAN_POINT('',(5.632275833135,0.2,0.373853315374));
#5853 = VECTOR('',#5854,1.);
#5854 = DIRECTION('',(-6.661338147751E-16,1.,0.));
#5855 = ORIENTED_EDGE('',*,*,#5856,.F.);
#5856 = EDGE_CURVE('',#5809,#5849,#5857,.T.);
#5857 = LINE('',#5858,#5859);
#5858 = CARTESIAN_POINT('',(5.62600713975,0.2,1.069218046847));
#5859 = VECTOR('',#5860,1.);
#5860 = DIRECTION('',(9.014605414585E-03,5.452966340115E-18,
    -0.999959367619));
#5861 = ORIENTED_EDGE('',*,*,#5817,.T.);
#5862 = PLANE('',#5863);
#5863 = AXIS2_PLACEMENT_3D('',#5864,#5865,#5866);
#5864 = CARTESIAN_POINT('',(5.62600713975,0.2,1.069218046847));
#5865 = DIRECTION('',(0.999959367619,6.661067481722E-16,
    9.014605414585E-03));
#5866 = DIRECTION('',(-9.014605414585E-03,-6.00493349351E-18,
    0.999959367619));
#5867 = ADVANCED_FACE('',(#5868),#5895,.T.);
#5868 = FACE_BOUND('',#5869,.T.);
#5869 = EDGE_LOOP('',(#5870,#5879,#5887,#5894));
#5870 = ORIENTED_EDGE('',*,*,#5871,.T.);
#5871 = EDGE_CURVE('',#5841,#5872,#5874,.T.);
#5872 = VERTEX_POINT('',#5873);
#5873 = CARTESIAN_POINT('',(6.209557821209,0.6,-0.198247949201));
#5874 = CIRCLE('',#5875,0.577305445368);
#5875 = AXIS2_PLACEMENT_3D('',#5876,#5877,#5878);
#5876 = CARTESIAN_POINT('',(6.209557821209,0.6,0.379057496168));
#5877 = DIRECTION('',(6.04903497084E-16,-1.,0.));
#5878 = DIRECTION('',(1.,6.04903497084E-16,0.));
#5879 = ORIENTED_EDGE('',*,*,#5880,.F.);
#5880 = EDGE_CURVE('',#5881,#5872,#5883,.T.);
#5881 = VERTEX_POINT('',#5882);
#5882 = CARTESIAN_POINT('',(6.209557821209,0.2,-0.198247949201));
#5883 = LINE('',#5884,#5885);
#5884 = CARTESIAN_POINT('',(6.209557821209,0.2,-0.198247949201));
#5885 = VECTOR('',#5886,1.);
#5886 = DIRECTION('',(-6.661338147751E-16,1.,0.));
#5887 = ORIENTED_EDGE('',*,*,#5888,.F.);
#5888 = EDGE_CURVE('',#5849,#5881,#5889,.T.);
#5889 = CIRCLE('',#5890,0.577305445368);
#5890 = AXIS2_PLACEMENT_3D('',#5891,#5892,#5893);
#5891 = CARTESIAN_POINT('',(6.209557821209,0.2,0.379057496168));
#5892 = DIRECTION('',(6.04903497084E-16,-1.,0.));
#5893 = DIRECTION('',(1.,6.04903497084E-16,0.));
#5894 = ORIENTED_EDGE('',*,*,#5848,.T.);
#5895 = CYLINDRICAL_SURFACE('',#5896,0.577305445368);
#5896 = AXIS2_PLACEMENT_3D('',#5897,#5898,#5899);
#5897 = CARTESIAN_POINT('',(6.209557821209,0.2,0.379057496168));
#5898 = DIRECTION('',(-6.661338147751E-16,1.,0.));
#5899 = DIRECTION('',(0.,0.,1.));
#5900 = ADVANCED_FACE('',(#5901),#5926,.F.);
#5901 = FACE_BOUND('',#5902,.T.);
#5902 = EDGE_LOOP('',(#5903,#5911,#5919,#5925));
#5903 = ORIENTED_EDGE('',*,*,#5904,.T.);
#5904 = EDGE_CURVE('',#5872,#5905,#5907,.T.);
#5905 = VERTEX_POINT('',#5906);
#5906 = CARTESIAN_POINT('',(6.6,0.6,-0.198247949201));
#5907 = LINE('',#5908,#5909);
#5908 = CARTESIAN_POINT('',(6.209557821209,0.6,-0.198247949201));
#5909 = VECTOR('',#5910,1.);
#5910 = DIRECTION('',(1.,6.04903497084E-16,5.553714385278E-16));
#5911 = ORIENTED_EDGE('',*,*,#5912,.F.);
#5912 = EDGE_CURVE('',#5913,#5905,#5915,.T.);
#5913 = VERTEX_POINT('',#5914);
#5914 = CARTESIAN_POINT('',(6.6,0.2,-0.198247949201));
#5915 = LINE('',#5916,#5917);
#5916 = CARTESIAN_POINT('',(6.6,0.2,-0.198247949201));
#5917 = VECTOR('',#5918,1.);
#5918 = DIRECTION('',(-6.661338147751E-16,1.,0.));
#5919 = ORIENTED_EDGE('',*,*,#5920,.F.);
#5920 = EDGE_CURVE('',#5881,#5913,#5921,.T.);
#5921 = LINE('',#5922,#5923);
#5922 = CARTESIAN_POINT('',(6.209557821209,0.2,-0.198247949201));
#5923 = VECTOR('',#5924,1.);
#5924 = DIRECTION('',(1.,6.04903497084E-16,5.553714385278E-16));
#5925 = ORIENTED_EDGE('',*,*,#5880,.T.);
#5926 = PLANE('',#5927);
#5927 = AXIS2_PLACEMENT_3D('',#5928,#5929,#5930);
#5928 = CARTESIAN_POINT('',(6.209557821209,0.2,-0.198247949201));
#5929 = DIRECTION('',(-5.553714385278E-16,-3.699516949636E-31,1.));
#5930 = DIRECTION('',(-1.,-6.661338147751E-16,-5.553714385278E-16));
#5931 = ADVANCED_FACE('',(#5932),#5957,.F.);
#5932 = FACE_BOUND('',#5933,.T.);
#5933 = EDGE_LOOP('',(#5934,#5942,#5950,#5956));
#5934 = ORIENTED_EDGE('',*,*,#5935,.T.);
#5935 = EDGE_CURVE('',#5905,#5936,#5938,.T.);
#5936 = VERTEX_POINT('',#5937);
#5937 = CARTESIAN_POINT('',(6.6,0.6,3.918513533714E-02));
#5938 = LINE('',#5939,#5940);
#5939 = CARTESIAN_POINT('',(6.6,0.6,-0.198247949201));
#5940 = VECTOR('',#5941,1.);
#5941 = DIRECTION('',(0.,0.,1.));
#5942 = ORIENTED_EDGE('',*,*,#5943,.F.);
#5943 = EDGE_CURVE('',#5944,#5936,#5946,.T.);
#5944 = VERTEX_POINT('',#5945);
#5945 = CARTESIAN_POINT('',(6.6,0.2,3.918513533714E-02));
#5946 = LINE('',#5947,#5948);
#5947 = CARTESIAN_POINT('',(6.6,0.2,3.918513533714E-02));
#5948 = VECTOR('',#5949,1.);
#5949 = DIRECTION('',(-6.661338147751E-16,1.,0.));
#5950 = ORIENTED_EDGE('',*,*,#5951,.F.);
#5951 = EDGE_CURVE('',#5913,#5944,#5952,.T.);
#5952 = LINE('',#5953,#5954);
#5953 = CARTESIAN_POINT('',(6.6,0.2,-0.198247949201));
#5954 = VECTOR('',#5955,1.);
#5955 = DIRECTION('',(0.,0.,1.));
#5956 = ORIENTED_EDGE('',*,*,#5912,.T.);
#5957 = PLANE('',#5958);
#5958 = AXIS2_PLACEMENT_3D('',#5959,#5960,#5961);
#5959 = CARTESIAN_POINT('',(6.6,0.2,-0.198247949201));
#5960 = DIRECTION('',(-1.,-6.661338147751E-16,0.));
#5961 = DIRECTION('',(0.,0.,-1.));
#5962 = ADVANCED_FACE('',(#5963),#5988,.F.);
#5963 = FACE_BOUND('',#5964,.T.);
#5964 = EDGE_LOOP('',(#5965,#5973,#5981,#5987));
#5965 = ORIENTED_EDGE('',*,*,#5966,.T.);
#5966 = EDGE_CURVE('',#5936,#5967,#5969,.T.);
#5967 = VERTEX_POINT('',#5968);
#5968 = CARTESIAN_POINT('',(6.199589675214,0.6,3.918513533714E-02));
#5969 = LINE('',#5970,#5971);
#5970 = CARTESIAN_POINT('',(6.6,0.6,3.918513533714E-02));
#5971 = VECTOR('',#5972,1.);
#5972 = DIRECTION('',(-1.,-6.04903497084E-16,-5.415455623248E-16));
#5973 = ORIENTED_EDGE('',*,*,#5974,.F.);
#5974 = EDGE_CURVE('',#5975,#5967,#5977,.T.);
#5975 = VERTEX_POINT('',#5976);
#5976 = CARTESIAN_POINT('',(6.199589675214,0.2,3.918513533714E-02));
#5977 = LINE('',#5978,#5979);
#5978 = CARTESIAN_POINT('',(6.199589675214,0.2,3.918513533714E-02));
#5979 = VECTOR('',#5980,1.);
#5980 = DIRECTION('',(-6.661338147751E-16,1.,0.));
#5981 = ORIENTED_EDGE('',*,*,#5982,.F.);
#5982 = EDGE_CURVE('',#5944,#5975,#5983,.T.);
#5983 = LINE('',#5984,#5985);
#5984 = CARTESIAN_POINT('',(6.6,0.2,3.918513533714E-02));
#5985 = VECTOR('',#5986,1.);
#5986 = DIRECTION('',(-1.,-6.04903497084E-16,-5.415455623248E-16));
#5987 = ORIENTED_EDGE('',*,*,#5943,.T.);
#5988 = PLANE('',#5989);
#5989 = AXIS2_PLACEMENT_3D('',#5990,#5991,#5992);
#5990 = CARTESIAN_POINT('',(6.6,0.2,3.918513533714E-02));
#5991 = DIRECTION('',(5.415455623248E-16,3.607418113059E-31,-1.));
#5992 = DIRECTION('',(1.,6.661338147751E-16,5.415455623248E-16));
#5993 = ADVANCED_FACE('',(#5994),#6021,.F.);
#5994 = FACE_BOUND('',#5995,.F.);
#5995 = EDGE_LOOP('',(#5996,#5997,#6006,#6014));
#5996 = ORIENTED_EDGE('',*,*,#5974,.F.);
#5997 = ORIENTED_EDGE('',*,*,#5998,.T.);
#5998 = EDGE_CURVE('',#5975,#5999,#6001,.T.);
#5999 = VERTEX_POINT('',#6000);
#6000 = CARTESIAN_POINT('',(5.921306132378,0.2,0.305809970136));
#6001 = CIRCLE('',#6002,0.278538443083);
#6002 = AXIS2_PLACEMENT_3D('',#6003,#6004,#6005);
#6003 = CARTESIAN_POINT('',(6.199589675214,0.2,0.31772357842));
#6004 = DIRECTION('',(-6.04903497084E-16,1.,0.));
#6005 = DIRECTION('',(1.,6.04903497084E-16,0.));
#6006 = ORIENTED_EDGE('',*,*,#6007,.T.);
#6007 = EDGE_CURVE('',#5999,#6008,#6010,.T.);
#6008 = VERTEX_POINT('',#6009);
#6009 = CARTESIAN_POINT('',(5.921306132378,0.6,0.305809970136));
#6010 = LINE('',#6011,#6012);
#6011 = CARTESIAN_POINT('',(5.921306132378,0.2,0.305809970136));
#6012 = VECTOR('',#6013,1.);
#6013 = DIRECTION('',(-6.661338147751E-16,1.,0.));
#6014 = ORIENTED_EDGE('',*,*,#6015,.F.);
#6015 = EDGE_CURVE('',#5967,#6008,#6016,.T.);
#6016 = CIRCLE('',#6017,0.278538443083);
#6017 = AXIS2_PLACEMENT_3D('',#6018,#6019,#6020);
#6018 = CARTESIAN_POINT('',(6.199589675214,0.6,0.31772357842));
#6019 = DIRECTION('',(-6.04903497084E-16,1.,0.));
#6020 = DIRECTION('',(1.,6.04903497084E-16,0.));
#6021 = CYLINDRICAL_SURFACE('',#6022,0.278538443083);
#6022 = AXIS2_PLACEMENT_3D('',#6023,#6024,#6025);
#6023 = CARTESIAN_POINT('',(6.199589675214,0.2,0.31772357842));
#6024 = DIRECTION('',(-6.661338147751E-16,1.,0.));
#6025 = DIRECTION('',(0.,0.,1.));
#6026 = ADVANCED_FACE('',(#6027),#6052,.F.);
#6027 = FACE_BOUND('',#6028,.T.);
#6028 = EDGE_LOOP('',(#6029,#6037,#6045,#6051));
#6029 = ORIENTED_EDGE('',*,*,#6030,.T.);
#6030 = EDGE_CURVE('',#6008,#6031,#6033,.T.);
#6031 = VERTEX_POINT('',#6032);
#6032 = CARTESIAN_POINT('',(5.886163236004,0.6,1.126693910204));
#6033 = LINE('',#6034,#6035);
#6034 = CARTESIAN_POINT('',(5.921306132378,0.6,0.305809970136));
#6035 = VECTOR('',#6036,1.);
#6036 = DIRECTION('',(-4.277186356053E-02,-2.587284984456E-17,
    0.999084865108));
#6037 = ORIENTED_EDGE('',*,*,#6038,.F.);
#6038 = EDGE_CURVE('',#6039,#6031,#6041,.T.);
#6039 = VERTEX_POINT('',#6040);
#6040 = CARTESIAN_POINT('',(5.886163236004,0.2,1.126693910204));
#6041 = LINE('',#6042,#6043);
#6042 = CARTESIAN_POINT('',(5.886163236004,0.2,1.126693910204));
#6043 = VECTOR('',#6044,1.);
#6044 = DIRECTION('',(-6.661338147751E-16,1.,0.));
#6045 = ORIENTED_EDGE('',*,*,#6046,.F.);
#6046 = EDGE_CURVE('',#5999,#6039,#6047,.T.);
#6047 = LINE('',#6048,#6049);
#6048 = CARTESIAN_POINT('',(5.921306132378,0.2,0.305809970136));
#6049 = VECTOR('',#6050,1.);
#6050 = DIRECTION('',(-4.277186356053E-02,-2.587284984456E-17,
    0.999084865108));
#6051 = ORIENTED_EDGE('',*,*,#6007,.T.);
#6052 = PLANE('',#6053);
#6053 = AXIS2_PLACEMENT_3D('',#6054,#6055,#6056);
#6054 = CARTESIAN_POINT('',(5.921306132378,0.2,0.305809970136));
#6055 = DIRECTION('',(-0.999084865108,-6.655242124783E-16,
    -4.277186356053E-02));
#6056 = DIRECTION('',(4.277186356053E-02,2.849178463861E-17,
    -0.999084865108));
#6057 = ADVANCED_FACE('',(#6058),#6085,.T.);
#6058 = FACE_BOUND('',#6059,.T.);
#6059 = EDGE_LOOP('',(#6060,#6069,#6077,#6084));
#6060 = ORIENTED_EDGE('',*,*,#6061,.T.);
#6061 = EDGE_CURVE('',#6031,#6062,#6064,.T.);
#6062 = VERTEX_POINT('',#6063);
#6063 = CARTESIAN_POINT('',(5.406609645391,0.6,1.586156570381));
#6064 = CIRCLE('',#6065,0.479992848817);
#6065 = AXIS2_PLACEMENT_3D('',#6066,#6067,#6068);
#6066 = CARTESIAN_POINT('',(5.406609645391,0.6,1.106163721564));
#6067 = DIRECTION('',(6.04903497084E-16,-1.,0.));
#6068 = DIRECTION('',(1.,6.04903497084E-16,0.));
#6069 = ORIENTED_EDGE('',*,*,#6070,.F.);
#6070 = EDGE_CURVE('',#6071,#6062,#6073,.T.);
#6071 = VERTEX_POINT('',#6072);
#6072 = CARTESIAN_POINT('',(5.406609645391,0.2,1.586156570381));
#6073 = LINE('',#6074,#6075);
#6074 = CARTESIAN_POINT('',(5.406609645391,0.2,1.586156570381));
#6075 = VECTOR('',#6076,1.);
#6076 = DIRECTION('',(-6.661338147751E-16,1.,0.));
#6077 = ORIENTED_EDGE('',*,*,#6078,.F.);
#6078 = EDGE_CURVE('',#6039,#6071,#6079,.T.);
#6079 = CIRCLE('',#6080,0.479992848817);
#6080 = AXIS2_PLACEMENT_3D('',#6081,#6082,#6083);
#6081 = CARTESIAN_POINT('',(5.406609645391,0.2,1.106163721564));
#6082 = DIRECTION('',(6.04903497084E-16,-1.,0.));
#6083 = DIRECTION('',(1.,6.04903497084E-16,0.));
#6084 = ORIENTED_EDGE('',*,*,#6038,.T.);
#6085 = CYLINDRICAL_SURFACE('',#6086,0.479992848817);
#6086 = AXIS2_PLACEMENT_3D('',#6087,#6088,#6089);
#6087 = CARTESIAN_POINT('',(5.406609645391,0.2,1.106163721564));
#6088 = DIRECTION('',(-6.661338147751E-16,1.,0.));
#6089 = DIRECTION('',(0.,0.,1.));
#6090 = ADVANCED_FACE('',(#6091),#6127,.F.);
#6091 = FACE_BOUND('',#6092,.F.);
#6092 = EDGE_LOOP('',(#6093,#6103,#6112,#6120));
#6093 = ORIENTED_EDGE('',*,*,#6094,.F.);
#6094 = EDGE_CURVE('',#6095,#6097,#6099,.T.);
#6095 = VERTEX_POINT('',#6096);
#6096 = CARTESIAN_POINT('',(5.32842852147,-0.6,1.36412609412));
#6097 = VERTEX_POINT('',#6098);
#6098 = CARTESIAN_POINT('',(5.32842852147,-0.2,1.36412609412));
#6099 = LINE('',#6100,#6101);
#6100 = CARTESIAN_POINT('',(5.32842852147,-0.6,1.36412609412));
#6101 = VECTOR('',#6102,1.);
#6102 = DIRECTION('',(-6.661338147751E-16,1.,0.));
#6103 = ORIENTED_EDGE('',*,*,#6104,.T.);
#6104 = EDGE_CURVE('',#6095,#6105,#6107,.T.);
#6105 = VERTEX_POINT('',#6106);
#6106 = CARTESIAN_POINT('',(5.62600713975,-0.6,1.069218046847));
#6107 = CIRCLE('',#6108,0.297590710099);
#6108 = AXIS2_PLACEMENT_3D('',#6109,#6110,#6111);
#6109 = CARTESIAN_POINT('',(5.32842852147,-0.6,1.06653538402));
#6110 = DIRECTION('',(-6.04903497084E-16,1.,0.));
#6111 = DIRECTION('',(1.,6.04903497084E-16,0.));
#6112 = ORIENTED_EDGE('',*,*,#6113,.T.);
#6113 = EDGE_CURVE('',#6105,#6114,#6116,.T.);
#6114 = VERTEX_POINT('',#6115);
#6115 = CARTESIAN_POINT('',(5.62600713975,-0.2,1.069218046847));
#6116 = LINE('',#6117,#6118);
#6117 = CARTESIAN_POINT('',(5.62600713975,-0.6,1.069218046847));
#6118 = VECTOR('',#6119,1.);
#6119 = DIRECTION('',(-6.661338147751E-16,1.,0.));
#6120 = ORIENTED_EDGE('',*,*,#6121,.F.);
#6121 = EDGE_CURVE('',#6097,#6114,#6122,.T.);
#6122 = CIRCLE('',#6123,0.297590710099);
#6123 = AXIS2_PLACEMENT_3D('',#6124,#6125,#6126);
#6124 = CARTESIAN_POINT('',(5.32842852147,-0.2,1.06653538402));
#6125 = DIRECTION('',(-6.04903497084E-16,1.,0.));
#6126 = DIRECTION('',(1.,6.04903497084E-16,0.));
#6127 = CYLINDRICAL_SURFACE('',#6128,0.297590710099);
#6128 = AXIS2_PLACEMENT_3D('',#6129,#6130,#6131);
#6129 = CARTESIAN_POINT('',(5.32842852147,-0.6,1.06653538402));
#6130 = DIRECTION('',(-6.661338147751E-16,1.,0.));
#6131 = DIRECTION('',(0.,0.,1.));
#6132 = ADVANCED_FACE('',(#6133),#6158,.F.);
#6133 = FACE_BOUND('',#6134,.T.);
#6134 = EDGE_LOOP('',(#6135,#6143,#6151,#6157));
#6135 = ORIENTED_EDGE('',*,*,#6136,.T.);
#6136 = EDGE_CURVE('',#6114,#6137,#6139,.T.);
#6137 = VERTEX_POINT('',#6138);
#6138 = CARTESIAN_POINT('',(5.632275833135,-0.2,0.373853315374));
#6139 = LINE('',#6140,#6141);
#6140 = CARTESIAN_POINT('',(5.62600713975,-0.2,1.069218046847));
#6141 = VECTOR('',#6142,1.);
#6142 = DIRECTION('',(9.014605414585E-03,5.452966340115E-18,
    -0.999959367619));
#6143 = ORIENTED_EDGE('',*,*,#6144,.F.);
#6144 = EDGE_CURVE('',#6145,#6137,#6147,.T.);
#6145 = VERTEX_POINT('',#6146);
#6146 = CARTESIAN_POINT('',(5.632275833135,-0.6,0.373853315374));
#6147 = LINE('',#6148,#6149);
#6148 = CARTESIAN_POINT('',(5.632275833135,-0.6,0.373853315374));
#6149 = VECTOR('',#6150,1.);
#6150 = DIRECTION('',(-6.661338147751E-16,1.,0.));
#6151 = ORIENTED_EDGE('',*,*,#6152,.F.);
#6152 = EDGE_CURVE('',#6105,#6145,#6153,.T.);
#6153 = LINE('',#6154,#6155);
#6154 = CARTESIAN_POINT('',(5.62600713975,-0.6,1.069218046847));
#6155 = VECTOR('',#6156,1.);
#6156 = DIRECTION('',(9.014605414585E-03,5.452966340115E-18,
    -0.999959367619));
#6157 = ORIENTED_EDGE('',*,*,#6113,.T.);
#6158 = PLANE('',#6159);
#6159 = AXIS2_PLACEMENT_3D('',#6160,#6161,#6162);
#6160 = CARTESIAN_POINT('',(5.62600713975,-0.6,1.069218046847));
#6161 = DIRECTION('',(0.999959367619,6.661067481722E-16,
    9.014605414585E-03));
#6162 = DIRECTION('',(-9.014605414585E-03,-6.00493349351E-18,
    0.999959367619));
#6163 = ADVANCED_FACE('',(#6164),#6191,.T.);
#6164 = FACE_BOUND('',#6165,.T.);
#6165 = EDGE_LOOP('',(#6166,#6175,#6183,#6190));
#6166 = ORIENTED_EDGE('',*,*,#6167,.T.);
#6167 = EDGE_CURVE('',#6137,#6168,#6170,.T.);
#6168 = VERTEX_POINT('',#6169);
#6169 = CARTESIAN_POINT('',(6.209557821209,-0.2,-0.198247949201));
#6170 = CIRCLE('',#6171,0.577305445368);
#6171 = AXIS2_PLACEMENT_3D('',#6172,#6173,#6174);
#6172 = CARTESIAN_POINT('',(6.209557821209,-0.2,0.379057496168));
#6173 = DIRECTION('',(6.04903497084E-16,-1.,0.));
#6174 = DIRECTION('',(1.,6.04903497084E-16,0.));
#6175 = ORIENTED_EDGE('',*,*,#6176,.F.);
#6176 = EDGE_CURVE('',#6177,#6168,#6179,.T.);
#6177 = VERTEX_POINT('',#6178);
#6178 = CARTESIAN_POINT('',(6.209557821209,-0.6,-0.198247949201));
#6179 = LINE('',#6180,#6181);
#6180 = CARTESIAN_POINT('',(6.209557821209,-0.6,-0.198247949201));
#6181 = VECTOR('',#6182,1.);
#6182 = DIRECTION('',(-6.661338147751E-16,1.,0.));
#6183 = ORIENTED_EDGE('',*,*,#6184,.F.);
#6184 = EDGE_CURVE('',#6145,#6177,#6185,.T.);
#6185 = CIRCLE('',#6186,0.577305445368);
#6186 = AXIS2_PLACEMENT_3D('',#6187,#6188,#6189);
#6187 = CARTESIAN_POINT('',(6.209557821209,-0.6,0.379057496168));
#6188 = DIRECTION('',(6.04903497084E-16,-1.,0.));
#6189 = DIRECTION('',(1.,6.04903497084E-16,0.));
#6190 = ORIENTED_EDGE('',*,*,#6144,.T.);
#6191 = CYLINDRICAL_SURFACE('',#6192,0.577305445368);
#6192 = AXIS2_PLACEMENT_3D('',#6193,#6194,#6195);
#6193 = CARTESIAN_POINT('',(6.209557821209,-0.6,0.379057496168));
#6194 = DIRECTION('',(-6.661338147751E-16,1.,0.));
#6195 = DIRECTION('',(0.,0.,1.));
#6196 = ADVANCED_FACE('',(#6197),#6222,.F.);
#6197 = FACE_BOUND('',#6198,.T.);
#6198 = EDGE_LOOP('',(#6199,#6207,#6215,#6221));
#6199 = ORIENTED_EDGE('',*,*,#6200,.T.);
#6200 = EDGE_CURVE('',#6168,#6201,#6203,.T.);
#6201 = VERTEX_POINT('',#6202);
#6202 = CARTESIAN_POINT('',(6.6,-0.2,-0.198247949201));
#6203 = LINE('',#6204,#6205);
#6204 = CARTESIAN_POINT('',(6.209557821209,-0.2,-0.198247949201));
#6205 = VECTOR('',#6206,1.);
#6206 = DIRECTION('',(1.,6.04903497084E-16,5.553714385278E-16));
#6207 = ORIENTED_EDGE('',*,*,#6208,.F.);
#6208 = EDGE_CURVE('',#6209,#6201,#6211,.T.);
#6209 = VERTEX_POINT('',#6210);
#6210 = CARTESIAN_POINT('',(6.6,-0.6,-0.198247949201));
#6211 = LINE('',#6212,#6213);
#6212 = CARTESIAN_POINT('',(6.6,-0.6,-0.198247949201));
#6213 = VECTOR('',#6214,1.);
#6214 = DIRECTION('',(-6.661338147751E-16,1.,0.));
#6215 = ORIENTED_EDGE('',*,*,#6216,.F.);
#6216 = EDGE_CURVE('',#6177,#6209,#6217,.T.);
#6217 = LINE('',#6218,#6219);
#6218 = CARTESIAN_POINT('',(6.209557821209,-0.6,-0.198247949201));
#6219 = VECTOR('',#6220,1.);
#6220 = DIRECTION('',(1.,6.04903497084E-16,5.553714385278E-16));
#6221 = ORIENTED_EDGE('',*,*,#6176,.T.);
#6222 = PLANE('',#6223);
#6223 = AXIS2_PLACEMENT_3D('',#6224,#6225,#6226);
#6224 = CARTESIAN_POINT('',(6.209557821209,-0.6,-0.198247949201));
#6225 = DIRECTION('',(-5.553714385278E-16,-3.699516949636E-31,1.));
#6226 = DIRECTION('',(-1.,-6.661338147751E-16,-5.553714385278E-16));
#6227 = ADVANCED_FACE('',(#6228),#6253,.F.);
#6228 = FACE_BOUND('',#6229,.T.);
#6229 = EDGE_LOOP('',(#6230,#6238,#6246,#6252));
#6230 = ORIENTED_EDGE('',*,*,#6231,.T.);
#6231 = EDGE_CURVE('',#6201,#6232,#6234,.T.);
#6232 = VERTEX_POINT('',#6233);
#6233 = CARTESIAN_POINT('',(6.6,-0.2,3.918513533714E-02));
#6234 = LINE('',#6235,#6236);
#6235 = CARTESIAN_POINT('',(6.6,-0.2,-0.198247949201));
#6236 = VECTOR('',#6237,1.);
#6237 = DIRECTION('',(0.,0.,1.));
#6238 = ORIENTED_EDGE('',*,*,#6239,.F.);
#6239 = EDGE_CURVE('',#6240,#6232,#6242,.T.);
#6240 = VERTEX_POINT('',#6241);
#6241 = CARTESIAN_POINT('',(6.6,-0.6,3.918513533714E-02));
#6242 = LINE('',#6243,#6244);
#6243 = CARTESIAN_POINT('',(6.6,-0.6,3.918513533714E-02));
#6244 = VECTOR('',#6245,1.);
#6245 = DIRECTION('',(-6.661338147751E-16,1.,0.));
#6246 = ORIENTED_EDGE('',*,*,#6247,.F.);
#6247 = EDGE_CURVE('',#6209,#6240,#6248,.T.);
#6248 = LINE('',#6249,#6250);
#6249 = CARTESIAN_POINT('',(6.6,-0.6,-0.198247949201));
#6250 = VECTOR('',#6251,1.);
#6251 = DIRECTION('',(0.,0.,1.));
#6252 = ORIENTED_EDGE('',*,*,#6208,.T.);
#6253 = PLANE('',#6254);
#6254 = AXIS2_PLACEMENT_3D('',#6255,#6256,#6257);
#6255 = CARTESIAN_POINT('',(6.6,-0.6,-0.198247949201));
#6256 = DIRECTION('',(-1.,-6.661338147751E-16,0.));
#6257 = DIRECTION('',(0.,0.,-1.));
#6258 = ADVANCED_FACE('',(#6259),#6284,.F.);
#6259 = FACE_BOUND('',#6260,.T.);
#6260 = EDGE_LOOP('',(#6261,#6269,#6277,#6283));
#6261 = ORIENTED_EDGE('',*,*,#6262,.T.);
#6262 = EDGE_CURVE('',#6232,#6263,#6265,.T.);
#6263 = VERTEX_POINT('',#6264);
#6264 = CARTESIAN_POINT('',(6.199589675214,-0.2,3.918513533714E-02));
#6265 = LINE('',#6266,#6267);
#6266 = CARTESIAN_POINT('',(6.6,-0.2,3.918513533714E-02));
#6267 = VECTOR('',#6268,1.);
#6268 = DIRECTION('',(-1.,-6.04903497084E-16,-5.415455623248E-16));
#6269 = ORIENTED_EDGE('',*,*,#6270,.F.);
#6270 = EDGE_CURVE('',#6271,#6263,#6273,.T.);
#6271 = VERTEX_POINT('',#6272);
#6272 = CARTESIAN_POINT('',(6.199589675214,-0.6,3.918513533714E-02));
#6273 = LINE('',#6274,#6275);
#6274 = CARTESIAN_POINT('',(6.199589675214,-0.6,3.918513533714E-02));
#6275 = VECTOR('',#6276,1.);
#6276 = DIRECTION('',(-6.661338147751E-16,1.,0.));
#6277 = ORIENTED_EDGE('',*,*,#6278,.F.);
#6278 = EDGE_CURVE('',#6240,#6271,#6279,.T.);
#6279 = LINE('',#6280,#6281);
#6280 = CARTESIAN_POINT('',(6.6,-0.6,3.918513533714E-02));
#6281 = VECTOR('',#6282,1.);
#6282 = DIRECTION('',(-1.,-6.04903497084E-16,-5.415455623248E-16));
#6283 = ORIENTED_EDGE('',*,*,#6239,.T.);
#6284 = PLANE('',#6285);
#6285 = AXIS2_PLACEMENT_3D('',#6286,#6287,#6288);
#6286 = CARTESIAN_POINT('',(6.6,-0.6,3.918513533714E-02));
#6287 = DIRECTION('',(5.415455623248E-16,3.607418113059E-31,-1.));
#6288 = DIRECTION('',(1.,6.661338147751E-16,5.415455623248E-16));
#6289 = ADVANCED_FACE('',(#6290),#6317,.F.);
#6290 = FACE_BOUND('',#6291,.F.);
#6291 = EDGE_LOOP('',(#6292,#6293,#6302,#6310));
#6292 = ORIENTED_EDGE('',*,*,#6270,.F.);
#6293 = ORIENTED_EDGE('',*,*,#6294,.T.);
#6294 = EDGE_CURVE('',#6271,#6295,#6297,.T.);
#6295 = VERTEX_POINT('',#6296);
#6296 = CARTESIAN_POINT('',(5.921306132378,-0.6,0.305809970136));
#6297 = CIRCLE('',#6298,0.278538443083);
#6298 = AXIS2_PLACEMENT_3D('',#6299,#6300,#6301);
#6299 = CARTESIAN_POINT('',(6.199589675214,-0.6,0.31772357842));
#6300 = DIRECTION('',(-6.04903497084E-16,1.,0.));
#6301 = DIRECTION('',(1.,6.04903497084E-16,0.));
#6302 = ORIENTED_EDGE('',*,*,#6303,.T.);
#6303 = EDGE_CURVE('',#6295,#6304,#6306,.T.);
#6304 = VERTEX_POINT('',#6305);
#6305 = CARTESIAN_POINT('',(5.921306132378,-0.2,0.305809970136));
#6306 = LINE('',#6307,#6308);
#6307 = CARTESIAN_POINT('',(5.921306132378,-0.6,0.305809970136));
#6308 = VECTOR('',#6309,1.);
#6309 = DIRECTION('',(-6.661338147751E-16,1.,0.));
#6310 = ORIENTED_EDGE('',*,*,#6311,.F.);
#6311 = EDGE_CURVE('',#6263,#6304,#6312,.T.);
#6312 = CIRCLE('',#6313,0.278538443083);
#6313 = AXIS2_PLACEMENT_3D('',#6314,#6315,#6316);
#6314 = CARTESIAN_POINT('',(6.199589675214,-0.2,0.31772357842));
#6315 = DIRECTION('',(-6.04903497084E-16,1.,0.));
#6316 = DIRECTION('',(1.,6.04903497084E-16,0.));
#6317 = CYLINDRICAL_SURFACE('',#6318,0.278538443083);
#6318 = AXIS2_PLACEMENT_3D('',#6319,#6320,#6321);
#6319 = CARTESIAN_POINT('',(6.199589675214,-0.6,0.31772357842));
#6320 = DIRECTION('',(-6.661338147751E-16,1.,0.));
#6321 = DIRECTION('',(0.,0.,1.));
#6322 = ADVANCED_FACE('',(#6323),#6348,.F.);
#6323 = FACE_BOUND('',#6324,.T.);
#6324 = EDGE_LOOP('',(#6325,#6333,#6341,#6347));
#6325 = ORIENTED_EDGE('',*,*,#6326,.T.);
#6326 = EDGE_CURVE('',#6304,#6327,#6329,.T.);
#6327 = VERTEX_POINT('',#6328);
#6328 = CARTESIAN_POINT('',(5.886163236004,-0.2,1.126693910204));
#6329 = LINE('',#6330,#6331);
#6330 = CARTESIAN_POINT('',(5.921306132378,-0.2,0.305809970136));
#6331 = VECTOR('',#6332,1.);
#6332 = DIRECTION('',(-4.277186356053E-02,-2.587284984456E-17,
    0.999084865108));
#6333 = ORIENTED_EDGE('',*,*,#6334,.F.);
#6334 = EDGE_CURVE('',#6335,#6327,#6337,.T.);
#6335 = VERTEX_POINT('',#6336);
#6336 = CARTESIAN_POINT('',(5.886163236004,-0.6,1.126693910204));
#6337 = LINE('',#6338,#6339);
#6338 = CARTESIAN_POINT('',(5.886163236004,-0.6,1.126693910204));
#6339 = VECTOR('',#6340,1.);
#6340 = DIRECTION('',(-6.661338147751E-16,1.,0.));
#6341 = ORIENTED_EDGE('',*,*,#6342,.F.);
#6342 = EDGE_CURVE('',#6295,#6335,#6343,.T.);
#6343 = LINE('',#6344,#6345);
#6344 = CARTESIAN_POINT('',(5.921306132378,-0.6,0.305809970136));
#6345 = VECTOR('',#6346,1.);
#6346 = DIRECTION('',(-4.277186356053E-02,-2.587284984456E-17,
    0.999084865108));
#6347 = ORIENTED_EDGE('',*,*,#6303,.T.);
#6348 = PLANE('',#6349);
#6349 = AXIS2_PLACEMENT_3D('',#6350,#6351,#6352);
#6350 = CARTESIAN_POINT('',(5.921306132378,-0.6,0.305809970136));
#6351 = DIRECTION('',(-0.999084865108,-6.655242124783E-16,
    -4.277186356053E-02));
#6352 = DIRECTION('',(4.277186356053E-02,2.849178463861E-17,
    -0.999084865108));
#6353 = ADVANCED_FACE('',(#6354),#6381,.T.);
#6354 = FACE_BOUND('',#6355,.T.);
#6355 = EDGE_LOOP('',(#6356,#6365,#6373,#6380));
#6356 = ORIENTED_EDGE('',*,*,#6357,.T.);
#6357 = EDGE_CURVE('',#6327,#6358,#6360,.T.);
#6358 = VERTEX_POINT('',#6359);
#6359 = CARTESIAN_POINT('',(5.406609645391,-0.2,1.586156570381));
#6360 = CIRCLE('',#6361,0.479992848817);
#6361 = AXIS2_PLACEMENT_3D('',#6362,#6363,#6364);
#6362 = CARTESIAN_POINT('',(5.406609645391,-0.2,1.106163721564));
#6363 = DIRECTION('',(6.04903497084E-16,-1.,0.));
#6364 = DIRECTION('',(1.,6.04903497084E-16,0.));
#6365 = ORIENTED_EDGE('',*,*,#6366,.F.);
#6366 = EDGE_CURVE('',#6367,#6358,#6369,.T.);
#6367 = VERTEX_POINT('',#6368);
#6368 = CARTESIAN_POINT('',(5.406609645391,-0.6,1.586156570381));
#6369 = LINE('',#6370,#6371);
#6370 = CARTESIAN_POINT('',(5.406609645391,-0.6,1.586156570381));
#6371 = VECTOR('',#6372,1.);
#6372 = DIRECTION('',(-6.661338147751E-16,1.,0.));
#6373 = ORIENTED_EDGE('',*,*,#6374,.F.);
#6374 = EDGE_CURVE('',#6335,#6367,#6375,.T.);
#6375 = CIRCLE('',#6376,0.479992848817);
#6376 = AXIS2_PLACEMENT_3D('',#6377,#6378,#6379);
#6377 = CARTESIAN_POINT('',(5.406609645391,-0.6,1.106163721564));
#6378 = DIRECTION('',(6.04903497084E-16,-1.,0.));
#6379 = DIRECTION('',(1.,6.04903497084E-16,0.));
#6380 = ORIENTED_EDGE('',*,*,#6334,.T.);
#6381 = CYLINDRICAL_SURFACE('',#6382,0.479992848817);
#6382 = AXIS2_PLACEMENT_3D('',#6383,#6384,#6385);
#6383 = CARTESIAN_POINT('',(5.406609645391,-0.6,1.106163721564));
#6384 = DIRECTION('',(-6.661338147751E-16,1.,0.));
#6385 = DIRECTION('',(0.,0.,1.));
#6386 = ADVANCED_FACE('',(#6387),#6423,.F.);
#6387 = FACE_BOUND('',#6388,.F.);
#6388 = EDGE_LOOP('',(#6389,#6399,#6408,#6416));
#6389 = ORIENTED_EDGE('',*,*,#6390,.F.);
#6390 = EDGE_CURVE('',#6391,#6393,#6395,.T.);
#6391 = VERTEX_POINT('',#6392);
#6392 = CARTESIAN_POINT('',(5.32842852147,-1.4,1.36412609412));
#6393 = VERTEX_POINT('',#6394);
#6394 = CARTESIAN_POINT('',(5.32842852147,-1.,1.36412609412));
#6395 = LINE('',#6396,#6397);
#6396 = CARTESIAN_POINT('',(5.32842852147,-1.4,1.36412609412));
#6397 = VECTOR('',#6398,1.);
#6398 = DIRECTION('',(-6.661338147751E-16,1.,0.));
#6399 = ORIENTED_EDGE('',*,*,#6400,.T.);
#6400 = EDGE_CURVE('',#6391,#6401,#6403,.T.);
#6401 = VERTEX_POINT('',#6402);
#6402 = CARTESIAN_POINT('',(5.62600713975,-1.4,1.069218046847));
#6403 = CIRCLE('',#6404,0.297590710099);
#6404 = AXIS2_PLACEMENT_3D('',#6405,#6406,#6407);
#6405 = CARTESIAN_POINT('',(5.32842852147,-1.4,1.06653538402));
#6406 = DIRECTION('',(-6.04903497084E-16,1.,0.));
#6407 = DIRECTION('',(1.,6.04903497084E-16,0.));
#6408 = ORIENTED_EDGE('',*,*,#6409,.T.);
#6409 = EDGE_CURVE('',#6401,#6410,#6412,.T.);
#6410 = VERTEX_POINT('',#6411);
#6411 = CARTESIAN_POINT('',(5.62600713975,-1.,1.069218046847));
#6412 = LINE('',#6413,#6414);
#6413 = CARTESIAN_POINT('',(5.62600713975,-1.4,1.069218046847));
#6414 = VECTOR('',#6415,1.);
#6415 = DIRECTION('',(-6.661338147751E-16,1.,0.));
#6416 = ORIENTED_EDGE('',*,*,#6417,.F.);
#6417 = EDGE_CURVE('',#6393,#6410,#6418,.T.);
#6418 = CIRCLE('',#6419,0.297590710099);
#6419 = AXIS2_PLACEMENT_3D('',#6420,#6421,#6422);
#6420 = CARTESIAN_POINT('',(5.32842852147,-1.,1.06653538402));
#6421 = DIRECTION('',(-6.04903497084E-16,1.,0.));
#6422 = DIRECTION('',(1.,6.04903497084E-16,0.));
#6423 = CYLINDRICAL_SURFACE('',#6424,0.297590710099);
#6424 = AXIS2_PLACEMENT_3D('',#6425,#6426,#6427);
#6425 = CARTESIAN_POINT('',(5.32842852147,-1.4,1.06653538402));
#6426 = DIRECTION('',(-6.661338147751E-16,1.,0.));
#6427 = DIRECTION('',(0.,0.,1.));
#6428 = ADVANCED_FACE('',(#6429),#6454,.F.);
#6429 = FACE_BOUND('',#6430,.T.);
#6430 = EDGE_LOOP('',(#6431,#6439,#6447,#6453));
#6431 = ORIENTED_EDGE('',*,*,#6432,.T.);
#6432 = EDGE_CURVE('',#6410,#6433,#6435,.T.);
#6433 = VERTEX_POINT('',#6434);
#6434 = CARTESIAN_POINT('',(5.632275833135,-1.,0.373853315374));
#6435 = LINE('',#6436,#6437);
#6436 = CARTESIAN_POINT('',(5.62600713975,-1.,1.069218046847));
#6437 = VECTOR('',#6438,1.);
#6438 = DIRECTION('',(9.014605414585E-03,5.452966340115E-18,
    -0.999959367619));
#6439 = ORIENTED_EDGE('',*,*,#6440,.F.);
#6440 = EDGE_CURVE('',#6441,#6433,#6443,.T.);
#6441 = VERTEX_POINT('',#6442);
#6442 = CARTESIAN_POINT('',(5.632275833135,-1.4,0.373853315374));
#6443 = LINE('',#6444,#6445);
#6444 = CARTESIAN_POINT('',(5.632275833135,-1.4,0.373853315374));
#6445 = VECTOR('',#6446,1.);
#6446 = DIRECTION('',(-6.661338147751E-16,1.,0.));
#6447 = ORIENTED_EDGE('',*,*,#6448,.F.);
#6448 = EDGE_CURVE('',#6401,#6441,#6449,.T.);
#6449 = LINE('',#6450,#6451);
#6450 = CARTESIAN_POINT('',(5.62600713975,-1.4,1.069218046847));
#6451 = VECTOR('',#6452,1.);
#6452 = DIRECTION('',(9.014605414585E-03,5.452966340115E-18,
    -0.999959367619));
#6453 = ORIENTED_EDGE('',*,*,#6409,.T.);
#6454 = PLANE('',#6455);
#6455 = AXIS2_PLACEMENT_3D('',#6456,#6457,#6458);
#6456 = CARTESIAN_POINT('',(5.62600713975,-1.4,1.069218046847));
#6457 = DIRECTION('',(0.999959367619,6.661067481722E-16,
    9.014605414585E-03));
#6458 = DIRECTION('',(-9.014605414585E-03,-6.00493349351E-18,
    0.999959367619));
#6459 = ADVANCED_FACE('',(#6460),#6487,.T.);
#6460 = FACE_BOUND('',#6461,.T.);
#6461 = EDGE_LOOP('',(#6462,#6471,#6479,#6486));
#6462 = ORIENTED_EDGE('',*,*,#6463,.T.);
#6463 = EDGE_CURVE('',#6433,#6464,#6466,.T.);
#6464 = VERTEX_POINT('',#6465);
#6465 = CARTESIAN_POINT('',(6.209557821209,-1.,-0.198247949201));
#6466 = CIRCLE('',#6467,0.577305445368);
#6467 = AXIS2_PLACEMENT_3D('',#6468,#6469,#6470);
#6468 = CARTESIAN_POINT('',(6.209557821209,-1.,0.379057496168));
#6469 = DIRECTION('',(6.04903497084E-16,-1.,0.));
#6470 = DIRECTION('',(1.,6.04903497084E-16,0.));
#6471 = ORIENTED_EDGE('',*,*,#6472,.F.);
#6472 = EDGE_CURVE('',#6473,#6464,#6475,.T.);
#6473 = VERTEX_POINT('',#6474);
#6474 = CARTESIAN_POINT('',(6.209557821209,-1.4,-0.198247949201));
#6475 = LINE('',#6476,#6477);
#6476 = CARTESIAN_POINT('',(6.209557821209,-1.4,-0.198247949201));
#6477 = VECTOR('',#6478,1.);
#6478 = DIRECTION('',(-6.661338147751E-16,1.,0.));
#6479 = ORIENTED_EDGE('',*,*,#6480,.F.);
#6480 = EDGE_CURVE('',#6441,#6473,#6481,.T.);
#6481 = CIRCLE('',#6482,0.577305445368);
#6482 = AXIS2_PLACEMENT_3D('',#6483,#6484,#6485);
#6483 = CARTESIAN_POINT('',(6.209557821209,-1.4,0.379057496168));
#6484 = DIRECTION('',(6.04903497084E-16,-1.,0.));
#6485 = DIRECTION('',(1.,6.04903497084E-16,0.));
#6486 = ORIENTED_EDGE('',*,*,#6440,.T.);
#6487 = CYLINDRICAL_SURFACE('',#6488,0.577305445368);
#6488 = AXIS2_PLACEMENT_3D('',#6489,#6490,#6491);
#6489 = CARTESIAN_POINT('',(6.209557821209,-1.4,0.379057496168));
#6490 = DIRECTION('',(-6.661338147751E-16,1.,0.));
#6491 = DIRECTION('',(0.,0.,1.));
#6492 = ADVANCED_FACE('',(#6493),#6518,.F.);
#6493 = FACE_BOUND('',#6494,.T.);
#6494 = EDGE_LOOP('',(#6495,#6503,#6511,#6517));
#6495 = ORIENTED_EDGE('',*,*,#6496,.T.);
#6496 = EDGE_CURVE('',#6464,#6497,#6499,.T.);
#6497 = VERTEX_POINT('',#6498);
#6498 = CARTESIAN_POINT('',(6.6,-1.,-0.198247949201));
#6499 = LINE('',#6500,#6501);
#6500 = CARTESIAN_POINT('',(6.209557821209,-1.,-0.198247949201));
#6501 = VECTOR('',#6502,1.);
#6502 = DIRECTION('',(1.,6.04903497084E-16,5.553714385278E-16));
#6503 = ORIENTED_EDGE('',*,*,#6504,.F.);
#6504 = EDGE_CURVE('',#6505,#6497,#6507,.T.);
#6505 = VERTEX_POINT('',#6506);
#6506 = CARTESIAN_POINT('',(6.6,-1.4,-0.198247949201));
#6507 = LINE('',#6508,#6509);
#6508 = CARTESIAN_POINT('',(6.6,-1.4,-0.198247949201));
#6509 = VECTOR('',#6510,1.);
#6510 = DIRECTION('',(-6.661338147751E-16,1.,0.));
#6511 = ORIENTED_EDGE('',*,*,#6512,.F.);
#6512 = EDGE_CURVE('',#6473,#6505,#6513,.T.);
#6513 = LINE('',#6514,#6515);
#6514 = CARTESIAN_POINT('',(6.209557821209,-1.4,-0.198247949201));
#6515 = VECTOR('',#6516,1.);
#6516 = DIRECTION('',(1.,6.04903497084E-16,5.553714385278E-16));
#6517 = ORIENTED_EDGE('',*,*,#6472,.T.);
#6518 = PLANE('',#6519);
#6519 = AXIS2_PLACEMENT_3D('',#6520,#6521,#6522);
#6520 = CARTESIAN_POINT('',(6.209557821209,-1.4,-0.198247949201));
#6521 = DIRECTION('',(-5.553714385278E-16,-3.699516949636E-31,1.));
#6522 = DIRECTION('',(-1.,-6.661338147751E-16,-5.553714385278E-16));
#6523 = ADVANCED_FACE('',(#6524),#6549,.F.);
#6524 = FACE_BOUND('',#6525,.T.);
#6525 = EDGE_LOOP('',(#6526,#6534,#6542,#6548));
#6526 = ORIENTED_EDGE('',*,*,#6527,.T.);
#6527 = EDGE_CURVE('',#6497,#6528,#6530,.T.);
#6528 = VERTEX_POINT('',#6529);
#6529 = CARTESIAN_POINT('',(6.6,-1.,3.918513533714E-02));
#6530 = LINE('',#6531,#6532);
#6531 = CARTESIAN_POINT('',(6.6,-1.,-0.198247949201));
#6532 = VECTOR('',#6533,1.);
#6533 = DIRECTION('',(0.,0.,1.));
#6534 = ORIENTED_EDGE('',*,*,#6535,.F.);
#6535 = EDGE_CURVE('',#6536,#6528,#6538,.T.);
#6536 = VERTEX_POINT('',#6537);
#6537 = CARTESIAN_POINT('',(6.6,-1.4,3.918513533714E-02));
#6538 = LINE('',#6539,#6540);
#6539 = CARTESIAN_POINT('',(6.6,-1.4,3.918513533714E-02));
#6540 = VECTOR('',#6541,1.);
#6541 = DIRECTION('',(-6.661338147751E-16,1.,0.));
#6542 = ORIENTED_EDGE('',*,*,#6543,.F.);
#6543 = EDGE_CURVE('',#6505,#6536,#6544,.T.);
#6544 = LINE('',#6545,#6546);
#6545 = CARTESIAN_POINT('',(6.6,-1.4,-0.198247949201));
#6546 = VECTOR('',#6547,1.);
#6547 = DIRECTION('',(0.,0.,1.));
#6548 = ORIENTED_EDGE('',*,*,#6504,.T.);
#6549 = PLANE('',#6550);
#6550 = AXIS2_PLACEMENT_3D('',#6551,#6552,#6553);
#6551 = CARTESIAN_POINT('',(6.6,-1.4,-0.198247949201));
#6552 = DIRECTION('',(-1.,-6.661338147751E-16,0.));
#6553 = DIRECTION('',(0.,0.,-1.));
#6554 = ADVANCED_FACE('',(#6555),#6580,.F.);
#6555 = FACE_BOUND('',#6556,.T.);
#6556 = EDGE_LOOP('',(#6557,#6565,#6573,#6579));
#6557 = ORIENTED_EDGE('',*,*,#6558,.T.);
#6558 = EDGE_CURVE('',#6528,#6559,#6561,.T.);
#6559 = VERTEX_POINT('',#6560);
#6560 = CARTESIAN_POINT('',(6.199589675214,-1.,3.918513533714E-02));
#6561 = LINE('',#6562,#6563);
#6562 = CARTESIAN_POINT('',(6.6,-1.,3.918513533714E-02));
#6563 = VECTOR('',#6564,1.);
#6564 = DIRECTION('',(-1.,-6.04903497084E-16,-5.415455623248E-16));
#6565 = ORIENTED_EDGE('',*,*,#6566,.F.);
#6566 = EDGE_CURVE('',#6567,#6559,#6569,.T.);
#6567 = VERTEX_POINT('',#6568);
#6568 = CARTESIAN_POINT('',(6.199589675214,-1.4,3.918513533714E-02));
#6569 = LINE('',#6570,#6571);
#6570 = CARTESIAN_POINT('',(6.199589675214,-1.4,3.918513533714E-02));
#6571 = VECTOR('',#6572,1.);
#6572 = DIRECTION('',(-6.661338147751E-16,1.,0.));
#6573 = ORIENTED_EDGE('',*,*,#6574,.F.);
#6574 = EDGE_CURVE('',#6536,#6567,#6575,.T.);
#6575 = LINE('',#6576,#6577);
#6576 = CARTESIAN_POINT('',(6.6,-1.4,3.918513533714E-02));
#6577 = VECTOR('',#6578,1.);
#6578 = DIRECTION('',(-1.,-6.04903497084E-16,-5.415455623248E-16));
#6579 = ORIENTED_EDGE('',*,*,#6535,.T.);
#6580 = PLANE('',#6581);
#6581 = AXIS2_PLACEMENT_3D('',#6582,#6583,#6584);
#6582 = CARTESIAN_POINT('',(6.6,-1.4,3.918513533714E-02));
#6583 = DIRECTION('',(5.415455623248E-16,3.607418113059E-31,-1.));
#6584 = DIRECTION('',(1.,6.661338147751E-16,5.415455623248E-16));
#6585 = ADVANCED_FACE('',(#6586),#6613,.F.);
#6586 = FACE_BOUND('',#6587,.F.);
#6587 = EDGE_LOOP('',(#6588,#6589,#6598,#6606));
#6588 = ORIENTED_EDGE('',*,*,#6566,.F.);
#6589 = ORIENTED_EDGE('',*,*,#6590,.T.);
#6590 = EDGE_CURVE('',#6567,#6591,#6593,.T.);
#6591 = VERTEX_POINT('',#6592);
#6592 = CARTESIAN_POINT('',(5.921306132378,-1.4,0.305809970136));
#6593 = CIRCLE('',#6594,0.278538443083);
#6594 = AXIS2_PLACEMENT_3D('',#6595,#6596,#6597);
#6595 = CARTESIAN_POINT('',(6.199589675214,-1.4,0.31772357842));
#6596 = DIRECTION('',(-6.04903497084E-16,1.,0.));
#6597 = DIRECTION('',(1.,6.04903497084E-16,0.));
#6598 = ORIENTED_EDGE('',*,*,#6599,.T.);
#6599 = EDGE_CURVE('',#6591,#6600,#6602,.T.);
#6600 = VERTEX_POINT('',#6601);
#6601 = CARTESIAN_POINT('',(5.921306132378,-1.,0.305809970136));
#6602 = LINE('',#6603,#6604);
#6603 = CARTESIAN_POINT('',(5.921306132378,-1.4,0.305809970136));
#6604 = VECTOR('',#6605,1.);
#6605 = DIRECTION('',(-6.661338147751E-16,1.,0.));
#6606 = ORIENTED_EDGE('',*,*,#6607,.F.);
#6607 = EDGE_CURVE('',#6559,#6600,#6608,.T.);
#6608 = CIRCLE('',#6609,0.278538443083);
#6609 = AXIS2_PLACEMENT_3D('',#6610,#6611,#6612);
#6610 = CARTESIAN_POINT('',(6.199589675214,-1.,0.31772357842));
#6611 = DIRECTION('',(-6.04903497084E-16,1.,0.));
#6612 = DIRECTION('',(1.,6.04903497084E-16,0.));
#6613 = CYLINDRICAL_SURFACE('',#6614,0.278538443083);
#6614 = AXIS2_PLACEMENT_3D('',#6615,#6616,#6617);
#6615 = CARTESIAN_POINT('',(6.199589675214,-1.4,0.31772357842));
#6616 = DIRECTION('',(-6.661338147751E-16,1.,0.));
#6617 = DIRECTION('',(0.,0.,1.));
#6618 = ADVANCED_FACE('',(#6619),#6644,.F.);
#6619 = FACE_BOUND('',#6620,.T.);
#6620 = EDGE_LOOP('',(#6621,#6629,#6637,#6643));
#6621 = ORIENTED_EDGE('',*,*,#6622,.T.);
#6622 = EDGE_CURVE('',#6600,#6623,#6625,.T.);
#6623 = VERTEX_POINT('',#6624);
#6624 = CARTESIAN_POINT('',(5.886163236004,-1.,1.126693910204));
#6625 = LINE('',#6626,#6627);
#6626 = CARTESIAN_POINT('',(5.921306132378,-1.,0.305809970136));
#6627 = VECTOR('',#6628,1.);
#6628 = DIRECTION('',(-4.277186356053E-02,-2.587284984456E-17,
    0.999084865108));
#6629 = ORIENTED_EDGE('',*,*,#6630,.F.);
#6630 = EDGE_CURVE('',#6631,#6623,#6633,.T.);
#6631 = VERTEX_POINT('',#6632);
#6632 = CARTESIAN_POINT('',(5.886163236004,-1.4,1.126693910204));
#6633 = LINE('',#6634,#6635);
#6634 = CARTESIAN_POINT('',(5.886163236004,-1.4,1.126693910204));
#6635 = VECTOR('',#6636,1.);
#6636 = DIRECTION('',(-6.661338147751E-16,1.,0.));
#6637 = ORIENTED_EDGE('',*,*,#6638,.F.);
#6638 = EDGE_CURVE('',#6591,#6631,#6639,.T.);
#6639 = LINE('',#6640,#6641);
#6640 = CARTESIAN_POINT('',(5.921306132378,-1.4,0.305809970136));
#6641 = VECTOR('',#6642,1.);
#6642 = DIRECTION('',(-4.277186356053E-02,-2.587284984456E-17,
    0.999084865108));
#6643 = ORIENTED_EDGE('',*,*,#6599,.T.);
#6644 = PLANE('',#6645);
#6645 = AXIS2_PLACEMENT_3D('',#6646,#6647,#6648);
#6646 = CARTESIAN_POINT('',(5.921306132378,-1.4,0.305809970136));
#6647 = DIRECTION('',(-0.999084865108,-6.655242124783E-16,
    -4.277186356053E-02));
#6648 = DIRECTION('',(4.277186356053E-02,2.849178463861E-17,
    -0.999084865108));
#6649 = ADVANCED_FACE('',(#6650),#6677,.T.);
#6650 = FACE_BOUND('',#6651,.T.);
#6651 = EDGE_LOOP('',(#6652,#6661,#6669,#6676));
#6652 = ORIENTED_EDGE('',*,*,#6653,.T.);
#6653 = EDGE_CURVE('',#6623,#6654,#6656,.T.);
#6654 = VERTEX_POINT('',#6655);
#6655 = CARTESIAN_POINT('',(5.406609645391,-1.,1.586156570381));
#6656 = CIRCLE('',#6657,0.479992848817);
#6657 = AXIS2_PLACEMENT_3D('',#6658,#6659,#6660);
#6658 = CARTESIAN_POINT('',(5.406609645391,-1.,1.106163721564));
#6659 = DIRECTION('',(6.04903497084E-16,-1.,0.));
#6660 = DIRECTION('',(1.,6.04903497084E-16,0.));
#6661 = ORIENTED_EDGE('',*,*,#6662,.F.);
#6662 = EDGE_CURVE('',#6663,#6654,#6665,.T.);
#6663 = VERTEX_POINT('',#6664);
#6664 = CARTESIAN_POINT('',(5.406609645391,-1.4,1.586156570381));
#6665 = LINE('',#6666,#6667);
#6666 = CARTESIAN_POINT('',(5.406609645391,-1.4,1.586156570381));
#6667 = VECTOR('',#6668,1.);
#6668 = DIRECTION('',(-6.661338147751E-16,1.,0.));
#6669 = ORIENTED_EDGE('',*,*,#6670,.F.);
#6670 = EDGE_CURVE('',#6631,#6663,#6671,.T.);
#6671 = CIRCLE('',#6672,0.479992848817);
#6672 = AXIS2_PLACEMENT_3D('',#6673,#6674,#6675);
#6673 = CARTESIAN_POINT('',(5.406609645391,-1.4,1.106163721564));
#6674 = DIRECTION('',(6.04903497084E-16,-1.,0.));
#6675 = DIRECTION('',(1.,6.04903497084E-16,0.));
#6676 = ORIENTED_EDGE('',*,*,#6630,.T.);
#6677 = CYLINDRICAL_SURFACE('',#6678,0.479992848817);
#6678 = AXIS2_PLACEMENT_3D('',#6679,#6680,#6681);
#6679 = CARTESIAN_POINT('',(5.406609645391,-1.4,1.106163721564));
#6680 = DIRECTION('',(-6.661338147751E-16,1.,0.));
#6681 = DIRECTION('',(0.,0.,1.));
#6682 = ADVANCED_FACE('',(#6683),#6719,.F.);
#6683 = FACE_BOUND('',#6684,.F.);
#6684 = EDGE_LOOP('',(#6685,#6695,#6704,#6712));
#6685 = ORIENTED_EDGE('',*,*,#6686,.F.);
#6686 = EDGE_CURVE('',#6687,#6689,#6691,.T.);
#6687 = VERTEX_POINT('',#6688);
#6688 = CARTESIAN_POINT('',(5.32842852147,-2.2,1.36412609412));
#6689 = VERTEX_POINT('',#6690);
#6690 = CARTESIAN_POINT('',(5.32842852147,-1.8,1.36412609412));
#6691 = LINE('',#6692,#6693);
#6692 = CARTESIAN_POINT('',(5.32842852147,-2.2,1.36412609412));
#6693 = VECTOR('',#6694,1.);
#6694 = DIRECTION('',(-6.661338147751E-16,1.,0.));
#6695 = ORIENTED_EDGE('',*,*,#6696,.T.);
#6696 = EDGE_CURVE('',#6687,#6697,#6699,.T.);
#6697 = VERTEX_POINT('',#6698);
#6698 = CARTESIAN_POINT('',(5.62600713975,-2.2,1.069218046847));
#6699 = CIRCLE('',#6700,0.297590710099);
#6700 = AXIS2_PLACEMENT_3D('',#6701,#6702,#6703);
#6701 = CARTESIAN_POINT('',(5.32842852147,-2.2,1.06653538402));
#6702 = DIRECTION('',(-6.04903497084E-16,1.,0.));
#6703 = DIRECTION('',(1.,6.04903497084E-16,0.));
#6704 = ORIENTED_EDGE('',*,*,#6705,.T.);
#6705 = EDGE_CURVE('',#6697,#6706,#6708,.T.);
#6706 = VERTEX_POINT('',#6707);
#6707 = CARTESIAN_POINT('',(5.62600713975,-1.8,1.069218046847));
#6708 = LINE('',#6709,#6710);
#6709 = CARTESIAN_POINT('',(5.62600713975,-2.2,1.069218046847));
#6710 = VECTOR('',#6711,1.);
#6711 = DIRECTION('',(-6.661338147751E-16,1.,0.));
#6712 = ORIENTED_EDGE('',*,*,#6713,.F.);
#6713 = EDGE_CURVE('',#6689,#6706,#6714,.T.);
#6714 = CIRCLE('',#6715,0.297590710099);
#6715 = AXIS2_PLACEMENT_3D('',#6716,#6717,#6718);
#6716 = CARTESIAN_POINT('',(5.32842852147,-1.8,1.06653538402));
#6717 = DIRECTION('',(-6.04903497084E-16,1.,0.));
#6718 = DIRECTION('',(1.,6.04903497084E-16,0.));
#6719 = CYLINDRICAL_SURFACE('',#6720,0.297590710099);
#6720 = AXIS2_PLACEMENT_3D('',#6721,#6722,#6723);
#6721 = CARTESIAN_POINT('',(5.32842852147,-2.2,1.06653538402));
#6722 = DIRECTION('',(-6.661338147751E-16,1.,0.));
#6723 = DIRECTION('',(0.,0.,1.));
#6724 = ADVANCED_FACE('',(#6725),#6750,.F.);
#6725 = FACE_BOUND('',#6726,.T.);
#6726 = EDGE_LOOP('',(#6727,#6735,#6743,#6749));
#6727 = ORIENTED_EDGE('',*,*,#6728,.T.);
#6728 = EDGE_CURVE('',#6706,#6729,#6731,.T.);
#6729 = VERTEX_POINT('',#6730);
#6730 = CARTESIAN_POINT('',(5.632275833135,-1.8,0.373853315374));
#6731 = LINE('',#6732,#6733);
#6732 = CARTESIAN_POINT('',(5.62600713975,-1.8,1.069218046847));
#6733 = VECTOR('',#6734,1.);
#6734 = DIRECTION('',(9.014605414585E-03,5.452966340115E-18,
    -0.999959367619));
#6735 = ORIENTED_EDGE('',*,*,#6736,.F.);
#6736 = EDGE_CURVE('',#6737,#6729,#6739,.T.);
#6737 = VERTEX_POINT('',#6738);
#6738 = CARTESIAN_POINT('',(5.632275833135,-2.2,0.373853315374));
#6739 = LINE('',#6740,#6741);
#6740 = CARTESIAN_POINT('',(5.632275833135,-2.2,0.373853315374));
#6741 = VECTOR('',#6742,1.);
#6742 = DIRECTION('',(-6.661338147751E-16,1.,0.));
#6743 = ORIENTED_EDGE('',*,*,#6744,.F.);
#6744 = EDGE_CURVE('',#6697,#6737,#6745,.T.);
#6745 = LINE('',#6746,#6747);
#6746 = CARTESIAN_POINT('',(5.62600713975,-2.2,1.069218046847));
#6747 = VECTOR('',#6748,1.);
#6748 = DIRECTION('',(9.014605414585E-03,5.452966340115E-18,
    -0.999959367619));
#6749 = ORIENTED_EDGE('',*,*,#6705,.T.);
#6750 = PLANE('',#6751);
#6751 = AXIS2_PLACEMENT_3D('',#6752,#6753,#6754);
#6752 = CARTESIAN_POINT('',(5.62600713975,-2.2,1.069218046847));
#6753 = DIRECTION('',(0.999959367619,6.661067481722E-16,
    9.014605414585E-03));
#6754 = DIRECTION('',(-9.014605414585E-03,-6.00493349351E-18,
    0.999959367619));
#6755 = ADVANCED_FACE('',(#6756),#6783,.T.);
#6756 = FACE_BOUND('',#6757,.T.);
#6757 = EDGE_LOOP('',(#6758,#6767,#6775,#6782));
#6758 = ORIENTED_EDGE('',*,*,#6759,.T.);
#6759 = EDGE_CURVE('',#6729,#6760,#6762,.T.);
#6760 = VERTEX_POINT('',#6761);
#6761 = CARTESIAN_POINT('',(6.209557821209,-1.8,-0.198247949201));
#6762 = CIRCLE('',#6763,0.577305445368);
#6763 = AXIS2_PLACEMENT_3D('',#6764,#6765,#6766);
#6764 = CARTESIAN_POINT('',(6.209557821209,-1.8,0.379057496168));
#6765 = DIRECTION('',(6.04903497084E-16,-1.,0.));
#6766 = DIRECTION('',(1.,6.04903497084E-16,0.));
#6767 = ORIENTED_EDGE('',*,*,#6768,.F.);
#6768 = EDGE_CURVE('',#6769,#6760,#6771,.T.);
#6769 = VERTEX_POINT('',#6770);
#6770 = CARTESIAN_POINT('',(6.209557821209,-2.2,-0.198247949201));
#6771 = LINE('',#6772,#6773);
#6772 = CARTESIAN_POINT('',(6.209557821209,-2.2,-0.198247949201));
#6773 = VECTOR('',#6774,1.);
#6774 = DIRECTION('',(-6.661338147751E-16,1.,0.));
#6775 = ORIENTED_EDGE('',*,*,#6776,.F.);
#6776 = EDGE_CURVE('',#6737,#6769,#6777,.T.);
#6777 = CIRCLE('',#6778,0.577305445368);
#6778 = AXIS2_PLACEMENT_3D('',#6779,#6780,#6781);
#6779 = CARTESIAN_POINT('',(6.209557821209,-2.2,0.379057496168));
#6780 = DIRECTION('',(6.04903497084E-16,-1.,0.));
#6781 = DIRECTION('',(1.,6.04903497084E-16,0.));
#6782 = ORIENTED_EDGE('',*,*,#6736,.T.);
#6783 = CYLINDRICAL_SURFACE('',#6784,0.577305445368);
#6784 = AXIS2_PLACEMENT_3D('',#6785,#6786,#6787);
#6785 = CARTESIAN_POINT('',(6.209557821209,-2.2,0.379057496168));
#6786 = DIRECTION('',(-6.661338147751E-16,1.,0.));
#6787 = DIRECTION('',(0.,0.,1.));
#6788 = ADVANCED_FACE('',(#6789),#6814,.F.);
#6789 = FACE_BOUND('',#6790,.T.);
#6790 = EDGE_LOOP('',(#6791,#6799,#6807,#6813));
#6791 = ORIENTED_EDGE('',*,*,#6792,.T.);
#6792 = EDGE_CURVE('',#6760,#6793,#6795,.T.);
#6793 = VERTEX_POINT('',#6794);
#6794 = CARTESIAN_POINT('',(6.6,-1.8,-0.198247949201));
#6795 = LINE('',#6796,#6797);
#6796 = CARTESIAN_POINT('',(6.209557821209,-1.8,-0.198247949201));
#6797 = VECTOR('',#6798,1.);
#6798 = DIRECTION('',(1.,6.04903497084E-16,5.553714385278E-16));
#6799 = ORIENTED_EDGE('',*,*,#6800,.F.);
#6800 = EDGE_CURVE('',#6801,#6793,#6803,.T.);
#6801 = VERTEX_POINT('',#6802);
#6802 = CARTESIAN_POINT('',(6.6,-2.2,-0.198247949201));
#6803 = LINE('',#6804,#6805);
#6804 = CARTESIAN_POINT('',(6.6,-2.2,-0.198247949201));
#6805 = VECTOR('',#6806,1.);
#6806 = DIRECTION('',(-6.661338147751E-16,1.,0.));
#6807 = ORIENTED_EDGE('',*,*,#6808,.F.);
#6808 = EDGE_CURVE('',#6769,#6801,#6809,.T.);
#6809 = LINE('',#6810,#6811);
#6810 = CARTESIAN_POINT('',(6.209557821209,-2.2,-0.198247949201));
#6811 = VECTOR('',#6812,1.);
#6812 = DIRECTION('',(1.,6.04903497084E-16,5.553714385278E-16));
#6813 = ORIENTED_EDGE('',*,*,#6768,.T.);
#6814 = PLANE('',#6815);
#6815 = AXIS2_PLACEMENT_3D('',#6816,#6817,#6818);
#6816 = CARTESIAN_POINT('',(6.209557821209,-2.2,-0.198247949201));
#6817 = DIRECTION('',(-5.553714385278E-16,-3.699516949636E-31,1.));
#6818 = DIRECTION('',(-1.,-6.661338147751E-16,-5.553714385278E-16));
#6819 = ADVANCED_FACE('',(#6820),#6845,.F.);
#6820 = FACE_BOUND('',#6821,.T.);
#6821 = EDGE_LOOP('',(#6822,#6830,#6838,#6844));
#6822 = ORIENTED_EDGE('',*,*,#6823,.T.);
#6823 = EDGE_CURVE('',#6793,#6824,#6826,.T.);
#6824 = VERTEX_POINT('',#6825);
#6825 = CARTESIAN_POINT('',(6.6,-1.8,3.918513533714E-02));
#6826 = LINE('',#6827,#6828);
#6827 = CARTESIAN_POINT('',(6.6,-1.8,-0.198247949201));
#6828 = VECTOR('',#6829,1.);
#6829 = DIRECTION('',(0.,0.,1.));
#6830 = ORIENTED_EDGE('',*,*,#6831,.F.);
#6831 = EDGE_CURVE('',#6832,#6824,#6834,.T.);
#6832 = VERTEX_POINT('',#6833);
#6833 = CARTESIAN_POINT('',(6.6,-2.2,3.918513533714E-02));
#6834 = LINE('',#6835,#6836);
#6835 = CARTESIAN_POINT('',(6.6,-2.2,3.918513533714E-02));
#6836 = VECTOR('',#6837,1.);
#6837 = DIRECTION('',(-6.661338147751E-16,1.,0.));
#6838 = ORIENTED_EDGE('',*,*,#6839,.F.);
#6839 = EDGE_CURVE('',#6801,#6832,#6840,.T.);
#6840 = LINE('',#6841,#6842);
#6841 = CARTESIAN_POINT('',(6.6,-2.2,-0.198247949201));
#6842 = VECTOR('',#6843,1.);
#6843 = DIRECTION('',(0.,0.,1.));
#6844 = ORIENTED_EDGE('',*,*,#6800,.T.);
#6845 = PLANE('',#6846);
#6846 = AXIS2_PLACEMENT_3D('',#6847,#6848,#6849);
#6847 = CARTESIAN_POINT('',(6.6,-2.2,-0.198247949201));
#6848 = DIRECTION('',(-1.,-6.661338147751E-16,0.));
#6849 = DIRECTION('',(0.,0.,-1.));
#6850 = ADVANCED_FACE('',(#6851),#6876,.F.);
#6851 = FACE_BOUND('',#6852,.T.);
#6852 = EDGE_LOOP('',(#6853,#6861,#6869,#6875));
#6853 = ORIENTED_EDGE('',*,*,#6854,.T.);
#6854 = EDGE_CURVE('',#6824,#6855,#6857,.T.);
#6855 = VERTEX_POINT('',#6856);
#6856 = CARTESIAN_POINT('',(6.199589675214,-1.8,3.918513533714E-02));
#6857 = LINE('',#6858,#6859);
#6858 = CARTESIAN_POINT('',(6.6,-1.8,3.918513533714E-02));
#6859 = VECTOR('',#6860,1.);
#6860 = DIRECTION('',(-1.,-6.04903497084E-16,-5.415455623248E-16));
#6861 = ORIENTED_EDGE('',*,*,#6862,.F.);
#6862 = EDGE_CURVE('',#6863,#6855,#6865,.T.);
#6863 = VERTEX_POINT('',#6864);
#6864 = CARTESIAN_POINT('',(6.199589675214,-2.2,3.918513533714E-02));
#6865 = LINE('',#6866,#6867);
#6866 = CARTESIAN_POINT('',(6.199589675214,-2.2,3.918513533714E-02));
#6867 = VECTOR('',#6868,1.);
#6868 = DIRECTION('',(-6.661338147751E-16,1.,0.));
#6869 = ORIENTED_EDGE('',*,*,#6870,.F.);
#6870 = EDGE_CURVE('',#6832,#6863,#6871,.T.);
#6871 = LINE('',#6872,#6873);
#6872 = CARTESIAN_POINT('',(6.6,-2.2,3.918513533714E-02));
#6873 = VECTOR('',#6874,1.);
#6874 = DIRECTION('',(-1.,-6.04903497084E-16,-5.415455623248E-16));
#6875 = ORIENTED_EDGE('',*,*,#6831,.T.);
#6876 = PLANE('',#6877);
#6877 = AXIS2_PLACEMENT_3D('',#6878,#6879,#6880);
#6878 = CARTESIAN_POINT('',(6.6,-2.2,3.918513533714E-02));
#6879 = DIRECTION('',(5.415455623248E-16,3.607418113059E-31,-1.));
#6880 = DIRECTION('',(1.,6.661338147751E-16,5.415455623248E-16));
#6881 = ADVANCED_FACE('',(#6882),#6909,.F.);
#6882 = FACE_BOUND('',#6883,.F.);
#6883 = EDGE_LOOP('',(#6884,#6885,#6894,#6902));
#6884 = ORIENTED_EDGE('',*,*,#6862,.F.);
#6885 = ORIENTED_EDGE('',*,*,#6886,.T.);
#6886 = EDGE_CURVE('',#6863,#6887,#6889,.T.);
#6887 = VERTEX_POINT('',#6888);
#6888 = CARTESIAN_POINT('',(5.921306132378,-2.2,0.305809970136));
#6889 = CIRCLE('',#6890,0.278538443083);
#6890 = AXIS2_PLACEMENT_3D('',#6891,#6892,#6893);
#6891 = CARTESIAN_POINT('',(6.199589675214,-2.2,0.31772357842));
#6892 = DIRECTION('',(-6.04903497084E-16,1.,0.));
#6893 = DIRECTION('',(1.,6.04903497084E-16,0.));
#6894 = ORIENTED_EDGE('',*,*,#6895,.T.);
#6895 = EDGE_CURVE('',#6887,#6896,#6898,.T.);
#6896 = VERTEX_POINT('',#6897);
#6897 = CARTESIAN_POINT('',(5.921306132378,-1.8,0.305809970136));
#6898 = LINE('',#6899,#6900);
#6899 = CARTESIAN_POINT('',(5.921306132378,-2.2,0.305809970136));
#6900 = VECTOR('',#6901,1.);
#6901 = DIRECTION('',(-6.661338147751E-16,1.,0.));
#6902 = ORIENTED_EDGE('',*,*,#6903,.F.);
#6903 = EDGE_CURVE('',#6855,#6896,#6904,.T.);
#6904 = CIRCLE('',#6905,0.278538443083);
#6905 = AXIS2_PLACEMENT_3D('',#6906,#6907,#6908);
#6906 = CARTESIAN_POINT('',(6.199589675214,-1.8,0.31772357842));
#6907 = DIRECTION('',(-6.04903497084E-16,1.,0.));
#6908 = DIRECTION('',(1.,6.04903497084E-16,0.));
#6909 = CYLINDRICAL_SURFACE('',#6910,0.278538443083);
#6910 = AXIS2_PLACEMENT_3D('',#6911,#6912,#6913);
#6911 = CARTESIAN_POINT('',(6.199589675214,-2.2,0.31772357842));
#6912 = DIRECTION('',(-6.661338147751E-16,1.,0.));
#6913 = DIRECTION('',(0.,0.,1.));
#6914 = ADVANCED_FACE('',(#6915),#6940,.F.);
#6915 = FACE_BOUND('',#6916,.T.);
#6916 = EDGE_LOOP('',(#6917,#6925,#6933,#6939));
#6917 = ORIENTED_EDGE('',*,*,#6918,.T.);
#6918 = EDGE_CURVE('',#6896,#6919,#6921,.T.);
#6919 = VERTEX_POINT('',#6920);
#6920 = CARTESIAN_POINT('',(5.886163236004,-1.8,1.126693910204));
#6921 = LINE('',#6922,#6923);
#6922 = CARTESIAN_POINT('',(5.921306132378,-1.8,0.305809970136));
#6923 = VECTOR('',#6924,1.);
#6924 = DIRECTION('',(-4.277186356053E-02,-2.587284984456E-17,
    0.999084865108));
#6925 = ORIENTED_EDGE('',*,*,#6926,.F.);
#6926 = EDGE_CURVE('',#6927,#6919,#6929,.T.);
#6927 = VERTEX_POINT('',#6928);
#6928 = CARTESIAN_POINT('',(5.886163236004,-2.2,1.126693910204));
#6929 = LINE('',#6930,#6931);
#6930 = CARTESIAN_POINT('',(5.886163236004,-2.2,1.126693910204));
#6931 = VECTOR('',#6932,1.);
#6932 = DIRECTION('',(-6.661338147751E-16,1.,0.));
#6933 = ORIENTED_EDGE('',*,*,#6934,.F.);
#6934 = EDGE_CURVE('',#6887,#6927,#6935,.T.);
#6935 = LINE('',#6936,#6937);
#6936 = CARTESIAN_POINT('',(5.921306132378,-2.2,0.305809970136));
#6937 = VECTOR('',#6938,1.);
#6938 = DIRECTION('',(-4.277186356053E-02,-2.587284984456E-17,
    0.999084865108));
#6939 = ORIENTED_EDGE('',*,*,#6895,.T.);
#6940 = PLANE('',#6941);
#6941 = AXIS2_PLACEMENT_3D('',#6942,#6943,#6944);
#6942 = CARTESIAN_POINT('',(5.921306132378,-2.2,0.305809970136));
#6943 = DIRECTION('',(-0.999084865108,-6.655242124783E-16,
    -4.277186356053E-02));
#6944 = DIRECTION('',(4.277186356053E-02,2.849178463861E-17,
    -0.999084865108));
#6945 = ADVANCED_FACE('',(#6946),#6973,.T.);
#6946 = FACE_BOUND('',#6947,.T.);
#6947 = EDGE_LOOP('',(#6948,#6957,#6965,#6972));
#6948 = ORIENTED_EDGE('',*,*,#6949,.T.);
#6949 = EDGE_CURVE('',#6919,#6950,#6952,.T.);
#6950 = VERTEX_POINT('',#6951);
#6951 = CARTESIAN_POINT('',(5.406609645391,-1.8,1.586156570381));
#6952 = CIRCLE('',#6953,0.479992848817);
#6953 = AXIS2_PLACEMENT_3D('',#6954,#6955,#6956);
#6954 = CARTESIAN_POINT('',(5.406609645391,-1.8,1.106163721564));
#6955 = DIRECTION('',(6.04903497084E-16,-1.,0.));
#6956 = DIRECTION('',(1.,6.04903497084E-16,0.));
#6957 = ORIENTED_EDGE('',*,*,#6958,.F.);
#6958 = EDGE_CURVE('',#6959,#6950,#6961,.T.);
#6959 = VERTEX_POINT('',#6960);
#6960 = CARTESIAN_POINT('',(5.406609645391,-2.2,1.586156570381));
#6961 = LINE('',#6962,#6963);
#6962 = CARTESIAN_POINT('',(5.406609645391,-2.2,1.586156570381));
#6963 = VECTOR('',#6964,1.);
#6964 = DIRECTION('',(-6.661338147751E-16,1.,0.));
#6965 = ORIENTED_EDGE('',*,*,#6966,.F.);
#6966 = EDGE_CURVE('',#6927,#6959,#6967,.T.);
#6967 = CIRCLE('',#6968,0.479992848817);
#6968 = AXIS2_PLACEMENT_3D('',#6969,#6970,#6971);
#6969 = CARTESIAN_POINT('',(5.406609645391,-2.2,1.106163721564));
#6970 = DIRECTION('',(6.04903497084E-16,-1.,0.));
#6971 = DIRECTION('',(1.,6.04903497084E-16,0.));
#6972 = ORIENTED_EDGE('',*,*,#6926,.T.);
#6973 = CYLINDRICAL_SURFACE('',#6974,0.479992848817);
#6974 = AXIS2_PLACEMENT_3D('',#6975,#6976,#6977);
#6975 = CARTESIAN_POINT('',(5.406609645391,-2.2,1.106163721564));
#6976 = DIRECTION('',(-6.661338147751E-16,1.,0.));
#6977 = DIRECTION('',(0.,0.,1.));
#6978 = ADVANCED_FACE('',(#6979),#7015,.F.);
#6979 = FACE_BOUND('',#6980,.F.);
#6980 = EDGE_LOOP('',(#6981,#6991,#7000,#7008));
#6981 = ORIENTED_EDGE('',*,*,#6982,.F.);
#6982 = EDGE_CURVE('',#6983,#6985,#6987,.T.);
#6983 = VERTEX_POINT('',#6984);
#6984 = CARTESIAN_POINT('',(5.32842852147,-3.,1.36412609412));
#6985 = VERTEX_POINT('',#6986);
#6986 = CARTESIAN_POINT('',(5.32842852147,-2.6,1.36412609412));
#6987 = LINE('',#6988,#6989);
#6988 = CARTESIAN_POINT('',(5.32842852147,-3.,1.36412609412));
#6989 = VECTOR('',#6990,1.);
#6990 = DIRECTION('',(-6.661338147751E-16,1.,0.));
#6991 = ORIENTED_EDGE('',*,*,#6992,.T.);
#6992 = EDGE_CURVE('',#6983,#6993,#6995,.T.);
#6993 = VERTEX_POINT('',#6994);
#6994 = CARTESIAN_POINT('',(5.62600713975,-3.,1.069218046847));
#6995 = CIRCLE('',#6996,0.297590710099);
#6996 = AXIS2_PLACEMENT_3D('',#6997,#6998,#6999);
#6997 = CARTESIAN_POINT('',(5.32842852147,-3.,1.06653538402));
#6998 = DIRECTION('',(-6.04903497084E-16,1.,0.));
#6999 = DIRECTION('',(1.,6.04903497084E-16,0.));
#7000 = ORIENTED_EDGE('',*,*,#7001,.T.);
#7001 = EDGE_CURVE('',#6993,#7002,#7004,.T.);
#7002 = VERTEX_POINT('',#7003);
#7003 = CARTESIAN_POINT('',(5.62600713975,-2.6,1.069218046847));
#7004 = LINE('',#7005,#7006);
#7005 = CARTESIAN_POINT('',(5.62600713975,-3.,1.069218046847));
#7006 = VECTOR('',#7007,1.);
#7007 = DIRECTION('',(-6.661338147751E-16,1.,0.));
#7008 = ORIENTED_EDGE('',*,*,#7009,.F.);
#7009 = EDGE_CURVE('',#6985,#7002,#7010,.T.);
#7010 = CIRCLE('',#7011,0.297590710099);
#7011 = AXIS2_PLACEMENT_3D('',#7012,#7013,#7014);
#7012 = CARTESIAN_POINT('',(5.32842852147,-2.6,1.06653538402));
#7013 = DIRECTION('',(-6.04903497084E-16,1.,0.));
#7014 = DIRECTION('',(1.,6.04903497084E-16,0.));
#7015 = CYLINDRICAL_SURFACE('',#7016,0.297590710099);
#7016 = AXIS2_PLACEMENT_3D('',#7017,#7018,#7019);
#7017 = CARTESIAN_POINT('',(5.32842852147,-3.,1.06653538402));
#7018 = DIRECTION('',(-6.661338147751E-16,1.,0.));
#7019 = DIRECTION('',(0.,0.,1.));
#7020 = ADVANCED_FACE('',(#7021),#7046,.F.);
#7021 = FACE_BOUND('',#7022,.T.);
#7022 = EDGE_LOOP('',(#7023,#7031,#7039,#7045));
#7023 = ORIENTED_EDGE('',*,*,#7024,.T.);
#7024 = EDGE_CURVE('',#7002,#7025,#7027,.T.);
#7025 = VERTEX_POINT('',#7026);
#7026 = CARTESIAN_POINT('',(5.632275833135,-2.6,0.373853315374));
#7027 = LINE('',#7028,#7029);
#7028 = CARTESIAN_POINT('',(5.62600713975,-2.6,1.069218046847));
#7029 = VECTOR('',#7030,1.);
#7030 = DIRECTION('',(9.014605414585E-03,5.452966340115E-18,
    -0.999959367619));
#7031 = ORIENTED_EDGE('',*,*,#7032,.F.);
#7032 = EDGE_CURVE('',#7033,#7025,#7035,.T.);
#7033 = VERTEX_POINT('',#7034);
#7034 = CARTESIAN_POINT('',(5.632275833135,-3.,0.373853315374));
#7035 = LINE('',#7036,#7037);
#7036 = CARTESIAN_POINT('',(5.632275833135,-3.,0.373853315374));
#7037 = VECTOR('',#7038,1.);
#7038 = DIRECTION('',(-6.661338147751E-16,1.,0.));
#7039 = ORIENTED_EDGE('',*,*,#7040,.F.);
#7040 = EDGE_CURVE('',#6993,#7033,#7041,.T.);
#7041 = LINE('',#7042,#7043);
#7042 = CARTESIAN_POINT('',(5.62600713975,-3.,1.069218046847));
#7043 = VECTOR('',#7044,1.);
#7044 = DIRECTION('',(9.014605414585E-03,5.452966340115E-18,
    -0.999959367619));
#7045 = ORIENTED_EDGE('',*,*,#7001,.T.);
#7046 = PLANE('',#7047);
#7047 = AXIS2_PLACEMENT_3D('',#7048,#7049,#7050);
#7048 = CARTESIAN_POINT('',(5.62600713975,-3.,1.069218046847));
#7049 = DIRECTION('',(0.999959367619,6.661067481722E-16,
    9.014605414585E-03));
#7050 = DIRECTION('',(-9.014605414585E-03,-6.00493349351E-18,
    0.999959367619));
#7051 = ADVANCED_FACE('',(#7052),#7079,.T.);
#7052 = FACE_BOUND('',#7053,.T.);
#7053 = EDGE_LOOP('',(#7054,#7063,#7071,#7078));
#7054 = ORIENTED_EDGE('',*,*,#7055,.T.);
#7055 = EDGE_CURVE('',#7025,#7056,#7058,.T.);
#7056 = VERTEX_POINT('',#7057);
#7057 = CARTESIAN_POINT('',(6.209557821209,-2.6,-0.198247949201));
#7058 = CIRCLE('',#7059,0.577305445368);
#7059 = AXIS2_PLACEMENT_3D('',#7060,#7061,#7062);
#7060 = CARTESIAN_POINT('',(6.209557821209,-2.6,0.379057496168));
#7061 = DIRECTION('',(6.04903497084E-16,-1.,0.));
#7062 = DIRECTION('',(1.,6.04903497084E-16,0.));
#7063 = ORIENTED_EDGE('',*,*,#7064,.F.);
#7064 = EDGE_CURVE('',#7065,#7056,#7067,.T.);
#7065 = VERTEX_POINT('',#7066);
#7066 = CARTESIAN_POINT('',(6.209557821209,-3.,-0.198247949201));
#7067 = LINE('',#7068,#7069);
#7068 = CARTESIAN_POINT('',(6.209557821209,-3.,-0.198247949201));
#7069 = VECTOR('',#7070,1.);
#7070 = DIRECTION('',(-6.661338147751E-16,1.,0.));
#7071 = ORIENTED_EDGE('',*,*,#7072,.F.);
#7072 = EDGE_CURVE('',#7033,#7065,#7073,.T.);
#7073 = CIRCLE('',#7074,0.577305445368);
#7074 = AXIS2_PLACEMENT_3D('',#7075,#7076,#7077);
#7075 = CARTESIAN_POINT('',(6.209557821209,-3.,0.379057496168));
#7076 = DIRECTION('',(6.04903497084E-16,-1.,0.));
#7077 = DIRECTION('',(1.,6.04903497084E-16,0.));
#7078 = ORIENTED_EDGE('',*,*,#7032,.T.);
#7079 = CYLINDRICAL_SURFACE('',#7080,0.577305445368);
#7080 = AXIS2_PLACEMENT_3D('',#7081,#7082,#7083);
#7081 = CARTESIAN_POINT('',(6.209557821209,-3.,0.379057496168));
#7082 = DIRECTION('',(-6.661338147751E-16,1.,0.));
#7083 = DIRECTION('',(0.,0.,1.));
#7084 = ADVANCED_FACE('',(#7085),#7110,.F.);
#7085 = FACE_BOUND('',#7086,.T.);
#7086 = EDGE_LOOP('',(#7087,#7095,#7103,#7109));
#7087 = ORIENTED_EDGE('',*,*,#7088,.T.);
#7088 = EDGE_CURVE('',#7056,#7089,#7091,.T.);
#7089 = VERTEX_POINT('',#7090);
#7090 = CARTESIAN_POINT('',(6.6,-2.6,-0.198247949201));
#7091 = LINE('',#7092,#7093);
#7092 = CARTESIAN_POINT('',(6.209557821209,-2.6,-0.198247949201));
#7093 = VECTOR('',#7094,1.);
#7094 = DIRECTION('',(1.,6.04903497084E-16,5.553714385278E-16));
#7095 = ORIENTED_EDGE('',*,*,#7096,.F.);
#7096 = EDGE_CURVE('',#7097,#7089,#7099,.T.);
#7097 = VERTEX_POINT('',#7098);
#7098 = CARTESIAN_POINT('',(6.6,-3.,-0.198247949201));
#7099 = LINE('',#7100,#7101);
#7100 = CARTESIAN_POINT('',(6.6,-3.,-0.198247949201));
#7101 = VECTOR('',#7102,1.);
#7102 = DIRECTION('',(-6.661338147751E-16,1.,0.));
#7103 = ORIENTED_EDGE('',*,*,#7104,.F.);
#7104 = EDGE_CURVE('',#7065,#7097,#7105,.T.);
#7105 = LINE('',#7106,#7107);
#7106 = CARTESIAN_POINT('',(6.209557821209,-3.,-0.198247949201));
#7107 = VECTOR('',#7108,1.);
#7108 = DIRECTION('',(1.,6.04903497084E-16,5.553714385278E-16));
#7109 = ORIENTED_EDGE('',*,*,#7064,.T.);
#7110 = PLANE('',#7111);
#7111 = AXIS2_PLACEMENT_3D('',#7112,#7113,#7114);
#7112 = CARTESIAN_POINT('',(6.209557821209,-3.,-0.198247949201));
#7113 = DIRECTION('',(-5.553714385278E-16,-3.699516949636E-31,1.));
#7114 = DIRECTION('',(-1.,-6.661338147751E-16,-5.553714385278E-16));
#7115 = ADVANCED_FACE('',(#7116),#7141,.F.);
#7116 = FACE_BOUND('',#7117,.T.);
#7117 = EDGE_LOOP('',(#7118,#7126,#7134,#7140));
#7118 = ORIENTED_EDGE('',*,*,#7119,.T.);
#7119 = EDGE_CURVE('',#7089,#7120,#7122,.T.);
#7120 = VERTEX_POINT('',#7121);
#7121 = CARTESIAN_POINT('',(6.6,-2.6,3.918513533714E-02));
#7122 = LINE('',#7123,#7124);
#7123 = CARTESIAN_POINT('',(6.6,-2.6,-0.198247949201));
#7124 = VECTOR('',#7125,1.);
#7125 = DIRECTION('',(0.,0.,1.));
#7126 = ORIENTED_EDGE('',*,*,#7127,.F.);
#7127 = EDGE_CURVE('',#7128,#7120,#7130,.T.);
#7128 = VERTEX_POINT('',#7129);
#7129 = CARTESIAN_POINT('',(6.6,-3.,3.918513533714E-02));
#7130 = LINE('',#7131,#7132);
#7131 = CARTESIAN_POINT('',(6.6,-3.,3.918513533714E-02));
#7132 = VECTOR('',#7133,1.);
#7133 = DIRECTION('',(-6.661338147751E-16,1.,0.));
#7134 = ORIENTED_EDGE('',*,*,#7135,.F.);
#7135 = EDGE_CURVE('',#7097,#7128,#7136,.T.);
#7136 = LINE('',#7137,#7138);
#7137 = CARTESIAN_POINT('',(6.6,-3.,-0.198247949201));
#7138 = VECTOR('',#7139,1.);
#7139 = DIRECTION('',(0.,0.,1.));
#7140 = ORIENTED_EDGE('',*,*,#7096,.T.);
#7141 = PLANE('',#7142);
#7142 = AXIS2_PLACEMENT_3D('',#7143,#7144,#7145);
#7143 = CARTESIAN_POINT('',(6.6,-3.,-0.198247949201));
#7144 = DIRECTION('',(-1.,-6.661338147751E-16,0.));
#7145 = DIRECTION('',(0.,0.,-1.));
#7146 = ADVANCED_FACE('',(#7147),#7172,.F.);
#7147 = FACE_BOUND('',#7148,.T.);
#7148 = EDGE_LOOP('',(#7149,#7157,#7165,#7171));
#7149 = ORIENTED_EDGE('',*,*,#7150,.T.);
#7150 = EDGE_CURVE('',#7120,#7151,#7153,.T.);
#7151 = VERTEX_POINT('',#7152);
#7152 = CARTESIAN_POINT('',(6.199589675214,-2.6,3.918513533714E-02));
#7153 = LINE('',#7154,#7155);
#7154 = CARTESIAN_POINT('',(6.6,-2.6,3.918513533714E-02));
#7155 = VECTOR('',#7156,1.);
#7156 = DIRECTION('',(-1.,-6.04903497084E-16,-5.415455623248E-16));
#7157 = ORIENTED_EDGE('',*,*,#7158,.F.);
#7158 = EDGE_CURVE('',#7159,#7151,#7161,.T.);
#7159 = VERTEX_POINT('',#7160);
#7160 = CARTESIAN_POINT('',(6.199589675214,-3.,3.918513533714E-02));
#7161 = LINE('',#7162,#7163);
#7162 = CARTESIAN_POINT('',(6.199589675214,-3.,3.918513533714E-02));
#7163 = VECTOR('',#7164,1.);
#7164 = DIRECTION('',(-6.661338147751E-16,1.,0.));
#7165 = ORIENTED_EDGE('',*,*,#7166,.F.);
#7166 = EDGE_CURVE('',#7128,#7159,#7167,.T.);
#7167 = LINE('',#7168,#7169);
#7168 = CARTESIAN_POINT('',(6.6,-3.,3.918513533714E-02));
#7169 = VECTOR('',#7170,1.);
#7170 = DIRECTION('',(-1.,-6.04903497084E-16,-5.415455623248E-16));
#7171 = ORIENTED_EDGE('',*,*,#7127,.T.);
#7172 = PLANE('',#7173);
#7173 = AXIS2_PLACEMENT_3D('',#7174,#7175,#7176);
#7174 = CARTESIAN_POINT('',(6.6,-3.,3.918513533714E-02));
#7175 = DIRECTION('',(5.415455623248E-16,3.607418113059E-31,-1.));
#7176 = DIRECTION('',(1.,6.661338147751E-16,5.415455623248E-16));
#7177 = ADVANCED_FACE('',(#7178),#7205,.F.);
#7178 = FACE_BOUND('',#7179,.F.);
#7179 = EDGE_LOOP('',(#7180,#7181,#7190,#7198));
#7180 = ORIENTED_EDGE('',*,*,#7158,.F.);
#7181 = ORIENTED_EDGE('',*,*,#7182,.T.);
#7182 = EDGE_CURVE('',#7159,#7183,#7185,.T.);
#7183 = VERTEX_POINT('',#7184);
#7184 = CARTESIAN_POINT('',(5.921306132378,-3.,0.305809970136));
#7185 = CIRCLE('',#7186,0.278538443083);
#7186 = AXIS2_PLACEMENT_3D('',#7187,#7188,#7189);
#7187 = CARTESIAN_POINT('',(6.199589675214,-3.,0.31772357842));
#7188 = DIRECTION('',(-6.04903497084E-16,1.,0.));
#7189 = DIRECTION('',(1.,6.04903497084E-16,0.));
#7190 = ORIENTED_EDGE('',*,*,#7191,.T.);
#7191 = EDGE_CURVE('',#7183,#7192,#7194,.T.);
#7192 = VERTEX_POINT('',#7193);
#7193 = CARTESIAN_POINT('',(5.921306132378,-2.6,0.305809970136));
#7194 = LINE('',#7195,#7196);
#7195 = CARTESIAN_POINT('',(5.921306132378,-3.,0.305809970136));
#7196 = VECTOR('',#7197,1.);
#7197 = DIRECTION('',(-6.661338147751E-16,1.,0.));
#7198 = ORIENTED_EDGE('',*,*,#7199,.F.);
#7199 = EDGE_CURVE('',#7151,#7192,#7200,.T.);
#7200 = CIRCLE('',#7201,0.278538443083);
#7201 = AXIS2_PLACEMENT_3D('',#7202,#7203,#7204);
#7202 = CARTESIAN_POINT('',(6.199589675214,-2.6,0.31772357842));
#7203 = DIRECTION('',(-6.04903497084E-16,1.,0.));
#7204 = DIRECTION('',(1.,6.04903497084E-16,0.));
#7205 = CYLINDRICAL_SURFACE('',#7206,0.278538443083);
#7206 = AXIS2_PLACEMENT_3D('',#7207,#7208,#7209);
#7207 = CARTESIAN_POINT('',(6.199589675214,-3.,0.31772357842));
#7208 = DIRECTION('',(-6.661338147751E-16,1.,0.));
#7209 = DIRECTION('',(0.,0.,1.));
#7210 = ADVANCED_FACE('',(#7211),#7236,.F.);
#7211 = FACE_BOUND('',#7212,.T.);
#7212 = EDGE_LOOP('',(#7213,#7221,#7229,#7235));
#7213 = ORIENTED_EDGE('',*,*,#7214,.T.);
#7214 = EDGE_CURVE('',#7192,#7215,#7217,.T.);
#7215 = VERTEX_POINT('',#7216);
#7216 = CARTESIAN_POINT('',(5.886163236004,-2.6,1.126693910204));
#7217 = LINE('',#7218,#7219);
#7218 = CARTESIAN_POINT('',(5.921306132378,-2.6,0.305809970136));
#7219 = VECTOR('',#7220,1.);
#7220 = DIRECTION('',(-4.277186356053E-02,-2.587284984456E-17,
    0.999084865108));
#7221 = ORIENTED_EDGE('',*,*,#7222,.F.);
#7222 = EDGE_CURVE('',#7223,#7215,#7225,.T.);
#7223 = VERTEX_POINT('',#7224);
#7224 = CARTESIAN_POINT('',(5.886163236004,-3.,1.126693910204));
#7225 = LINE('',#7226,#7227);
#7226 = CARTESIAN_POINT('',(5.886163236004,-3.,1.126693910204));
#7227 = VECTOR('',#7228,1.);
#7228 = DIRECTION('',(-6.661338147751E-16,1.,0.));
#7229 = ORIENTED_EDGE('',*,*,#7230,.F.);
#7230 = EDGE_CURVE('',#7183,#7223,#7231,.T.);
#7231 = LINE('',#7232,#7233);
#7232 = CARTESIAN_POINT('',(5.921306132378,-3.,0.305809970136));
#7233 = VECTOR('',#7234,1.);
#7234 = DIRECTION('',(-4.277186356053E-02,-2.587284984456E-17,
    0.999084865108));
#7235 = ORIENTED_EDGE('',*,*,#7191,.T.);
#7236 = PLANE('',#7237);
#7237 = AXIS2_PLACEMENT_3D('',#7238,#7239,#7240);
#7238 = CARTESIAN_POINT('',(5.921306132378,-3.,0.305809970136));
#7239 = DIRECTION('',(-0.999084865108,-6.655242124783E-16,
    -4.277186356053E-02));
#7240 = DIRECTION('',(4.277186356053E-02,2.849178463861E-17,
    -0.999084865108));
#7241 = ADVANCED_FACE('',(#7242),#7269,.T.);
#7242 = FACE_BOUND('',#7243,.T.);
#7243 = EDGE_LOOP('',(#7244,#7253,#7261,#7268));
#7244 = ORIENTED_EDGE('',*,*,#7245,.T.);
#7245 = EDGE_CURVE('',#7215,#7246,#7248,.T.);
#7246 = VERTEX_POINT('',#7247);
#7247 = CARTESIAN_POINT('',(5.406609645391,-2.6,1.586156570381));
#7248 = CIRCLE('',#7249,0.479992848817);
#7249 = AXIS2_PLACEMENT_3D('',#7250,#7251,#7252);
#7250 = CARTESIAN_POINT('',(5.406609645391,-2.6,1.106163721564));
#7251 = DIRECTION('',(6.04903497084E-16,-1.,0.));
#7252 = DIRECTION('',(1.,6.04903497084E-16,0.));
#7253 = ORIENTED_EDGE('',*,*,#7254,.F.);
#7254 = EDGE_CURVE('',#7255,#7246,#7257,.T.);
#7255 = VERTEX_POINT('',#7256);
#7256 = CARTESIAN_POINT('',(5.406609645391,-3.,1.586156570381));
#7257 = LINE('',#7258,#7259);
#7258 = CARTESIAN_POINT('',(5.406609645391,-3.,1.586156570381));
#7259 = VECTOR('',#7260,1.);
#7260 = DIRECTION('',(-6.661338147751E-16,1.,0.));
#7261 = ORIENTED_EDGE('',*,*,#7262,.F.);
#7262 = EDGE_CURVE('',#7223,#7255,#7263,.T.);
#7263 = CIRCLE('',#7264,0.479992848817);
#7264 = AXIS2_PLACEMENT_3D('',#7265,#7266,#7267);
#7265 = CARTESIAN_POINT('',(5.406609645391,-3.,1.106163721564));
#7266 = DIRECTION('',(6.04903497084E-16,-1.,0.));
#7267 = DIRECTION('',(1.,6.04903497084E-16,0.));
#7268 = ORIENTED_EDGE('',*,*,#7222,.T.);
#7269 = CYLINDRICAL_SURFACE('',#7270,0.479992848817);
#7270 = AXIS2_PLACEMENT_3D('',#7271,#7272,#7273);
#7271 = CARTESIAN_POINT('',(5.406609645391,-3.,1.106163721564));
#7272 = DIRECTION('',(-6.661338147751E-16,1.,0.));
#7273 = DIRECTION('',(0.,0.,1.));
#7274 = ADVANCED_FACE('',(#7275),#7311,.F.);
#7275 = FACE_BOUND('',#7276,.F.);
#7276 = EDGE_LOOP('',(#7277,#7287,#7296,#7304));
#7277 = ORIENTED_EDGE('',*,*,#7278,.F.);
#7278 = EDGE_CURVE('',#7279,#7281,#7283,.T.);
#7279 = VERTEX_POINT('',#7280);
#7280 = CARTESIAN_POINT('',(5.32842852147,-3.8,1.36412609412));
#7281 = VERTEX_POINT('',#7282);
#7282 = CARTESIAN_POINT('',(5.32842852147,-3.4,1.36412609412));
#7283 = LINE('',#7284,#7285);
#7284 = CARTESIAN_POINT('',(5.32842852147,-3.8,1.36412609412));
#7285 = VECTOR('',#7286,1.);
#7286 = DIRECTION('',(-6.661338147751E-16,1.,0.));
#7287 = ORIENTED_EDGE('',*,*,#7288,.T.);
#7288 = EDGE_CURVE('',#7279,#7289,#7291,.T.);
#7289 = VERTEX_POINT('',#7290);
#7290 = CARTESIAN_POINT('',(5.62600713975,-3.8,1.069218046847));
#7291 = CIRCLE('',#7292,0.297590710099);
#7292 = AXIS2_PLACEMENT_3D('',#7293,#7294,#7295);
#7293 = CARTESIAN_POINT('',(5.32842852147,-3.8,1.06653538402));
#7294 = DIRECTION('',(-6.04903497084E-16,1.,0.));
#7295 = DIRECTION('',(1.,6.04903497084E-16,0.));
#7296 = ORIENTED_EDGE('',*,*,#7297,.T.);
#7297 = EDGE_CURVE('',#7289,#7298,#7300,.T.);
#7298 = VERTEX_POINT('',#7299);
#7299 = CARTESIAN_POINT('',(5.62600713975,-3.4,1.069218046847));
#7300 = LINE('',#7301,#7302);
#7301 = CARTESIAN_POINT('',(5.62600713975,-3.8,1.069218046847));
#7302 = VECTOR('',#7303,1.);
#7303 = DIRECTION('',(-6.661338147751E-16,1.,0.));
#7304 = ORIENTED_EDGE('',*,*,#7305,.F.);
#7305 = EDGE_CURVE('',#7281,#7298,#7306,.T.);
#7306 = CIRCLE('',#7307,0.297590710099);
#7307 = AXIS2_PLACEMENT_3D('',#7308,#7309,#7310);
#7308 = CARTESIAN_POINT('',(5.32842852147,-3.4,1.06653538402));
#7309 = DIRECTION('',(-6.04903497084E-16,1.,0.));
#7310 = DIRECTION('',(1.,6.04903497084E-16,0.));
#7311 = CYLINDRICAL_SURFACE('',#7312,0.297590710099);
#7312 = AXIS2_PLACEMENT_3D('',#7313,#7314,#7315);
#7313 = CARTESIAN_POINT('',(5.32842852147,-3.8,1.06653538402));
#7314 = DIRECTION('',(-6.661338147751E-16,1.,0.));
#7315 = DIRECTION('',(0.,0.,1.));
#7316 = ADVANCED_FACE('',(#7317),#7342,.F.);
#7317 = FACE_BOUND('',#7318,.T.);
#7318 = EDGE_LOOP('',(#7319,#7327,#7335,#7341));
#7319 = ORIENTED_EDGE('',*,*,#7320,.T.);
#7320 = EDGE_CURVE('',#7298,#7321,#7323,.T.);
#7321 = VERTEX_POINT('',#7322);
#7322 = CARTESIAN_POINT('',(5.632275833135,-3.4,0.373853315374));
#7323 = LINE('',#7324,#7325);
#7324 = CARTESIAN_POINT('',(5.62600713975,-3.4,1.069218046847));
#7325 = VECTOR('',#7326,1.);
#7326 = DIRECTION('',(9.014605414585E-03,5.452966340115E-18,
    -0.999959367619));
#7327 = ORIENTED_EDGE('',*,*,#7328,.F.);
#7328 = EDGE_CURVE('',#7329,#7321,#7331,.T.);
#7329 = VERTEX_POINT('',#7330);
#7330 = CARTESIAN_POINT('',(5.632275833135,-3.8,0.373853315374));
#7331 = LINE('',#7332,#7333);
#7332 = CARTESIAN_POINT('',(5.632275833135,-3.8,0.373853315374));
#7333 = VECTOR('',#7334,1.);
#7334 = DIRECTION('',(-6.661338147751E-16,1.,0.));
#7335 = ORIENTED_EDGE('',*,*,#7336,.F.);
#7336 = EDGE_CURVE('',#7289,#7329,#7337,.T.);
#7337 = LINE('',#7338,#7339);
#7338 = CARTESIAN_POINT('',(5.62600713975,-3.8,1.069218046847));
#7339 = VECTOR('',#7340,1.);
#7340 = DIRECTION('',(9.014605414585E-03,5.452966340115E-18,
    -0.999959367619));
#7341 = ORIENTED_EDGE('',*,*,#7297,.T.);
#7342 = PLANE('',#7343);
#7343 = AXIS2_PLACEMENT_3D('',#7344,#7345,#7346);
#7344 = CARTESIAN_POINT('',(5.62600713975,-3.8,1.069218046847));
#7345 = DIRECTION('',(0.999959367619,6.661067481722E-16,
    9.014605414585E-03));
#7346 = DIRECTION('',(-9.014605414585E-03,-6.00493349351E-18,
    0.999959367619));
#7347 = ADVANCED_FACE('',(#7348),#7375,.T.);
#7348 = FACE_BOUND('',#7349,.T.);
#7349 = EDGE_LOOP('',(#7350,#7359,#7367,#7374));
#7350 = ORIENTED_EDGE('',*,*,#7351,.T.);
#7351 = EDGE_CURVE('',#7321,#7352,#7354,.T.);
#7352 = VERTEX_POINT('',#7353);
#7353 = CARTESIAN_POINT('',(6.209557821209,-3.4,-0.198247949201));
#7354 = CIRCLE('',#7355,0.577305445368);
#7355 = AXIS2_PLACEMENT_3D('',#7356,#7357,#7358);
#7356 = CARTESIAN_POINT('',(6.209557821209,-3.4,0.379057496168));
#7357 = DIRECTION('',(6.04903497084E-16,-1.,0.));
#7358 = DIRECTION('',(1.,6.04903497084E-16,0.));
#7359 = ORIENTED_EDGE('',*,*,#7360,.F.);
#7360 = EDGE_CURVE('',#7361,#7352,#7363,.T.);
#7361 = VERTEX_POINT('',#7362);
#7362 = CARTESIAN_POINT('',(6.209557821209,-3.8,-0.198247949201));
#7363 = LINE('',#7364,#7365);
#7364 = CARTESIAN_POINT('',(6.209557821209,-3.8,-0.198247949201));
#7365 = VECTOR('',#7366,1.);
#7366 = DIRECTION('',(-6.661338147751E-16,1.,0.));
#7367 = ORIENTED_EDGE('',*,*,#7368,.F.);
#7368 = EDGE_CURVE('',#7329,#7361,#7369,.T.);
#7369 = CIRCLE('',#7370,0.577305445368);
#7370 = AXIS2_PLACEMENT_3D('',#7371,#7372,#7373);
#7371 = CARTESIAN_POINT('',(6.209557821209,-3.8,0.379057496168));
#7372 = DIRECTION('',(6.04903497084E-16,-1.,0.));
#7373 = DIRECTION('',(1.,6.04903497084E-16,0.));
#7374 = ORIENTED_EDGE('',*,*,#7328,.T.);
#7375 = CYLINDRICAL_SURFACE('',#7376,0.577305445368);
#7376 = AXIS2_PLACEMENT_3D('',#7377,#7378,#7379);
#7377 = CARTESIAN_POINT('',(6.209557821209,-3.8,0.379057496168));
#7378 = DIRECTION('',(-6.661338147751E-16,1.,0.));
#7379 = DIRECTION('',(0.,0.,1.));
#7380 = ADVANCED_FACE('',(#7381),#7406,.F.);
#7381 = FACE_BOUND('',#7382,.T.);
#7382 = EDGE_LOOP('',(#7383,#7391,#7399,#7405));
#7383 = ORIENTED_EDGE('',*,*,#7384,.T.);
#7384 = EDGE_CURVE('',#7352,#7385,#7387,.T.);
#7385 = VERTEX_POINT('',#7386);
#7386 = CARTESIAN_POINT('',(6.6,-3.4,-0.198247949201));
#7387 = LINE('',#7388,#7389);
#7388 = CARTESIAN_POINT('',(6.209557821209,-3.4,-0.198247949201));
#7389 = VECTOR('',#7390,1.);
#7390 = DIRECTION('',(1.,6.04903497084E-16,5.553714385278E-16));
#7391 = ORIENTED_EDGE('',*,*,#7392,.F.);
#7392 = EDGE_CURVE('',#7393,#7385,#7395,.T.);
#7393 = VERTEX_POINT('',#7394);
#7394 = CARTESIAN_POINT('',(6.6,-3.8,-0.198247949201));
#7395 = LINE('',#7396,#7397);
#7396 = CARTESIAN_POINT('',(6.6,-3.8,-0.198247949201));
#7397 = VECTOR('',#7398,1.);
#7398 = DIRECTION('',(-6.661338147751E-16,1.,0.));
#7399 = ORIENTED_EDGE('',*,*,#7400,.F.);
#7400 = EDGE_CURVE('',#7361,#7393,#7401,.T.);
#7401 = LINE('',#7402,#7403);
#7402 = CARTESIAN_POINT('',(6.209557821209,-3.8,-0.198247949201));
#7403 = VECTOR('',#7404,1.);
#7404 = DIRECTION('',(1.,6.04903497084E-16,5.553714385278E-16));
#7405 = ORIENTED_EDGE('',*,*,#7360,.T.);
#7406 = PLANE('',#7407);
#7407 = AXIS2_PLACEMENT_3D('',#7408,#7409,#7410);
#7408 = CARTESIAN_POINT('',(6.209557821209,-3.8,-0.198247949201));
#7409 = DIRECTION('',(-5.553714385278E-16,-3.699516949636E-31,1.));
#7410 = DIRECTION('',(-1.,-6.661338147751E-16,-5.553714385278E-16));
#7411 = ADVANCED_FACE('',(#7412),#7437,.F.);
#7412 = FACE_BOUND('',#7413,.T.);
#7413 = EDGE_LOOP('',(#7414,#7422,#7430,#7436));
#7414 = ORIENTED_EDGE('',*,*,#7415,.T.);
#7415 = EDGE_CURVE('',#7385,#7416,#7418,.T.);
#7416 = VERTEX_POINT('',#7417);
#7417 = CARTESIAN_POINT('',(6.6,-3.4,3.918513533714E-02));
#7418 = LINE('',#7419,#7420);
#7419 = CARTESIAN_POINT('',(6.6,-3.4,-0.198247949201));
#7420 = VECTOR('',#7421,1.);
#7421 = DIRECTION('',(0.,0.,1.));
#7422 = ORIENTED_EDGE('',*,*,#7423,.F.);
#7423 = EDGE_CURVE('',#7424,#7416,#7426,.T.);
#7424 = VERTEX_POINT('',#7425);
#7425 = CARTESIAN_POINT('',(6.6,-3.8,3.918513533714E-02));
#7426 = LINE('',#7427,#7428);
#7427 = CARTESIAN_POINT('',(6.6,-3.8,3.918513533714E-02));
#7428 = VECTOR('',#7429,1.);
#7429 = DIRECTION('',(-6.661338147751E-16,1.,0.));
#7430 = ORIENTED_EDGE('',*,*,#7431,.F.);
#7431 = EDGE_CURVE('',#7393,#7424,#7432,.T.);
#7432 = LINE('',#7433,#7434);
#7433 = CARTESIAN_POINT('',(6.6,-3.8,-0.198247949201));
#7434 = VECTOR('',#7435,1.);
#7435 = DIRECTION('',(0.,0.,1.));
#7436 = ORIENTED_EDGE('',*,*,#7392,.T.);
#7437 = PLANE('',#7438);
#7438 = AXIS2_PLACEMENT_3D('',#7439,#7440,#7441);
#7439 = CARTESIAN_POINT('',(6.6,-3.8,-0.198247949201));
#7440 = DIRECTION('',(-1.,-6.661338147751E-16,0.));
#7441 = DIRECTION('',(0.,0.,-1.));
#7442 = ADVANCED_FACE('',(#7443),#7468,.F.);
#7443 = FACE_BOUND('',#7444,.T.);
#7444 = EDGE_LOOP('',(#7445,#7453,#7461,#7467));
#7445 = ORIENTED_EDGE('',*,*,#7446,.T.);
#7446 = EDGE_CURVE('',#7416,#7447,#7449,.T.);
#7447 = VERTEX_POINT('',#7448);
#7448 = CARTESIAN_POINT('',(6.199589675214,-3.4,3.918513533714E-02));
#7449 = LINE('',#7450,#7451);
#7450 = CARTESIAN_POINT('',(6.6,-3.4,3.918513533714E-02));
#7451 = VECTOR('',#7452,1.);
#7452 = DIRECTION('',(-1.,-6.04903497084E-16,-5.415455623248E-16));
#7453 = ORIENTED_EDGE('',*,*,#7454,.F.);
#7454 = EDGE_CURVE('',#7455,#7447,#7457,.T.);
#7455 = VERTEX_POINT('',#7456);
#7456 = CARTESIAN_POINT('',(6.199589675214,-3.8,3.918513533714E-02));
#7457 = LINE('',#7458,#7459);
#7458 = CARTESIAN_POINT('',(6.199589675214,-3.8,3.918513533714E-02));
#7459 = VECTOR('',#7460,1.);
#7460 = DIRECTION('',(-6.661338147751E-16,1.,0.));
#7461 = ORIENTED_EDGE('',*,*,#7462,.F.);
#7462 = EDGE_CURVE('',#7424,#7455,#7463,.T.);
#7463 = LINE('',#7464,#7465);
#7464 = CARTESIAN_POINT('',(6.6,-3.8,3.918513533714E-02));
#7465 = VECTOR('',#7466,1.);
#7466 = DIRECTION('',(-1.,-6.04903497084E-16,-5.415455623248E-16));
#7467 = ORIENTED_EDGE('',*,*,#7423,.T.);
#7468 = PLANE('',#7469);
#7469 = AXIS2_PLACEMENT_3D('',#7470,#7471,#7472);
#7470 = CARTESIAN_POINT('',(6.6,-3.8,3.918513533714E-02));
#7471 = DIRECTION('',(5.415455623248E-16,3.607418113059E-31,-1.));
#7472 = DIRECTION('',(1.,6.661338147751E-16,5.415455623248E-16));
#7473 = ADVANCED_FACE('',(#7474),#7501,.F.);
#7474 = FACE_BOUND('',#7475,.F.);
#7475 = EDGE_LOOP('',(#7476,#7477,#7486,#7494));
#7476 = ORIENTED_EDGE('',*,*,#7454,.F.);
#7477 = ORIENTED_EDGE('',*,*,#7478,.T.);
#7478 = EDGE_CURVE('',#7455,#7479,#7481,.T.);
#7479 = VERTEX_POINT('',#7480);
#7480 = CARTESIAN_POINT('',(5.921306132378,-3.8,0.305809970136));
#7481 = CIRCLE('',#7482,0.278538443083);
#7482 = AXIS2_PLACEMENT_3D('',#7483,#7484,#7485);
#7483 = CARTESIAN_POINT('',(6.199589675214,-3.8,0.31772357842));
#7484 = DIRECTION('',(-6.04903497084E-16,1.,0.));
#7485 = DIRECTION('',(1.,6.04903497084E-16,0.));
#7486 = ORIENTED_EDGE('',*,*,#7487,.T.);
#7487 = EDGE_CURVE('',#7479,#7488,#7490,.T.);
#7488 = VERTEX_POINT('',#7489);
#7489 = CARTESIAN_POINT('',(5.921306132378,-3.4,0.305809970136));
#7490 = LINE('',#7491,#7492);
#7491 = CARTESIAN_POINT('',(5.921306132378,-3.8,0.305809970136));
#7492 = VECTOR('',#7493,1.);
#7493 = DIRECTION('',(-6.661338147751E-16,1.,0.));
#7494 = ORIENTED_EDGE('',*,*,#7495,.F.);
#7495 = EDGE_CURVE('',#7447,#7488,#7496,.T.);
#7496 = CIRCLE('',#7497,0.278538443083);
#7497 = AXIS2_PLACEMENT_3D('',#7498,#7499,#7500);
#7498 = CARTESIAN_POINT('',(6.199589675214,-3.4,0.31772357842));
#7499 = DIRECTION('',(-6.04903497084E-16,1.,0.));
#7500 = DIRECTION('',(1.,6.04903497084E-16,0.));
#7501 = CYLINDRICAL_SURFACE('',#7502,0.278538443083);
#7502 = AXIS2_PLACEMENT_3D('',#7503,#7504,#7505);
#7503 = CARTESIAN_POINT('',(6.199589675214,-3.8,0.31772357842));
#7504 = DIRECTION('',(-6.661338147751E-16,1.,0.));
#7505 = DIRECTION('',(0.,0.,1.));
#7506 = ADVANCED_FACE('',(#7507),#7532,.F.);
#7507 = FACE_BOUND('',#7508,.T.);
#7508 = EDGE_LOOP('',(#7509,#7517,#7525,#7531));
#7509 = ORIENTED_EDGE('',*,*,#7510,.T.);
#7510 = EDGE_CURVE('',#7488,#7511,#7513,.T.);
#7511 = VERTEX_POINT('',#7512);
#7512 = CARTESIAN_POINT('',(5.886163236004,-3.4,1.126693910204));
#7513 = LINE('',#7514,#7515);
#7514 = CARTESIAN_POINT('',(5.921306132378,-3.4,0.305809970136));
#7515 = VECTOR('',#7516,1.);
#7516 = DIRECTION('',(-4.277186356053E-02,-2.587284984456E-17,
    0.999084865108));
#7517 = ORIENTED_EDGE('',*,*,#7518,.F.);
#7518 = EDGE_CURVE('',#7519,#7511,#7521,.T.);
#7519 = VERTEX_POINT('',#7520);
#7520 = CARTESIAN_POINT('',(5.886163236004,-3.8,1.126693910204));
#7521 = LINE('',#7522,#7523);
#7522 = CARTESIAN_POINT('',(5.886163236004,-3.8,1.126693910204));
#7523 = VECTOR('',#7524,1.);
#7524 = DIRECTION('',(-6.661338147751E-16,1.,0.));
#7525 = ORIENTED_EDGE('',*,*,#7526,.F.);
#7526 = EDGE_CURVE('',#7479,#7519,#7527,.T.);
#7527 = LINE('',#7528,#7529);
#7528 = CARTESIAN_POINT('',(5.921306132378,-3.8,0.305809970136));
#7529 = VECTOR('',#7530,1.);
#7530 = DIRECTION('',(-4.277186356053E-02,-2.587284984456E-17,
    0.999084865108));
#7531 = ORIENTED_EDGE('',*,*,#7487,.T.);
#7532 = PLANE('',#7533);
#7533 = AXIS2_PLACEMENT_3D('',#7534,#7535,#7536);
#7534 = CARTESIAN_POINT('',(5.921306132378,-3.8,0.305809970136));
#7535 = DIRECTION('',(-0.999084865108,-6.655242124783E-16,
    -4.277186356053E-02));
#7536 = DIRECTION('',(4.277186356053E-02,2.849178463861E-17,
    -0.999084865108));
#7537 = ADVANCED_FACE('',(#7538),#7565,.T.);
#7538 = FACE_BOUND('',#7539,.T.);
#7539 = EDGE_LOOP('',(#7540,#7549,#7557,#7564));
#7540 = ORIENTED_EDGE('',*,*,#7541,.T.);
#7541 = EDGE_CURVE('',#7511,#7542,#7544,.T.);
#7542 = VERTEX_POINT('',#7543);
#7543 = CARTESIAN_POINT('',(5.406609645391,-3.4,1.586156570381));
#7544 = CIRCLE('',#7545,0.479992848817);
#7545 = AXIS2_PLACEMENT_3D('',#7546,#7547,#7548);
#7546 = CARTESIAN_POINT('',(5.406609645391,-3.4,1.106163721564));
#7547 = DIRECTION('',(6.04903497084E-16,-1.,0.));
#7548 = DIRECTION('',(1.,6.04903497084E-16,0.));
#7549 = ORIENTED_EDGE('',*,*,#7550,.F.);
#7550 = EDGE_CURVE('',#7551,#7542,#7553,.T.);
#7551 = VERTEX_POINT('',#7552);
#7552 = CARTESIAN_POINT('',(5.406609645391,-3.8,1.586156570381));
#7553 = LINE('',#7554,#7555);
#7554 = CARTESIAN_POINT('',(5.406609645391,-3.8,1.586156570381));
#7555 = VECTOR('',#7556,1.);
#7556 = DIRECTION('',(-6.661338147751E-16,1.,0.));
#7557 = ORIENTED_EDGE('',*,*,#7558,.F.);
#7558 = EDGE_CURVE('',#7519,#7551,#7559,.T.);
#7559 = CIRCLE('',#7560,0.479992848817);
#7560 = AXIS2_PLACEMENT_3D('',#7561,#7562,#7563);
#7561 = CARTESIAN_POINT('',(5.406609645391,-3.8,1.106163721564));
#7562 = DIRECTION('',(6.04903497084E-16,-1.,0.));
#7563 = DIRECTION('',(1.,6.04903497084E-16,0.));
#7564 = ORIENTED_EDGE('',*,*,#7518,.T.);
#7565 = CYLINDRICAL_SURFACE('',#7566,0.479992848817);
#7566 = AXIS2_PLACEMENT_3D('',#7567,#7568,#7569);
#7567 = CARTESIAN_POINT('',(5.406609645391,-3.8,1.106163721564));
#7568 = DIRECTION('',(-6.661338147751E-16,1.,0.));
#7569 = DIRECTION('',(0.,0.,1.));
#7570 = ADVANCED_FACE('',(#7571),#7607,.F.);
#7571 = FACE_BOUND('',#7572,.F.);
#7572 = EDGE_LOOP('',(#7573,#7583,#7592,#7600));
#7573 = ORIENTED_EDGE('',*,*,#7574,.F.);
#7574 = EDGE_CURVE('',#7575,#7577,#7579,.T.);
#7575 = VERTEX_POINT('',#7576);
#7576 = CARTESIAN_POINT('',(5.32842852147,-4.6,1.36412609412));
#7577 = VERTEX_POINT('',#7578);
#7578 = CARTESIAN_POINT('',(5.32842852147,-4.2,1.36412609412));
#7579 = LINE('',#7580,#7581);
#7580 = CARTESIAN_POINT('',(5.32842852147,-4.6,1.36412609412));
#7581 = VECTOR('',#7582,1.);
#7582 = DIRECTION('',(-6.661338147751E-16,1.,0.));
#7583 = ORIENTED_EDGE('',*,*,#7584,.T.);
#7584 = EDGE_CURVE('',#7575,#7585,#7587,.T.);
#7585 = VERTEX_POINT('',#7586);
#7586 = CARTESIAN_POINT('',(5.62600713975,-4.6,1.069218046847));
#7587 = CIRCLE('',#7588,0.297590710099);
#7588 = AXIS2_PLACEMENT_3D('',#7589,#7590,#7591);
#7589 = CARTESIAN_POINT('',(5.32842852147,-4.6,1.06653538402));
#7590 = DIRECTION('',(-6.04903497084E-16,1.,0.));
#7591 = DIRECTION('',(1.,6.04903497084E-16,0.));
#7592 = ORIENTED_EDGE('',*,*,#7593,.T.);
#7593 = EDGE_CURVE('',#7585,#7594,#7596,.T.);
#7594 = VERTEX_POINT('',#7595);
#7595 = CARTESIAN_POINT('',(5.62600713975,-4.2,1.069218046847));
#7596 = LINE('',#7597,#7598);
#7597 = CARTESIAN_POINT('',(5.62600713975,-4.6,1.069218046847));
#7598 = VECTOR('',#7599,1.);
#7599 = DIRECTION('',(-6.661338147751E-16,1.,0.));
#7600 = ORIENTED_EDGE('',*,*,#7601,.F.);
#7601 = EDGE_CURVE('',#7577,#7594,#7602,.T.);
#7602 = CIRCLE('',#7603,0.297590710099);
#7603 = AXIS2_PLACEMENT_3D('',#7604,#7605,#7606);
#7604 = CARTESIAN_POINT('',(5.32842852147,-4.2,1.06653538402));
#7605 = DIRECTION('',(-6.04903497084E-16,1.,0.));
#7606 = DIRECTION('',(1.,6.04903497084E-16,0.));
#7607 = CYLINDRICAL_SURFACE('',#7608,0.297590710099);
#7608 = AXIS2_PLACEMENT_3D('',#7609,#7610,#7611);
#7609 = CARTESIAN_POINT('',(5.32842852147,-4.6,1.06653538402));
#7610 = DIRECTION('',(-6.661338147751E-16,1.,0.));
#7611 = DIRECTION('',(0.,0.,1.));
#7612 = ADVANCED_FACE('',(#7613),#7638,.F.);
#7613 = FACE_BOUND('',#7614,.T.);
#7614 = EDGE_LOOP('',(#7615,#7623,#7631,#7637));
#7615 = ORIENTED_EDGE('',*,*,#7616,.T.);
#7616 = EDGE_CURVE('',#7594,#7617,#7619,.T.);
#7617 = VERTEX_POINT('',#7618);
#7618 = CARTESIAN_POINT('',(5.632275833135,-4.2,0.373853315374));
#7619 = LINE('',#7620,#7621);
#7620 = CARTESIAN_POINT('',(5.62600713975,-4.2,1.069218046847));
#7621 = VECTOR('',#7622,1.);
#7622 = DIRECTION('',(9.014605414585E-03,5.452966340115E-18,
    -0.999959367619));
#7623 = ORIENTED_EDGE('',*,*,#7624,.F.);
#7624 = EDGE_CURVE('',#7625,#7617,#7627,.T.);
#7625 = VERTEX_POINT('',#7626);
#7626 = CARTESIAN_POINT('',(5.632275833135,-4.6,0.373853315374));
#7627 = LINE('',#7628,#7629);
#7628 = CARTESIAN_POINT('',(5.632275833135,-4.6,0.373853315374));
#7629 = VECTOR('',#7630,1.);
#7630 = DIRECTION('',(-6.661338147751E-16,1.,0.));
#7631 = ORIENTED_EDGE('',*,*,#7632,.F.);
#7632 = EDGE_CURVE('',#7585,#7625,#7633,.T.);
#7633 = LINE('',#7634,#7635);
#7634 = CARTESIAN_POINT('',(5.62600713975,-4.6,1.069218046847));
#7635 = VECTOR('',#7636,1.);
#7636 = DIRECTION('',(9.014605414585E-03,5.452966340115E-18,
    -0.999959367619));
#7637 = ORIENTED_EDGE('',*,*,#7593,.T.);
#7638 = PLANE('',#7639);
#7639 = AXIS2_PLACEMENT_3D('',#7640,#7641,#7642);
#7640 = CARTESIAN_POINT('',(5.62600713975,-4.6,1.069218046847));
#7641 = DIRECTION('',(0.999959367619,6.661067481722E-16,
    9.014605414585E-03));
#7642 = DIRECTION('',(-9.014605414585E-03,-6.00493349351E-18,
    0.999959367619));
#7643 = ADVANCED_FACE('',(#7644),#7671,.T.);
#7644 = FACE_BOUND('',#7645,.T.);
#7645 = EDGE_LOOP('',(#7646,#7655,#7663,#7670));
#7646 = ORIENTED_EDGE('',*,*,#7647,.T.);
#7647 = EDGE_CURVE('',#7617,#7648,#7650,.T.);
#7648 = VERTEX_POINT('',#7649);
#7649 = CARTESIAN_POINT('',(6.209557821209,-4.2,-0.198247949201));
#7650 = CIRCLE('',#7651,0.577305445368);
#7651 = AXIS2_PLACEMENT_3D('',#7652,#7653,#7654);
#7652 = CARTESIAN_POINT('',(6.209557821209,-4.2,0.379057496168));
#7653 = DIRECTION('',(6.04903497084E-16,-1.,0.));
#7654 = DIRECTION('',(1.,6.04903497084E-16,0.));
#7655 = ORIENTED_EDGE('',*,*,#7656,.F.);
#7656 = EDGE_CURVE('',#7657,#7648,#7659,.T.);
#7657 = VERTEX_POINT('',#7658);
#7658 = CARTESIAN_POINT('',(6.209557821209,-4.6,-0.198247949201));
#7659 = LINE('',#7660,#7661);
#7660 = CARTESIAN_POINT('',(6.209557821209,-4.6,-0.198247949201));
#7661 = VECTOR('',#7662,1.);
#7662 = DIRECTION('',(-6.661338147751E-16,1.,0.));
#7663 = ORIENTED_EDGE('',*,*,#7664,.F.);
#7664 = EDGE_CURVE('',#7625,#7657,#7665,.T.);
#7665 = CIRCLE('',#7666,0.577305445368);
#7666 = AXIS2_PLACEMENT_3D('',#7667,#7668,#7669);
#7667 = CARTESIAN_POINT('',(6.209557821209,-4.6,0.379057496168));
#7668 = DIRECTION('',(6.04903497084E-16,-1.,0.));
#7669 = DIRECTION('',(1.,6.04903497084E-16,0.));
#7670 = ORIENTED_EDGE('',*,*,#7624,.T.);
#7671 = CYLINDRICAL_SURFACE('',#7672,0.577305445368);
#7672 = AXIS2_PLACEMENT_3D('',#7673,#7674,#7675);
#7673 = CARTESIAN_POINT('',(6.209557821209,-4.6,0.379057496168));
#7674 = DIRECTION('',(-6.661338147751E-16,1.,0.));
#7675 = DIRECTION('',(0.,0.,1.));
#7676 = ADVANCED_FACE('',(#7677),#7702,.F.);
#7677 = FACE_BOUND('',#7678,.T.);
#7678 = EDGE_LOOP('',(#7679,#7687,#7695,#7701));
#7679 = ORIENTED_EDGE('',*,*,#7680,.T.);
#7680 = EDGE_CURVE('',#7648,#7681,#7683,.T.);
#7681 = VERTEX_POINT('',#7682);
#7682 = CARTESIAN_POINT('',(6.6,-4.2,-0.198247949201));
#7683 = LINE('',#7684,#7685);
#7684 = CARTESIAN_POINT('',(6.209557821209,-4.2,-0.198247949201));
#7685 = VECTOR('',#7686,1.);
#7686 = DIRECTION('',(1.,6.04903497084E-16,5.553714385278E-16));
#7687 = ORIENTED_EDGE('',*,*,#7688,.F.);
#7688 = EDGE_CURVE('',#7689,#7681,#7691,.T.);
#7689 = VERTEX_POINT('',#7690);
#7690 = CARTESIAN_POINT('',(6.6,-4.6,-0.198247949201));
#7691 = LINE('',#7692,#7693);
#7692 = CARTESIAN_POINT('',(6.6,-4.6,-0.198247949201));
#7693 = VECTOR('',#7694,1.);
#7694 = DIRECTION('',(-6.661338147751E-16,1.,0.));
#7695 = ORIENTED_EDGE('',*,*,#7696,.F.);
#7696 = EDGE_CURVE('',#7657,#7689,#7697,.T.);
#7697 = LINE('',#7698,#7699);
#7698 = CARTESIAN_POINT('',(6.209557821209,-4.6,-0.198247949201));
#7699 = VECTOR('',#7700,1.);
#7700 = DIRECTION('',(1.,6.04903497084E-16,5.553714385278E-16));
#7701 = ORIENTED_EDGE('',*,*,#7656,.T.);
#7702 = PLANE('',#7703);
#7703 = AXIS2_PLACEMENT_3D('',#7704,#7705,#7706);
#7704 = CARTESIAN_POINT('',(6.209557821209,-4.6,-0.198247949201));
#7705 = DIRECTION('',(-5.553714385278E-16,-3.699516949636E-31,1.));
#7706 = DIRECTION('',(-1.,-6.661338147751E-16,-5.553714385278E-16));
#7707 = ADVANCED_FACE('',(#7708),#7733,.F.);
#7708 = FACE_BOUND('',#7709,.T.);
#7709 = EDGE_LOOP('',(#7710,#7718,#7726,#7732));
#7710 = ORIENTED_EDGE('',*,*,#7711,.T.);
#7711 = EDGE_CURVE('',#7681,#7712,#7714,.T.);
#7712 = VERTEX_POINT('',#7713);
#7713 = CARTESIAN_POINT('',(6.6,-4.2,3.918513533714E-02));
#7714 = LINE('',#7715,#7716);
#7715 = CARTESIAN_POINT('',(6.6,-4.2,-0.198247949201));
#7716 = VECTOR('',#7717,1.);
#7717 = DIRECTION('',(0.,0.,1.));
#7718 = ORIENTED_EDGE('',*,*,#7719,.F.);
#7719 = EDGE_CURVE('',#7720,#7712,#7722,.T.);
#7720 = VERTEX_POINT('',#7721);
#7721 = CARTESIAN_POINT('',(6.6,-4.6,3.918513533714E-02));
#7722 = LINE('',#7723,#7724);
#7723 = CARTESIAN_POINT('',(6.6,-4.6,3.918513533714E-02));
#7724 = VECTOR('',#7725,1.);
#7725 = DIRECTION('',(-6.661338147751E-16,1.,0.));
#7726 = ORIENTED_EDGE('',*,*,#7727,.F.);
#7727 = EDGE_CURVE('',#7689,#7720,#7728,.T.);
#7728 = LINE('',#7729,#7730);
#7729 = CARTESIAN_POINT('',(6.6,-4.6,-0.198247949201));
#7730 = VECTOR('',#7731,1.);
#7731 = DIRECTION('',(0.,0.,1.));
#7732 = ORIENTED_EDGE('',*,*,#7688,.T.);
#7733 = PLANE('',#7734);
#7734 = AXIS2_PLACEMENT_3D('',#7735,#7736,#7737);
#7735 = CARTESIAN_POINT('',(6.6,-4.6,-0.198247949201));
#7736 = DIRECTION('',(-1.,-6.661338147751E-16,0.));
#7737 = DIRECTION('',(0.,0.,-1.));
#7738 = ADVANCED_FACE('',(#7739),#7764,.F.);
#7739 = FACE_BOUND('',#7740,.T.);
#7740 = EDGE_LOOP('',(#7741,#7749,#7757,#7763));
#7741 = ORIENTED_EDGE('',*,*,#7742,.T.);
#7742 = EDGE_CURVE('',#7712,#7743,#7745,.T.);
#7743 = VERTEX_POINT('',#7744);
#7744 = CARTESIAN_POINT('',(6.199589675214,-4.2,3.918513533714E-02));
#7745 = LINE('',#7746,#7747);
#7746 = CARTESIAN_POINT('',(6.6,-4.2,3.918513533714E-02));
#7747 = VECTOR('',#7748,1.);
#7748 = DIRECTION('',(-1.,-6.04903497084E-16,-5.415455623248E-16));
#7749 = ORIENTED_EDGE('',*,*,#7750,.F.);
#7750 = EDGE_CURVE('',#7751,#7743,#7753,.T.);
#7751 = VERTEX_POINT('',#7752);
#7752 = CARTESIAN_POINT('',(6.199589675214,-4.6,3.918513533714E-02));
#7753 = LINE('',#7754,#7755);
#7754 = CARTESIAN_POINT('',(6.199589675214,-4.6,3.918513533714E-02));
#7755 = VECTOR('',#7756,1.);
#7756 = DIRECTION('',(-6.661338147751E-16,1.,0.));
#7757 = ORIENTED_EDGE('',*,*,#7758,.F.);
#7758 = EDGE_CURVE('',#7720,#7751,#7759,.T.);
#7759 = LINE('',#7760,#7761);
#7760 = CARTESIAN_POINT('',(6.6,-4.6,3.918513533714E-02));
#7761 = VECTOR('',#7762,1.);
#7762 = DIRECTION('',(-1.,-6.04903497084E-16,-5.415455623248E-16));
#7763 = ORIENTED_EDGE('',*,*,#7719,.T.);
#7764 = PLANE('',#7765);
#7765 = AXIS2_PLACEMENT_3D('',#7766,#7767,#7768);
#7766 = CARTESIAN_POINT('',(6.6,-4.6,3.918513533714E-02));
#7767 = DIRECTION('',(5.415455623248E-16,3.607418113059E-31,-1.));
#7768 = DIRECTION('',(1.,6.661338147751E-16,5.415455623248E-16));
#7769 = ADVANCED_FACE('',(#7770),#7797,.F.);
#7770 = FACE_BOUND('',#7771,.F.);
#7771 = EDGE_LOOP('',(#7772,#7773,#7782,#7790));
#7772 = ORIENTED_EDGE('',*,*,#7750,.F.);
#7773 = ORIENTED_EDGE('',*,*,#7774,.T.);
#7774 = EDGE_CURVE('',#7751,#7775,#7777,.T.);
#7775 = VERTEX_POINT('',#7776);
#7776 = CARTESIAN_POINT('',(5.921306132378,-4.6,0.305809970136));
#7777 = CIRCLE('',#7778,0.278538443083);
#7778 = AXIS2_PLACEMENT_3D('',#7779,#7780,#7781);
#7779 = CARTESIAN_POINT('',(6.199589675214,-4.6,0.31772357842));
#7780 = DIRECTION('',(-6.04903497084E-16,1.,0.));
#7781 = DIRECTION('',(1.,6.04903497084E-16,0.));
#7782 = ORIENTED_EDGE('',*,*,#7783,.T.);
#7783 = EDGE_CURVE('',#7775,#7784,#7786,.T.);
#7784 = VERTEX_POINT('',#7785);
#7785 = CARTESIAN_POINT('',(5.921306132378,-4.2,0.305809970136));
#7786 = LINE('',#7787,#7788);
#7787 = CARTESIAN_POINT('',(5.921306132378,-4.6,0.305809970136));
#7788 = VECTOR('',#7789,1.);
#7789 = DIRECTION('',(-6.661338147751E-16,1.,0.));
#7790 = ORIENTED_EDGE('',*,*,#7791,.F.);
#7791 = EDGE_CURVE('',#7743,#7784,#7792,.T.);
#7792 = CIRCLE('',#7793,0.278538443083);
#7793 = AXIS2_PLACEMENT_3D('',#7794,#7795,#7796);
#7794 = CARTESIAN_POINT('',(6.199589675214,-4.2,0.31772357842));
#7795 = DIRECTION('',(-6.04903497084E-16,1.,0.));
#7796 = DIRECTION('',(1.,6.04903497084E-16,0.));
#7797 = CYLINDRICAL_SURFACE('',#7798,0.278538443083);
#7798 = AXIS2_PLACEMENT_3D('',#7799,#7800,#7801);
#7799 = CARTESIAN_POINT('',(6.199589675214,-4.6,0.31772357842));
#7800 = DIRECTION('',(-6.661338147751E-16,1.,0.));
#7801 = DIRECTION('',(0.,0.,1.));
#7802 = ADVANCED_FACE('',(#7803),#7828,.F.);
#7803 = FACE_BOUND('',#7804,.T.);
#7804 = EDGE_LOOP('',(#7805,#7813,#7821,#7827));
#7805 = ORIENTED_EDGE('',*,*,#7806,.T.);
#7806 = EDGE_CURVE('',#7784,#7807,#7809,.T.);
#7807 = VERTEX_POINT('',#7808);
#7808 = CARTESIAN_POINT('',(5.886163236004,-4.2,1.126693910204));
#7809 = LINE('',#7810,#7811);
#7810 = CARTESIAN_POINT('',(5.921306132378,-4.2,0.305809970136));
#7811 = VECTOR('',#7812,1.);
#7812 = DIRECTION('',(-4.277186356053E-02,-2.587284984456E-17,
    0.999084865108));
#7813 = ORIENTED_EDGE('',*,*,#7814,.F.);
#7814 = EDGE_CURVE('',#7815,#7807,#7817,.T.);
#7815 = VERTEX_POINT('',#7816);
#7816 = CARTESIAN_POINT('',(5.886163236004,-4.6,1.126693910204));
#7817 = LINE('',#7818,#7819);
#7818 = CARTESIAN_POINT('',(5.886163236004,-4.6,1.126693910204));
#7819 = VECTOR('',#7820,1.);
#7820 = DIRECTION('',(-6.661338147751E-16,1.,0.));
#7821 = ORIENTED_EDGE('',*,*,#7822,.F.);
#7822 = EDGE_CURVE('',#7775,#7815,#7823,.T.);
#7823 = LINE('',#7824,#7825);
#7824 = CARTESIAN_POINT('',(5.921306132378,-4.6,0.305809970136));
#7825 = VECTOR('',#7826,1.);
#7826 = DIRECTION('',(-4.277186356053E-02,-2.587284984456E-17,
    0.999084865108));
#7827 = ORIENTED_EDGE('',*,*,#7783,.T.);
#7828 = PLANE('',#7829);
#7829 = AXIS2_PLACEMENT_3D('',#7830,#7831,#7832);
#7830 = CARTESIAN_POINT('',(5.921306132378,-4.6,0.305809970136));
#7831 = DIRECTION('',(-0.999084865108,-6.655242124783E-16,
    -4.277186356053E-02));
#7832 = DIRECTION('',(4.277186356053E-02,2.849178463861E-17,
    -0.999084865108));
#7833 = ADVANCED_FACE('',(#7834),#7861,.T.);
#7834 = FACE_BOUND('',#7835,.T.);
#7835 = EDGE_LOOP('',(#7836,#7845,#7853,#7860));
#7836 = ORIENTED_EDGE('',*,*,#7837,.T.);
#7837 = EDGE_CURVE('',#7807,#7838,#7840,.T.);
#7838 = VERTEX_POINT('',#7839);
#7839 = CARTESIAN_POINT('',(5.406609645391,-4.2,1.586156570381));
#7840 = CIRCLE('',#7841,0.479992848817);
#7841 = AXIS2_PLACEMENT_3D('',#7842,#7843,#7844);
#7842 = CARTESIAN_POINT('',(5.406609645391,-4.2,1.106163721564));
#7843 = DIRECTION('',(6.04903497084E-16,-1.,0.));
#7844 = DIRECTION('',(1.,6.04903497084E-16,0.));
#7845 = ORIENTED_EDGE('',*,*,#7846,.F.);
#7846 = EDGE_CURVE('',#7847,#7838,#7849,.T.);
#7847 = VERTEX_POINT('',#7848);
#7848 = CARTESIAN_POINT('',(5.406609645391,-4.6,1.586156570381));
#7849 = LINE('',#7850,#7851);
#7850 = CARTESIAN_POINT('',(5.406609645391,-4.6,1.586156570381));
#7851 = VECTOR('',#7852,1.);
#7852 = DIRECTION('',(-6.661338147751E-16,1.,0.));
#7853 = ORIENTED_EDGE('',*,*,#7854,.F.);
#7854 = EDGE_CURVE('',#7815,#7847,#7855,.T.);
#7855 = CIRCLE('',#7856,0.479992848817);
#7856 = AXIS2_PLACEMENT_3D('',#7857,#7858,#7859);
#7857 = CARTESIAN_POINT('',(5.406609645391,-4.6,1.106163721564));
#7858 = DIRECTION('',(6.04903497084E-16,-1.,0.));
#7859 = DIRECTION('',(1.,6.04903497084E-16,0.));
#7860 = ORIENTED_EDGE('',*,*,#7814,.T.);
#7861 = CYLINDRICAL_SURFACE('',#7862,0.479992848817);
#7862 = AXIS2_PLACEMENT_3D('',#7863,#7864,#7865);
#7863 = CARTESIAN_POINT('',(5.406609645391,-4.6,1.106163721564));
#7864 = DIRECTION('',(-6.661338147751E-16,1.,0.));
#7865 = DIRECTION('',(0.,0.,1.));
#7866 = ADVANCED_FACE('',(#7867),#7892,.F.);
#7867 = FACE_BOUND('',#7868,.T.);
#7868 = EDGE_LOOP('',(#7869,#7879,#7885,#7886));
#7869 = ORIENTED_EDGE('',*,*,#7870,.T.);
#7870 = EDGE_CURVE('',#7871,#7873,#7875,.T.);
#7871 = VERTEX_POINT('',#7872);
#7872 = CARTESIAN_POINT('',(4.05,-5.490733905433,1.080680412789));
#7873 = VERTEX_POINT('',#7874);
#7874 = CARTESIAN_POINT('',(-4.05,-5.490733905433,1.080680412789));
#7875 = LINE('',#7876,#7877);
#7876 = CARTESIAN_POINT('',(4.05,-5.490733905433,1.080680412789));
#7877 = VECTOR('',#7878,1.);
#7878 = DIRECTION('',(-1.,-6.661338147751E-16,0.));
#7879 = ORIENTED_EDGE('',*,*,#7880,.F.);
#7880 = EDGE_CURVE('',#702,#7873,#7881,.T.);
#7881 = LINE('',#7882,#7883);
#7882 = CARTESIAN_POINT('',(-4.05,-5.490733905433,1.140758937799));
#7883 = VECTOR('',#7884,1.);
#7884 = DIRECTION('',(0.,0.,-1.));
#7885 = ORIENTED_EDGE('',*,*,#701,.F.);
#7886 = ORIENTED_EDGE('',*,*,#7887,.T.);
#7887 = EDGE_CURVE('',#693,#7871,#7888,.T.);
#7888 = LINE('',#7889,#7890);
#7889 = CARTESIAN_POINT('',(4.05,-5.490733905433,1.140758937799));
#7890 = VECTOR('',#7891,1.);
#7891 = DIRECTION('',(0.,0.,-1.));
#7892 = PLANE('',#7893);
#7893 = AXIS2_PLACEMENT_3D('',#7894,#7895,#7896);
#7894 = CARTESIAN_POINT('',(4.05,-5.490733905433,1.140758937799));
#7895 = DIRECTION('',(6.661338147751E-16,-1.,0.));
#7896 = DIRECTION('',(0.,0.,-1.));
#7897 = ADVANCED_FACE('',(#7898),#7917,.F.);
#7898 = FACE_BOUND('',#7899,.F.);
#7899 = EDGE_LOOP('',(#7900,#7901,#7902,#7910));
#7900 = ORIENTED_EDGE('',*,*,#7880,.F.);
#7901 = ORIENTED_EDGE('',*,*,#709,.T.);
#7902 = ORIENTED_EDGE('',*,*,#7903,.T.);
#7903 = EDGE_CURVE('',#710,#7904,#7906,.T.);
#7904 = VERTEX_POINT('',#7905);
#7905 = CARTESIAN_POINT('',(-4.490733905433,-5.05,1.080680412789));
#7906 = LINE('',#7907,#7908);
#7907 = CARTESIAN_POINT('',(-4.490733905433,-5.05,1.140758937799));
#7908 = VECTOR('',#7909,1.);
#7909 = DIRECTION('',(0.,0.,-1.));
#7910 = ORIENTED_EDGE('',*,*,#7911,.F.);
#7911 = EDGE_CURVE('',#7873,#7904,#7912,.T.);
#7912 = CIRCLE('',#7913,0.440733905433);
#7913 = AXIS2_PLACEMENT_3D('',#7914,#7915,#7916);
#7914 = CARTESIAN_POINT('',(-4.05,-5.05,1.080680412789));
#7915 = DIRECTION('',(0.,0.,-1.));
#7916 = DIRECTION('',(1.,6.661338147751E-16,0.));
#7917 = CYLINDRICAL_SURFACE('',#7918,0.440733905433);
#7918 = AXIS2_PLACEMENT_3D('',#7919,#7920,#7921);
#7919 = CARTESIAN_POINT('',(-4.05,-5.05,1.140758937799));
#7920 = DIRECTION('',(0.,0.,-1.));
#7921 = DIRECTION('',(-6.661338147751E-16,1.,0.));
#7922 = ADVANCED_FACE('',(#7923),#7941,.F.);
#7923 = FACE_BOUND('',#7924,.T.);
#7924 = EDGE_LOOP('',(#7925,#7933,#7939,#7940));
#7925 = ORIENTED_EDGE('',*,*,#7926,.T.);
#7926 = EDGE_CURVE('',#7904,#7927,#7929,.T.);
#7927 = VERTEX_POINT('',#7928);
#7928 = CARTESIAN_POINT('',(-4.490733905433,5.05,1.080680412789));
#7929 = LINE('',#7930,#7931);
#7930 = CARTESIAN_POINT('',(-4.490733905433,-5.05,1.080680412789));
#7931 = VECTOR('',#7932,1.);
#7932 = DIRECTION('',(-6.661338147751E-16,1.,0.));
#7933 = ORIENTED_EDGE('',*,*,#7934,.F.);
#7934 = EDGE_CURVE('',#719,#7927,#7935,.T.);
#7935 = LINE('',#7936,#7937);
#7936 = CARTESIAN_POINT('',(-4.490733905433,5.05,1.140758937799));
#7937 = VECTOR('',#7938,1.);
#7938 = DIRECTION('',(0.,0.,-1.));
#7939 = ORIENTED_EDGE('',*,*,#718,.F.);
#7940 = ORIENTED_EDGE('',*,*,#7903,.T.);
#7941 = PLANE('',#7942);
#7942 = AXIS2_PLACEMENT_3D('',#7943,#7944,#7945);
#7943 = CARTESIAN_POINT('',(-4.490733905433,-5.05,1.140758937799));
#7944 = DIRECTION('',(-1.,-6.661338147751E-16,0.));
#7945 = DIRECTION('',(0.,0.,-1.));
#7946 = ADVANCED_FACE('',(#7947),#7966,.F.);
#7947 = FACE_BOUND('',#7948,.F.);
#7948 = EDGE_LOOP('',(#7949,#7950,#7951,#7959));
#7949 = ORIENTED_EDGE('',*,*,#7934,.F.);
#7950 = ORIENTED_EDGE('',*,*,#726,.T.);
#7951 = ORIENTED_EDGE('',*,*,#7952,.T.);
#7952 = EDGE_CURVE('',#727,#7953,#7955,.T.);
#7953 = VERTEX_POINT('',#7954);
#7954 = CARTESIAN_POINT('',(-4.05,5.490733905433,1.080680412789));
#7955 = LINE('',#7956,#7957);
#7956 = CARTESIAN_POINT('',(-4.05,5.490733905433,1.140758937799));
#7957 = VECTOR('',#7958,1.);
#7958 = DIRECTION('',(0.,0.,-1.));
#7959 = ORIENTED_EDGE('',*,*,#7960,.F.);
#7960 = EDGE_CURVE('',#7927,#7953,#7961,.T.);
#7961 = CIRCLE('',#7962,0.440733905433);
#7962 = AXIS2_PLACEMENT_3D('',#7963,#7964,#7965);
#7963 = CARTESIAN_POINT('',(-4.05,5.05,1.080680412789));
#7964 = DIRECTION('',(0.,-0.,-1.));
#7965 = DIRECTION('',(-1.,-6.661338147751E-16,0.));
#7966 = CYLINDRICAL_SURFACE('',#7967,0.440733905433);
#7967 = AXIS2_PLACEMENT_3D('',#7968,#7969,#7970);
#7968 = CARTESIAN_POINT('',(-4.05,5.05,1.140758937799));
#7969 = DIRECTION('',(0.,0.,-1.));
#7970 = DIRECTION('',(-6.661338147751E-16,1.,0.));
#7971 = ADVANCED_FACE('',(#7972),#7990,.F.);
#7972 = FACE_BOUND('',#7973,.T.);
#7973 = EDGE_LOOP('',(#7974,#7982,#7988,#7989));
#7974 = ORIENTED_EDGE('',*,*,#7975,.T.);
#7975 = EDGE_CURVE('',#7953,#7976,#7978,.T.);
#7976 = VERTEX_POINT('',#7977);
#7977 = CARTESIAN_POINT('',(4.05,5.490733905433,1.080680412789));
#7978 = LINE('',#7979,#7980);
#7979 = CARTESIAN_POINT('',(-4.05,5.490733905433,1.080680412789));
#7980 = VECTOR('',#7981,1.);
#7981 = DIRECTION('',(1.,6.661338147751E-16,0.));
#7982 = ORIENTED_EDGE('',*,*,#7983,.F.);
#7983 = EDGE_CURVE('',#736,#7976,#7984,.T.);
#7984 = LINE('',#7985,#7986);
#7985 = CARTESIAN_POINT('',(4.05,5.490733905433,1.140758937799));
#7986 = VECTOR('',#7987,1.);
#7987 = DIRECTION('',(0.,0.,-1.));
#7988 = ORIENTED_EDGE('',*,*,#735,.F.);
#7989 = ORIENTED_EDGE('',*,*,#7952,.T.);
#7990 = PLANE('',#7991);
#7991 = AXIS2_PLACEMENT_3D('',#7992,#7993,#7994);
#7992 = CARTESIAN_POINT('',(-4.05,5.490733905433,1.140758937799));
#7993 = DIRECTION('',(-6.661338147751E-16,1.,0.));
#7994 = DIRECTION('',(0.,0.,1.));
#7995 = ADVANCED_FACE('',(#7996),#8015,.F.);
#7996 = FACE_BOUND('',#7997,.F.);
#7997 = EDGE_LOOP('',(#7998,#7999,#8000,#8008));
#7998 = ORIENTED_EDGE('',*,*,#7983,.F.);
#7999 = ORIENTED_EDGE('',*,*,#743,.T.);
#8000 = ORIENTED_EDGE('',*,*,#8001,.T.);
#8001 = EDGE_CURVE('',#744,#8002,#8004,.T.);
#8002 = VERTEX_POINT('',#8003);
#8003 = CARTESIAN_POINT('',(4.490733905433,5.05,1.080680412789));
#8004 = LINE('',#8005,#8006);
#8005 = CARTESIAN_POINT('',(4.490733905433,5.05,1.140758937799));
#8006 = VECTOR('',#8007,1.);
#8007 = DIRECTION('',(0.,0.,-1.));
#8008 = ORIENTED_EDGE('',*,*,#8009,.F.);
#8009 = EDGE_CURVE('',#7976,#8002,#8010,.T.);
#8010 = CIRCLE('',#8011,0.440733905433);
#8011 = AXIS2_PLACEMENT_3D('',#8012,#8013,#8014);
#8012 = CARTESIAN_POINT('',(4.05,5.05,1.080680412789));
#8013 = DIRECTION('',(0.,-0.,-1.));
#8014 = DIRECTION('',(-1.,-6.661338147751E-16,0.));
#8015 = CYLINDRICAL_SURFACE('',#8016,0.440733905433);
#8016 = AXIS2_PLACEMENT_3D('',#8017,#8018,#8019);
#8017 = CARTESIAN_POINT('',(4.05,5.05,1.140758937799));
#8018 = DIRECTION('',(0.,0.,-1.));
#8019 = DIRECTION('',(-6.661338147751E-16,1.,0.));
#8020 = ADVANCED_FACE('',(#8021),#8039,.F.);
#8021 = FACE_BOUND('',#8022,.T.);
#8022 = EDGE_LOOP('',(#8023,#8031,#8037,#8038));
#8023 = ORIENTED_EDGE('',*,*,#8024,.T.);
#8024 = EDGE_CURVE('',#8002,#8025,#8027,.T.);
#8025 = VERTEX_POINT('',#8026);
#8026 = CARTESIAN_POINT('',(4.490733905433,-5.05,1.080680412789));
#8027 = LINE('',#8028,#8029);
#8028 = CARTESIAN_POINT('',(4.490733905433,5.05,1.080680412789));
#8029 = VECTOR('',#8030,1.);
#8030 = DIRECTION('',(6.661338147751E-16,-1.,0.));
#8031 = ORIENTED_EDGE('',*,*,#8032,.F.);
#8032 = EDGE_CURVE('',#691,#8025,#8033,.T.);
#8033 = LINE('',#8034,#8035);
#8034 = CARTESIAN_POINT('',(4.490733905433,-5.05,1.140758937799));
#8035 = VECTOR('',#8036,1.);
#8036 = DIRECTION('',(0.,0.,-1.));
#8037 = ORIENTED_EDGE('',*,*,#752,.F.);
#8038 = ORIENTED_EDGE('',*,*,#8001,.T.);
#8039 = PLANE('',#8040);
#8040 = AXIS2_PLACEMENT_3D('',#8041,#8042,#8043);
#8041 = CARTESIAN_POINT('',(4.490733905433,5.05,1.140758937799));
#8042 = DIRECTION('',(1.,6.661338147751E-16,0.));
#8043 = DIRECTION('',(0.,0.,1.));
#8044 = ADVANCED_FACE('',(#8045),#8057,.F.);
#8045 = FACE_BOUND('',#8046,.F.);
#8046 = EDGE_LOOP('',(#8047,#8048,#8049,#8050));
#8047 = ORIENTED_EDGE('',*,*,#8032,.F.);
#8048 = ORIENTED_EDGE('',*,*,#690,.T.);
#8049 = ORIENTED_EDGE('',*,*,#7887,.T.);
#8050 = ORIENTED_EDGE('',*,*,#8051,.F.);
#8051 = EDGE_CURVE('',#8025,#7871,#8052,.T.);
#8052 = CIRCLE('',#8053,0.440733905433);
#8053 = AXIS2_PLACEMENT_3D('',#8054,#8055,#8056);
#8054 = CARTESIAN_POINT('',(4.05,-5.05,1.080680412789));
#8055 = DIRECTION('',(0.,-0.,-1.));
#8056 = DIRECTION('',(-1.,-6.661338147751E-16,0.));
#8057 = CYLINDRICAL_SURFACE('',#8058,0.440733905433);
#8058 = AXIS2_PLACEMENT_3D('',#8059,#8060,#8061);
#8059 = CARTESIAN_POINT('',(4.05,-5.05,1.140758937799));
#8060 = DIRECTION('',(0.,0.,-1.));
#8061 = DIRECTION('',(-6.661338147751E-16,1.,0.));
#8062 = ADVANCED_FACE('',(#8063),#8088,.T.);
#8063 = FACE_BOUND('',#8064,.T.);
#8064 = EDGE_LOOP('',(#8065,#8075,#8081,#8082));
#8065 = ORIENTED_EDGE('',*,*,#8066,.T.);
#8066 = EDGE_CURVE('',#8067,#8069,#8071,.T.);
#8067 = VERTEX_POINT('',#8068);
#8068 = CARTESIAN_POINT('',(-4.795681468204,4.6,1.36412609412));
#8069 = VERTEX_POINT('',#8070);
#8070 = CARTESIAN_POINT('',(-4.795681468204,4.2,1.36412609412));
#8071 = LINE('',#8072,#8073);
#8072 = CARTESIAN_POINT('',(-4.795681468204,-3.37197352448E-15,
    1.36412609412));
#8073 = VECTOR('',#8074,1.);
#8074 = DIRECTION('',(6.661338147751E-16,-1.,0.));
#8075 = ORIENTED_EDGE('',*,*,#8076,.T.);
#8076 = EDGE_CURVE('',#8069,#1031,#8077,.T.);
#8077 = LINE('',#8078,#8079);
#8078 = CARTESIAN_POINT('',(-4.721186049938,4.2,1.36412609412));
#8079 = VECTOR('',#8080,1.);
#8080 = DIRECTION('',(-1.,-6.04903497084E-16,4.463629535621E-16));
#8081 = ORIENTED_EDGE('',*,*,#1039,.T.);
#8082 = ORIENTED_EDGE('',*,*,#8083,.F.);
#8083 = EDGE_CURVE('',#8067,#1040,#8084,.T.);
#8084 = LINE('',#8085,#8086);
#8085 = CARTESIAN_POINT('',(-4.721186049938,4.6,1.36412609412));
#8086 = VECTOR('',#8087,1.);
#8087 = DIRECTION('',(-1.,-6.04903497084E-16,4.463629535621E-16));
#8088 = PLANE('',#8089);
#8089 = AXIS2_PLACEMENT_3D('',#8090,#8091,#8092);
#8090 = CARTESIAN_POINT('',(-4.721186049938,4.2,1.36412609412));
#8091 = DIRECTION('',(-4.463629535621E-16,-2.973374570306E-31,-1.));
#8092 = DIRECTION('',(1.,6.661338147751E-16,-4.463629535621E-16));
#8093 = ADVANCED_FACE('',(#8094),#8120,.T.);
#8094 = FACE_BOUND('',#8095,.T.);
#8095 = EDGE_LOOP('',(#8096,#8104,#8110,#8111,#8112,#8113,#8114,#8115,
    #8116,#8117,#8118,#8119));
#8096 = ORIENTED_EDGE('',*,*,#8097,.T.);
#8097 = EDGE_CURVE('',#8069,#8098,#8100,.T.);
#8098 = VERTEX_POINT('',#8099);
#8099 = CARTESIAN_POINT('',(-4.799557024583,4.2,1.586156570381));
#8100 = LINE('',#8101,#8102);
#8101 = CARTESIAN_POINT('',(-4.8,4.2,1.611534615022));
#8102 = VECTOR('',#8103,1.);
#8103 = DIRECTION('',(-1.745240643728E-02,-1.055702168644E-17,
    0.999847695156));
#8104 = ORIENTED_EDGE('',*,*,#8105,.F.);
#8105 = EDGE_CURVE('',#786,#8098,#8106,.T.);
#8106 = LINE('',#8107,#8108);
#8107 = CARTESIAN_POINT('',(-5.406609645391,4.2,1.586156570381));
#8108 = VECTOR('',#8109,1.);
#8109 = DIRECTION('',(1.,6.04903497084E-16,-2.372698094312E-16));
#8110 = ORIENTED_EDGE('',*,*,#785,.F.);
#8111 = ORIENTED_EDGE('',*,*,#824,.F.);
#8112 = ORIENTED_EDGE('',*,*,#840,.F.);
#8113 = ORIENTED_EDGE('',*,*,#888,.F.);
#8114 = ORIENTED_EDGE('',*,*,#919,.F.);
#8115 = ORIENTED_EDGE('',*,*,#950,.F.);
#8116 = ORIENTED_EDGE('',*,*,#982,.F.);
#8117 = ORIENTED_EDGE('',*,*,#1014,.F.);
#8118 = ORIENTED_EDGE('',*,*,#1030,.F.);
#8119 = ORIENTED_EDGE('',*,*,#8076,.F.);
#8120 = PLANE('',#8121);
#8121 = AXIS2_PLACEMENT_3D('',#8122,#8123,#8124);
#8122 = CARTESIAN_POINT('',(-6.199589675214,4.2,0.31772357842));
#8123 = DIRECTION('',(6.04903497084E-16,-1.,0.));
#8124 = DIRECTION('',(1.,6.04903497084E-16,0.));
#8125 = ADVANCED_FACE('',(#8126),#8144,.T.);
#8126 = FACE_BOUND('',#8127,.T.);
#8127 = EDGE_LOOP('',(#8128,#8136,#8142,#8143));
#8128 = ORIENTED_EDGE('',*,*,#8129,.T.);
#8129 = EDGE_CURVE('',#8098,#8130,#8132,.T.);
#8130 = VERTEX_POINT('',#8131);
#8131 = CARTESIAN_POINT('',(-4.799557024583,4.6,1.586156570381));
#8132 = LINE('',#8133,#8134);
#8133 = CARTESIAN_POINT('',(-4.799557024583,-3.374555163635E-15,
    1.586156570381));
#8134 = VECTOR('',#8135,1.);
#8135 = DIRECTION('',(-6.661338147751E-16,1.,0.));
#8136 = ORIENTED_EDGE('',*,*,#8137,.F.);
#8137 = EDGE_CURVE('',#769,#8130,#8138,.T.);
#8138 = LINE('',#8139,#8140);
#8139 = CARTESIAN_POINT('',(-5.406609645391,4.6,1.586156570381));
#8140 = VECTOR('',#8141,1.);
#8141 = DIRECTION('',(1.,6.04903497084E-16,-2.372698094312E-16));
#8142 = ORIENTED_EDGE('',*,*,#794,.F.);
#8143 = ORIENTED_EDGE('',*,*,#8105,.T.);
#8144 = PLANE('',#8145);
#8145 = AXIS2_PLACEMENT_3D('',#8146,#8147,#8148);
#8146 = CARTESIAN_POINT('',(-5.406609645391,4.2,1.586156570381));
#8147 = DIRECTION('',(2.372698094312E-16,1.580534432874E-31,1.));
#8148 = DIRECTION('',(-1.,-6.661338147751E-16,2.372698094312E-16));
#8149 = ADVANCED_FACE('',(#8150),#8169,.F.);
#8150 = FACE_BOUND('',#8151,.T.);
#8151 = EDGE_LOOP('',(#8152,#8153,#8159,#8160,#8161,#8162,#8163,#8164,
    #8165,#8166,#8167,#8168));
#8152 = ORIENTED_EDGE('',*,*,#8137,.T.);
#8153 = ORIENTED_EDGE('',*,*,#8154,.F.);
#8154 = EDGE_CURVE('',#8067,#8130,#8155,.T.);
#8155 = LINE('',#8156,#8157);
#8156 = CARTESIAN_POINT('',(-4.8,4.6,1.611534615022));
#8157 = VECTOR('',#8158,1.);
#8158 = DIRECTION('',(-1.745240643728E-02,-1.055702168644E-17,
    0.999847695156));
#8159 = ORIENTED_EDGE('',*,*,#8083,.T.);
#8160 = ORIENTED_EDGE('',*,*,#1047,.T.);
#8161 = ORIENTED_EDGE('',*,*,#998,.T.);
#8162 = ORIENTED_EDGE('',*,*,#965,.T.);
#8163 = ORIENTED_EDGE('',*,*,#934,.T.);
#8164 = ORIENTED_EDGE('',*,*,#903,.T.);
#8165 = ORIENTED_EDGE('',*,*,#872,.T.);
#8166 = ORIENTED_EDGE('',*,*,#857,.T.);
#8167 = ORIENTED_EDGE('',*,*,#808,.T.);
#8168 = ORIENTED_EDGE('',*,*,#766,.T.);
#8169 = PLANE('',#8170);
#8170 = AXIS2_PLACEMENT_3D('',#8171,#8172,#8173);
#8171 = CARTESIAN_POINT('',(-6.199589675214,4.6,0.31772357842));
#8172 = DIRECTION('',(6.04903497084E-16,-1.,0.));
#8173 = DIRECTION('',(1.,6.04903497084E-16,0.));
#8174 = ADVANCED_FACE('',(#8175),#8200,.T.);
#8175 = FACE_BOUND('',#8176,.T.);
#8176 = EDGE_LOOP('',(#8177,#8187,#8193,#8194));
#8177 = ORIENTED_EDGE('',*,*,#8178,.T.);
#8178 = EDGE_CURVE('',#8179,#8181,#8183,.T.);
#8179 = VERTEX_POINT('',#8180);
#8180 = CARTESIAN_POINT('',(-4.795681468204,3.8,1.36412609412));
#8181 = VERTEX_POINT('',#8182);
#8182 = CARTESIAN_POINT('',(-4.795681468204,3.4,1.36412609412));
#8183 = LINE('',#8184,#8185);
#8184 = CARTESIAN_POINT('',(-4.795681468204,-0.8,1.36412609412));
#8185 = VECTOR('',#8186,1.);
#8186 = DIRECTION('',(6.661338147751E-16,-1.,0.));
#8187 = ORIENTED_EDGE('',*,*,#8188,.T.);
#8188 = EDGE_CURVE('',#8181,#1327,#8189,.T.);
#8189 = LINE('',#8190,#8191);
#8190 = CARTESIAN_POINT('',(-4.721186049938,3.4,1.36412609412));
#8191 = VECTOR('',#8192,1.);
#8192 = DIRECTION('',(-1.,-6.04903497084E-16,4.463629535621E-16));
#8193 = ORIENTED_EDGE('',*,*,#1335,.T.);
#8194 = ORIENTED_EDGE('',*,*,#8195,.F.);
#8195 = EDGE_CURVE('',#8179,#1336,#8196,.T.);
#8196 = LINE('',#8197,#8198);
#8197 = CARTESIAN_POINT('',(-4.721186049938,3.8,1.36412609412));
#8198 = VECTOR('',#8199,1.);
#8199 = DIRECTION('',(-1.,-6.04903497084E-16,4.463629535621E-16));
#8200 = PLANE('',#8201);
#8201 = AXIS2_PLACEMENT_3D('',#8202,#8203,#8204);
#8202 = CARTESIAN_POINT('',(-4.721186049938,3.4,1.36412609412));
#8203 = DIRECTION('',(-4.463629535621E-16,-2.973374570306E-31,-1.));
#8204 = DIRECTION('',(1.,6.661338147751E-16,-4.463629535621E-16));
#8205 = ADVANCED_FACE('',(#8206),#8232,.T.);
#8206 = FACE_BOUND('',#8207,.T.);
#8207 = EDGE_LOOP('',(#8208,#8216,#8222,#8223,#8224,#8225,#8226,#8227,
    #8228,#8229,#8230,#8231));
#8208 = ORIENTED_EDGE('',*,*,#8209,.T.);
#8209 = EDGE_CURVE('',#8181,#8210,#8212,.T.);
#8210 = VERTEX_POINT('',#8211);
#8211 = CARTESIAN_POINT('',(-4.799557024583,3.4,1.586156570381));
#8212 = LINE('',#8213,#8214);
#8213 = CARTESIAN_POINT('',(-4.8,3.4,1.611534615022));
#8214 = VECTOR('',#8215,1.);
#8215 = DIRECTION('',(-1.745240643728E-02,-1.055702168644E-17,
    0.999847695156));
#8216 = ORIENTED_EDGE('',*,*,#8217,.F.);
#8217 = EDGE_CURVE('',#1082,#8210,#8218,.T.);
#8218 = LINE('',#8219,#8220);
#8219 = CARTESIAN_POINT('',(-5.406609645391,3.4,1.586156570381));
#8220 = VECTOR('',#8221,1.);
#8221 = DIRECTION('',(1.,6.04903497084E-16,-2.372698094312E-16));
#8222 = ORIENTED_EDGE('',*,*,#1081,.F.);
#8223 = ORIENTED_EDGE('',*,*,#1120,.F.);
#8224 = ORIENTED_EDGE('',*,*,#1136,.F.);
#8225 = ORIENTED_EDGE('',*,*,#1184,.F.);
#8226 = ORIENTED_EDGE('',*,*,#1215,.F.);
#8227 = ORIENTED_EDGE('',*,*,#1246,.F.);
#8228 = ORIENTED_EDGE('',*,*,#1278,.F.);
#8229 = ORIENTED_EDGE('',*,*,#1310,.F.);
#8230 = ORIENTED_EDGE('',*,*,#1326,.F.);
#8231 = ORIENTED_EDGE('',*,*,#8188,.F.);
#8232 = PLANE('',#8233);
#8233 = AXIS2_PLACEMENT_3D('',#8234,#8235,#8236);
#8234 = CARTESIAN_POINT('',(-6.199589675214,3.4,0.31772357842));
#8235 = DIRECTION('',(6.04903497084E-16,-1.,0.));
#8236 = DIRECTION('',(1.,6.04903497084E-16,0.));
#8237 = ADVANCED_FACE('',(#8238),#8256,.T.);
#8238 = FACE_BOUND('',#8239,.T.);
#8239 = EDGE_LOOP('',(#8240,#8248,#8254,#8255));
#8240 = ORIENTED_EDGE('',*,*,#8241,.T.);
#8241 = EDGE_CURVE('',#8210,#8242,#8244,.T.);
#8242 = VERTEX_POINT('',#8243);
#8243 = CARTESIAN_POINT('',(-4.799557024583,3.8,1.586156570381));
#8244 = LINE('',#8245,#8246);
#8245 = CARTESIAN_POINT('',(-4.799557024583,-0.8,1.586156570381));
#8246 = VECTOR('',#8247,1.);
#8247 = DIRECTION('',(-6.661338147751E-16,1.,0.));
#8248 = ORIENTED_EDGE('',*,*,#8249,.F.);
#8249 = EDGE_CURVE('',#1065,#8242,#8250,.T.);
#8250 = LINE('',#8251,#8252);
#8251 = CARTESIAN_POINT('',(-5.406609645391,3.8,1.586156570381));
#8252 = VECTOR('',#8253,1.);
#8253 = DIRECTION('',(1.,6.04903497084E-16,-2.372698094312E-16));
#8254 = ORIENTED_EDGE('',*,*,#1090,.F.);
#8255 = ORIENTED_EDGE('',*,*,#8217,.T.);
#8256 = PLANE('',#8257);
#8257 = AXIS2_PLACEMENT_3D('',#8258,#8259,#8260);
#8258 = CARTESIAN_POINT('',(-5.406609645391,3.4,1.586156570381));
#8259 = DIRECTION('',(2.372698094312E-16,1.580534432874E-31,1.));
#8260 = DIRECTION('',(-1.,-6.661338147751E-16,2.372698094312E-16));
#8261 = ADVANCED_FACE('',(#8262),#8281,.F.);
#8262 = FACE_BOUND('',#8263,.T.);
#8263 = EDGE_LOOP('',(#8264,#8265,#8271,#8272,#8273,#8274,#8275,#8276,
    #8277,#8278,#8279,#8280));
#8264 = ORIENTED_EDGE('',*,*,#8249,.T.);
#8265 = ORIENTED_EDGE('',*,*,#8266,.F.);
#8266 = EDGE_CURVE('',#8179,#8242,#8267,.T.);
#8267 = LINE('',#8268,#8269);
#8268 = CARTESIAN_POINT('',(-4.8,3.8,1.611534615022));
#8269 = VECTOR('',#8270,1.);
#8270 = DIRECTION('',(-1.745240643728E-02,-1.055702168644E-17,
    0.999847695156));
#8271 = ORIENTED_EDGE('',*,*,#8195,.T.);
#8272 = ORIENTED_EDGE('',*,*,#1343,.T.);
#8273 = ORIENTED_EDGE('',*,*,#1294,.T.);
#8274 = ORIENTED_EDGE('',*,*,#1261,.T.);
#8275 = ORIENTED_EDGE('',*,*,#1230,.T.);
#8276 = ORIENTED_EDGE('',*,*,#1199,.T.);
#8277 = ORIENTED_EDGE('',*,*,#1168,.T.);
#8278 = ORIENTED_EDGE('',*,*,#1153,.T.);
#8279 = ORIENTED_EDGE('',*,*,#1104,.T.);
#8280 = ORIENTED_EDGE('',*,*,#1062,.T.);
#8281 = PLANE('',#8282);
#8282 = AXIS2_PLACEMENT_3D('',#8283,#8284,#8285);
#8283 = CARTESIAN_POINT('',(-6.199589675214,3.8,0.31772357842));
#8284 = DIRECTION('',(6.04903497084E-16,-1.,0.));
#8285 = DIRECTION('',(1.,6.04903497084E-16,0.));
#8286 = ADVANCED_FACE('',(#8287),#8312,.T.);
#8287 = FACE_BOUND('',#8288,.T.);
#8288 = EDGE_LOOP('',(#8289,#8299,#8305,#8306));
#8289 = ORIENTED_EDGE('',*,*,#8290,.T.);
#8290 = EDGE_CURVE('',#8291,#8293,#8295,.T.);
#8291 = VERTEX_POINT('',#8292);
#8292 = CARTESIAN_POINT('',(-4.795681468204,3.,1.36412609412));
#8293 = VERTEX_POINT('',#8294);
#8294 = CARTESIAN_POINT('',(-4.795681468204,2.6,1.36412609412));
#8295 = LINE('',#8296,#8297);
#8296 = CARTESIAN_POINT('',(-4.795681468204,-1.6,1.36412609412));
#8297 = VECTOR('',#8298,1.);
#8298 = DIRECTION('',(6.661338147751E-16,-1.,0.));
#8299 = ORIENTED_EDGE('',*,*,#8300,.T.);
#8300 = EDGE_CURVE('',#8293,#1623,#8301,.T.);
#8301 = LINE('',#8302,#8303);
#8302 = CARTESIAN_POINT('',(-4.721186049938,2.6,1.36412609412));
#8303 = VECTOR('',#8304,1.);
#8304 = DIRECTION('',(-1.,-6.04903497084E-16,4.463629535621E-16));
#8305 = ORIENTED_EDGE('',*,*,#1631,.T.);
#8306 = ORIENTED_EDGE('',*,*,#8307,.F.);
#8307 = EDGE_CURVE('',#8291,#1632,#8308,.T.);
#8308 = LINE('',#8309,#8310);
#8309 = CARTESIAN_POINT('',(-4.721186049938,3.,1.36412609412));
#8310 = VECTOR('',#8311,1.);
#8311 = DIRECTION('',(-1.,-6.04903497084E-16,4.463629535621E-16));
#8312 = PLANE('',#8313);
#8313 = AXIS2_PLACEMENT_3D('',#8314,#8315,#8316);
#8314 = CARTESIAN_POINT('',(-4.721186049938,2.6,1.36412609412));
#8315 = DIRECTION('',(-4.463629535621E-16,-2.973374570306E-31,-1.));
#8316 = DIRECTION('',(1.,6.661338147751E-16,-4.463629535621E-16));
#8317 = ADVANCED_FACE('',(#8318),#8344,.T.);
#8318 = FACE_BOUND('',#8319,.T.);
#8319 = EDGE_LOOP('',(#8320,#8328,#8334,#8335,#8336,#8337,#8338,#8339,
    #8340,#8341,#8342,#8343));
#8320 = ORIENTED_EDGE('',*,*,#8321,.T.);
#8321 = EDGE_CURVE('',#8293,#8322,#8324,.T.);
#8322 = VERTEX_POINT('',#8323);
#8323 = CARTESIAN_POINT('',(-4.799557024583,2.6,1.586156570381));
#8324 = LINE('',#8325,#8326);
#8325 = CARTESIAN_POINT('',(-4.8,2.6,1.611534615022));
#8326 = VECTOR('',#8327,1.);
#8327 = DIRECTION('',(-1.745240643728E-02,-1.055702168644E-17,
    0.999847695156));
#8328 = ORIENTED_EDGE('',*,*,#8329,.F.);
#8329 = EDGE_CURVE('',#1378,#8322,#8330,.T.);
#8330 = LINE('',#8331,#8332);
#8331 = CARTESIAN_POINT('',(-5.406609645391,2.6,1.586156570381));
#8332 = VECTOR('',#8333,1.);
#8333 = DIRECTION('',(1.,6.04903497084E-16,-2.372698094312E-16));
#8334 = ORIENTED_EDGE('',*,*,#1377,.F.);
#8335 = ORIENTED_EDGE('',*,*,#1416,.F.);
#8336 = ORIENTED_EDGE('',*,*,#1432,.F.);
#8337 = ORIENTED_EDGE('',*,*,#1480,.F.);
#8338 = ORIENTED_EDGE('',*,*,#1511,.F.);
#8339 = ORIENTED_EDGE('',*,*,#1542,.F.);
#8340 = ORIENTED_EDGE('',*,*,#1574,.F.);
#8341 = ORIENTED_EDGE('',*,*,#1606,.F.);
#8342 = ORIENTED_EDGE('',*,*,#1622,.F.);
#8343 = ORIENTED_EDGE('',*,*,#8300,.F.);
#8344 = PLANE('',#8345);
#8345 = AXIS2_PLACEMENT_3D('',#8346,#8347,#8348);
#8346 = CARTESIAN_POINT('',(-6.199589675214,2.6,0.31772357842));
#8347 = DIRECTION('',(6.04903497084E-16,-1.,0.));
#8348 = DIRECTION('',(1.,6.04903497084E-16,0.));
#8349 = ADVANCED_FACE('',(#8350),#8368,.T.);
#8350 = FACE_BOUND('',#8351,.T.);
#8351 = EDGE_LOOP('',(#8352,#8360,#8366,#8367));
#8352 = ORIENTED_EDGE('',*,*,#8353,.T.);
#8353 = EDGE_CURVE('',#8322,#8354,#8356,.T.);
#8354 = VERTEX_POINT('',#8355);
#8355 = CARTESIAN_POINT('',(-4.799557024583,3.,1.586156570381));
#8356 = LINE('',#8357,#8358);
#8357 = CARTESIAN_POINT('',(-4.799557024583,-1.6,1.586156570381));
#8358 = VECTOR('',#8359,1.);
#8359 = DIRECTION('',(-6.661338147751E-16,1.,0.));
#8360 = ORIENTED_EDGE('',*,*,#8361,.F.);
#8361 = EDGE_CURVE('',#1361,#8354,#8362,.T.);
#8362 = LINE('',#8363,#8364);
#8363 = CARTESIAN_POINT('',(-5.406609645391,3.,1.586156570381));
#8364 = VECTOR('',#8365,1.);
#8365 = DIRECTION('',(1.,6.04903497084E-16,-2.372698094312E-16));
#8366 = ORIENTED_EDGE('',*,*,#1386,.F.);
#8367 = ORIENTED_EDGE('',*,*,#8329,.T.);
#8368 = PLANE('',#8369);
#8369 = AXIS2_PLACEMENT_3D('',#8370,#8371,#8372);
#8370 = CARTESIAN_POINT('',(-5.406609645391,2.6,1.586156570381));
#8371 = DIRECTION('',(2.372698094312E-16,1.580534432874E-31,1.));
#8372 = DIRECTION('',(-1.,-6.661338147751E-16,2.372698094312E-16));
#8373 = ADVANCED_FACE('',(#8374),#8393,.F.);
#8374 = FACE_BOUND('',#8375,.T.);
#8375 = EDGE_LOOP('',(#8376,#8377,#8383,#8384,#8385,#8386,#8387,#8388,
    #8389,#8390,#8391,#8392));
#8376 = ORIENTED_EDGE('',*,*,#8361,.T.);
#8377 = ORIENTED_EDGE('',*,*,#8378,.F.);
#8378 = EDGE_CURVE('',#8291,#8354,#8379,.T.);
#8379 = LINE('',#8380,#8381);
#8380 = CARTESIAN_POINT('',(-4.8,3.,1.611534615022));
#8381 = VECTOR('',#8382,1.);
#8382 = DIRECTION('',(-1.745240643728E-02,-1.055702168644E-17,
    0.999847695156));
#8383 = ORIENTED_EDGE('',*,*,#8307,.T.);
#8384 = ORIENTED_EDGE('',*,*,#1639,.T.);
#8385 = ORIENTED_EDGE('',*,*,#1590,.T.);
#8386 = ORIENTED_EDGE('',*,*,#1557,.T.);
#8387 = ORIENTED_EDGE('',*,*,#1526,.T.);
#8388 = ORIENTED_EDGE('',*,*,#1495,.T.);
#8389 = ORIENTED_EDGE('',*,*,#1464,.T.);
#8390 = ORIENTED_EDGE('',*,*,#1449,.T.);
#8391 = ORIENTED_EDGE('',*,*,#1400,.T.);
#8392 = ORIENTED_EDGE('',*,*,#1358,.T.);
#8393 = PLANE('',#8394);
#8394 = AXIS2_PLACEMENT_3D('',#8395,#8396,#8397);
#8395 = CARTESIAN_POINT('',(-6.199589675214,3.,0.31772357842));
#8396 = DIRECTION('',(6.04903497084E-16,-1.,0.));
#8397 = DIRECTION('',(1.,6.04903497084E-16,0.));
#8398 = ADVANCED_FACE('',(#8399),#8424,.T.);
#8399 = FACE_BOUND('',#8400,.T.);
#8400 = EDGE_LOOP('',(#8401,#8411,#8417,#8418));
#8401 = ORIENTED_EDGE('',*,*,#8402,.T.);
#8402 = EDGE_CURVE('',#8403,#8405,#8407,.T.);
#8403 = VERTEX_POINT('',#8404);
#8404 = CARTESIAN_POINT('',(-4.795681468204,2.2,1.36412609412));
#8405 = VERTEX_POINT('',#8406);
#8406 = CARTESIAN_POINT('',(-4.795681468204,1.8,1.36412609412));
#8407 = LINE('',#8408,#8409);
#8408 = CARTESIAN_POINT('',(-4.795681468204,-2.4,1.36412609412));
#8409 = VECTOR('',#8410,1.);
#8410 = DIRECTION('',(6.661338147751E-16,-1.,0.));
#8411 = ORIENTED_EDGE('',*,*,#8412,.T.);
#8412 = EDGE_CURVE('',#8405,#1919,#8413,.T.);
#8413 = LINE('',#8414,#8415);
#8414 = CARTESIAN_POINT('',(-4.721186049938,1.8,1.36412609412));
#8415 = VECTOR('',#8416,1.);
#8416 = DIRECTION('',(-1.,-6.04903497084E-16,4.463629535621E-16));
#8417 = ORIENTED_EDGE('',*,*,#1927,.T.);
#8418 = ORIENTED_EDGE('',*,*,#8419,.F.);
#8419 = EDGE_CURVE('',#8403,#1928,#8420,.T.);
#8420 = LINE('',#8421,#8422);
#8421 = CARTESIAN_POINT('',(-4.721186049938,2.2,1.36412609412));
#8422 = VECTOR('',#8423,1.);
#8423 = DIRECTION('',(-1.,-6.04903497084E-16,4.463629535621E-16));
#8424 = PLANE('',#8425);
#8425 = AXIS2_PLACEMENT_3D('',#8426,#8427,#8428);
#8426 = CARTESIAN_POINT('',(-4.721186049938,1.8,1.36412609412));
#8427 = DIRECTION('',(-4.463629535621E-16,-2.973374570306E-31,-1.));
#8428 = DIRECTION('',(1.,6.661338147751E-16,-4.463629535621E-16));
#8429 = ADVANCED_FACE('',(#8430),#8456,.T.);
#8430 = FACE_BOUND('',#8431,.T.);
#8431 = EDGE_LOOP('',(#8432,#8440,#8446,#8447,#8448,#8449,#8450,#8451,
    #8452,#8453,#8454,#8455));
#8432 = ORIENTED_EDGE('',*,*,#8433,.T.);
#8433 = EDGE_CURVE('',#8405,#8434,#8436,.T.);
#8434 = VERTEX_POINT('',#8435);
#8435 = CARTESIAN_POINT('',(-4.799557024583,1.8,1.586156570381));
#8436 = LINE('',#8437,#8438);
#8437 = CARTESIAN_POINT('',(-4.8,1.8,1.611534615022));
#8438 = VECTOR('',#8439,1.);
#8439 = DIRECTION('',(-1.745240643728E-02,-1.055702168644E-17,
    0.999847695156));
#8440 = ORIENTED_EDGE('',*,*,#8441,.F.);
#8441 = EDGE_CURVE('',#1674,#8434,#8442,.T.);
#8442 = LINE('',#8443,#8444);
#8443 = CARTESIAN_POINT('',(-5.406609645391,1.8,1.586156570381));
#8444 = VECTOR('',#8445,1.);
#8445 = DIRECTION('',(1.,6.04903497084E-16,-2.372698094312E-16));
#8446 = ORIENTED_EDGE('',*,*,#1673,.F.);
#8447 = ORIENTED_EDGE('',*,*,#1712,.F.);
#8448 = ORIENTED_EDGE('',*,*,#1728,.F.);
#8449 = ORIENTED_EDGE('',*,*,#1776,.F.);
#8450 = ORIENTED_EDGE('',*,*,#1807,.F.);
#8451 = ORIENTED_EDGE('',*,*,#1838,.F.);
#8452 = ORIENTED_EDGE('',*,*,#1870,.F.);
#8453 = ORIENTED_EDGE('',*,*,#1902,.F.);
#8454 = ORIENTED_EDGE('',*,*,#1918,.F.);
#8455 = ORIENTED_EDGE('',*,*,#8412,.F.);
#8456 = PLANE('',#8457);
#8457 = AXIS2_PLACEMENT_3D('',#8458,#8459,#8460);
#8458 = CARTESIAN_POINT('',(-6.199589675214,1.8,0.31772357842));
#8459 = DIRECTION('',(6.04903497084E-16,-1.,0.));
#8460 = DIRECTION('',(1.,6.04903497084E-16,0.));
#8461 = ADVANCED_FACE('',(#8462),#8480,.T.);
#8462 = FACE_BOUND('',#8463,.T.);
#8463 = EDGE_LOOP('',(#8464,#8472,#8478,#8479));
#8464 = ORIENTED_EDGE('',*,*,#8465,.T.);
#8465 = EDGE_CURVE('',#8434,#8466,#8468,.T.);
#8466 = VERTEX_POINT('',#8467);
#8467 = CARTESIAN_POINT('',(-4.799557024583,2.2,1.586156570381));
#8468 = LINE('',#8469,#8470);
#8469 = CARTESIAN_POINT('',(-4.799557024583,-2.4,1.586156570381));
#8470 = VECTOR('',#8471,1.);
#8471 = DIRECTION('',(-6.661338147751E-16,1.,0.));
#8472 = ORIENTED_EDGE('',*,*,#8473,.F.);
#8473 = EDGE_CURVE('',#1657,#8466,#8474,.T.);
#8474 = LINE('',#8475,#8476);
#8475 = CARTESIAN_POINT('',(-5.406609645391,2.2,1.586156570381));
#8476 = VECTOR('',#8477,1.);
#8477 = DIRECTION('',(1.,6.04903497084E-16,-2.372698094312E-16));
#8478 = ORIENTED_EDGE('',*,*,#1682,.F.);
#8479 = ORIENTED_EDGE('',*,*,#8441,.T.);
#8480 = PLANE('',#8481);
#8481 = AXIS2_PLACEMENT_3D('',#8482,#8483,#8484);
#8482 = CARTESIAN_POINT('',(-5.406609645391,1.8,1.586156570381));
#8483 = DIRECTION('',(2.372698094312E-16,1.580534432874E-31,1.));
#8484 = DIRECTION('',(-1.,-6.661338147751E-16,2.372698094312E-16));
#8485 = ADVANCED_FACE('',(#8486),#8505,.F.);
#8486 = FACE_BOUND('',#8487,.T.);
#8487 = EDGE_LOOP('',(#8488,#8489,#8495,#8496,#8497,#8498,#8499,#8500,
    #8501,#8502,#8503,#8504));
#8488 = ORIENTED_EDGE('',*,*,#8473,.T.);
#8489 = ORIENTED_EDGE('',*,*,#8490,.F.);
#8490 = EDGE_CURVE('',#8403,#8466,#8491,.T.);
#8491 = LINE('',#8492,#8493);
#8492 = CARTESIAN_POINT('',(-4.8,2.2,1.611534615022));
#8493 = VECTOR('',#8494,1.);
#8494 = DIRECTION('',(-1.745240643728E-02,-1.055702168644E-17,
    0.999847695156));
#8495 = ORIENTED_EDGE('',*,*,#8419,.T.);
#8496 = ORIENTED_EDGE('',*,*,#1935,.T.);
#8497 = ORIENTED_EDGE('',*,*,#1886,.T.);
#8498 = ORIENTED_EDGE('',*,*,#1853,.T.);
#8499 = ORIENTED_EDGE('',*,*,#1822,.T.);
#8500 = ORIENTED_EDGE('',*,*,#1791,.T.);
#8501 = ORIENTED_EDGE('',*,*,#1760,.T.);
#8502 = ORIENTED_EDGE('',*,*,#1745,.T.);
#8503 = ORIENTED_EDGE('',*,*,#1696,.T.);
#8504 = ORIENTED_EDGE('',*,*,#1654,.T.);
#8505 = PLANE('',#8506);
#8506 = AXIS2_PLACEMENT_3D('',#8507,#8508,#8509);
#8507 = CARTESIAN_POINT('',(-6.199589675214,2.2,0.31772357842));
#8508 = DIRECTION('',(6.04903497084E-16,-1.,0.));
#8509 = DIRECTION('',(1.,6.04903497084E-16,0.));
#8510 = ADVANCED_FACE('',(#8511),#8536,.T.);
#8511 = FACE_BOUND('',#8512,.T.);
#8512 = EDGE_LOOP('',(#8513,#8523,#8529,#8530));
#8513 = ORIENTED_EDGE('',*,*,#8514,.T.);
#8514 = EDGE_CURVE('',#8515,#8517,#8519,.T.);
#8515 = VERTEX_POINT('',#8516);
#8516 = CARTESIAN_POINT('',(-4.795681468204,1.4,1.36412609412));
#8517 = VERTEX_POINT('',#8518);
#8518 = CARTESIAN_POINT('',(-4.795681468204,1.,1.36412609412));
#8519 = LINE('',#8520,#8521);
#8520 = CARTESIAN_POINT('',(-4.795681468204,-3.2,1.36412609412));
#8521 = VECTOR('',#8522,1.);
#8522 = DIRECTION('',(6.661338147751E-16,-1.,0.));
#8523 = ORIENTED_EDGE('',*,*,#8524,.T.);
#8524 = EDGE_CURVE('',#8517,#2215,#8525,.T.);
#8525 = LINE('',#8526,#8527);
#8526 = CARTESIAN_POINT('',(-4.721186049938,1.,1.36412609412));
#8527 = VECTOR('',#8528,1.);
#8528 = DIRECTION('',(-1.,-6.04903497084E-16,4.463629535621E-16));
#8529 = ORIENTED_EDGE('',*,*,#2223,.T.);
#8530 = ORIENTED_EDGE('',*,*,#8531,.F.);
#8531 = EDGE_CURVE('',#8515,#2224,#8532,.T.);
#8532 = LINE('',#8533,#8534);
#8533 = CARTESIAN_POINT('',(-4.721186049938,1.4,1.36412609412));
#8534 = VECTOR('',#8535,1.);
#8535 = DIRECTION('',(-1.,-6.04903497084E-16,4.463629535621E-16));
#8536 = PLANE('',#8537);
#8537 = AXIS2_PLACEMENT_3D('',#8538,#8539,#8540);
#8538 = CARTESIAN_POINT('',(-4.721186049938,1.,1.36412609412));
#8539 = DIRECTION('',(-4.463629535621E-16,-2.973374570306E-31,-1.));
#8540 = DIRECTION('',(1.,6.661338147751E-16,-4.463629535621E-16));
#8541 = ADVANCED_FACE('',(#8542),#8568,.T.);
#8542 = FACE_BOUND('',#8543,.T.);
#8543 = EDGE_LOOP('',(#8544,#8552,#8558,#8559,#8560,#8561,#8562,#8563,
    #8564,#8565,#8566,#8567));
#8544 = ORIENTED_EDGE('',*,*,#8545,.T.);
#8545 = EDGE_CURVE('',#8517,#8546,#8548,.T.);
#8546 = VERTEX_POINT('',#8547);
#8547 = CARTESIAN_POINT('',(-4.799557024583,1.,1.586156570381));
#8548 = LINE('',#8549,#8550);
#8549 = CARTESIAN_POINT('',(-4.8,1.,1.611534615022));
#8550 = VECTOR('',#8551,1.);
#8551 = DIRECTION('',(-1.745240643728E-02,-1.055702168644E-17,
    0.999847695156));
#8552 = ORIENTED_EDGE('',*,*,#8553,.F.);
#8553 = EDGE_CURVE('',#1970,#8546,#8554,.T.);
#8554 = LINE('',#8555,#8556);
#8555 = CARTESIAN_POINT('',(-5.406609645391,1.,1.586156570381));
#8556 = VECTOR('',#8557,1.);
#8557 = DIRECTION('',(1.,6.04903497084E-16,-2.372698094312E-16));
#8558 = ORIENTED_EDGE('',*,*,#1969,.F.);
#8559 = ORIENTED_EDGE('',*,*,#2008,.F.);
#8560 = ORIENTED_EDGE('',*,*,#2024,.F.);
#8561 = ORIENTED_EDGE('',*,*,#2072,.F.);
#8562 = ORIENTED_EDGE('',*,*,#2103,.F.);
#8563 = ORIENTED_EDGE('',*,*,#2134,.F.);
#8564 = ORIENTED_EDGE('',*,*,#2166,.F.);
#8565 = ORIENTED_EDGE('',*,*,#2198,.F.);
#8566 = ORIENTED_EDGE('',*,*,#2214,.F.);
#8567 = ORIENTED_EDGE('',*,*,#8524,.F.);
#8568 = PLANE('',#8569);
#8569 = AXIS2_PLACEMENT_3D('',#8570,#8571,#8572);
#8570 = CARTESIAN_POINT('',(-6.199589675214,1.,0.31772357842));
#8571 = DIRECTION('',(6.04903497084E-16,-1.,0.));
#8572 = DIRECTION('',(1.,6.04903497084E-16,0.));
#8573 = ADVANCED_FACE('',(#8574),#8592,.T.);
#8574 = FACE_BOUND('',#8575,.T.);
#8575 = EDGE_LOOP('',(#8576,#8584,#8590,#8591));
#8576 = ORIENTED_EDGE('',*,*,#8577,.T.);
#8577 = EDGE_CURVE('',#8546,#8578,#8580,.T.);
#8578 = VERTEX_POINT('',#8579);
#8579 = CARTESIAN_POINT('',(-4.799557024583,1.4,1.586156570381));
#8580 = LINE('',#8581,#8582);
#8581 = CARTESIAN_POINT('',(-4.799557024583,-3.2,1.586156570381));
#8582 = VECTOR('',#8583,1.);
#8583 = DIRECTION('',(-6.661338147751E-16,1.,0.));
#8584 = ORIENTED_EDGE('',*,*,#8585,.F.);
#8585 = EDGE_CURVE('',#1953,#8578,#8586,.T.);
#8586 = LINE('',#8587,#8588);
#8587 = CARTESIAN_POINT('',(-5.406609645391,1.4,1.586156570381));
#8588 = VECTOR('',#8589,1.);
#8589 = DIRECTION('',(1.,6.04903497084E-16,-2.372698094312E-16));
#8590 = ORIENTED_EDGE('',*,*,#1978,.F.);
#8591 = ORIENTED_EDGE('',*,*,#8553,.T.);
#8592 = PLANE('',#8593);
#8593 = AXIS2_PLACEMENT_3D('',#8594,#8595,#8596);
#8594 = CARTESIAN_POINT('',(-5.406609645391,1.,1.586156570381));
#8595 = DIRECTION('',(2.372698094312E-16,1.580534432874E-31,1.));
#8596 = DIRECTION('',(-1.,-6.661338147751E-16,2.372698094312E-16));
#8597 = ADVANCED_FACE('',(#8598),#8617,.F.);
#8598 = FACE_BOUND('',#8599,.T.);
#8599 = EDGE_LOOP('',(#8600,#8601,#8607,#8608,#8609,#8610,#8611,#8612,
    #8613,#8614,#8615,#8616));
#8600 = ORIENTED_EDGE('',*,*,#8585,.T.);
#8601 = ORIENTED_EDGE('',*,*,#8602,.F.);
#8602 = EDGE_CURVE('',#8515,#8578,#8603,.T.);
#8603 = LINE('',#8604,#8605);
#8604 = CARTESIAN_POINT('',(-4.8,1.4,1.611534615022));
#8605 = VECTOR('',#8606,1.);
#8606 = DIRECTION('',(-1.745240643728E-02,-1.055702168644E-17,
    0.999847695156));
#8607 = ORIENTED_EDGE('',*,*,#8531,.T.);
#8608 = ORIENTED_EDGE('',*,*,#2231,.T.);
#8609 = ORIENTED_EDGE('',*,*,#2182,.T.);
#8610 = ORIENTED_EDGE('',*,*,#2149,.T.);
#8611 = ORIENTED_EDGE('',*,*,#2118,.T.);
#8612 = ORIENTED_EDGE('',*,*,#2087,.T.);
#8613 = ORIENTED_EDGE('',*,*,#2056,.T.);
#8614 = ORIENTED_EDGE('',*,*,#2041,.T.);
#8615 = ORIENTED_EDGE('',*,*,#1992,.T.);
#8616 = ORIENTED_EDGE('',*,*,#1950,.T.);
#8617 = PLANE('',#8618);
#8618 = AXIS2_PLACEMENT_3D('',#8619,#8620,#8621);
#8619 = CARTESIAN_POINT('',(-6.199589675214,1.4,0.31772357842));
#8620 = DIRECTION('',(6.04903497084E-16,-1.,0.));
#8621 = DIRECTION('',(1.,6.04903497084E-16,0.));
#8622 = ADVANCED_FACE('',(#8623),#8648,.T.);
#8623 = FACE_BOUND('',#8624,.T.);
#8624 = EDGE_LOOP('',(#8625,#8635,#8641,#8642));
#8625 = ORIENTED_EDGE('',*,*,#8626,.T.);
#8626 = EDGE_CURVE('',#8627,#8629,#8631,.T.);
#8627 = VERTEX_POINT('',#8628);
#8628 = CARTESIAN_POINT('',(-4.795681468204,0.6,1.36412609412));
#8629 = VERTEX_POINT('',#8630);
#8630 = CARTESIAN_POINT('',(-4.795681468204,0.2,1.36412609412));
#8631 = LINE('',#8632,#8633);
#8632 = CARTESIAN_POINT('',(-4.795681468204,-4.,1.36412609412));
#8633 = VECTOR('',#8634,1.);
#8634 = DIRECTION('',(6.661338147751E-16,-1.,0.));
#8635 = ORIENTED_EDGE('',*,*,#8636,.T.);
#8636 = EDGE_CURVE('',#8629,#2511,#8637,.T.);
#8637 = LINE('',#8638,#8639);
#8638 = CARTESIAN_POINT('',(-4.721186049938,0.2,1.36412609412));
#8639 = VECTOR('',#8640,1.);
#8640 = DIRECTION('',(-1.,-6.04903497084E-16,4.463629535621E-16));
#8641 = ORIENTED_EDGE('',*,*,#2519,.T.);
#8642 = ORIENTED_EDGE('',*,*,#8643,.F.);
#8643 = EDGE_CURVE('',#8627,#2520,#8644,.T.);
#8644 = LINE('',#8645,#8646);
#8645 = CARTESIAN_POINT('',(-4.721186049938,0.6,1.36412609412));
#8646 = VECTOR('',#8647,1.);
#8647 = DIRECTION('',(-1.,-6.04903497084E-16,4.463629535621E-16));
#8648 = PLANE('',#8649);
#8649 = AXIS2_PLACEMENT_3D('',#8650,#8651,#8652);
#8650 = CARTESIAN_POINT('',(-4.721186049938,0.2,1.36412609412));
#8651 = DIRECTION('',(-4.463629535621E-16,-2.973374570306E-31,-1.));
#8652 = DIRECTION('',(1.,6.661338147751E-16,-4.463629535621E-16));
#8653 = ADVANCED_FACE('',(#8654),#8680,.T.);
#8654 = FACE_BOUND('',#8655,.T.);
#8655 = EDGE_LOOP('',(#8656,#8664,#8670,#8671,#8672,#8673,#8674,#8675,
    #8676,#8677,#8678,#8679));
#8656 = ORIENTED_EDGE('',*,*,#8657,.T.);
#8657 = EDGE_CURVE('',#8629,#8658,#8660,.T.);
#8658 = VERTEX_POINT('',#8659);
#8659 = CARTESIAN_POINT('',(-4.799557024583,0.2,1.586156570381));
#8660 = LINE('',#8661,#8662);
#8661 = CARTESIAN_POINT('',(-4.8,0.2,1.611534615022));
#8662 = VECTOR('',#8663,1.);
#8663 = DIRECTION('',(-1.745240643728E-02,-1.055702168644E-17,
    0.999847695156));
#8664 = ORIENTED_EDGE('',*,*,#8665,.F.);
#8665 = EDGE_CURVE('',#2266,#8658,#8666,.T.);
#8666 = LINE('',#8667,#8668);
#8667 = CARTESIAN_POINT('',(-5.406609645391,0.2,1.586156570381));
#8668 = VECTOR('',#8669,1.);
#8669 = DIRECTION('',(1.,6.04903497084E-16,-2.372698094312E-16));
#8670 = ORIENTED_EDGE('',*,*,#2265,.F.);
#8671 = ORIENTED_EDGE('',*,*,#2304,.F.);
#8672 = ORIENTED_EDGE('',*,*,#2320,.F.);
#8673 = ORIENTED_EDGE('',*,*,#2368,.F.);
#8674 = ORIENTED_EDGE('',*,*,#2399,.F.);
#8675 = ORIENTED_EDGE('',*,*,#2430,.F.);
#8676 = ORIENTED_EDGE('',*,*,#2462,.F.);
#8677 = ORIENTED_EDGE('',*,*,#2494,.F.);
#8678 = ORIENTED_EDGE('',*,*,#2510,.F.);
#8679 = ORIENTED_EDGE('',*,*,#8636,.F.);
#8680 = PLANE('',#8681);
#8681 = AXIS2_PLACEMENT_3D('',#8682,#8683,#8684);
#8682 = CARTESIAN_POINT('',(-6.199589675214,0.2,0.31772357842));
#8683 = DIRECTION('',(6.04903497084E-16,-1.,0.));
#8684 = DIRECTION('',(1.,6.04903497084E-16,0.));
#8685 = ADVANCED_FACE('',(#8686),#8704,.T.);
#8686 = FACE_BOUND('',#8687,.T.);
#8687 = EDGE_LOOP('',(#8688,#8696,#8702,#8703));
#8688 = ORIENTED_EDGE('',*,*,#8689,.T.);
#8689 = EDGE_CURVE('',#8658,#8690,#8692,.T.);
#8690 = VERTEX_POINT('',#8691);
#8691 = CARTESIAN_POINT('',(-4.799557024583,0.6,1.586156570381));
#8692 = LINE('',#8693,#8694);
#8693 = CARTESIAN_POINT('',(-4.799557024583,-4.,1.586156570381));
#8694 = VECTOR('',#8695,1.);
#8695 = DIRECTION('',(-6.661338147751E-16,1.,0.));
#8696 = ORIENTED_EDGE('',*,*,#8697,.F.);
#8697 = EDGE_CURVE('',#2249,#8690,#8698,.T.);
#8698 = LINE('',#8699,#8700);
#8699 = CARTESIAN_POINT('',(-5.406609645391,0.6,1.586156570381));
#8700 = VECTOR('',#8701,1.);
#8701 = DIRECTION('',(1.,6.04903497084E-16,-2.372698094312E-16));
#8702 = ORIENTED_EDGE('',*,*,#2274,.F.);
#8703 = ORIENTED_EDGE('',*,*,#8665,.T.);
#8704 = PLANE('',#8705);
#8705 = AXIS2_PLACEMENT_3D('',#8706,#8707,#8708);
#8706 = CARTESIAN_POINT('',(-5.406609645391,0.2,1.586156570381));
#8707 = DIRECTION('',(2.372698094312E-16,1.580534432874E-31,1.));
#8708 = DIRECTION('',(-1.,-6.661338147751E-16,2.372698094312E-16));
#8709 = ADVANCED_FACE('',(#8710),#8729,.F.);
#8710 = FACE_BOUND('',#8711,.T.);
#8711 = EDGE_LOOP('',(#8712,#8713,#8719,#8720,#8721,#8722,#8723,#8724,
    #8725,#8726,#8727,#8728));
#8712 = ORIENTED_EDGE('',*,*,#8697,.T.);
#8713 = ORIENTED_EDGE('',*,*,#8714,.F.);
#8714 = EDGE_CURVE('',#8627,#8690,#8715,.T.);
#8715 = LINE('',#8716,#8717);
#8716 = CARTESIAN_POINT('',(-4.8,0.6,1.611534615022));
#8717 = VECTOR('',#8718,1.);
#8718 = DIRECTION('',(-1.745240643728E-02,-1.055702168644E-17,
    0.999847695156));
#8719 = ORIENTED_EDGE('',*,*,#8643,.T.);
#8720 = ORIENTED_EDGE('',*,*,#2527,.T.);
#8721 = ORIENTED_EDGE('',*,*,#2478,.T.);
#8722 = ORIENTED_EDGE('',*,*,#2445,.T.);
#8723 = ORIENTED_EDGE('',*,*,#2414,.T.);
#8724 = ORIENTED_EDGE('',*,*,#2383,.T.);
#8725 = ORIENTED_EDGE('',*,*,#2352,.T.);
#8726 = ORIENTED_EDGE('',*,*,#2337,.T.);
#8727 = ORIENTED_EDGE('',*,*,#2288,.T.);
#8728 = ORIENTED_EDGE('',*,*,#2246,.T.);
#8729 = PLANE('',#8730);
#8730 = AXIS2_PLACEMENT_3D('',#8731,#8732,#8733);
#8731 = CARTESIAN_POINT('',(-6.199589675214,0.6,0.31772357842));
#8732 = DIRECTION('',(6.04903497084E-16,-1.,0.));
#8733 = DIRECTION('',(1.,6.04903497084E-16,0.));
#8734 = ADVANCED_FACE('',(#8735),#8760,.T.);
#8735 = FACE_BOUND('',#8736,.T.);
#8736 = EDGE_LOOP('',(#8737,#8747,#8753,#8754));
#8737 = ORIENTED_EDGE('',*,*,#8738,.T.);
#8738 = EDGE_CURVE('',#8739,#8741,#8743,.T.);
#8739 = VERTEX_POINT('',#8740);
#8740 = CARTESIAN_POINT('',(-4.795681468204,-0.2,1.36412609412));
#8741 = VERTEX_POINT('',#8742);
#8742 = CARTESIAN_POINT('',(-4.795681468204,-0.6,1.36412609412));
#8743 = LINE('',#8744,#8745);
#8744 = CARTESIAN_POINT('',(-4.795681468204,-4.8,1.36412609412));
#8745 = VECTOR('',#8746,1.);
#8746 = DIRECTION('',(6.661338147751E-16,-1.,0.));
#8747 = ORIENTED_EDGE('',*,*,#8748,.T.);
#8748 = EDGE_CURVE('',#8741,#2807,#8749,.T.);
#8749 = LINE('',#8750,#8751);
#8750 = CARTESIAN_POINT('',(-4.721186049938,-0.6,1.36412609412));
#8751 = VECTOR('',#8752,1.);
#8752 = DIRECTION('',(-1.,-6.04903497084E-16,4.463629535621E-16));
#8753 = ORIENTED_EDGE('',*,*,#2815,.T.);
#8754 = ORIENTED_EDGE('',*,*,#8755,.F.);
#8755 = EDGE_CURVE('',#8739,#2816,#8756,.T.);
#8756 = LINE('',#8757,#8758);
#8757 = CARTESIAN_POINT('',(-4.721186049938,-0.2,1.36412609412));
#8758 = VECTOR('',#8759,1.);
#8759 = DIRECTION('',(-1.,-6.04903497084E-16,4.463629535621E-16));
#8760 = PLANE('',#8761);
#8761 = AXIS2_PLACEMENT_3D('',#8762,#8763,#8764);
#8762 = CARTESIAN_POINT('',(-4.721186049938,-0.6,1.36412609412));
#8763 = DIRECTION('',(-4.463629535621E-16,-2.973374570306E-31,-1.));
#8764 = DIRECTION('',(1.,6.661338147751E-16,-4.463629535621E-16));
#8765 = ADVANCED_FACE('',(#8766),#8792,.T.);
#8766 = FACE_BOUND('',#8767,.T.);
#8767 = EDGE_LOOP('',(#8768,#8776,#8782,#8783,#8784,#8785,#8786,#8787,
    #8788,#8789,#8790,#8791));
#8768 = ORIENTED_EDGE('',*,*,#8769,.T.);
#8769 = EDGE_CURVE('',#8741,#8770,#8772,.T.);
#8770 = VERTEX_POINT('',#8771);
#8771 = CARTESIAN_POINT('',(-4.799557024583,-0.6,1.586156570381));
#8772 = LINE('',#8773,#8774);
#8773 = CARTESIAN_POINT('',(-4.8,-0.6,1.611534615022));
#8774 = VECTOR('',#8775,1.);
#8775 = DIRECTION('',(-1.745240643728E-02,-1.055702168644E-17,
    0.999847695156));
#8776 = ORIENTED_EDGE('',*,*,#8777,.F.);
#8777 = EDGE_CURVE('',#2562,#8770,#8778,.T.);
#8778 = LINE('',#8779,#8780);
#8779 = CARTESIAN_POINT('',(-5.406609645391,-0.6,1.586156570381));
#8780 = VECTOR('',#8781,1.);
#8781 = DIRECTION('',(1.,6.04903497084E-16,-2.372698094312E-16));
#8782 = ORIENTED_EDGE('',*,*,#2561,.F.);
#8783 = ORIENTED_EDGE('',*,*,#2600,.F.);
#8784 = ORIENTED_EDGE('',*,*,#2616,.F.);
#8785 = ORIENTED_EDGE('',*,*,#2664,.F.);
#8786 = ORIENTED_EDGE('',*,*,#2695,.F.);
#8787 = ORIENTED_EDGE('',*,*,#2726,.F.);
#8788 = ORIENTED_EDGE('',*,*,#2758,.F.);
#8789 = ORIENTED_EDGE('',*,*,#2790,.F.);
#8790 = ORIENTED_EDGE('',*,*,#2806,.F.);
#8791 = ORIENTED_EDGE('',*,*,#8748,.F.);
#8792 = PLANE('',#8793);
#8793 = AXIS2_PLACEMENT_3D('',#8794,#8795,#8796);
#8794 = CARTESIAN_POINT('',(-6.199589675214,-0.6,0.31772357842));
#8795 = DIRECTION('',(6.04903497084E-16,-1.,0.));
#8796 = DIRECTION('',(1.,6.04903497084E-16,0.));
#8797 = ADVANCED_FACE('',(#8798),#8816,.T.);
#8798 = FACE_BOUND('',#8799,.T.);
#8799 = EDGE_LOOP('',(#8800,#8808,#8814,#8815));
#8800 = ORIENTED_EDGE('',*,*,#8801,.T.);
#8801 = EDGE_CURVE('',#8770,#8802,#8804,.T.);
#8802 = VERTEX_POINT('',#8803);
#8803 = CARTESIAN_POINT('',(-4.799557024583,-0.2,1.586156570381));
#8804 = LINE('',#8805,#8806);
#8805 = CARTESIAN_POINT('',(-4.799557024583,-4.8,1.586156570381));
#8806 = VECTOR('',#8807,1.);
#8807 = DIRECTION('',(-6.661338147751E-16,1.,0.));
#8808 = ORIENTED_EDGE('',*,*,#8809,.F.);
#8809 = EDGE_CURVE('',#2545,#8802,#8810,.T.);
#8810 = LINE('',#8811,#8812);
#8811 = CARTESIAN_POINT('',(-5.406609645391,-0.2,1.586156570381));
#8812 = VECTOR('',#8813,1.);
#8813 = DIRECTION('',(1.,6.04903497084E-16,-2.372698094312E-16));
#8814 = ORIENTED_EDGE('',*,*,#2570,.F.);
#8815 = ORIENTED_EDGE('',*,*,#8777,.T.);
#8816 = PLANE('',#8817);
#8817 = AXIS2_PLACEMENT_3D('',#8818,#8819,#8820);
#8818 = CARTESIAN_POINT('',(-5.406609645391,-0.6,1.586156570381));
#8819 = DIRECTION('',(2.372698094312E-16,1.580534432874E-31,1.));
#8820 = DIRECTION('',(-1.,-6.661338147751E-16,2.372698094312E-16));
#8821 = ADVANCED_FACE('',(#8822),#8841,.F.);
#8822 = FACE_BOUND('',#8823,.T.);
#8823 = EDGE_LOOP('',(#8824,#8825,#8831,#8832,#8833,#8834,#8835,#8836,
    #8837,#8838,#8839,#8840));
#8824 = ORIENTED_EDGE('',*,*,#8809,.T.);
#8825 = ORIENTED_EDGE('',*,*,#8826,.F.);
#8826 = EDGE_CURVE('',#8739,#8802,#8827,.T.);
#8827 = LINE('',#8828,#8829);
#8828 = CARTESIAN_POINT('',(-4.8,-0.2,1.611534615022));
#8829 = VECTOR('',#8830,1.);
#8830 = DIRECTION('',(-1.745240643728E-02,-1.055702168644E-17,
    0.999847695156));
#8831 = ORIENTED_EDGE('',*,*,#8755,.T.);
#8832 = ORIENTED_EDGE('',*,*,#2823,.T.);
#8833 = ORIENTED_EDGE('',*,*,#2774,.T.);
#8834 = ORIENTED_EDGE('',*,*,#2741,.T.);
#8835 = ORIENTED_EDGE('',*,*,#2710,.T.);
#8836 = ORIENTED_EDGE('',*,*,#2679,.T.);
#8837 = ORIENTED_EDGE('',*,*,#2648,.T.);
#8838 = ORIENTED_EDGE('',*,*,#2633,.T.);
#8839 = ORIENTED_EDGE('',*,*,#2584,.T.);
#8840 = ORIENTED_EDGE('',*,*,#2542,.T.);
#8841 = PLANE('',#8842);
#8842 = AXIS2_PLACEMENT_3D('',#8843,#8844,#8845);
#8843 = CARTESIAN_POINT('',(-6.199589675214,-0.2,0.31772357842));
#8844 = DIRECTION('',(6.04903497084E-16,-1.,0.));
#8845 = DIRECTION('',(1.,6.04903497084E-16,0.));
#8846 = ADVANCED_FACE('',(#8847),#8872,.T.);
#8847 = FACE_BOUND('',#8848,.T.);
#8848 = EDGE_LOOP('',(#8849,#8859,#8865,#8866));
#8849 = ORIENTED_EDGE('',*,*,#8850,.T.);
#8850 = EDGE_CURVE('',#8851,#8853,#8855,.T.);
#8851 = VERTEX_POINT('',#8852);
#8852 = CARTESIAN_POINT('',(-4.795681468204,-1.,1.36412609412));
#8853 = VERTEX_POINT('',#8854);
#8854 = CARTESIAN_POINT('',(-4.795681468204,-1.4,1.36412609412));
#8855 = LINE('',#8856,#8857);
#8856 = CARTESIAN_POINT('',(-4.795681468204,-5.6,1.36412609412));
#8857 = VECTOR('',#8858,1.);
#8858 = DIRECTION('',(6.661338147751E-16,-1.,0.));
#8859 = ORIENTED_EDGE('',*,*,#8860,.T.);
#8860 = EDGE_CURVE('',#8853,#3103,#8861,.T.);
#8861 = LINE('',#8862,#8863);
#8862 = CARTESIAN_POINT('',(-4.721186049938,-1.4,1.36412609412));
#8863 = VECTOR('',#8864,1.);
#8864 = DIRECTION('',(-1.,-6.04903497084E-16,4.463629535621E-16));
#8865 = ORIENTED_EDGE('',*,*,#3111,.T.);
#8866 = ORIENTED_EDGE('',*,*,#8867,.F.);
#8867 = EDGE_CURVE('',#8851,#3112,#8868,.T.);
#8868 = LINE('',#8869,#8870);
#8869 = CARTESIAN_POINT('',(-4.721186049938,-1.,1.36412609412));
#8870 = VECTOR('',#8871,1.);
#8871 = DIRECTION('',(-1.,-6.04903497084E-16,4.463629535621E-16));
#8872 = PLANE('',#8873);
#8873 = AXIS2_PLACEMENT_3D('',#8874,#8875,#8876);
#8874 = CARTESIAN_POINT('',(-4.721186049938,-1.4,1.36412609412));
#8875 = DIRECTION('',(-4.463629535621E-16,-2.973374570306E-31,-1.));
#8876 = DIRECTION('',(1.,6.661338147751E-16,-4.463629535621E-16));
#8877 = ADVANCED_FACE('',(#8878),#8904,.T.);
#8878 = FACE_BOUND('',#8879,.T.);
#8879 = EDGE_LOOP('',(#8880,#8888,#8894,#8895,#8896,#8897,#8898,#8899,
    #8900,#8901,#8902,#8903));
#8880 = ORIENTED_EDGE('',*,*,#8881,.T.);
#8881 = EDGE_CURVE('',#8853,#8882,#8884,.T.);
#8882 = VERTEX_POINT('',#8883);
#8883 = CARTESIAN_POINT('',(-4.799557024583,-1.4,1.586156570381));
#8884 = LINE('',#8885,#8886);
#8885 = CARTESIAN_POINT('',(-4.8,-1.4,1.611534615022));
#8886 = VECTOR('',#8887,1.);
#8887 = DIRECTION('',(-1.745240643728E-02,-1.055702168644E-17,
    0.999847695156));
#8888 = ORIENTED_EDGE('',*,*,#8889,.F.);
#8889 = EDGE_CURVE('',#2858,#8882,#8890,.T.);
#8890 = LINE('',#8891,#8892);
#8891 = CARTESIAN_POINT('',(-5.406609645391,-1.4,1.586156570381));
#8892 = VECTOR('',#8893,1.);
#8893 = DIRECTION('',(1.,6.04903497084E-16,-2.372698094312E-16));
#8894 = ORIENTED_EDGE('',*,*,#2857,.F.);
#8895 = ORIENTED_EDGE('',*,*,#2896,.F.);
#8896 = ORIENTED_EDGE('',*,*,#2912,.F.);
#8897 = ORIENTED_EDGE('',*,*,#2960,.F.);
#8898 = ORIENTED_EDGE('',*,*,#2991,.F.);
#8899 = ORIENTED_EDGE('',*,*,#3022,.F.);
#8900 = ORIENTED_EDGE('',*,*,#3054,.F.);
#8901 = ORIENTED_EDGE('',*,*,#3086,.F.);
#8902 = ORIENTED_EDGE('',*,*,#3102,.F.);
#8903 = ORIENTED_EDGE('',*,*,#8860,.F.);
#8904 = PLANE('',#8905);
#8905 = AXIS2_PLACEMENT_3D('',#8906,#8907,#8908);
#8906 = CARTESIAN_POINT('',(-6.199589675214,-1.4,0.31772357842));
#8907 = DIRECTION('',(6.04903497084E-16,-1.,0.));
#8908 = DIRECTION('',(1.,6.04903497084E-16,0.));
#8909 = ADVANCED_FACE('',(#8910),#8928,.T.);
#8910 = FACE_BOUND('',#8911,.T.);
#8911 = EDGE_LOOP('',(#8912,#8920,#8926,#8927));
#8912 = ORIENTED_EDGE('',*,*,#8913,.T.);
#8913 = EDGE_CURVE('',#8882,#8914,#8916,.T.);
#8914 = VERTEX_POINT('',#8915);
#8915 = CARTESIAN_POINT('',(-4.799557024583,-1.,1.586156570381));
#8916 = LINE('',#8917,#8918);
#8917 = CARTESIAN_POINT('',(-4.799557024583,-5.6,1.586156570381));
#8918 = VECTOR('',#8919,1.);
#8919 = DIRECTION('',(-6.661338147751E-16,1.,0.));
#8920 = ORIENTED_EDGE('',*,*,#8921,.F.);
#8921 = EDGE_CURVE('',#2841,#8914,#8922,.T.);
#8922 = LINE('',#8923,#8924);
#8923 = CARTESIAN_POINT('',(-5.406609645391,-1.,1.586156570381));
#8924 = VECTOR('',#8925,1.);
#8925 = DIRECTION('',(1.,6.04903497084E-16,-2.372698094312E-16));
#8926 = ORIENTED_EDGE('',*,*,#2866,.F.);
#8927 = ORIENTED_EDGE('',*,*,#8889,.T.);
#8928 = PLANE('',#8929);
#8929 = AXIS2_PLACEMENT_3D('',#8930,#8931,#8932);
#8930 = CARTESIAN_POINT('',(-5.406609645391,-1.4,1.586156570381));
#8931 = DIRECTION('',(2.372698094312E-16,1.580534432874E-31,1.));
#8932 = DIRECTION('',(-1.,-6.661338147751E-16,2.372698094312E-16));
#8933 = ADVANCED_FACE('',(#8934),#8953,.F.);
#8934 = FACE_BOUND('',#8935,.T.);
#8935 = EDGE_LOOP('',(#8936,#8937,#8943,#8944,#8945,#8946,#8947,#8948,
    #8949,#8950,#8951,#8952));
#8936 = ORIENTED_EDGE('',*,*,#8921,.T.);
#8937 = ORIENTED_EDGE('',*,*,#8938,.F.);
#8938 = EDGE_CURVE('',#8851,#8914,#8939,.T.);
#8939 = LINE('',#8940,#8941);
#8940 = CARTESIAN_POINT('',(-4.8,-1.,1.611534615022));
#8941 = VECTOR('',#8942,1.);
#8942 = DIRECTION('',(-1.745240643728E-02,-1.055702168644E-17,
    0.999847695156));
#8943 = ORIENTED_EDGE('',*,*,#8867,.T.);
#8944 = ORIENTED_EDGE('',*,*,#3119,.T.);
#8945 = ORIENTED_EDGE('',*,*,#3070,.T.);
#8946 = ORIENTED_EDGE('',*,*,#3037,.T.);
#8947 = ORIENTED_EDGE('',*,*,#3006,.T.);
#8948 = ORIENTED_EDGE('',*,*,#2975,.T.);
#8949 = ORIENTED_EDGE('',*,*,#2944,.T.);
#8950 = ORIENTED_EDGE('',*,*,#2929,.T.);
#8951 = ORIENTED_EDGE('',*,*,#2880,.T.);
#8952 = ORIENTED_EDGE('',*,*,#2838,.T.);
#8953 = PLANE('',#8954);
#8954 = AXIS2_PLACEMENT_3D('',#8955,#8956,#8957);
#8955 = CARTESIAN_POINT('',(-6.199589675214,-1.,0.31772357842));
#8956 = DIRECTION('',(6.04903497084E-16,-1.,0.));
#8957 = DIRECTION('',(1.,6.04903497084E-16,0.));
#8958 = ADVANCED_FACE('',(#8959),#8984,.T.);
#8959 = FACE_BOUND('',#8960,.T.);
#8960 = EDGE_LOOP('',(#8961,#8971,#8977,#8978));
#8961 = ORIENTED_EDGE('',*,*,#8962,.T.);
#8962 = EDGE_CURVE('',#8963,#8965,#8967,.T.);
#8963 = VERTEX_POINT('',#8964);
#8964 = CARTESIAN_POINT('',(-4.795681468204,-1.8,1.36412609412));
#8965 = VERTEX_POINT('',#8966);
#8966 = CARTESIAN_POINT('',(-4.795681468204,-2.2,1.36412609412));
#8967 = LINE('',#8968,#8969);
#8968 = CARTESIAN_POINT('',(-4.795681468204,-6.4,1.36412609412));
#8969 = VECTOR('',#8970,1.);
#8970 = DIRECTION('',(6.661338147751E-16,-1.,0.));
#8971 = ORIENTED_EDGE('',*,*,#8972,.T.);
#8972 = EDGE_CURVE('',#8965,#3399,#8973,.T.);
#8973 = LINE('',#8974,#8975);
#8974 = CARTESIAN_POINT('',(-4.721186049938,-2.2,1.36412609412));
#8975 = VECTOR('',#8976,1.);
#8976 = DIRECTION('',(-1.,-6.04903497084E-16,4.463629535621E-16));
#8977 = ORIENTED_EDGE('',*,*,#3407,.T.);
#8978 = ORIENTED_EDGE('',*,*,#8979,.F.);
#8979 = EDGE_CURVE('',#8963,#3408,#8980,.T.);
#8980 = LINE('',#8981,#8982);
#8981 = CARTESIAN_POINT('',(-4.721186049938,-1.8,1.36412609412));
#8982 = VECTOR('',#8983,1.);
#8983 = DIRECTION('',(-1.,-6.04903497084E-16,4.463629535621E-16));
#8984 = PLANE('',#8985);
#8985 = AXIS2_PLACEMENT_3D('',#8986,#8987,#8988);
#8986 = CARTESIAN_POINT('',(-4.721186049938,-2.2,1.36412609412));
#8987 = DIRECTION('',(-4.463629535621E-16,-2.973374570306E-31,-1.));
#8988 = DIRECTION('',(1.,6.661338147751E-16,-4.463629535621E-16));
#8989 = ADVANCED_FACE('',(#8990),#9016,.T.);
#8990 = FACE_BOUND('',#8991,.T.);
#8991 = EDGE_LOOP('',(#8992,#9000,#9006,#9007,#9008,#9009,#9010,#9011,
    #9012,#9013,#9014,#9015));
#8992 = ORIENTED_EDGE('',*,*,#8993,.T.);
#8993 = EDGE_CURVE('',#8965,#8994,#8996,.T.);
#8994 = VERTEX_POINT('',#8995);
#8995 = CARTESIAN_POINT('',(-4.799557024583,-2.2,1.586156570381));
#8996 = LINE('',#8997,#8998);
#8997 = CARTESIAN_POINT('',(-4.8,-2.2,1.611534615022));
#8998 = VECTOR('',#8999,1.);
#8999 = DIRECTION('',(-1.745240643728E-02,-1.055702168644E-17,
    0.999847695156));
#9000 = ORIENTED_EDGE('',*,*,#9001,.F.);
#9001 = EDGE_CURVE('',#3154,#8994,#9002,.T.);
#9002 = LINE('',#9003,#9004);
#9003 = CARTESIAN_POINT('',(-5.406609645391,-2.2,1.586156570381));
#9004 = VECTOR('',#9005,1.);
#9005 = DIRECTION('',(1.,6.04903497084E-16,-2.372698094312E-16));
#9006 = ORIENTED_EDGE('',*,*,#3153,.F.);
#9007 = ORIENTED_EDGE('',*,*,#3192,.F.);
#9008 = ORIENTED_EDGE('',*,*,#3208,.F.);
#9009 = ORIENTED_EDGE('',*,*,#3256,.F.);
#9010 = ORIENTED_EDGE('',*,*,#3287,.F.);
#9011 = ORIENTED_EDGE('',*,*,#3318,.F.);
#9012 = ORIENTED_EDGE('',*,*,#3350,.F.);
#9013 = ORIENTED_EDGE('',*,*,#3382,.F.);
#9014 = ORIENTED_EDGE('',*,*,#3398,.F.);
#9015 = ORIENTED_EDGE('',*,*,#8972,.F.);
#9016 = PLANE('',#9017);
#9017 = AXIS2_PLACEMENT_3D('',#9018,#9019,#9020);
#9018 = CARTESIAN_POINT('',(-6.199589675214,-2.2,0.31772357842));
#9019 = DIRECTION('',(6.04903497084E-16,-1.,0.));
#9020 = DIRECTION('',(1.,6.04903497084E-16,0.));
#9021 = ADVANCED_FACE('',(#9022),#9040,.T.);
#9022 = FACE_BOUND('',#9023,.T.);
#9023 = EDGE_LOOP('',(#9024,#9032,#9038,#9039));
#9024 = ORIENTED_EDGE('',*,*,#9025,.T.);
#9025 = EDGE_CURVE('',#8994,#9026,#9028,.T.);
#9026 = VERTEX_POINT('',#9027);
#9027 = CARTESIAN_POINT('',(-4.799557024583,-1.8,1.586156570381));
#9028 = LINE('',#9029,#9030);
#9029 = CARTESIAN_POINT('',(-4.799557024583,-6.4,1.586156570381));
#9030 = VECTOR('',#9031,1.);
#9031 = DIRECTION('',(-6.661338147751E-16,1.,0.));
#9032 = ORIENTED_EDGE('',*,*,#9033,.F.);
#9033 = EDGE_CURVE('',#3137,#9026,#9034,.T.);
#9034 = LINE('',#9035,#9036);
#9035 = CARTESIAN_POINT('',(-5.406609645391,-1.8,1.586156570381));
#9036 = VECTOR('',#9037,1.);
#9037 = DIRECTION('',(1.,6.04903497084E-16,-2.372698094312E-16));
#9038 = ORIENTED_EDGE('',*,*,#3162,.F.);
#9039 = ORIENTED_EDGE('',*,*,#9001,.T.);
#9040 = PLANE('',#9041);
#9041 = AXIS2_PLACEMENT_3D('',#9042,#9043,#9044);
#9042 = CARTESIAN_POINT('',(-5.406609645391,-2.2,1.586156570381));
#9043 = DIRECTION('',(2.372698094312E-16,1.580534432874E-31,1.));
#9044 = DIRECTION('',(-1.,-6.661338147751E-16,2.372698094312E-16));
#9045 = ADVANCED_FACE('',(#9046),#9065,.F.);
#9046 = FACE_BOUND('',#9047,.T.);
#9047 = EDGE_LOOP('',(#9048,#9049,#9055,#9056,#9057,#9058,#9059,#9060,
    #9061,#9062,#9063,#9064));
#9048 = ORIENTED_EDGE('',*,*,#9033,.T.);
#9049 = ORIENTED_EDGE('',*,*,#9050,.F.);
#9050 = EDGE_CURVE('',#8963,#9026,#9051,.T.);
#9051 = LINE('',#9052,#9053);
#9052 = CARTESIAN_POINT('',(-4.8,-1.8,1.611534615022));
#9053 = VECTOR('',#9054,1.);
#9054 = DIRECTION('',(-1.745240643728E-02,-1.055702168644E-17,
    0.999847695156));
#9055 = ORIENTED_EDGE('',*,*,#8979,.T.);
#9056 = ORIENTED_EDGE('',*,*,#3415,.T.);
#9057 = ORIENTED_EDGE('',*,*,#3366,.T.);
#9058 = ORIENTED_EDGE('',*,*,#3333,.T.);
#9059 = ORIENTED_EDGE('',*,*,#3302,.T.);
#9060 = ORIENTED_EDGE('',*,*,#3271,.T.);
#9061 = ORIENTED_EDGE('',*,*,#3240,.T.);
#9062 = ORIENTED_EDGE('',*,*,#3225,.T.);
#9063 = ORIENTED_EDGE('',*,*,#3176,.T.);
#9064 = ORIENTED_EDGE('',*,*,#3134,.T.);
#9065 = PLANE('',#9066);
#9066 = AXIS2_PLACEMENT_3D('',#9067,#9068,#9069);
#9067 = CARTESIAN_POINT('',(-6.199589675214,-1.8,0.31772357842));
#9068 = DIRECTION('',(6.04903497084E-16,-1.,0.));
#9069 = DIRECTION('',(1.,6.04903497084E-16,0.));
#9070 = ADVANCED_FACE('',(#9071),#9096,.T.);
#9071 = FACE_BOUND('',#9072,.T.);
#9072 = EDGE_LOOP('',(#9073,#9083,#9089,#9090));
#9073 = ORIENTED_EDGE('',*,*,#9074,.T.);
#9074 = EDGE_CURVE('',#9075,#9077,#9079,.T.);
#9075 = VERTEX_POINT('',#9076);
#9076 = CARTESIAN_POINT('',(-4.795681468204,-2.6,1.36412609412));
#9077 = VERTEX_POINT('',#9078);
#9078 = CARTESIAN_POINT('',(-4.795681468204,-3.,1.36412609412));
#9079 = LINE('',#9080,#9081);
#9080 = CARTESIAN_POINT('',(-4.795681468204,-7.2,1.36412609412));
#9081 = VECTOR('',#9082,1.);
#9082 = DIRECTION('',(6.661338147751E-16,-1.,0.));
#9083 = ORIENTED_EDGE('',*,*,#9084,.T.);
#9084 = EDGE_CURVE('',#9077,#3695,#9085,.T.);
#9085 = LINE('',#9086,#9087);
#9086 = CARTESIAN_POINT('',(-4.721186049938,-3.,1.36412609412));
#9087 = VECTOR('',#9088,1.);
#9088 = DIRECTION('',(-1.,-6.04903497084E-16,4.463629535621E-16));
#9089 = ORIENTED_EDGE('',*,*,#3703,.T.);
#9090 = ORIENTED_EDGE('',*,*,#9091,.F.);
#9091 = EDGE_CURVE('',#9075,#3704,#9092,.T.);
#9092 = LINE('',#9093,#9094);
#9093 = CARTESIAN_POINT('',(-4.721186049938,-2.6,1.36412609412));
#9094 = VECTOR('',#9095,1.);
#9095 = DIRECTION('',(-1.,-6.04903497084E-16,4.463629535621E-16));
#9096 = PLANE('',#9097);
#9097 = AXIS2_PLACEMENT_3D('',#9098,#9099,#9100);
#9098 = CARTESIAN_POINT('',(-4.721186049938,-3.,1.36412609412));
#9099 = DIRECTION('',(-4.463629535621E-16,-2.973374570306E-31,-1.));
#9100 = DIRECTION('',(1.,6.661338147751E-16,-4.463629535621E-16));
#9101 = ADVANCED_FACE('',(#9102),#9128,.T.);
#9102 = FACE_BOUND('',#9103,.T.);
#9103 = EDGE_LOOP('',(#9104,#9112,#9118,#9119,#9120,#9121,#9122,#9123,
    #9124,#9125,#9126,#9127));
#9104 = ORIENTED_EDGE('',*,*,#9105,.T.);
#9105 = EDGE_CURVE('',#9077,#9106,#9108,.T.);
#9106 = VERTEX_POINT('',#9107);
#9107 = CARTESIAN_POINT('',(-4.799557024583,-3.,1.586156570381));
#9108 = LINE('',#9109,#9110);
#9109 = CARTESIAN_POINT('',(-4.8,-3.,1.611534615022));
#9110 = VECTOR('',#9111,1.);
#9111 = DIRECTION('',(-1.745240643728E-02,-1.055702168644E-17,
    0.999847695156));
#9112 = ORIENTED_EDGE('',*,*,#9113,.F.);
#9113 = EDGE_CURVE('',#3450,#9106,#9114,.T.);
#9114 = LINE('',#9115,#9116);
#9115 = CARTESIAN_POINT('',(-5.406609645391,-3.,1.586156570381));
#9116 = VECTOR('',#9117,1.);
#9117 = DIRECTION('',(1.,6.04903497084E-16,-2.372698094312E-16));
#9118 = ORIENTED_EDGE('',*,*,#3449,.F.);
#9119 = ORIENTED_EDGE('',*,*,#3488,.F.);
#9120 = ORIENTED_EDGE('',*,*,#3504,.F.);
#9121 = ORIENTED_EDGE('',*,*,#3552,.F.);
#9122 = ORIENTED_EDGE('',*,*,#3583,.F.);
#9123 = ORIENTED_EDGE('',*,*,#3614,.F.);
#9124 = ORIENTED_EDGE('',*,*,#3646,.F.);
#9125 = ORIENTED_EDGE('',*,*,#3678,.F.);
#9126 = ORIENTED_EDGE('',*,*,#3694,.F.);
#9127 = ORIENTED_EDGE('',*,*,#9084,.F.);
#9128 = PLANE('',#9129);
#9129 = AXIS2_PLACEMENT_3D('',#9130,#9131,#9132);
#9130 = CARTESIAN_POINT('',(-6.199589675214,-3.,0.31772357842));
#9131 = DIRECTION('',(6.04903497084E-16,-1.,0.));
#9132 = DIRECTION('',(1.,6.04903497084E-16,0.));
#9133 = ADVANCED_FACE('',(#9134),#9152,.T.);
#9134 = FACE_BOUND('',#9135,.T.);
#9135 = EDGE_LOOP('',(#9136,#9144,#9150,#9151));
#9136 = ORIENTED_EDGE('',*,*,#9137,.T.);
#9137 = EDGE_CURVE('',#9106,#9138,#9140,.T.);
#9138 = VERTEX_POINT('',#9139);
#9139 = CARTESIAN_POINT('',(-4.799557024583,-2.6,1.586156570381));
#9140 = LINE('',#9141,#9142);
#9141 = CARTESIAN_POINT('',(-4.799557024583,-7.2,1.586156570381));
#9142 = VECTOR('',#9143,1.);
#9143 = DIRECTION('',(-6.661338147751E-16,1.,0.));
#9144 = ORIENTED_EDGE('',*,*,#9145,.F.);
#9145 = EDGE_CURVE('',#3433,#9138,#9146,.T.);
#9146 = LINE('',#9147,#9148);
#9147 = CARTESIAN_POINT('',(-5.406609645391,-2.6,1.586156570381));
#9148 = VECTOR('',#9149,1.);
#9149 = DIRECTION('',(1.,6.04903497084E-16,-2.372698094312E-16));
#9150 = ORIENTED_EDGE('',*,*,#3458,.F.);
#9151 = ORIENTED_EDGE('',*,*,#9113,.T.);
#9152 = PLANE('',#9153);
#9153 = AXIS2_PLACEMENT_3D('',#9154,#9155,#9156);
#9154 = CARTESIAN_POINT('',(-5.406609645391,-3.,1.586156570381));
#9155 = DIRECTION('',(2.372698094312E-16,1.580534432874E-31,1.));
#9156 = DIRECTION('',(-1.,-6.661338147751E-16,2.372698094312E-16));
#9157 = ADVANCED_FACE('',(#9158),#9177,.F.);
#9158 = FACE_BOUND('',#9159,.T.);
#9159 = EDGE_LOOP('',(#9160,#9161,#9167,#9168,#9169,#9170,#9171,#9172,
    #9173,#9174,#9175,#9176));
#9160 = ORIENTED_EDGE('',*,*,#9145,.T.);
#9161 = ORIENTED_EDGE('',*,*,#9162,.F.);
#9162 = EDGE_CURVE('',#9075,#9138,#9163,.T.);
#9163 = LINE('',#9164,#9165);
#9164 = CARTESIAN_POINT('',(-4.8,-2.6,1.611534615022));
#9165 = VECTOR('',#9166,1.);
#9166 = DIRECTION('',(-1.745240643728E-02,-1.055702168644E-17,
    0.999847695156));
#9167 = ORIENTED_EDGE('',*,*,#9091,.T.);
#9168 = ORIENTED_EDGE('',*,*,#3711,.T.);
#9169 = ORIENTED_EDGE('',*,*,#3662,.T.);
#9170 = ORIENTED_EDGE('',*,*,#3629,.T.);
#9171 = ORIENTED_EDGE('',*,*,#3598,.T.);
#9172 = ORIENTED_EDGE('',*,*,#3567,.T.);
#9173 = ORIENTED_EDGE('',*,*,#3536,.T.);
#9174 = ORIENTED_EDGE('',*,*,#3521,.T.);
#9175 = ORIENTED_EDGE('',*,*,#3472,.T.);
#9176 = ORIENTED_EDGE('',*,*,#3430,.T.);
#9177 = PLANE('',#9178);
#9178 = AXIS2_PLACEMENT_3D('',#9179,#9180,#9181);
#9179 = CARTESIAN_POINT('',(-6.199589675214,-2.6,0.31772357842));
#9180 = DIRECTION('',(6.04903497084E-16,-1.,0.));
#9181 = DIRECTION('',(1.,6.04903497084E-16,0.));
#9182 = ADVANCED_FACE('',(#9183),#9208,.T.);
#9183 = FACE_BOUND('',#9184,.T.);
#9184 = EDGE_LOOP('',(#9185,#9195,#9201,#9202));
#9185 = ORIENTED_EDGE('',*,*,#9186,.T.);
#9186 = EDGE_CURVE('',#9187,#9189,#9191,.T.);
#9187 = VERTEX_POINT('',#9188);
#9188 = CARTESIAN_POINT('',(-4.795681468204,-3.4,1.36412609412));
#9189 = VERTEX_POINT('',#9190);
#9190 = CARTESIAN_POINT('',(-4.795681468204,-3.8,1.36412609412));
#9191 = LINE('',#9192,#9193);
#9192 = CARTESIAN_POINT('',(-4.795681468204,-8.,1.36412609412));
#9193 = VECTOR('',#9194,1.);
#9194 = DIRECTION('',(6.661338147751E-16,-1.,0.));
#9195 = ORIENTED_EDGE('',*,*,#9196,.T.);
#9196 = EDGE_CURVE('',#9189,#3991,#9197,.T.);
#9197 = LINE('',#9198,#9199);
#9198 = CARTESIAN_POINT('',(-4.721186049938,-3.8,1.36412609412));
#9199 = VECTOR('',#9200,1.);
#9200 = DIRECTION('',(-1.,-6.04903497084E-16,4.463629535621E-16));
#9201 = ORIENTED_EDGE('',*,*,#3999,.T.);
#9202 = ORIENTED_EDGE('',*,*,#9203,.F.);
#9203 = EDGE_CURVE('',#9187,#4000,#9204,.T.);
#9204 = LINE('',#9205,#9206);
#9205 = CARTESIAN_POINT('',(-4.721186049938,-3.4,1.36412609412));
#9206 = VECTOR('',#9207,1.);
#9207 = DIRECTION('',(-1.,-6.04903497084E-16,4.463629535621E-16));
#9208 = PLANE('',#9209);
#9209 = AXIS2_PLACEMENT_3D('',#9210,#9211,#9212);
#9210 = CARTESIAN_POINT('',(-4.721186049938,-3.8,1.36412609412));
#9211 = DIRECTION('',(-4.463629535621E-16,-2.973374570306E-31,-1.));
#9212 = DIRECTION('',(1.,6.661338147751E-16,-4.463629535621E-16));
#9213 = ADVANCED_FACE('',(#9214),#9240,.T.);
#9214 = FACE_BOUND('',#9215,.T.);
#9215 = EDGE_LOOP('',(#9216,#9224,#9230,#9231,#9232,#9233,#9234,#9235,
    #9236,#9237,#9238,#9239));
#9216 = ORIENTED_EDGE('',*,*,#9217,.T.);
#9217 = EDGE_CURVE('',#9189,#9218,#9220,.T.);
#9218 = VERTEX_POINT('',#9219);
#9219 = CARTESIAN_POINT('',(-4.799557024583,-3.8,1.586156570381));
#9220 = LINE('',#9221,#9222);
#9221 = CARTESIAN_POINT('',(-4.8,-3.8,1.611534615022));
#9222 = VECTOR('',#9223,1.);
#9223 = DIRECTION('',(-1.745240643728E-02,-1.055702168644E-17,
    0.999847695156));
#9224 = ORIENTED_EDGE('',*,*,#9225,.F.);
#9225 = EDGE_CURVE('',#3746,#9218,#9226,.T.);
#9226 = LINE('',#9227,#9228);
#9227 = CARTESIAN_POINT('',(-5.406609645391,-3.8,1.586156570381));
#9228 = VECTOR('',#9229,1.);
#9229 = DIRECTION('',(1.,6.04903497084E-16,-2.372698094312E-16));
#9230 = ORIENTED_EDGE('',*,*,#3745,.F.);
#9231 = ORIENTED_EDGE('',*,*,#3784,.F.);
#9232 = ORIENTED_EDGE('',*,*,#3800,.F.);
#9233 = ORIENTED_EDGE('',*,*,#3848,.F.);
#9234 = ORIENTED_EDGE('',*,*,#3879,.F.);
#9235 = ORIENTED_EDGE('',*,*,#3910,.F.);
#9236 = ORIENTED_EDGE('',*,*,#3942,.F.);
#9237 = ORIENTED_EDGE('',*,*,#3974,.F.);
#9238 = ORIENTED_EDGE('',*,*,#3990,.F.);
#9239 = ORIENTED_EDGE('',*,*,#9196,.F.);
#9240 = PLANE('',#9241);
#9241 = AXIS2_PLACEMENT_3D('',#9242,#9243,#9244);
#9242 = CARTESIAN_POINT('',(-6.199589675214,-3.8,0.31772357842));
#9243 = DIRECTION('',(6.04903497084E-16,-1.,0.));
#9244 = DIRECTION('',(1.,6.04903497084E-16,0.));
#9245 = ADVANCED_FACE('',(#9246),#9264,.T.);
#9246 = FACE_BOUND('',#9247,.T.);
#9247 = EDGE_LOOP('',(#9248,#9256,#9262,#9263));
#9248 = ORIENTED_EDGE('',*,*,#9249,.T.);
#9249 = EDGE_CURVE('',#9218,#9250,#9252,.T.);
#9250 = VERTEX_POINT('',#9251);
#9251 = CARTESIAN_POINT('',(-4.799557024583,-3.4,1.586156570381));
#9252 = LINE('',#9253,#9254);
#9253 = CARTESIAN_POINT('',(-4.799557024583,-8.,1.586156570381));
#9254 = VECTOR('',#9255,1.);
#9255 = DIRECTION('',(-6.661338147751E-16,1.,0.));
#9256 = ORIENTED_EDGE('',*,*,#9257,.F.);
#9257 = EDGE_CURVE('',#3729,#9250,#9258,.T.);
#9258 = LINE('',#9259,#9260);
#9259 = CARTESIAN_POINT('',(-5.406609645391,-3.4,1.586156570381));
#9260 = VECTOR('',#9261,1.);
#9261 = DIRECTION('',(1.,6.04903497084E-16,-2.372698094312E-16));
#9262 = ORIENTED_EDGE('',*,*,#3754,.F.);
#9263 = ORIENTED_EDGE('',*,*,#9225,.T.);
#9264 = PLANE('',#9265);
#9265 = AXIS2_PLACEMENT_3D('',#9266,#9267,#9268);
#9266 = CARTESIAN_POINT('',(-5.406609645391,-3.8,1.586156570381));
#9267 = DIRECTION('',(2.372698094312E-16,1.580534432874E-31,1.));
#9268 = DIRECTION('',(-1.,-6.661338147751E-16,2.372698094312E-16));
#9269 = ADVANCED_FACE('',(#9270),#9289,.F.);
#9270 = FACE_BOUND('',#9271,.T.);
#9271 = EDGE_LOOP('',(#9272,#9273,#9279,#9280,#9281,#9282,#9283,#9284,
    #9285,#9286,#9287,#9288));
#9272 = ORIENTED_EDGE('',*,*,#9257,.T.);
#9273 = ORIENTED_EDGE('',*,*,#9274,.F.);
#9274 = EDGE_CURVE('',#9187,#9250,#9275,.T.);
#9275 = LINE('',#9276,#9277);
#9276 = CARTESIAN_POINT('',(-4.8,-3.4,1.611534615022));
#9277 = VECTOR('',#9278,1.);
#9278 = DIRECTION('',(-1.745240643728E-02,-1.055702168644E-17,
    0.999847695156));
#9279 = ORIENTED_EDGE('',*,*,#9203,.T.);
#9280 = ORIENTED_EDGE('',*,*,#4007,.T.);
#9281 = ORIENTED_EDGE('',*,*,#3958,.T.);
#9282 = ORIENTED_EDGE('',*,*,#3925,.T.);
#9283 = ORIENTED_EDGE('',*,*,#3894,.T.);
#9284 = ORIENTED_EDGE('',*,*,#3863,.T.);
#9285 = ORIENTED_EDGE('',*,*,#3832,.T.);
#9286 = ORIENTED_EDGE('',*,*,#3817,.T.);
#9287 = ORIENTED_EDGE('',*,*,#3768,.T.);
#9288 = ORIENTED_EDGE('',*,*,#3726,.T.);
#9289 = PLANE('',#9290);
#9290 = AXIS2_PLACEMENT_3D('',#9291,#9292,#9293);
#9291 = CARTESIAN_POINT('',(-6.199589675214,-3.4,0.31772357842));
#9292 = DIRECTION('',(6.04903497084E-16,-1.,0.));
#9293 = DIRECTION('',(1.,6.04903497084E-16,0.));
#9294 = ADVANCED_FACE('',(#9295),#9320,.T.);
#9295 = FACE_BOUND('',#9296,.T.);
#9296 = EDGE_LOOP('',(#9297,#9307,#9313,#9314));
#9297 = ORIENTED_EDGE('',*,*,#9298,.T.);
#9298 = EDGE_CURVE('',#9299,#9301,#9303,.T.);
#9299 = VERTEX_POINT('',#9300);
#9300 = CARTESIAN_POINT('',(-4.795681468204,-4.2,1.36412609412));
#9301 = VERTEX_POINT('',#9302);
#9302 = CARTESIAN_POINT('',(-4.795681468204,-4.6,1.36412609412));
#9303 = LINE('',#9304,#9305);
#9304 = CARTESIAN_POINT('',(-4.795681468204,-8.8,1.36412609412));
#9305 = VECTOR('',#9306,1.);
#9306 = DIRECTION('',(6.661338147751E-16,-1.,0.));
#9307 = ORIENTED_EDGE('',*,*,#9308,.T.);
#9308 = EDGE_CURVE('',#9301,#4287,#9309,.T.);
#9309 = LINE('',#9310,#9311);
#9310 = CARTESIAN_POINT('',(-4.721186049938,-4.6,1.36412609412));
#9311 = VECTOR('',#9312,1.);
#9312 = DIRECTION('',(-1.,-6.04903497084E-16,4.463629535621E-16));
#9313 = ORIENTED_EDGE('',*,*,#4295,.T.);
#9314 = ORIENTED_EDGE('',*,*,#9315,.F.);
#9315 = EDGE_CURVE('',#9299,#4296,#9316,.T.);
#9316 = LINE('',#9317,#9318);
#9317 = CARTESIAN_POINT('',(-4.721186049938,-4.2,1.36412609412));
#9318 = VECTOR('',#9319,1.);
#9319 = DIRECTION('',(-1.,-6.04903497084E-16,4.463629535621E-16));
#9320 = PLANE('',#9321);
#9321 = AXIS2_PLACEMENT_3D('',#9322,#9323,#9324);
#9322 = CARTESIAN_POINT('',(-4.721186049938,-4.6,1.36412609412));
#9323 = DIRECTION('',(-4.463629535621E-16,-2.973374570306E-31,-1.));
#9324 = DIRECTION('',(1.,6.661338147751E-16,-4.463629535621E-16));
#9325 = ADVANCED_FACE('',(#9326),#9352,.T.);
#9326 = FACE_BOUND('',#9327,.T.);
#9327 = EDGE_LOOP('',(#9328,#9336,#9342,#9343,#9344,#9345,#9346,#9347,
    #9348,#9349,#9350,#9351));
#9328 = ORIENTED_EDGE('',*,*,#9329,.T.);
#9329 = EDGE_CURVE('',#9301,#9330,#9332,.T.);
#9330 = VERTEX_POINT('',#9331);
#9331 = CARTESIAN_POINT('',(-4.799557024583,-4.6,1.586156570381));
#9332 = LINE('',#9333,#9334);
#9333 = CARTESIAN_POINT('',(-4.8,-4.6,1.611534615022));
#9334 = VECTOR('',#9335,1.);
#9335 = DIRECTION('',(-1.745240643728E-02,-1.055702168644E-17,
    0.999847695156));
#9336 = ORIENTED_EDGE('',*,*,#9337,.F.);
#9337 = EDGE_CURVE('',#4042,#9330,#9338,.T.);
#9338 = LINE('',#9339,#9340);
#9339 = CARTESIAN_POINT('',(-5.406609645391,-4.6,1.586156570381));
#9340 = VECTOR('',#9341,1.);
#9341 = DIRECTION('',(1.,6.04903497084E-16,-2.372698094312E-16));
#9342 = ORIENTED_EDGE('',*,*,#4041,.F.);
#9343 = ORIENTED_EDGE('',*,*,#4080,.F.);
#9344 = ORIENTED_EDGE('',*,*,#4096,.F.);
#9345 = ORIENTED_EDGE('',*,*,#4144,.F.);
#9346 = ORIENTED_EDGE('',*,*,#4175,.F.);
#9347 = ORIENTED_EDGE('',*,*,#4206,.F.);
#9348 = ORIENTED_EDGE('',*,*,#4238,.F.);
#9349 = ORIENTED_EDGE('',*,*,#4270,.F.);
#9350 = ORIENTED_EDGE('',*,*,#4286,.F.);
#9351 = ORIENTED_EDGE('',*,*,#9308,.F.);
#9352 = PLANE('',#9353);
#9353 = AXIS2_PLACEMENT_3D('',#9354,#9355,#9356);
#9354 = CARTESIAN_POINT('',(-6.199589675214,-4.6,0.31772357842));
#9355 = DIRECTION('',(6.04903497084E-16,-1.,0.));
#9356 = DIRECTION('',(1.,6.04903497084E-16,0.));
#9357 = ADVANCED_FACE('',(#9358),#9376,.T.);
#9358 = FACE_BOUND('',#9359,.T.);
#9359 = EDGE_LOOP('',(#9360,#9368,#9374,#9375));
#9360 = ORIENTED_EDGE('',*,*,#9361,.T.);
#9361 = EDGE_CURVE('',#9330,#9362,#9364,.T.);
#9362 = VERTEX_POINT('',#9363);
#9363 = CARTESIAN_POINT('',(-4.799557024583,-4.2,1.586156570381));
#9364 = LINE('',#9365,#9366);
#9365 = CARTESIAN_POINT('',(-4.799557024583,-8.8,1.586156570381));
#9366 = VECTOR('',#9367,1.);
#9367 = DIRECTION('',(-6.661338147751E-16,1.,0.));
#9368 = ORIENTED_EDGE('',*,*,#9369,.F.);
#9369 = EDGE_CURVE('',#4025,#9362,#9370,.T.);
#9370 = LINE('',#9371,#9372);
#9371 = CARTESIAN_POINT('',(-5.406609645391,-4.2,1.586156570381));
#9372 = VECTOR('',#9373,1.);
#9373 = DIRECTION('',(1.,6.04903497084E-16,-2.372698094312E-16));
#9374 = ORIENTED_EDGE('',*,*,#4050,.F.);
#9375 = ORIENTED_EDGE('',*,*,#9337,.T.);
#9376 = PLANE('',#9377);
#9377 = AXIS2_PLACEMENT_3D('',#9378,#9379,#9380);
#9378 = CARTESIAN_POINT('',(-5.406609645391,-4.6,1.586156570381));
#9379 = DIRECTION('',(2.372698094312E-16,1.580534432874E-31,1.));
#9380 = DIRECTION('',(-1.,-6.661338147751E-16,2.372698094312E-16));
#9381 = ADVANCED_FACE('',(#9382),#9401,.F.);
#9382 = FACE_BOUND('',#9383,.T.);
#9383 = EDGE_LOOP('',(#9384,#9385,#9391,#9392,#9393,#9394,#9395,#9396,
    #9397,#9398,#9399,#9400));
#9384 = ORIENTED_EDGE('',*,*,#9369,.T.);
#9385 = ORIENTED_EDGE('',*,*,#9386,.F.);
#9386 = EDGE_CURVE('',#9299,#9362,#9387,.T.);
#9387 = LINE('',#9388,#9389);
#9388 = CARTESIAN_POINT('',(-4.8,-4.2,1.611534615022));
#9389 = VECTOR('',#9390,1.);
#9390 = DIRECTION('',(-1.745240643728E-02,-1.055702168644E-17,
    0.999847695156));
#9391 = ORIENTED_EDGE('',*,*,#9315,.T.);
#9392 = ORIENTED_EDGE('',*,*,#4303,.T.);
#9393 = ORIENTED_EDGE('',*,*,#4254,.T.);
#9394 = ORIENTED_EDGE('',*,*,#4221,.T.);
#9395 = ORIENTED_EDGE('',*,*,#4190,.T.);
#9396 = ORIENTED_EDGE('',*,*,#4159,.T.);
#9397 = ORIENTED_EDGE('',*,*,#4128,.T.);
#9398 = ORIENTED_EDGE('',*,*,#4113,.T.);
#9399 = ORIENTED_EDGE('',*,*,#4064,.T.);
#9400 = ORIENTED_EDGE('',*,*,#4022,.T.);
#9401 = PLANE('',#9402);
#9402 = AXIS2_PLACEMENT_3D('',#9403,#9404,#9405);
#9403 = CARTESIAN_POINT('',(-6.199589675214,-4.2,0.31772357842));
#9404 = DIRECTION('',(6.04903497084E-16,-1.,0.));
#9405 = DIRECTION('',(1.,6.04903497084E-16,0.));
#9406 = ADVANCED_FACE('',(#9407),#9440,.F.);
#9407 = FACE_BOUND('',#9408,.T.);
#9408 = EDGE_LOOP('',(#9409,#9417,#9425,#9431,#9432,#9433,#9434,#9435,
    #9436,#9437,#9438,#9439));
#9409 = ORIENTED_EDGE('',*,*,#9410,.T.);
#9410 = EDGE_CURVE('',#4591,#9411,#9413,.T.);
#9411 = VERTEX_POINT('',#9412);
#9412 = CARTESIAN_POINT('',(4.799557024583,4.2,1.586156570381));
#9413 = LINE('',#9414,#9415);
#9414 = CARTESIAN_POINT('',(5.406609645391,4.2,1.586156570381));
#9415 = VECTOR('',#9416,1.);
#9416 = DIRECTION('',(-1.,-6.04903497084E-16,-2.372698094312E-16));
#9417 = ORIENTED_EDGE('',*,*,#9418,.F.);
#9418 = EDGE_CURVE('',#9419,#9411,#9421,.T.);
#9419 = VERTEX_POINT('',#9420);
#9420 = CARTESIAN_POINT('',(4.795681468204,4.2,1.36412609412));
#9421 = LINE('',#9422,#9423);
#9422 = CARTESIAN_POINT('',(4.8,4.2,1.611534615022));
#9423 = VECTOR('',#9424,1.);
#9424 = DIRECTION('',(1.745240643728E-02,1.055702168644E-17,
    0.999847695156));
#9425 = ORIENTED_EDGE('',*,*,#9426,.T.);
#9426 = EDGE_CURVE('',#9419,#4319,#9427,.T.);
#9427 = LINE('',#9428,#9429);
#9428 = CARTESIAN_POINT('',(4.721186049938,4.2,1.36412609412));
#9429 = VECTOR('',#9430,1.);
#9430 = DIRECTION('',(1.,6.04903497084E-16,4.463629535621E-16));
#9431 = ORIENTED_EDGE('',*,*,#4328,.T.);
#9432 = ORIENTED_EDGE('',*,*,#4376,.T.);
#9433 = ORIENTED_EDGE('',*,*,#4408,.T.);
#9434 = ORIENTED_EDGE('',*,*,#4440,.T.);
#9435 = ORIENTED_EDGE('',*,*,#4471,.T.);
#9436 = ORIENTED_EDGE('',*,*,#4502,.T.);
#9437 = ORIENTED_EDGE('',*,*,#4518,.T.);
#9438 = ORIENTED_EDGE('',*,*,#4566,.T.);
#9439 = ORIENTED_EDGE('',*,*,#4598,.T.);
#9440 = PLANE('',#9441);
#9441 = AXIS2_PLACEMENT_3D('',#9442,#9443,#9444);
#9442 = CARTESIAN_POINT('',(5.32842852147,4.2,1.06653538402));
#9443 = DIRECTION('',(-6.04903497084E-16,1.,0.));
#9444 = DIRECTION('',(-1.,-6.04903497084E-16,0.));
#9445 = ADVANCED_FACE('',(#9446),#9464,.F.);
#9446 = FACE_BOUND('',#9447,.T.);
#9447 = EDGE_LOOP('',(#9448,#9449,#9457,#9463));
#9448 = ORIENTED_EDGE('',*,*,#9426,.F.);
#9449 = ORIENTED_EDGE('',*,*,#9450,.F.);
#9450 = EDGE_CURVE('',#9451,#9419,#9453,.T.);
#9451 = VERTEX_POINT('',#9452);
#9452 = CARTESIAN_POINT('',(4.795681468204,4.6,1.36412609412));
#9453 = LINE('',#9454,#9455);
#9454 = CARTESIAN_POINT('',(4.795681468204,3.017157657242E-15,
    1.36412609412));
#9455 = VECTOR('',#9456,1.);
#9456 = DIRECTION('',(6.661338147751E-16,-1.,0.));
#9457 = ORIENTED_EDGE('',*,*,#9458,.T.);
#9458 = EDGE_CURVE('',#9451,#4321,#9459,.T.);
#9459 = LINE('',#9460,#9461);
#9460 = CARTESIAN_POINT('',(4.721186049938,4.6,1.36412609412));
#9461 = VECTOR('',#9462,1.);
#9462 = DIRECTION('',(1.,6.04903497084E-16,4.463629535621E-16));
#9463 = ORIENTED_EDGE('',*,*,#4318,.F.);
#9464 = PLANE('',#9465);
#9465 = AXIS2_PLACEMENT_3D('',#9466,#9467,#9468);
#9466 = CARTESIAN_POINT('',(4.721186049938,4.2,1.36412609412));
#9467 = DIRECTION('',(-4.463629535621E-16,-2.973374570306E-31,1.));
#9468 = DIRECTION('',(-1.,-6.661338147751E-16,-4.463629535621E-16));
#9469 = ADVANCED_FACE('',(#9470),#9496,.T.);
#9470 = FACE_BOUND('',#9471,.T.);
#9471 = EDGE_LOOP('',(#9472,#9480,#9486,#9487,#9488,#9489,#9490,#9491,
    #9492,#9493,#9494,#9495));
#9472 = ORIENTED_EDGE('',*,*,#9473,.T.);
#9473 = EDGE_CURVE('',#9451,#9474,#9476,.T.);
#9474 = VERTEX_POINT('',#9475);
#9475 = CARTESIAN_POINT('',(4.799557024583,4.6,1.586156570381));
#9476 = LINE('',#9477,#9478);
#9477 = CARTESIAN_POINT('',(4.8,4.6,1.611534615022));
#9478 = VECTOR('',#9479,1.);
#9479 = DIRECTION('',(1.745240643728E-02,1.055702168644E-17,
    0.999847695156));
#9480 = ORIENTED_EDGE('',*,*,#9481,.F.);
#9481 = EDGE_CURVE('',#4582,#9474,#9482,.T.);
#9482 = LINE('',#9483,#9484);
#9483 = CARTESIAN_POINT('',(5.406609645391,4.6,1.586156570381));
#9484 = VECTOR('',#9485,1.);
#9485 = DIRECTION('',(-1.,-6.04903497084E-16,-2.372698094312E-16));
#9486 = ORIENTED_EDGE('',*,*,#4581,.F.);
#9487 = ORIENTED_EDGE('',*,*,#4550,.F.);
#9488 = ORIENTED_EDGE('',*,*,#4535,.F.);
#9489 = ORIENTED_EDGE('',*,*,#4486,.F.);
#9490 = ORIENTED_EDGE('',*,*,#4455,.F.);
#9491 = ORIENTED_EDGE('',*,*,#4424,.F.);
#9492 = ORIENTED_EDGE('',*,*,#4391,.F.);
#9493 = ORIENTED_EDGE('',*,*,#4360,.F.);
#9494 = ORIENTED_EDGE('',*,*,#4345,.F.);
#9495 = ORIENTED_EDGE('',*,*,#9458,.F.);
#9496 = PLANE('',#9497);
#9497 = AXIS2_PLACEMENT_3D('',#9498,#9499,#9500);
#9498 = CARTESIAN_POINT('',(5.32842852147,4.6,1.06653538402));
#9499 = DIRECTION('',(-6.04903497084E-16,1.,0.));
#9500 = DIRECTION('',(-1.,-6.04903497084E-16,0.));
#9501 = ADVANCED_FACE('',(#9502),#9513,.F.);
#9502 = FACE_BOUND('',#9503,.T.);
#9503 = EDGE_LOOP('',(#9504,#9505,#9511,#9512));
#9504 = ORIENTED_EDGE('',*,*,#9481,.T.);
#9505 = ORIENTED_EDGE('',*,*,#9506,.F.);
#9506 = EDGE_CURVE('',#9411,#9474,#9507,.T.);
#9507 = LINE('',#9508,#9509);
#9508 = CARTESIAN_POINT('',(4.799557024583,3.019739296397E-15,
    1.586156570381));
#9509 = VECTOR('',#9510,1.);
#9510 = DIRECTION('',(-6.661338147751E-16,1.,0.));
#9511 = ORIENTED_EDGE('',*,*,#9410,.F.);
#9512 = ORIENTED_EDGE('',*,*,#4590,.T.);
#9513 = PLANE('',#9514);
#9514 = AXIS2_PLACEMENT_3D('',#9515,#9516,#9517);
#9515 = CARTESIAN_POINT('',(5.406609645391,4.2,1.586156570381));
#9516 = DIRECTION('',(2.372698094312E-16,1.580534432874E-31,-1.));
#9517 = DIRECTION('',(1.,6.661338147751E-16,2.372698094312E-16));
#9518 = ADVANCED_FACE('',(#9519),#9552,.F.);
#9519 = FACE_BOUND('',#9520,.T.);
#9520 = EDGE_LOOP('',(#9521,#9529,#9537,#9543,#9544,#9545,#9546,#9547,
    #9548,#9549,#9550,#9551));
#9521 = ORIENTED_EDGE('',*,*,#9522,.T.);
#9522 = EDGE_CURVE('',#4887,#9523,#9525,.T.);
#9523 = VERTEX_POINT('',#9524);
#9524 = CARTESIAN_POINT('',(4.799557024583,3.4,1.586156570381));
#9525 = LINE('',#9526,#9527);
#9526 = CARTESIAN_POINT('',(5.406609645391,3.4,1.586156570381));
#9527 = VECTOR('',#9528,1.);
#9528 = DIRECTION('',(-1.,-6.04903497084E-16,-2.372698094312E-16));
#9529 = ORIENTED_EDGE('',*,*,#9530,.F.);
#9530 = EDGE_CURVE('',#9531,#9523,#9533,.T.);
#9531 = VERTEX_POINT('',#9532);
#9532 = CARTESIAN_POINT('',(4.795681468204,3.4,1.36412609412));
#9533 = LINE('',#9534,#9535);
#9534 = CARTESIAN_POINT('',(4.8,3.4,1.611534615022));
#9535 = VECTOR('',#9536,1.);
#9536 = DIRECTION('',(1.745240643728E-02,1.055702168644E-17,
    0.999847695156));
#9537 = ORIENTED_EDGE('',*,*,#9538,.T.);
#9538 = EDGE_CURVE('',#9531,#4615,#9539,.T.);
#9539 = LINE('',#9540,#9541);
#9540 = CARTESIAN_POINT('',(4.721186049938,3.4,1.36412609412));
#9541 = VECTOR('',#9542,1.);
#9542 = DIRECTION('',(1.,6.04903497084E-16,4.463629535621E-16));
#9543 = ORIENTED_EDGE('',*,*,#4624,.T.);
#9544 = ORIENTED_EDGE('',*,*,#4672,.T.);
#9545 = ORIENTED_EDGE('',*,*,#4704,.T.);
#9546 = ORIENTED_EDGE('',*,*,#4736,.T.);
#9547 = ORIENTED_EDGE('',*,*,#4767,.T.);
#9548 = ORIENTED_EDGE('',*,*,#4798,.T.);
#9549 = ORIENTED_EDGE('',*,*,#4814,.T.);
#9550 = ORIENTED_EDGE('',*,*,#4862,.T.);
#9551 = ORIENTED_EDGE('',*,*,#4894,.T.);
#9552 = PLANE('',#9553);
#9553 = AXIS2_PLACEMENT_3D('',#9554,#9555,#9556);
#9554 = CARTESIAN_POINT('',(5.32842852147,3.4,1.06653538402));
#9555 = DIRECTION('',(-6.04903497084E-16,1.,0.));
#9556 = DIRECTION('',(-1.,-6.04903497084E-16,0.));
#9557 = ADVANCED_FACE('',(#9558),#9576,.F.);
#9558 = FACE_BOUND('',#9559,.T.);
#9559 = EDGE_LOOP('',(#9560,#9561,#9569,#9575));
#9560 = ORIENTED_EDGE('',*,*,#9538,.F.);
#9561 = ORIENTED_EDGE('',*,*,#9562,.F.);
#9562 = EDGE_CURVE('',#9563,#9531,#9565,.T.);
#9563 = VERTEX_POINT('',#9564);
#9564 = CARTESIAN_POINT('',(4.795681468204,3.8,1.36412609412));
#9565 = LINE('',#9566,#9567);
#9566 = CARTESIAN_POINT('',(4.795681468204,-0.8,1.36412609412));
#9567 = VECTOR('',#9568,1.);
#9568 = DIRECTION('',(6.661338147751E-16,-1.,0.));
#9569 = ORIENTED_EDGE('',*,*,#9570,.T.);
#9570 = EDGE_CURVE('',#9563,#4617,#9571,.T.);
#9571 = LINE('',#9572,#9573);
#9572 = CARTESIAN_POINT('',(4.721186049938,3.8,1.36412609412));
#9573 = VECTOR('',#9574,1.);
#9574 = DIRECTION('',(1.,6.04903497084E-16,4.463629535621E-16));
#9575 = ORIENTED_EDGE('',*,*,#4614,.F.);
#9576 = PLANE('',#9577);
#9577 = AXIS2_PLACEMENT_3D('',#9578,#9579,#9580);
#9578 = CARTESIAN_POINT('',(4.721186049938,3.4,1.36412609412));
#9579 = DIRECTION('',(-4.463629535621E-16,-2.973374570306E-31,1.));
#9580 = DIRECTION('',(-1.,-6.661338147751E-16,-4.463629535621E-16));
#9581 = ADVANCED_FACE('',(#9582),#9608,.T.);
#9582 = FACE_BOUND('',#9583,.T.);
#9583 = EDGE_LOOP('',(#9584,#9592,#9598,#9599,#9600,#9601,#9602,#9603,
    #9604,#9605,#9606,#9607));
#9584 = ORIENTED_EDGE('',*,*,#9585,.T.);
#9585 = EDGE_CURVE('',#9563,#9586,#9588,.T.);
#9586 = VERTEX_POINT('',#9587);
#9587 = CARTESIAN_POINT('',(4.799557024583,3.8,1.586156570381));
#9588 = LINE('',#9589,#9590);
#9589 = CARTESIAN_POINT('',(4.8,3.8,1.611534615022));
#9590 = VECTOR('',#9591,1.);
#9591 = DIRECTION('',(1.745240643728E-02,1.055702168644E-17,
    0.999847695156));
#9592 = ORIENTED_EDGE('',*,*,#9593,.F.);
#9593 = EDGE_CURVE('',#4878,#9586,#9594,.T.);
#9594 = LINE('',#9595,#9596);
#9595 = CARTESIAN_POINT('',(5.406609645391,3.8,1.586156570381));
#9596 = VECTOR('',#9597,1.);
#9597 = DIRECTION('',(-1.,-6.04903497084E-16,-2.372698094312E-16));
#9598 = ORIENTED_EDGE('',*,*,#4877,.F.);
#9599 = ORIENTED_EDGE('',*,*,#4846,.F.);
#9600 = ORIENTED_EDGE('',*,*,#4831,.F.);
#9601 = ORIENTED_EDGE('',*,*,#4782,.F.);
#9602 = ORIENTED_EDGE('',*,*,#4751,.F.);
#9603 = ORIENTED_EDGE('',*,*,#4720,.F.);
#9604 = ORIENTED_EDGE('',*,*,#4687,.F.);
#9605 = ORIENTED_EDGE('',*,*,#4656,.F.);
#9606 = ORIENTED_EDGE('',*,*,#4641,.F.);
#9607 = ORIENTED_EDGE('',*,*,#9570,.F.);
#9608 = PLANE('',#9609);
#9609 = AXIS2_PLACEMENT_3D('',#9610,#9611,#9612);
#9610 = CARTESIAN_POINT('',(5.32842852147,3.8,1.06653538402));
#9611 = DIRECTION('',(-6.04903497084E-16,1.,0.));
#9612 = DIRECTION('',(-1.,-6.04903497084E-16,0.));
#9613 = ADVANCED_FACE('',(#9614),#9625,.F.);
#9614 = FACE_BOUND('',#9615,.T.);
#9615 = EDGE_LOOP('',(#9616,#9617,#9623,#9624));
#9616 = ORIENTED_EDGE('',*,*,#9593,.T.);
#9617 = ORIENTED_EDGE('',*,*,#9618,.F.);
#9618 = EDGE_CURVE('',#9523,#9586,#9619,.T.);
#9619 = LINE('',#9620,#9621);
#9620 = CARTESIAN_POINT('',(4.799557024583,-0.8,1.586156570381));
#9621 = VECTOR('',#9622,1.);
#9622 = DIRECTION('',(-6.661338147751E-16,1.,0.));
#9623 = ORIENTED_EDGE('',*,*,#9522,.F.);
#9624 = ORIENTED_EDGE('',*,*,#4886,.T.);
#9625 = PLANE('',#9626);
#9626 = AXIS2_PLACEMENT_3D('',#9627,#9628,#9629);
#9627 = CARTESIAN_POINT('',(5.406609645391,3.4,1.586156570381));
#9628 = DIRECTION('',(2.372698094312E-16,1.580534432874E-31,-1.));
#9629 = DIRECTION('',(1.,6.661338147751E-16,2.372698094312E-16));
#9630 = ADVANCED_FACE('',(#9631),#9664,.F.);
#9631 = FACE_BOUND('',#9632,.T.);
#9632 = EDGE_LOOP('',(#9633,#9641,#9649,#9655,#9656,#9657,#9658,#9659,
    #9660,#9661,#9662,#9663));
#9633 = ORIENTED_EDGE('',*,*,#9634,.T.);
#9634 = EDGE_CURVE('',#5183,#9635,#9637,.T.);
#9635 = VERTEX_POINT('',#9636);
#9636 = CARTESIAN_POINT('',(4.799557024583,2.6,1.586156570381));
#9637 = LINE('',#9638,#9639);
#9638 = CARTESIAN_POINT('',(5.406609645391,2.6,1.586156570381));
#9639 = VECTOR('',#9640,1.);
#9640 = DIRECTION('',(-1.,-6.04903497084E-16,-2.372698094312E-16));
#9641 = ORIENTED_EDGE('',*,*,#9642,.F.);
#9642 = EDGE_CURVE('',#9643,#9635,#9645,.T.);
#9643 = VERTEX_POINT('',#9644);
#9644 = CARTESIAN_POINT('',(4.795681468204,2.6,1.36412609412));
#9645 = LINE('',#9646,#9647);
#9646 = CARTESIAN_POINT('',(4.8,2.6,1.611534615022));
#9647 = VECTOR('',#9648,1.);
#9648 = DIRECTION('',(1.745240643728E-02,1.055702168644E-17,
    0.999847695156));
#9649 = ORIENTED_EDGE('',*,*,#9650,.T.);
#9650 = EDGE_CURVE('',#9643,#4911,#9651,.T.);
#9651 = LINE('',#9652,#9653);
#9652 = CARTESIAN_POINT('',(4.721186049938,2.6,1.36412609412));
#9653 = VECTOR('',#9654,1.);
#9654 = DIRECTION('',(1.,6.04903497084E-16,4.463629535621E-16));
#9655 = ORIENTED_EDGE('',*,*,#4920,.T.);
#9656 = ORIENTED_EDGE('',*,*,#4968,.T.);
#9657 = ORIENTED_EDGE('',*,*,#5000,.T.);
#9658 = ORIENTED_EDGE('',*,*,#5032,.T.);
#9659 = ORIENTED_EDGE('',*,*,#5063,.T.);
#9660 = ORIENTED_EDGE('',*,*,#5094,.T.);
#9661 = ORIENTED_EDGE('',*,*,#5110,.T.);
#9662 = ORIENTED_EDGE('',*,*,#5158,.T.);
#9663 = ORIENTED_EDGE('',*,*,#5190,.T.);
#9664 = PLANE('',#9665);
#9665 = AXIS2_PLACEMENT_3D('',#9666,#9667,#9668);
#9666 = CARTESIAN_POINT('',(5.32842852147,2.6,1.06653538402));
#9667 = DIRECTION('',(-6.04903497084E-16,1.,0.));
#9668 = DIRECTION('',(-1.,-6.04903497084E-16,0.));
#9669 = ADVANCED_FACE('',(#9670),#9688,.F.);
#9670 = FACE_BOUND('',#9671,.T.);
#9671 = EDGE_LOOP('',(#9672,#9673,#9681,#9687));
#9672 = ORIENTED_EDGE('',*,*,#9650,.F.);
#9673 = ORIENTED_EDGE('',*,*,#9674,.F.);
#9674 = EDGE_CURVE('',#9675,#9643,#9677,.T.);
#9675 = VERTEX_POINT('',#9676);
#9676 = CARTESIAN_POINT('',(4.795681468204,3.,1.36412609412));
#9677 = LINE('',#9678,#9679);
#9678 = CARTESIAN_POINT('',(4.795681468204,-1.6,1.36412609412));
#9679 = VECTOR('',#9680,1.);
#9680 = DIRECTION('',(6.661338147751E-16,-1.,0.));
#9681 = ORIENTED_EDGE('',*,*,#9682,.T.);
#9682 = EDGE_CURVE('',#9675,#4913,#9683,.T.);
#9683 = LINE('',#9684,#9685);
#9684 = CARTESIAN_POINT('',(4.721186049938,3.,1.36412609412));
#9685 = VECTOR('',#9686,1.);
#9686 = DIRECTION('',(1.,6.04903497084E-16,4.463629535621E-16));
#9687 = ORIENTED_EDGE('',*,*,#4910,.F.);
#9688 = PLANE('',#9689);
#9689 = AXIS2_PLACEMENT_3D('',#9690,#9691,#9692);
#9690 = CARTESIAN_POINT('',(4.721186049938,2.6,1.36412609412));
#9691 = DIRECTION('',(-4.463629535621E-16,-2.973374570306E-31,1.));
#9692 = DIRECTION('',(-1.,-6.661338147751E-16,-4.463629535621E-16));
#9693 = ADVANCED_FACE('',(#9694),#9720,.T.);
#9694 = FACE_BOUND('',#9695,.T.);
#9695 = EDGE_LOOP('',(#9696,#9704,#9710,#9711,#9712,#9713,#9714,#9715,
    #9716,#9717,#9718,#9719));
#9696 = ORIENTED_EDGE('',*,*,#9697,.T.);
#9697 = EDGE_CURVE('',#9675,#9698,#9700,.T.);
#9698 = VERTEX_POINT('',#9699);
#9699 = CARTESIAN_POINT('',(4.799557024583,3.,1.586156570381));
#9700 = LINE('',#9701,#9702);
#9701 = CARTESIAN_POINT('',(4.8,3.,1.611534615022));
#9702 = VECTOR('',#9703,1.);
#9703 = DIRECTION('',(1.745240643728E-02,1.055702168644E-17,
    0.999847695156));
#9704 = ORIENTED_EDGE('',*,*,#9705,.F.);
#9705 = EDGE_CURVE('',#5174,#9698,#9706,.T.);
#9706 = LINE('',#9707,#9708);
#9707 = CARTESIAN_POINT('',(5.406609645391,3.,1.586156570381));
#9708 = VECTOR('',#9709,1.);
#9709 = DIRECTION('',(-1.,-6.04903497084E-16,-2.372698094312E-16));
#9710 = ORIENTED_EDGE('',*,*,#5173,.F.);
#9711 = ORIENTED_EDGE('',*,*,#5142,.F.);
#9712 = ORIENTED_EDGE('',*,*,#5127,.F.);
#9713 = ORIENTED_EDGE('',*,*,#5078,.F.);
#9714 = ORIENTED_EDGE('',*,*,#5047,.F.);
#9715 = ORIENTED_EDGE('',*,*,#5016,.F.);
#9716 = ORIENTED_EDGE('',*,*,#4983,.F.);
#9717 = ORIENTED_EDGE('',*,*,#4952,.F.);
#9718 = ORIENTED_EDGE('',*,*,#4937,.F.);
#9719 = ORIENTED_EDGE('',*,*,#9682,.F.);
#9720 = PLANE('',#9721);
#9721 = AXIS2_PLACEMENT_3D('',#9722,#9723,#9724);
#9722 = CARTESIAN_POINT('',(5.32842852147,3.,1.06653538402));
#9723 = DIRECTION('',(-6.04903497084E-16,1.,0.));
#9724 = DIRECTION('',(-1.,-6.04903497084E-16,0.));
#9725 = ADVANCED_FACE('',(#9726),#9737,.F.);
#9726 = FACE_BOUND('',#9727,.T.);
#9727 = EDGE_LOOP('',(#9728,#9729,#9735,#9736));
#9728 = ORIENTED_EDGE('',*,*,#9705,.T.);
#9729 = ORIENTED_EDGE('',*,*,#9730,.F.);
#9730 = EDGE_CURVE('',#9635,#9698,#9731,.T.);
#9731 = LINE('',#9732,#9733);
#9732 = CARTESIAN_POINT('',(4.799557024583,-1.6,1.586156570381));
#9733 = VECTOR('',#9734,1.);
#9734 = DIRECTION('',(-6.661338147751E-16,1.,0.));
#9735 = ORIENTED_EDGE('',*,*,#9634,.F.);
#9736 = ORIENTED_EDGE('',*,*,#5182,.T.);
#9737 = PLANE('',#9738);
#9738 = AXIS2_PLACEMENT_3D('',#9739,#9740,#9741);
#9739 = CARTESIAN_POINT('',(5.406609645391,2.6,1.586156570381));
#9740 = DIRECTION('',(2.372698094312E-16,1.580534432874E-31,-1.));
#9741 = DIRECTION('',(1.,6.661338147751E-16,2.372698094312E-16));
#9742 = ADVANCED_FACE('',(#9743),#9776,.F.);
#9743 = FACE_BOUND('',#9744,.T.);
#9744 = EDGE_LOOP('',(#9745,#9753,#9761,#9767,#9768,#9769,#9770,#9771,
    #9772,#9773,#9774,#9775));
#9745 = ORIENTED_EDGE('',*,*,#9746,.T.);
#9746 = EDGE_CURVE('',#5479,#9747,#9749,.T.);
#9747 = VERTEX_POINT('',#9748);
#9748 = CARTESIAN_POINT('',(4.799557024583,1.8,1.586156570381));
#9749 = LINE('',#9750,#9751);
#9750 = CARTESIAN_POINT('',(5.406609645391,1.8,1.586156570381));
#9751 = VECTOR('',#9752,1.);
#9752 = DIRECTION('',(-1.,-6.04903497084E-16,-2.372698094312E-16));
#9753 = ORIENTED_EDGE('',*,*,#9754,.F.);
#9754 = EDGE_CURVE('',#9755,#9747,#9757,.T.);
#9755 = VERTEX_POINT('',#9756);
#9756 = CARTESIAN_POINT('',(4.795681468204,1.8,1.36412609412));
#9757 = LINE('',#9758,#9759);
#9758 = CARTESIAN_POINT('',(4.8,1.8,1.611534615022));
#9759 = VECTOR('',#9760,1.);
#9760 = DIRECTION('',(1.745240643728E-02,1.055702168644E-17,
    0.999847695156));
#9761 = ORIENTED_EDGE('',*,*,#9762,.T.);
#9762 = EDGE_CURVE('',#9755,#5207,#9763,.T.);
#9763 = LINE('',#9764,#9765);
#9764 = CARTESIAN_POINT('',(4.721186049938,1.8,1.36412609412));
#9765 = VECTOR('',#9766,1.);
#9766 = DIRECTION('',(1.,6.04903497084E-16,4.463629535621E-16));
#9767 = ORIENTED_EDGE('',*,*,#5216,.T.);
#9768 = ORIENTED_EDGE('',*,*,#5264,.T.);
#9769 = ORIENTED_EDGE('',*,*,#5296,.T.);
#9770 = ORIENTED_EDGE('',*,*,#5328,.T.);
#9771 = ORIENTED_EDGE('',*,*,#5359,.T.);
#9772 = ORIENTED_EDGE('',*,*,#5390,.T.);
#9773 = ORIENTED_EDGE('',*,*,#5406,.T.);
#9774 = ORIENTED_EDGE('',*,*,#5454,.T.);
#9775 = ORIENTED_EDGE('',*,*,#5486,.T.);
#9776 = PLANE('',#9777);
#9777 = AXIS2_PLACEMENT_3D('',#9778,#9779,#9780);
#9778 = CARTESIAN_POINT('',(5.32842852147,1.8,1.06653538402));
#9779 = DIRECTION('',(-6.04903497084E-16,1.,0.));
#9780 = DIRECTION('',(-1.,-6.04903497084E-16,0.));
#9781 = ADVANCED_FACE('',(#9782),#9800,.F.);
#9782 = FACE_BOUND('',#9783,.T.);
#9783 = EDGE_LOOP('',(#9784,#9785,#9793,#9799));
#9784 = ORIENTED_EDGE('',*,*,#9762,.F.);
#9785 = ORIENTED_EDGE('',*,*,#9786,.F.);
#9786 = EDGE_CURVE('',#9787,#9755,#9789,.T.);
#9787 = VERTEX_POINT('',#9788);
#9788 = CARTESIAN_POINT('',(4.795681468204,2.2,1.36412609412));
#9789 = LINE('',#9790,#9791);
#9790 = CARTESIAN_POINT('',(4.795681468204,-2.4,1.36412609412));
#9791 = VECTOR('',#9792,1.);
#9792 = DIRECTION('',(6.661338147751E-16,-1.,0.));
#9793 = ORIENTED_EDGE('',*,*,#9794,.T.);
#9794 = EDGE_CURVE('',#9787,#5209,#9795,.T.);
#9795 = LINE('',#9796,#9797);
#9796 = CARTESIAN_POINT('',(4.721186049938,2.2,1.36412609412));
#9797 = VECTOR('',#9798,1.);
#9798 = DIRECTION('',(1.,6.04903497084E-16,4.463629535621E-16));
#9799 = ORIENTED_EDGE('',*,*,#5206,.F.);
#9800 = PLANE('',#9801);
#9801 = AXIS2_PLACEMENT_3D('',#9802,#9803,#9804);
#9802 = CARTESIAN_POINT('',(4.721186049938,1.8,1.36412609412));
#9803 = DIRECTION('',(-4.463629535621E-16,-2.973374570306E-31,1.));
#9804 = DIRECTION('',(-1.,-6.661338147751E-16,-4.463629535621E-16));
#9805 = ADVANCED_FACE('',(#9806),#9832,.T.);
#9806 = FACE_BOUND('',#9807,.T.);
#9807 = EDGE_LOOP('',(#9808,#9816,#9822,#9823,#9824,#9825,#9826,#9827,
    #9828,#9829,#9830,#9831));
#9808 = ORIENTED_EDGE('',*,*,#9809,.T.);
#9809 = EDGE_CURVE('',#9787,#9810,#9812,.T.);
#9810 = VERTEX_POINT('',#9811);
#9811 = CARTESIAN_POINT('',(4.799557024583,2.2,1.586156570381));
#9812 = LINE('',#9813,#9814);
#9813 = CARTESIAN_POINT('',(4.8,2.2,1.611534615022));
#9814 = VECTOR('',#9815,1.);
#9815 = DIRECTION('',(1.745240643728E-02,1.055702168644E-17,
    0.999847695156));
#9816 = ORIENTED_EDGE('',*,*,#9817,.F.);
#9817 = EDGE_CURVE('',#5470,#9810,#9818,.T.);
#9818 = LINE('',#9819,#9820);
#9819 = CARTESIAN_POINT('',(5.406609645391,2.2,1.586156570381));
#9820 = VECTOR('',#9821,1.);
#9821 = DIRECTION('',(-1.,-6.04903497084E-16,-2.372698094312E-16));
#9822 = ORIENTED_EDGE('',*,*,#5469,.F.);
#9823 = ORIENTED_EDGE('',*,*,#5438,.F.);
#9824 = ORIENTED_EDGE('',*,*,#5423,.F.);
#9825 = ORIENTED_EDGE('',*,*,#5374,.F.);
#9826 = ORIENTED_EDGE('',*,*,#5343,.F.);
#9827 = ORIENTED_EDGE('',*,*,#5312,.F.);
#9828 = ORIENTED_EDGE('',*,*,#5279,.F.);
#9829 = ORIENTED_EDGE('',*,*,#5248,.F.);
#9830 = ORIENTED_EDGE('',*,*,#5233,.F.);
#9831 = ORIENTED_EDGE('',*,*,#9794,.F.);
#9832 = PLANE('',#9833);
#9833 = AXIS2_PLACEMENT_3D('',#9834,#9835,#9836);
#9834 = CARTESIAN_POINT('',(5.32842852147,2.2,1.06653538402));
#9835 = DIRECTION('',(-6.04903497084E-16,1.,0.));
#9836 = DIRECTION('',(-1.,-6.04903497084E-16,0.));
#9837 = ADVANCED_FACE('',(#9838),#9849,.F.);
#9838 = FACE_BOUND('',#9839,.T.);
#9839 = EDGE_LOOP('',(#9840,#9841,#9847,#9848));
#9840 = ORIENTED_EDGE('',*,*,#9817,.T.);
#9841 = ORIENTED_EDGE('',*,*,#9842,.F.);
#9842 = EDGE_CURVE('',#9747,#9810,#9843,.T.);
#9843 = LINE('',#9844,#9845);
#9844 = CARTESIAN_POINT('',(4.799557024583,-2.4,1.586156570381));
#9845 = VECTOR('',#9846,1.);
#9846 = DIRECTION('',(-6.661338147751E-16,1.,0.));
#9847 = ORIENTED_EDGE('',*,*,#9746,.F.);
#9848 = ORIENTED_EDGE('',*,*,#5478,.T.);
#9849 = PLANE('',#9850);
#9850 = AXIS2_PLACEMENT_3D('',#9851,#9852,#9853);
#9851 = CARTESIAN_POINT('',(5.406609645391,1.8,1.586156570381));
#9852 = DIRECTION('',(2.372698094312E-16,1.580534432874E-31,-1.));
#9853 = DIRECTION('',(1.,6.661338147751E-16,2.372698094312E-16));
#9854 = ADVANCED_FACE('',(#9855),#9888,.F.);
#9855 = FACE_BOUND('',#9856,.T.);
#9856 = EDGE_LOOP('',(#9857,#9865,#9873,#9879,#9880,#9881,#9882,#9883,
    #9884,#9885,#9886,#9887));
#9857 = ORIENTED_EDGE('',*,*,#9858,.T.);
#9858 = EDGE_CURVE('',#5775,#9859,#9861,.T.);
#9859 = VERTEX_POINT('',#9860);
#9860 = CARTESIAN_POINT('',(4.799557024583,1.,1.586156570381));
#9861 = LINE('',#9862,#9863);
#9862 = CARTESIAN_POINT('',(5.406609645391,1.,1.586156570381));
#9863 = VECTOR('',#9864,1.);
#9864 = DIRECTION('',(-1.,-6.04903497084E-16,-2.372698094312E-16));
#9865 = ORIENTED_EDGE('',*,*,#9866,.F.);
#9866 = EDGE_CURVE('',#9867,#9859,#9869,.T.);
#9867 = VERTEX_POINT('',#9868);
#9868 = CARTESIAN_POINT('',(4.795681468204,1.,1.36412609412));
#9869 = LINE('',#9870,#9871);
#9870 = CARTESIAN_POINT('',(4.8,1.,1.611534615022));
#9871 = VECTOR('',#9872,1.);
#9872 = DIRECTION('',(1.745240643728E-02,1.055702168644E-17,
    0.999847695156));
#9873 = ORIENTED_EDGE('',*,*,#9874,.T.);
#9874 = EDGE_CURVE('',#9867,#5503,#9875,.T.);
#9875 = LINE('',#9876,#9877);
#9876 = CARTESIAN_POINT('',(4.721186049938,1.,1.36412609412));
#9877 = VECTOR('',#9878,1.);
#9878 = DIRECTION('',(1.,6.04903497084E-16,4.463629535621E-16));
#9879 = ORIENTED_EDGE('',*,*,#5512,.T.);
#9880 = ORIENTED_EDGE('',*,*,#5560,.T.);
#9881 = ORIENTED_EDGE('',*,*,#5592,.T.);
#9882 = ORIENTED_EDGE('',*,*,#5624,.T.);
#9883 = ORIENTED_EDGE('',*,*,#5655,.T.);
#9884 = ORIENTED_EDGE('',*,*,#5686,.T.);
#9885 = ORIENTED_EDGE('',*,*,#5702,.T.);
#9886 = ORIENTED_EDGE('',*,*,#5750,.T.);
#9887 = ORIENTED_EDGE('',*,*,#5782,.T.);
#9888 = PLANE('',#9889);
#9889 = AXIS2_PLACEMENT_3D('',#9890,#9891,#9892);
#9890 = CARTESIAN_POINT('',(5.32842852147,1.,1.06653538402));
#9891 = DIRECTION('',(-6.04903497084E-16,1.,0.));
#9892 = DIRECTION('',(-1.,-6.04903497084E-16,0.));
#9893 = ADVANCED_FACE('',(#9894),#9912,.F.);
#9894 = FACE_BOUND('',#9895,.T.);
#9895 = EDGE_LOOP('',(#9896,#9897,#9905,#9911));
#9896 = ORIENTED_EDGE('',*,*,#9874,.F.);
#9897 = ORIENTED_EDGE('',*,*,#9898,.F.);
#9898 = EDGE_CURVE('',#9899,#9867,#9901,.T.);
#9899 = VERTEX_POINT('',#9900);
#9900 = CARTESIAN_POINT('',(4.795681468204,1.4,1.36412609412));
#9901 = LINE('',#9902,#9903);
#9902 = CARTESIAN_POINT('',(4.795681468204,-3.2,1.36412609412));
#9903 = VECTOR('',#9904,1.);
#9904 = DIRECTION('',(6.661338147751E-16,-1.,0.));
#9905 = ORIENTED_EDGE('',*,*,#9906,.T.);
#9906 = EDGE_CURVE('',#9899,#5505,#9907,.T.);
#9907 = LINE('',#9908,#9909);
#9908 = CARTESIAN_POINT('',(4.721186049938,1.4,1.36412609412));
#9909 = VECTOR('',#9910,1.);
#9910 = DIRECTION('',(1.,6.04903497084E-16,4.463629535621E-16));
#9911 = ORIENTED_EDGE('',*,*,#5502,.F.);
#9912 = PLANE('',#9913);
#9913 = AXIS2_PLACEMENT_3D('',#9914,#9915,#9916);
#9914 = CARTESIAN_POINT('',(4.721186049938,1.,1.36412609412));
#9915 = DIRECTION('',(-4.463629535621E-16,-2.973374570306E-31,1.));
#9916 = DIRECTION('',(-1.,-6.661338147751E-16,-4.463629535621E-16));
#9917 = ADVANCED_FACE('',(#9918),#9944,.T.);
#9918 = FACE_BOUND('',#9919,.T.);
#9919 = EDGE_LOOP('',(#9920,#9928,#9934,#9935,#9936,#9937,#9938,#9939,
    #9940,#9941,#9942,#9943));
#9920 = ORIENTED_EDGE('',*,*,#9921,.T.);
#9921 = EDGE_CURVE('',#9899,#9922,#9924,.T.);
#9922 = VERTEX_POINT('',#9923);
#9923 = CARTESIAN_POINT('',(4.799557024583,1.4,1.586156570381));
#9924 = LINE('',#9925,#9926);
#9925 = CARTESIAN_POINT('',(4.8,1.4,1.611534615022));
#9926 = VECTOR('',#9927,1.);
#9927 = DIRECTION('',(1.745240643728E-02,1.055702168644E-17,
    0.999847695156));
#9928 = ORIENTED_EDGE('',*,*,#9929,.F.);
#9929 = EDGE_CURVE('',#5766,#9922,#9930,.T.);
#9930 = LINE('',#9931,#9932);
#9931 = CARTESIAN_POINT('',(5.406609645391,1.4,1.586156570381));
#9932 = VECTOR('',#9933,1.);
#9933 = DIRECTION('',(-1.,-6.04903497084E-16,-2.372698094312E-16));
#9934 = ORIENTED_EDGE('',*,*,#5765,.F.);
#9935 = ORIENTED_EDGE('',*,*,#5734,.F.);
#9936 = ORIENTED_EDGE('',*,*,#5719,.F.);
#9937 = ORIENTED_EDGE('',*,*,#5670,.F.);
#9938 = ORIENTED_EDGE('',*,*,#5639,.F.);
#9939 = ORIENTED_EDGE('',*,*,#5608,.F.);
#9940 = ORIENTED_EDGE('',*,*,#5575,.F.);
#9941 = ORIENTED_EDGE('',*,*,#5544,.F.);
#9942 = ORIENTED_EDGE('',*,*,#5529,.F.);
#9943 = ORIENTED_EDGE('',*,*,#9906,.F.);
#9944 = PLANE('',#9945);
#9945 = AXIS2_PLACEMENT_3D('',#9946,#9947,#9948);
#9946 = CARTESIAN_POINT('',(5.32842852147,1.4,1.06653538402));
#9947 = DIRECTION('',(-6.04903497084E-16,1.,0.));
#9948 = DIRECTION('',(-1.,-6.04903497084E-16,0.));
#9949 = ADVANCED_FACE('',(#9950),#9961,.F.);
#9950 = FACE_BOUND('',#9951,.T.);
#9951 = EDGE_LOOP('',(#9952,#9953,#9959,#9960));
#9952 = ORIENTED_EDGE('',*,*,#9929,.T.);
#9953 = ORIENTED_EDGE('',*,*,#9954,.F.);
#9954 = EDGE_CURVE('',#9859,#9922,#9955,.T.);
#9955 = LINE('',#9956,#9957);
#9956 = CARTESIAN_POINT('',(4.799557024583,-3.2,1.586156570381));
#9957 = VECTOR('',#9958,1.);
#9958 = DIRECTION('',(-6.661338147751E-16,1.,0.));
#9959 = ORIENTED_EDGE('',*,*,#9858,.F.);
#9960 = ORIENTED_EDGE('',*,*,#5774,.T.);
#9961 = PLANE('',#9962);
#9962 = AXIS2_PLACEMENT_3D('',#9963,#9964,#9965);
#9963 = CARTESIAN_POINT('',(5.406609645391,1.,1.586156570381));
#9964 = DIRECTION('',(2.372698094312E-16,1.580534432874E-31,-1.));
#9965 = DIRECTION('',(1.,6.661338147751E-16,2.372698094312E-16));
#9966 = ADVANCED_FACE('',(#9967),#10000,.F.);
#9967 = FACE_BOUND('',#9968,.T.);
#9968 = EDGE_LOOP('',(#9969,#9977,#9985,#9991,#9992,#9993,#9994,#9995,
    #9996,#9997,#9998,#9999));
#9969 = ORIENTED_EDGE('',*,*,#9970,.T.);
#9970 = EDGE_CURVE('',#6071,#9971,#9973,.T.);
#9971 = VERTEX_POINT('',#9972);
#9972 = CARTESIAN_POINT('',(4.799557024583,0.2,1.586156570381));
#9973 = LINE('',#9974,#9975);
#9974 = CARTESIAN_POINT('',(5.406609645391,0.2,1.586156570381));
#9975 = VECTOR('',#9976,1.);
#9976 = DIRECTION('',(-1.,-6.04903497084E-16,-2.372698094312E-16));
#9977 = ORIENTED_EDGE('',*,*,#9978,.F.);
#9978 = EDGE_CURVE('',#9979,#9971,#9981,.T.);
#9979 = VERTEX_POINT('',#9980);
#9980 = CARTESIAN_POINT('',(4.795681468204,0.2,1.36412609412));
#9981 = LINE('',#9982,#9983);
#9982 = CARTESIAN_POINT('',(4.8,0.2,1.611534615022));
#9983 = VECTOR('',#9984,1.);
#9984 = DIRECTION('',(1.745240643728E-02,1.055702168644E-17,
    0.999847695156));
#9985 = ORIENTED_EDGE('',*,*,#9986,.T.);
#9986 = EDGE_CURVE('',#9979,#5799,#9987,.T.);
#9987 = LINE('',#9988,#9989);
#9988 = CARTESIAN_POINT('',(4.721186049938,0.2,1.36412609412));
#9989 = VECTOR('',#9990,1.);
#9990 = DIRECTION('',(1.,6.04903497084E-16,4.463629535621E-16));
#9991 = ORIENTED_EDGE('',*,*,#5808,.T.);
#9992 = ORIENTED_EDGE('',*,*,#5856,.T.);
#9993 = ORIENTED_EDGE('',*,*,#5888,.T.);
#9994 = ORIENTED_EDGE('',*,*,#5920,.T.);
#9995 = ORIENTED_EDGE('',*,*,#5951,.T.);
#9996 = ORIENTED_EDGE('',*,*,#5982,.T.);
#9997 = ORIENTED_EDGE('',*,*,#5998,.T.);
#9998 = ORIENTED_EDGE('',*,*,#6046,.T.);
#9999 = ORIENTED_EDGE('',*,*,#6078,.T.);
#10000 = PLANE('',#10001);
#10001 = AXIS2_PLACEMENT_3D('',#10002,#10003,#10004);
#10002 = CARTESIAN_POINT('',(5.32842852147,0.2,1.06653538402));
#10003 = DIRECTION('',(-6.04903497084E-16,1.,0.));
#10004 = DIRECTION('',(-1.,-6.04903497084E-16,0.));
#10005 = ADVANCED_FACE('',(#10006),#10024,.F.);
#10006 = FACE_BOUND('',#10007,.T.);
#10007 = EDGE_LOOP('',(#10008,#10009,#10017,#10023));
#10008 = ORIENTED_EDGE('',*,*,#9986,.F.);
#10009 = ORIENTED_EDGE('',*,*,#10010,.F.);
#10010 = EDGE_CURVE('',#10011,#9979,#10013,.T.);
#10011 = VERTEX_POINT('',#10012);
#10012 = CARTESIAN_POINT('',(4.795681468204,0.6,1.36412609412));
#10013 = LINE('',#10014,#10015);
#10014 = CARTESIAN_POINT('',(4.795681468204,-4.,1.36412609412));
#10015 = VECTOR('',#10016,1.);
#10016 = DIRECTION('',(6.661338147751E-16,-1.,0.));
#10017 = ORIENTED_EDGE('',*,*,#10018,.T.);
#10018 = EDGE_CURVE('',#10011,#5801,#10019,.T.);
#10019 = LINE('',#10020,#10021);
#10020 = CARTESIAN_POINT('',(4.721186049938,0.6,1.36412609412));
#10021 = VECTOR('',#10022,1.);
#10022 = DIRECTION('',(1.,6.04903497084E-16,4.463629535621E-16));
#10023 = ORIENTED_EDGE('',*,*,#5798,.F.);
#10024 = PLANE('',#10025);
#10025 = AXIS2_PLACEMENT_3D('',#10026,#10027,#10028);
#10026 = CARTESIAN_POINT('',(4.721186049938,0.2,1.36412609412));
#10027 = DIRECTION('',(-4.463629535621E-16,-2.973374570306E-31,1.));
#10028 = DIRECTION('',(-1.,-6.661338147751E-16,-4.463629535621E-16));
#10029 = ADVANCED_FACE('',(#10030),#10056,.T.);
#10030 = FACE_BOUND('',#10031,.T.);
#10031 = EDGE_LOOP('',(#10032,#10040,#10046,#10047,#10048,#10049,#10050,
    #10051,#10052,#10053,#10054,#10055));
#10032 = ORIENTED_EDGE('',*,*,#10033,.T.);
#10033 = EDGE_CURVE('',#10011,#10034,#10036,.T.);
#10034 = VERTEX_POINT('',#10035);
#10035 = CARTESIAN_POINT('',(4.799557024583,0.6,1.586156570381));
#10036 = LINE('',#10037,#10038);
#10037 = CARTESIAN_POINT('',(4.8,0.6,1.611534615022));
#10038 = VECTOR('',#10039,1.);
#10039 = DIRECTION('',(1.745240643728E-02,1.055702168644E-17,
    0.999847695156));
#10040 = ORIENTED_EDGE('',*,*,#10041,.F.);
#10041 = EDGE_CURVE('',#6062,#10034,#10042,.T.);
#10042 = LINE('',#10043,#10044);
#10043 = CARTESIAN_POINT('',(5.406609645391,0.6,1.586156570381));
#10044 = VECTOR('',#10045,1.);
#10045 = DIRECTION('',(-1.,-6.04903497084E-16,-2.372698094312E-16));
#10046 = ORIENTED_EDGE('',*,*,#6061,.F.);
#10047 = ORIENTED_EDGE('',*,*,#6030,.F.);
#10048 = ORIENTED_EDGE('',*,*,#6015,.F.);
#10049 = ORIENTED_EDGE('',*,*,#5966,.F.);
#10050 = ORIENTED_EDGE('',*,*,#5935,.F.);
#10051 = ORIENTED_EDGE('',*,*,#5904,.F.);
#10052 = ORIENTED_EDGE('',*,*,#5871,.F.);
#10053 = ORIENTED_EDGE('',*,*,#5840,.F.);
#10054 = ORIENTED_EDGE('',*,*,#5825,.F.);
#10055 = ORIENTED_EDGE('',*,*,#10018,.F.);
#10056 = PLANE('',#10057);
#10057 = AXIS2_PLACEMENT_3D('',#10058,#10059,#10060);
#10058 = CARTESIAN_POINT('',(5.32842852147,0.6,1.06653538402));
#10059 = DIRECTION('',(-6.04903497084E-16,1.,0.));
#10060 = DIRECTION('',(-1.,-6.04903497084E-16,0.));
#10061 = ADVANCED_FACE('',(#10062),#10073,.F.);
#10062 = FACE_BOUND('',#10063,.T.);
#10063 = EDGE_LOOP('',(#10064,#10065,#10071,#10072));
#10064 = ORIENTED_EDGE('',*,*,#10041,.T.);
#10065 = ORIENTED_EDGE('',*,*,#10066,.F.);
#10066 = EDGE_CURVE('',#9971,#10034,#10067,.T.);
#10067 = LINE('',#10068,#10069);
#10068 = CARTESIAN_POINT('',(4.799557024583,-4.,1.586156570381));
#10069 = VECTOR('',#10070,1.);
#10070 = DIRECTION('',(-6.661338147751E-16,1.,0.));
#10071 = ORIENTED_EDGE('',*,*,#9970,.F.);
#10072 = ORIENTED_EDGE('',*,*,#6070,.T.);
#10073 = PLANE('',#10074);
#10074 = AXIS2_PLACEMENT_3D('',#10075,#10076,#10077);
#10075 = CARTESIAN_POINT('',(5.406609645391,0.2,1.586156570381));
#10076 = DIRECTION('',(2.372698094312E-16,1.580534432874E-31,-1.));
#10077 = DIRECTION('',(1.,6.661338147751E-16,2.372698094312E-16));
#10078 = ADVANCED_FACE('',(#10079),#10112,.F.);
#10079 = FACE_BOUND('',#10080,.T.);
#10080 = EDGE_LOOP('',(#10081,#10089,#10097,#10103,#10104,#10105,#10106,
    #10107,#10108,#10109,#10110,#10111));
#10081 = ORIENTED_EDGE('',*,*,#10082,.T.);
#10082 = EDGE_CURVE('',#6367,#10083,#10085,.T.);
#10083 = VERTEX_POINT('',#10084);
#10084 = CARTESIAN_POINT('',(4.799557024583,-0.6,1.586156570381));
#10085 = LINE('',#10086,#10087);
#10086 = CARTESIAN_POINT('',(5.406609645391,-0.6,1.586156570381));
#10087 = VECTOR('',#10088,1.);
#10088 = DIRECTION('',(-1.,-6.04903497084E-16,-2.372698094312E-16));
#10089 = ORIENTED_EDGE('',*,*,#10090,.F.);
#10090 = EDGE_CURVE('',#10091,#10083,#10093,.T.);
#10091 = VERTEX_POINT('',#10092);
#10092 = CARTESIAN_POINT('',(4.795681468204,-0.6,1.36412609412));
#10093 = LINE('',#10094,#10095);
#10094 = CARTESIAN_POINT('',(4.8,-0.6,1.611534615022));
#10095 = VECTOR('',#10096,1.);
#10096 = DIRECTION('',(1.745240643728E-02,1.055702168644E-17,
    0.999847695156));
#10097 = ORIENTED_EDGE('',*,*,#10098,.T.);
#10098 = EDGE_CURVE('',#10091,#6095,#10099,.T.);
#10099 = LINE('',#10100,#10101);
#10100 = CARTESIAN_POINT('',(4.721186049938,-0.6,1.36412609412));
#10101 = VECTOR('',#10102,1.);
#10102 = DIRECTION('',(1.,6.04903497084E-16,4.463629535621E-16));
#10103 = ORIENTED_EDGE('',*,*,#6104,.T.);
#10104 = ORIENTED_EDGE('',*,*,#6152,.T.);
#10105 = ORIENTED_EDGE('',*,*,#6184,.T.);
#10106 = ORIENTED_EDGE('',*,*,#6216,.T.);
#10107 = ORIENTED_EDGE('',*,*,#6247,.T.);
#10108 = ORIENTED_EDGE('',*,*,#6278,.T.);
#10109 = ORIENTED_EDGE('',*,*,#6294,.T.);
#10110 = ORIENTED_EDGE('',*,*,#6342,.T.);
#10111 = ORIENTED_EDGE('',*,*,#6374,.T.);
#10112 = PLANE('',#10113);
#10113 = AXIS2_PLACEMENT_3D('',#10114,#10115,#10116);
#10114 = CARTESIAN_POINT('',(5.32842852147,-0.6,1.06653538402));
#10115 = DIRECTION('',(-6.04903497084E-16,1.,0.));
#10116 = DIRECTION('',(-1.,-6.04903497084E-16,0.));
#10117 = ADVANCED_FACE('',(#10118),#10136,.F.);
#10118 = FACE_BOUND('',#10119,.T.);
#10119 = EDGE_LOOP('',(#10120,#10121,#10129,#10135));
#10120 = ORIENTED_EDGE('',*,*,#10098,.F.);
#10121 = ORIENTED_EDGE('',*,*,#10122,.F.);
#10122 = EDGE_CURVE('',#10123,#10091,#10125,.T.);
#10123 = VERTEX_POINT('',#10124);
#10124 = CARTESIAN_POINT('',(4.795681468204,-0.2,1.36412609412));
#10125 = LINE('',#10126,#10127);
#10126 = CARTESIAN_POINT('',(4.795681468204,-4.8,1.36412609412));
#10127 = VECTOR('',#10128,1.);
#10128 = DIRECTION('',(6.661338147751E-16,-1.,0.));
#10129 = ORIENTED_EDGE('',*,*,#10130,.T.);
#10130 = EDGE_CURVE('',#10123,#6097,#10131,.T.);
#10131 = LINE('',#10132,#10133);
#10132 = CARTESIAN_POINT('',(4.721186049938,-0.2,1.36412609412));
#10133 = VECTOR('',#10134,1.);
#10134 = DIRECTION('',(1.,6.04903497084E-16,4.463629535621E-16));
#10135 = ORIENTED_EDGE('',*,*,#6094,.F.);
#10136 = PLANE('',#10137);
#10137 = AXIS2_PLACEMENT_3D('',#10138,#10139,#10140);
#10138 = CARTESIAN_POINT('',(4.721186049938,-0.6,1.36412609412));
#10139 = DIRECTION('',(-4.463629535621E-16,-2.973374570306E-31,1.));
#10140 = DIRECTION('',(-1.,-6.661338147751E-16,-4.463629535621E-16));
#10141 = ADVANCED_FACE('',(#10142),#10168,.T.);
#10142 = FACE_BOUND('',#10143,.T.);
#10143 = EDGE_LOOP('',(#10144,#10152,#10158,#10159,#10160,#10161,#10162,
    #10163,#10164,#10165,#10166,#10167));
#10144 = ORIENTED_EDGE('',*,*,#10145,.T.);
#10145 = EDGE_CURVE('',#10123,#10146,#10148,.T.);
#10146 = VERTEX_POINT('',#10147);
#10147 = CARTESIAN_POINT('',(4.799557024583,-0.2,1.586156570381));
#10148 = LINE('',#10149,#10150);
#10149 = CARTESIAN_POINT('',(4.8,-0.2,1.611534615022));
#10150 = VECTOR('',#10151,1.);
#10151 = DIRECTION('',(1.745240643728E-02,1.055702168644E-17,
    0.999847695156));
#10152 = ORIENTED_EDGE('',*,*,#10153,.F.);
#10153 = EDGE_CURVE('',#6358,#10146,#10154,.T.);
#10154 = LINE('',#10155,#10156);
#10155 = CARTESIAN_POINT('',(5.406609645391,-0.2,1.586156570381));
#10156 = VECTOR('',#10157,1.);
#10157 = DIRECTION('',(-1.,-6.04903497084E-16,-2.372698094312E-16));
#10158 = ORIENTED_EDGE('',*,*,#6357,.F.);
#10159 = ORIENTED_EDGE('',*,*,#6326,.F.);
#10160 = ORIENTED_EDGE('',*,*,#6311,.F.);
#10161 = ORIENTED_EDGE('',*,*,#6262,.F.);
#10162 = ORIENTED_EDGE('',*,*,#6231,.F.);
#10163 = ORIENTED_EDGE('',*,*,#6200,.F.);
#10164 = ORIENTED_EDGE('',*,*,#6167,.F.);
#10165 = ORIENTED_EDGE('',*,*,#6136,.F.);
#10166 = ORIENTED_EDGE('',*,*,#6121,.F.);
#10167 = ORIENTED_EDGE('',*,*,#10130,.F.);
#10168 = PLANE('',#10169);
#10169 = AXIS2_PLACEMENT_3D('',#10170,#10171,#10172);
#10170 = CARTESIAN_POINT('',(5.32842852147,-0.2,1.06653538402));
#10171 = DIRECTION('',(-6.04903497084E-16,1.,0.));
#10172 = DIRECTION('',(-1.,-6.04903497084E-16,0.));
#10173 = ADVANCED_FACE('',(#10174),#10185,.F.);
#10174 = FACE_BOUND('',#10175,.T.);
#10175 = EDGE_LOOP('',(#10176,#10177,#10183,#10184));
#10176 = ORIENTED_EDGE('',*,*,#10153,.T.);
#10177 = ORIENTED_EDGE('',*,*,#10178,.F.);
#10178 = EDGE_CURVE('',#10083,#10146,#10179,.T.);
#10179 = LINE('',#10180,#10181);
#10180 = CARTESIAN_POINT('',(4.799557024583,-4.8,1.586156570381));
#10181 = VECTOR('',#10182,1.);
#10182 = DIRECTION('',(-6.661338147751E-16,1.,0.));
#10183 = ORIENTED_EDGE('',*,*,#10082,.F.);
#10184 = ORIENTED_EDGE('',*,*,#6366,.T.);
#10185 = PLANE('',#10186);
#10186 = AXIS2_PLACEMENT_3D('',#10187,#10188,#10189);
#10187 = CARTESIAN_POINT('',(5.406609645391,-0.6,1.586156570381));
#10188 = DIRECTION('',(2.372698094312E-16,1.580534432874E-31,-1.));
#10189 = DIRECTION('',(1.,6.661338147751E-16,2.372698094312E-16));
#10190 = ADVANCED_FACE('',(#10191),#10224,.F.);
#10191 = FACE_BOUND('',#10192,.T.);
#10192 = EDGE_LOOP('',(#10193,#10201,#10209,#10215,#10216,#10217,#10218,
    #10219,#10220,#10221,#10222,#10223));
#10193 = ORIENTED_EDGE('',*,*,#10194,.T.);
#10194 = EDGE_CURVE('',#6663,#10195,#10197,.T.);
#10195 = VERTEX_POINT('',#10196);
#10196 = CARTESIAN_POINT('',(4.799557024583,-1.4,1.586156570381));
#10197 = LINE('',#10198,#10199);
#10198 = CARTESIAN_POINT('',(5.406609645391,-1.4,1.586156570381));
#10199 = VECTOR('',#10200,1.);
#10200 = DIRECTION('',(-1.,-6.04903497084E-16,-2.372698094312E-16));
#10201 = ORIENTED_EDGE('',*,*,#10202,.F.);
#10202 = EDGE_CURVE('',#10203,#10195,#10205,.T.);
#10203 = VERTEX_POINT('',#10204);
#10204 = CARTESIAN_POINT('',(4.795681468204,-1.4,1.36412609412));
#10205 = LINE('',#10206,#10207);
#10206 = CARTESIAN_POINT('',(4.8,-1.4,1.611534615022));
#10207 = VECTOR('',#10208,1.);
#10208 = DIRECTION('',(1.745240643728E-02,1.055702168644E-17,
    0.999847695156));
#10209 = ORIENTED_EDGE('',*,*,#10210,.T.);
#10210 = EDGE_CURVE('',#10203,#6391,#10211,.T.);
#10211 = LINE('',#10212,#10213);
#10212 = CARTESIAN_POINT('',(4.721186049938,-1.4,1.36412609412));
#10213 = VECTOR('',#10214,1.);
#10214 = DIRECTION('',(1.,6.04903497084E-16,4.463629535621E-16));
#10215 = ORIENTED_EDGE('',*,*,#6400,.T.);
#10216 = ORIENTED_EDGE('',*,*,#6448,.T.);
#10217 = ORIENTED_EDGE('',*,*,#6480,.T.);
#10218 = ORIENTED_EDGE('',*,*,#6512,.T.);
#10219 = ORIENTED_EDGE('',*,*,#6543,.T.);
#10220 = ORIENTED_EDGE('',*,*,#6574,.T.);
#10221 = ORIENTED_EDGE('',*,*,#6590,.T.);
#10222 = ORIENTED_EDGE('',*,*,#6638,.T.);
#10223 = ORIENTED_EDGE('',*,*,#6670,.T.);
#10224 = PLANE('',#10225);
#10225 = AXIS2_PLACEMENT_3D('',#10226,#10227,#10228);
#10226 = CARTESIAN_POINT('',(5.32842852147,-1.4,1.06653538402));
#10227 = DIRECTION('',(-6.04903497084E-16,1.,0.));
#10228 = DIRECTION('',(-1.,-6.04903497084E-16,0.));
#10229 = ADVANCED_FACE('',(#10230),#10248,.F.);
#10230 = FACE_BOUND('',#10231,.T.);
#10231 = EDGE_LOOP('',(#10232,#10233,#10241,#10247));
#10232 = ORIENTED_EDGE('',*,*,#10210,.F.);
#10233 = ORIENTED_EDGE('',*,*,#10234,.F.);
#10234 = EDGE_CURVE('',#10235,#10203,#10237,.T.);
#10235 = VERTEX_POINT('',#10236);
#10236 = CARTESIAN_POINT('',(4.795681468204,-1.,1.36412609412));
#10237 = LINE('',#10238,#10239);
#10238 = CARTESIAN_POINT('',(4.795681468204,-5.6,1.36412609412));
#10239 = VECTOR('',#10240,1.);
#10240 = DIRECTION('',(6.661338147751E-16,-1.,0.));
#10241 = ORIENTED_EDGE('',*,*,#10242,.T.);
#10242 = EDGE_CURVE('',#10235,#6393,#10243,.T.);
#10243 = LINE('',#10244,#10245);
#10244 = CARTESIAN_POINT('',(4.721186049938,-1.,1.36412609412));
#10245 = VECTOR('',#10246,1.);
#10246 = DIRECTION('',(1.,6.04903497084E-16,4.463629535621E-16));
#10247 = ORIENTED_EDGE('',*,*,#6390,.F.);
#10248 = PLANE('',#10249);
#10249 = AXIS2_PLACEMENT_3D('',#10250,#10251,#10252);
#10250 = CARTESIAN_POINT('',(4.721186049938,-1.4,1.36412609412));
#10251 = DIRECTION('',(-4.463629535621E-16,-2.973374570306E-31,1.));
#10252 = DIRECTION('',(-1.,-6.661338147751E-16,-4.463629535621E-16));
#10253 = ADVANCED_FACE('',(#10254),#10280,.T.);
#10254 = FACE_BOUND('',#10255,.T.);
#10255 = EDGE_LOOP('',(#10256,#10264,#10270,#10271,#10272,#10273,#10274,
    #10275,#10276,#10277,#10278,#10279));
#10256 = ORIENTED_EDGE('',*,*,#10257,.T.);
#10257 = EDGE_CURVE('',#10235,#10258,#10260,.T.);
#10258 = VERTEX_POINT('',#10259);
#10259 = CARTESIAN_POINT('',(4.799557024583,-1.,1.586156570381));
#10260 = LINE('',#10261,#10262);
#10261 = CARTESIAN_POINT('',(4.8,-1.,1.611534615022));
#10262 = VECTOR('',#10263,1.);
#10263 = DIRECTION('',(1.745240643728E-02,1.055702168644E-17,
    0.999847695156));
#10264 = ORIENTED_EDGE('',*,*,#10265,.F.);
#10265 = EDGE_CURVE('',#6654,#10258,#10266,.T.);
#10266 = LINE('',#10267,#10268);
#10267 = CARTESIAN_POINT('',(5.406609645391,-1.,1.586156570381));
#10268 = VECTOR('',#10269,1.);
#10269 = DIRECTION('',(-1.,-6.04903497084E-16,-2.372698094312E-16));
#10270 = ORIENTED_EDGE('',*,*,#6653,.F.);
#10271 = ORIENTED_EDGE('',*,*,#6622,.F.);
#10272 = ORIENTED_EDGE('',*,*,#6607,.F.);
#10273 = ORIENTED_EDGE('',*,*,#6558,.F.);
#10274 = ORIENTED_EDGE('',*,*,#6527,.F.);
#10275 = ORIENTED_EDGE('',*,*,#6496,.F.);
#10276 = ORIENTED_EDGE('',*,*,#6463,.F.);
#10277 = ORIENTED_EDGE('',*,*,#6432,.F.);
#10278 = ORIENTED_EDGE('',*,*,#6417,.F.);
#10279 = ORIENTED_EDGE('',*,*,#10242,.F.);
#10280 = PLANE('',#10281);
#10281 = AXIS2_PLACEMENT_3D('',#10282,#10283,#10284);
#10282 = CARTESIAN_POINT('',(5.32842852147,-1.,1.06653538402));
#10283 = DIRECTION('',(-6.04903497084E-16,1.,0.));
#10284 = DIRECTION('',(-1.,-6.04903497084E-16,0.));
#10285 = ADVANCED_FACE('',(#10286),#10297,.F.);
#10286 = FACE_BOUND('',#10287,.T.);
#10287 = EDGE_LOOP('',(#10288,#10289,#10295,#10296));
#10288 = ORIENTED_EDGE('',*,*,#10265,.T.);
#10289 = ORIENTED_EDGE('',*,*,#10290,.F.);
#10290 = EDGE_CURVE('',#10195,#10258,#10291,.T.);
#10291 = LINE('',#10292,#10293);
#10292 = CARTESIAN_POINT('',(4.799557024583,-5.6,1.586156570381));
#10293 = VECTOR('',#10294,1.);
#10294 = DIRECTION('',(-6.661338147751E-16,1.,0.));
#10295 = ORIENTED_EDGE('',*,*,#10194,.F.);
#10296 = ORIENTED_EDGE('',*,*,#6662,.T.);
#10297 = PLANE('',#10298);
#10298 = AXIS2_PLACEMENT_3D('',#10299,#10300,#10301);
#10299 = CARTESIAN_POINT('',(5.406609645391,-1.4,1.586156570381));
#10300 = DIRECTION('',(2.372698094312E-16,1.580534432874E-31,-1.));
#10301 = DIRECTION('',(1.,6.661338147751E-16,2.372698094312E-16));
#10302 = ADVANCED_FACE('',(#10303),#10336,.F.);
#10303 = FACE_BOUND('',#10304,.T.);
#10304 = EDGE_LOOP('',(#10305,#10313,#10321,#10327,#10328,#10329,#10330,
    #10331,#10332,#10333,#10334,#10335));
#10305 = ORIENTED_EDGE('',*,*,#10306,.T.);
#10306 = EDGE_CURVE('',#6959,#10307,#10309,.T.);
#10307 = VERTEX_POINT('',#10308);
#10308 = CARTESIAN_POINT('',(4.799557024583,-2.2,1.586156570381));
#10309 = LINE('',#10310,#10311);
#10310 = CARTESIAN_POINT('',(5.406609645391,-2.2,1.586156570381));
#10311 = VECTOR('',#10312,1.);
#10312 = DIRECTION('',(-1.,-6.04903497084E-16,-2.372698094312E-16));
#10313 = ORIENTED_EDGE('',*,*,#10314,.F.);
#10314 = EDGE_CURVE('',#10315,#10307,#10317,.T.);
#10315 = VERTEX_POINT('',#10316);
#10316 = CARTESIAN_POINT('',(4.795681468204,-2.2,1.36412609412));
#10317 = LINE('',#10318,#10319);
#10318 = CARTESIAN_POINT('',(4.8,-2.2,1.611534615022));
#10319 = VECTOR('',#10320,1.);
#10320 = DIRECTION('',(1.745240643728E-02,1.055702168644E-17,
    0.999847695156));
#10321 = ORIENTED_EDGE('',*,*,#10322,.T.);
#10322 = EDGE_CURVE('',#10315,#6687,#10323,.T.);
#10323 = LINE('',#10324,#10325);
#10324 = CARTESIAN_POINT('',(4.721186049938,-2.2,1.36412609412));
#10325 = VECTOR('',#10326,1.);
#10326 = DIRECTION('',(1.,6.04903497084E-16,4.463629535621E-16));
#10327 = ORIENTED_EDGE('',*,*,#6696,.T.);
#10328 = ORIENTED_EDGE('',*,*,#6744,.T.);
#10329 = ORIENTED_EDGE('',*,*,#6776,.T.);
#10330 = ORIENTED_EDGE('',*,*,#6808,.T.);
#10331 = ORIENTED_EDGE('',*,*,#6839,.T.);
#10332 = ORIENTED_EDGE('',*,*,#6870,.T.);
#10333 = ORIENTED_EDGE('',*,*,#6886,.T.);
#10334 = ORIENTED_EDGE('',*,*,#6934,.T.);
#10335 = ORIENTED_EDGE('',*,*,#6966,.T.);
#10336 = PLANE('',#10337);
#10337 = AXIS2_PLACEMENT_3D('',#10338,#10339,#10340);
#10338 = CARTESIAN_POINT('',(5.32842852147,-2.2,1.06653538402));
#10339 = DIRECTION('',(-6.04903497084E-16,1.,0.));
#10340 = DIRECTION('',(-1.,-6.04903497084E-16,0.));
#10341 = ADVANCED_FACE('',(#10342),#10360,.F.);
#10342 = FACE_BOUND('',#10343,.T.);
#10343 = EDGE_LOOP('',(#10344,#10345,#10353,#10359));
#10344 = ORIENTED_EDGE('',*,*,#10322,.F.);
#10345 = ORIENTED_EDGE('',*,*,#10346,.F.);
#10346 = EDGE_CURVE('',#10347,#10315,#10349,.T.);
#10347 = VERTEX_POINT('',#10348);
#10348 = CARTESIAN_POINT('',(4.795681468204,-1.8,1.36412609412));
#10349 = LINE('',#10350,#10351);
#10350 = CARTESIAN_POINT('',(4.795681468204,-6.4,1.36412609412));
#10351 = VECTOR('',#10352,1.);
#10352 = DIRECTION('',(6.661338147751E-16,-1.,0.));
#10353 = ORIENTED_EDGE('',*,*,#10354,.T.);
#10354 = EDGE_CURVE('',#10347,#6689,#10355,.T.);
#10355 = LINE('',#10356,#10357);
#10356 = CARTESIAN_POINT('',(4.721186049938,-1.8,1.36412609412));
#10357 = VECTOR('',#10358,1.);
#10358 = DIRECTION('',(1.,6.04903497084E-16,4.463629535621E-16));
#10359 = ORIENTED_EDGE('',*,*,#6686,.F.);
#10360 = PLANE('',#10361);
#10361 = AXIS2_PLACEMENT_3D('',#10362,#10363,#10364);
#10362 = CARTESIAN_POINT('',(4.721186049938,-2.2,1.36412609412));
#10363 = DIRECTION('',(-4.463629535621E-16,-2.973374570306E-31,1.));
#10364 = DIRECTION('',(-1.,-6.661338147751E-16,-4.463629535621E-16));
#10365 = ADVANCED_FACE('',(#10366),#10392,.T.);
#10366 = FACE_BOUND('',#10367,.T.);
#10367 = EDGE_LOOP('',(#10368,#10376,#10382,#10383,#10384,#10385,#10386,
    #10387,#10388,#10389,#10390,#10391));
#10368 = ORIENTED_EDGE('',*,*,#10369,.T.);
#10369 = EDGE_CURVE('',#10347,#10370,#10372,.T.);
#10370 = VERTEX_POINT('',#10371);
#10371 = CARTESIAN_POINT('',(4.799557024583,-1.8,1.586156570381));
#10372 = LINE('',#10373,#10374);
#10373 = CARTESIAN_POINT('',(4.8,-1.8,1.611534615022));
#10374 = VECTOR('',#10375,1.);
#10375 = DIRECTION('',(1.745240643728E-02,1.055702168644E-17,
    0.999847695156));
#10376 = ORIENTED_EDGE('',*,*,#10377,.F.);
#10377 = EDGE_CURVE('',#6950,#10370,#10378,.T.);
#10378 = LINE('',#10379,#10380);
#10379 = CARTESIAN_POINT('',(5.406609645391,-1.8,1.586156570381));
#10380 = VECTOR('',#10381,1.);
#10381 = DIRECTION('',(-1.,-6.04903497084E-16,-2.372698094312E-16));
#10382 = ORIENTED_EDGE('',*,*,#6949,.F.);
#10383 = ORIENTED_EDGE('',*,*,#6918,.F.);
#10384 = ORIENTED_EDGE('',*,*,#6903,.F.);
#10385 = ORIENTED_EDGE('',*,*,#6854,.F.);
#10386 = ORIENTED_EDGE('',*,*,#6823,.F.);
#10387 = ORIENTED_EDGE('',*,*,#6792,.F.);
#10388 = ORIENTED_EDGE('',*,*,#6759,.F.);
#10389 = ORIENTED_EDGE('',*,*,#6728,.F.);
#10390 = ORIENTED_EDGE('',*,*,#6713,.F.);
#10391 = ORIENTED_EDGE('',*,*,#10354,.F.);
#10392 = PLANE('',#10393);
#10393 = AXIS2_PLACEMENT_3D('',#10394,#10395,#10396);
#10394 = CARTESIAN_POINT('',(5.32842852147,-1.8,1.06653538402));
#10395 = DIRECTION('',(-6.04903497084E-16,1.,0.));
#10396 = DIRECTION('',(-1.,-6.04903497084E-16,0.));
#10397 = ADVANCED_FACE('',(#10398),#10409,.F.);
#10398 = FACE_BOUND('',#10399,.T.);
#10399 = EDGE_LOOP('',(#10400,#10401,#10407,#10408));
#10400 = ORIENTED_EDGE('',*,*,#10377,.T.);
#10401 = ORIENTED_EDGE('',*,*,#10402,.F.);
#10402 = EDGE_CURVE('',#10307,#10370,#10403,.T.);
#10403 = LINE('',#10404,#10405);
#10404 = CARTESIAN_POINT('',(4.799557024583,-6.4,1.586156570381));
#10405 = VECTOR('',#10406,1.);
#10406 = DIRECTION('',(-6.661338147751E-16,1.,0.));
#10407 = ORIENTED_EDGE('',*,*,#10306,.F.);
#10408 = ORIENTED_EDGE('',*,*,#6958,.T.);
#10409 = PLANE('',#10410);
#10410 = AXIS2_PLACEMENT_3D('',#10411,#10412,#10413);
#10411 = CARTESIAN_POINT('',(5.406609645391,-2.2,1.586156570381));
#10412 = DIRECTION('',(2.372698094312E-16,1.580534432874E-31,-1.));
#10413 = DIRECTION('',(1.,6.661338147751E-16,2.372698094312E-16));
#10414 = ADVANCED_FACE('',(#10415),#10448,.F.);
#10415 = FACE_BOUND('',#10416,.T.);
#10416 = EDGE_LOOP('',(#10417,#10425,#10433,#10439,#10440,#10441,#10442,
    #10443,#10444,#10445,#10446,#10447));
#10417 = ORIENTED_EDGE('',*,*,#10418,.T.);
#10418 = EDGE_CURVE('',#7255,#10419,#10421,.T.);
#10419 = VERTEX_POINT('',#10420);
#10420 = CARTESIAN_POINT('',(4.799557024583,-3.,1.586156570381));
#10421 = LINE('',#10422,#10423);
#10422 = CARTESIAN_POINT('',(5.406609645391,-3.,1.586156570381));
#10423 = VECTOR('',#10424,1.);
#10424 = DIRECTION('',(-1.,-6.04903497084E-16,-2.372698094312E-16));
#10425 = ORIENTED_EDGE('',*,*,#10426,.F.);
#10426 = EDGE_CURVE('',#10427,#10419,#10429,.T.);
#10427 = VERTEX_POINT('',#10428);
#10428 = CARTESIAN_POINT('',(4.795681468204,-3.,1.36412609412));
#10429 = LINE('',#10430,#10431);
#10430 = CARTESIAN_POINT('',(4.8,-3.,1.611534615022));
#10431 = VECTOR('',#10432,1.);
#10432 = DIRECTION('',(1.745240643728E-02,1.055702168644E-17,
    0.999847695156));
#10433 = ORIENTED_EDGE('',*,*,#10434,.T.);
#10434 = EDGE_CURVE('',#10427,#6983,#10435,.T.);
#10435 = LINE('',#10436,#10437);
#10436 = CARTESIAN_POINT('',(4.721186049938,-3.,1.36412609412));
#10437 = VECTOR('',#10438,1.);
#10438 = DIRECTION('',(1.,6.04903497084E-16,4.463629535621E-16));
#10439 = ORIENTED_EDGE('',*,*,#6992,.T.);
#10440 = ORIENTED_EDGE('',*,*,#7040,.T.);
#10441 = ORIENTED_EDGE('',*,*,#7072,.T.);
#10442 = ORIENTED_EDGE('',*,*,#7104,.T.);
#10443 = ORIENTED_EDGE('',*,*,#7135,.T.);
#10444 = ORIENTED_EDGE('',*,*,#7166,.T.);
#10445 = ORIENTED_EDGE('',*,*,#7182,.T.);
#10446 = ORIENTED_EDGE('',*,*,#7230,.T.);
#10447 = ORIENTED_EDGE('',*,*,#7262,.T.);
#10448 = PLANE('',#10449);
#10449 = AXIS2_PLACEMENT_3D('',#10450,#10451,#10452);
#10450 = CARTESIAN_POINT('',(5.32842852147,-3.,1.06653538402));
#10451 = DIRECTION('',(-6.04903497084E-16,1.,0.));
#10452 = DIRECTION('',(-1.,-6.04903497084E-16,0.));
#10453 = ADVANCED_FACE('',(#10454),#10472,.F.);
#10454 = FACE_BOUND('',#10455,.T.);
#10455 = EDGE_LOOP('',(#10456,#10457,#10465,#10471));
#10456 = ORIENTED_EDGE('',*,*,#10434,.F.);
#10457 = ORIENTED_EDGE('',*,*,#10458,.F.);
#10458 = EDGE_CURVE('',#10459,#10427,#10461,.T.);
#10459 = VERTEX_POINT('',#10460);
#10460 = CARTESIAN_POINT('',(4.795681468204,-2.6,1.36412609412));
#10461 = LINE('',#10462,#10463);
#10462 = CARTESIAN_POINT('',(4.795681468204,-7.2,1.36412609412));
#10463 = VECTOR('',#10464,1.);
#10464 = DIRECTION('',(6.661338147751E-16,-1.,0.));
#10465 = ORIENTED_EDGE('',*,*,#10466,.T.);
#10466 = EDGE_CURVE('',#10459,#6985,#10467,.T.);
#10467 = LINE('',#10468,#10469);
#10468 = CARTESIAN_POINT('',(4.721186049938,-2.6,1.36412609412));
#10469 = VECTOR('',#10470,1.);
#10470 = DIRECTION('',(1.,6.04903497084E-16,4.463629535621E-16));
#10471 = ORIENTED_EDGE('',*,*,#6982,.F.);
#10472 = PLANE('',#10473);
#10473 = AXIS2_PLACEMENT_3D('',#10474,#10475,#10476);
#10474 = CARTESIAN_POINT('',(4.721186049938,-3.,1.36412609412));
#10475 = DIRECTION('',(-4.463629535621E-16,-2.973374570306E-31,1.));
#10476 = DIRECTION('',(-1.,-6.661338147751E-16,-4.463629535621E-16));
#10477 = ADVANCED_FACE('',(#10478),#10504,.T.);
#10478 = FACE_BOUND('',#10479,.T.);
#10479 = EDGE_LOOP('',(#10480,#10488,#10494,#10495,#10496,#10497,#10498,
    #10499,#10500,#10501,#10502,#10503));
#10480 = ORIENTED_EDGE('',*,*,#10481,.T.);
#10481 = EDGE_CURVE('',#10459,#10482,#10484,.T.);
#10482 = VERTEX_POINT('',#10483);
#10483 = CARTESIAN_POINT('',(4.799557024583,-2.6,1.586156570381));
#10484 = LINE('',#10485,#10486);
#10485 = CARTESIAN_POINT('',(4.8,-2.6,1.611534615022));
#10486 = VECTOR('',#10487,1.);
#10487 = DIRECTION('',(1.745240643728E-02,1.055702168644E-17,
    0.999847695156));
#10488 = ORIENTED_EDGE('',*,*,#10489,.F.);
#10489 = EDGE_CURVE('',#7246,#10482,#10490,.T.);
#10490 = LINE('',#10491,#10492);
#10491 = CARTESIAN_POINT('',(5.406609645391,-2.6,1.586156570381));
#10492 = VECTOR('',#10493,1.);
#10493 = DIRECTION('',(-1.,-6.04903497084E-16,-2.372698094312E-16));
#10494 = ORIENTED_EDGE('',*,*,#7245,.F.);
#10495 = ORIENTED_EDGE('',*,*,#7214,.F.);
#10496 = ORIENTED_EDGE('',*,*,#7199,.F.);
#10497 = ORIENTED_EDGE('',*,*,#7150,.F.);
#10498 = ORIENTED_EDGE('',*,*,#7119,.F.);
#10499 = ORIENTED_EDGE('',*,*,#7088,.F.);
#10500 = ORIENTED_EDGE('',*,*,#7055,.F.);
#10501 = ORIENTED_EDGE('',*,*,#7024,.F.);
#10502 = ORIENTED_EDGE('',*,*,#7009,.F.);
#10503 = ORIENTED_EDGE('',*,*,#10466,.F.);
#10504 = PLANE('',#10505);
#10505 = AXIS2_PLACEMENT_3D('',#10506,#10507,#10508);
#10506 = CARTESIAN_POINT('',(5.32842852147,-2.6,1.06653538402));
#10507 = DIRECTION('',(-6.04903497084E-16,1.,0.));
#10508 = DIRECTION('',(-1.,-6.04903497084E-16,0.));
#10509 = ADVANCED_FACE('',(#10510),#10521,.F.);
#10510 = FACE_BOUND('',#10511,.T.);
#10511 = EDGE_LOOP('',(#10512,#10513,#10519,#10520));
#10512 = ORIENTED_EDGE('',*,*,#10489,.T.);
#10513 = ORIENTED_EDGE('',*,*,#10514,.F.);
#10514 = EDGE_CURVE('',#10419,#10482,#10515,.T.);
#10515 = LINE('',#10516,#10517);
#10516 = CARTESIAN_POINT('',(4.799557024583,-7.2,1.586156570381));
#10517 = VECTOR('',#10518,1.);
#10518 = DIRECTION('',(-6.661338147751E-16,1.,0.));
#10519 = ORIENTED_EDGE('',*,*,#10418,.F.);
#10520 = ORIENTED_EDGE('',*,*,#7254,.T.);
#10521 = PLANE('',#10522);
#10522 = AXIS2_PLACEMENT_3D('',#10523,#10524,#10525);
#10523 = CARTESIAN_POINT('',(5.406609645391,-3.,1.586156570381));
#10524 = DIRECTION('',(2.372698094312E-16,1.580534432874E-31,-1.));
#10525 = DIRECTION('',(1.,6.661338147751E-16,2.372698094312E-16));
#10526 = ADVANCED_FACE('',(#10527),#10560,.F.);
#10527 = FACE_BOUND('',#10528,.T.);
#10528 = EDGE_LOOP('',(#10529,#10537,#10545,#10551,#10552,#10553,#10554,
    #10555,#10556,#10557,#10558,#10559));
#10529 = ORIENTED_EDGE('',*,*,#10530,.T.);
#10530 = EDGE_CURVE('',#7551,#10531,#10533,.T.);
#10531 = VERTEX_POINT('',#10532);
#10532 = CARTESIAN_POINT('',(4.799557024583,-3.8,1.586156570381));
#10533 = LINE('',#10534,#10535);
#10534 = CARTESIAN_POINT('',(5.406609645391,-3.8,1.586156570381));
#10535 = VECTOR('',#10536,1.);
#10536 = DIRECTION('',(-1.,-6.04903497084E-16,-2.372698094312E-16));
#10537 = ORIENTED_EDGE('',*,*,#10538,.F.);
#10538 = EDGE_CURVE('',#10539,#10531,#10541,.T.);
#10539 = VERTEX_POINT('',#10540);
#10540 = CARTESIAN_POINT('',(4.795681468204,-3.8,1.36412609412));
#10541 = LINE('',#10542,#10543);
#10542 = CARTESIAN_POINT('',(4.8,-3.8,1.611534615022));
#10543 = VECTOR('',#10544,1.);
#10544 = DIRECTION('',(1.745240643728E-02,1.055702168644E-17,
    0.999847695156));
#10545 = ORIENTED_EDGE('',*,*,#10546,.T.);
#10546 = EDGE_CURVE('',#10539,#7279,#10547,.T.);
#10547 = LINE('',#10548,#10549);
#10548 = CARTESIAN_POINT('',(4.721186049938,-3.8,1.36412609412));
#10549 = VECTOR('',#10550,1.);
#10550 = DIRECTION('',(1.,6.04903497084E-16,4.463629535621E-16));
#10551 = ORIENTED_EDGE('',*,*,#7288,.T.);
#10552 = ORIENTED_EDGE('',*,*,#7336,.T.);
#10553 = ORIENTED_EDGE('',*,*,#7368,.T.);
#10554 = ORIENTED_EDGE('',*,*,#7400,.T.);
#10555 = ORIENTED_EDGE('',*,*,#7431,.T.);
#10556 = ORIENTED_EDGE('',*,*,#7462,.T.);
#10557 = ORIENTED_EDGE('',*,*,#7478,.T.);
#10558 = ORIENTED_EDGE('',*,*,#7526,.T.);
#10559 = ORIENTED_EDGE('',*,*,#7558,.T.);
#10560 = PLANE('',#10561);
#10561 = AXIS2_PLACEMENT_3D('',#10562,#10563,#10564);
#10562 = CARTESIAN_POINT('',(5.32842852147,-3.8,1.06653538402));
#10563 = DIRECTION('',(-6.04903497084E-16,1.,0.));
#10564 = DIRECTION('',(-1.,-6.04903497084E-16,0.));
#10565 = ADVANCED_FACE('',(#10566),#10584,.F.);
#10566 = FACE_BOUND('',#10567,.T.);
#10567 = EDGE_LOOP('',(#10568,#10569,#10577,#10583));
#10568 = ORIENTED_EDGE('',*,*,#10546,.F.);
#10569 = ORIENTED_EDGE('',*,*,#10570,.F.);
#10570 = EDGE_CURVE('',#10571,#10539,#10573,.T.);
#10571 = VERTEX_POINT('',#10572);
#10572 = CARTESIAN_POINT('',(4.795681468204,-3.4,1.36412609412));
#10573 = LINE('',#10574,#10575);
#10574 = CARTESIAN_POINT('',(4.795681468204,-8.,1.36412609412));
#10575 = VECTOR('',#10576,1.);
#10576 = DIRECTION('',(6.661338147751E-16,-1.,0.));
#10577 = ORIENTED_EDGE('',*,*,#10578,.T.);
#10578 = EDGE_CURVE('',#10571,#7281,#10579,.T.);
#10579 = LINE('',#10580,#10581);
#10580 = CARTESIAN_POINT('',(4.721186049938,-3.4,1.36412609412));
#10581 = VECTOR('',#10582,1.);
#10582 = DIRECTION('',(1.,6.04903497084E-16,4.463629535621E-16));
#10583 = ORIENTED_EDGE('',*,*,#7278,.F.);
#10584 = PLANE('',#10585);
#10585 = AXIS2_PLACEMENT_3D('',#10586,#10587,#10588);
#10586 = CARTESIAN_POINT('',(4.721186049938,-3.8,1.36412609412));
#10587 = DIRECTION('',(-4.463629535621E-16,-2.973374570306E-31,1.));
#10588 = DIRECTION('',(-1.,-6.661338147751E-16,-4.463629535621E-16));
#10589 = ADVANCED_FACE('',(#10590),#10616,.T.);
#10590 = FACE_BOUND('',#10591,.T.);
#10591 = EDGE_LOOP('',(#10592,#10600,#10606,#10607,#10608,#10609,#10610,
    #10611,#10612,#10613,#10614,#10615));
#10592 = ORIENTED_EDGE('',*,*,#10593,.T.);
#10593 = EDGE_CURVE('',#10571,#10594,#10596,.T.);
#10594 = VERTEX_POINT('',#10595);
#10595 = CARTESIAN_POINT('',(4.799557024583,-3.4,1.586156570381));
#10596 = LINE('',#10597,#10598);
#10597 = CARTESIAN_POINT('',(4.8,-3.4,1.611534615022));
#10598 = VECTOR('',#10599,1.);
#10599 = DIRECTION('',(1.745240643728E-02,1.055702168644E-17,
    0.999847695156));
#10600 = ORIENTED_EDGE('',*,*,#10601,.F.);
#10601 = EDGE_CURVE('',#7542,#10594,#10602,.T.);
#10602 = LINE('',#10603,#10604);
#10603 = CARTESIAN_POINT('',(5.406609645391,-3.4,1.586156570381));
#10604 = VECTOR('',#10605,1.);
#10605 = DIRECTION('',(-1.,-6.04903497084E-16,-2.372698094312E-16));
#10606 = ORIENTED_EDGE('',*,*,#7541,.F.);
#10607 = ORIENTED_EDGE('',*,*,#7510,.F.);
#10608 = ORIENTED_EDGE('',*,*,#7495,.F.);
#10609 = ORIENTED_EDGE('',*,*,#7446,.F.);
#10610 = ORIENTED_EDGE('',*,*,#7415,.F.);
#10611 = ORIENTED_EDGE('',*,*,#7384,.F.);
#10612 = ORIENTED_EDGE('',*,*,#7351,.F.);
#10613 = ORIENTED_EDGE('',*,*,#7320,.F.);
#10614 = ORIENTED_EDGE('',*,*,#7305,.F.);
#10615 = ORIENTED_EDGE('',*,*,#10578,.F.);
#10616 = PLANE('',#10617);
#10617 = AXIS2_PLACEMENT_3D('',#10618,#10619,#10620);
#10618 = CARTESIAN_POINT('',(5.32842852147,-3.4,1.06653538402));
#10619 = DIRECTION('',(-6.04903497084E-16,1.,0.));
#10620 = DIRECTION('',(-1.,-6.04903497084E-16,0.));
#10621 = ADVANCED_FACE('',(#10622),#10633,.F.);
#10622 = FACE_BOUND('',#10623,.T.);
#10623 = EDGE_LOOP('',(#10624,#10625,#10631,#10632));
#10624 = ORIENTED_EDGE('',*,*,#10601,.T.);
#10625 = ORIENTED_EDGE('',*,*,#10626,.F.);
#10626 = EDGE_CURVE('',#10531,#10594,#10627,.T.);
#10627 = LINE('',#10628,#10629);
#10628 = CARTESIAN_POINT('',(4.799557024583,-8.,1.586156570381));
#10629 = VECTOR('',#10630,1.);
#10630 = DIRECTION('',(-6.661338147751E-16,1.,0.));
#10631 = ORIENTED_EDGE('',*,*,#10530,.F.);
#10632 = ORIENTED_EDGE('',*,*,#7550,.T.);
#10633 = PLANE('',#10634);
#10634 = AXIS2_PLACEMENT_3D('',#10635,#10636,#10637);
#10635 = CARTESIAN_POINT('',(5.406609645391,-3.8,1.586156570381));
#10636 = DIRECTION('',(2.372698094312E-16,1.580534432874E-31,-1.));
#10637 = DIRECTION('',(1.,6.661338147751E-16,2.372698094312E-16));
#10638 = ADVANCED_FACE('',(#10639),#10672,.F.);
#10639 = FACE_BOUND('',#10640,.T.);
#10640 = EDGE_LOOP('',(#10641,#10649,#10657,#10663,#10664,#10665,#10666,
    #10667,#10668,#10669,#10670,#10671));
#10641 = ORIENTED_EDGE('',*,*,#10642,.T.);
#10642 = EDGE_CURVE('',#7847,#10643,#10645,.T.);
#10643 = VERTEX_POINT('',#10644);
#10644 = CARTESIAN_POINT('',(4.799557024583,-4.6,1.586156570381));
#10645 = LINE('',#10646,#10647);
#10646 = CARTESIAN_POINT('',(5.406609645391,-4.6,1.586156570381));
#10647 = VECTOR('',#10648,1.);
#10648 = DIRECTION('',(-1.,-6.04903497084E-16,-2.372698094312E-16));
#10649 = ORIENTED_EDGE('',*,*,#10650,.F.);
#10650 = EDGE_CURVE('',#10651,#10643,#10653,.T.);
#10651 = VERTEX_POINT('',#10652);
#10652 = CARTESIAN_POINT('',(4.795681468204,-4.6,1.36412609412));
#10653 = LINE('',#10654,#10655);
#10654 = CARTESIAN_POINT('',(4.8,-4.6,1.611534615022));
#10655 = VECTOR('',#10656,1.);
#10656 = DIRECTION('',(1.745240643728E-02,1.055702168644E-17,
    0.999847695156));
#10657 = ORIENTED_EDGE('',*,*,#10658,.T.);
#10658 = EDGE_CURVE('',#10651,#7575,#10659,.T.);
#10659 = LINE('',#10660,#10661);
#10660 = CARTESIAN_POINT('',(4.721186049938,-4.6,1.36412609412));
#10661 = VECTOR('',#10662,1.);
#10662 = DIRECTION('',(1.,6.04903497084E-16,4.463629535621E-16));
#10663 = ORIENTED_EDGE('',*,*,#7584,.T.);
#10664 = ORIENTED_EDGE('',*,*,#7632,.T.);
#10665 = ORIENTED_EDGE('',*,*,#7664,.T.);
#10666 = ORIENTED_EDGE('',*,*,#7696,.T.);
#10667 = ORIENTED_EDGE('',*,*,#7727,.T.);
#10668 = ORIENTED_EDGE('',*,*,#7758,.T.);
#10669 = ORIENTED_EDGE('',*,*,#7774,.T.);
#10670 = ORIENTED_EDGE('',*,*,#7822,.T.);
#10671 = ORIENTED_EDGE('',*,*,#7854,.T.);
#10672 = PLANE('',#10673);
#10673 = AXIS2_PLACEMENT_3D('',#10674,#10675,#10676);
#10674 = CARTESIAN_POINT('',(5.32842852147,-4.6,1.06653538402));
#10675 = DIRECTION('',(-6.04903497084E-16,1.,0.));
#10676 = DIRECTION('',(-1.,-6.04903497084E-16,0.));
#10677 = ADVANCED_FACE('',(#10678),#10696,.F.);
#10678 = FACE_BOUND('',#10679,.T.);
#10679 = EDGE_LOOP('',(#10680,#10681,#10689,#10695));
#10680 = ORIENTED_EDGE('',*,*,#10658,.F.);
#10681 = ORIENTED_EDGE('',*,*,#10682,.F.);
#10682 = EDGE_CURVE('',#10683,#10651,#10685,.T.);
#10683 = VERTEX_POINT('',#10684);
#10684 = CARTESIAN_POINT('',(4.795681468204,-4.2,1.36412609412));
#10685 = LINE('',#10686,#10687);
#10686 = CARTESIAN_POINT('',(4.795681468204,-8.8,1.36412609412));
#10687 = VECTOR('',#10688,1.);
#10688 = DIRECTION('',(6.661338147751E-16,-1.,0.));
#10689 = ORIENTED_EDGE('',*,*,#10690,.T.);
#10690 = EDGE_CURVE('',#10683,#7577,#10691,.T.);
#10691 = LINE('',#10692,#10693);
#10692 = CARTESIAN_POINT('',(4.721186049938,-4.2,1.36412609412));
#10693 = VECTOR('',#10694,1.);
#10694 = DIRECTION('',(1.,6.04903497084E-16,4.463629535621E-16));
#10695 = ORIENTED_EDGE('',*,*,#7574,.F.);
#10696 = PLANE('',#10697);
#10697 = AXIS2_PLACEMENT_3D('',#10698,#10699,#10700);
#10698 = CARTESIAN_POINT('',(4.721186049938,-4.6,1.36412609412));
#10699 = DIRECTION('',(-4.463629535621E-16,-2.973374570306E-31,1.));
#10700 = DIRECTION('',(-1.,-6.661338147751E-16,-4.463629535621E-16));
#10701 = ADVANCED_FACE('',(#10702),#10728,.T.);
#10702 = FACE_BOUND('',#10703,.T.);
#10703 = EDGE_LOOP('',(#10704,#10712,#10718,#10719,#10720,#10721,#10722,
    #10723,#10724,#10725,#10726,#10727));
#10704 = ORIENTED_EDGE('',*,*,#10705,.T.);
#10705 = EDGE_CURVE('',#10683,#10706,#10708,.T.);
#10706 = VERTEX_POINT('',#10707);
#10707 = CARTESIAN_POINT('',(4.799557024583,-4.2,1.586156570381));
#10708 = LINE('',#10709,#10710);
#10709 = CARTESIAN_POINT('',(4.8,-4.2,1.611534615022));
#10710 = VECTOR('',#10711,1.);
#10711 = DIRECTION('',(1.745240643728E-02,1.055702168644E-17,
    0.999847695156));
#10712 = ORIENTED_EDGE('',*,*,#10713,.F.);
#10713 = EDGE_CURVE('',#7838,#10706,#10714,.T.);
#10714 = LINE('',#10715,#10716);
#10715 = CARTESIAN_POINT('',(5.406609645391,-4.2,1.586156570381));
#10716 = VECTOR('',#10717,1.);
#10717 = DIRECTION('',(-1.,-6.04903497084E-16,-2.372698094312E-16));
#10718 = ORIENTED_EDGE('',*,*,#7837,.F.);
#10719 = ORIENTED_EDGE('',*,*,#7806,.F.);
#10720 = ORIENTED_EDGE('',*,*,#7791,.F.);
#10721 = ORIENTED_EDGE('',*,*,#7742,.F.);
#10722 = ORIENTED_EDGE('',*,*,#7711,.F.);
#10723 = ORIENTED_EDGE('',*,*,#7680,.F.);
#10724 = ORIENTED_EDGE('',*,*,#7647,.F.);
#10725 = ORIENTED_EDGE('',*,*,#7616,.F.);
#10726 = ORIENTED_EDGE('',*,*,#7601,.F.);
#10727 = ORIENTED_EDGE('',*,*,#10690,.F.);
#10728 = PLANE('',#10729);
#10729 = AXIS2_PLACEMENT_3D('',#10730,#10731,#10732);
#10730 = CARTESIAN_POINT('',(5.32842852147,-4.2,1.06653538402));
#10731 = DIRECTION('',(-6.04903497084E-16,1.,0.));
#10732 = DIRECTION('',(-1.,-6.04903497084E-16,0.));
#10733 = ADVANCED_FACE('',(#10734),#10745,.F.);
#10734 = FACE_BOUND('',#10735,.T.);
#10735 = EDGE_LOOP('',(#10736,#10737,#10743,#10744));
#10736 = ORIENTED_EDGE('',*,*,#10713,.T.);
#10737 = ORIENTED_EDGE('',*,*,#10738,.F.);
#10738 = EDGE_CURVE('',#10643,#10706,#10739,.T.);
#10739 = LINE('',#10740,#10741);
#10740 = CARTESIAN_POINT('',(4.799557024583,-8.8,1.586156570381));
#10741 = VECTOR('',#10742,1.);
#10742 = DIRECTION('',(-6.661338147751E-16,1.,0.));
#10743 = ORIENTED_EDGE('',*,*,#10642,.F.);
#10744 = ORIENTED_EDGE('',*,*,#7846,.T.);
#10745 = PLANE('',#10746);
#10746 = AXIS2_PLACEMENT_3D('',#10747,#10748,#10749);
#10747 = CARTESIAN_POINT('',(5.406609645391,-4.6,1.586156570381));
#10748 = DIRECTION('',(2.372698094312E-16,1.580534432874E-31,-1.));
#10749 = DIRECTION('',(1.,6.661338147751E-16,2.372698094312E-16));
#10750 = ADVANCED_FACE('',(#10751,#10761),#10831,.T.);
#10751 = FACE_BOUND('',#10752,.T.);
#10752 = EDGE_LOOP('',(#10753,#10754,#10755,#10756,#10757,#10758,#10759,
    #10760));
#10753 = ORIENTED_EDGE('',*,*,#8051,.F.);
#10754 = ORIENTED_EDGE('',*,*,#8024,.F.);
#10755 = ORIENTED_EDGE('',*,*,#8009,.F.);
#10756 = ORIENTED_EDGE('',*,*,#7975,.F.);
#10757 = ORIENTED_EDGE('',*,*,#7960,.F.);
#10758 = ORIENTED_EDGE('',*,*,#7926,.F.);
#10759 = ORIENTED_EDGE('',*,*,#7911,.F.);
#10760 = ORIENTED_EDGE('',*,*,#7870,.F.);
#10761 = FACE_BOUND('',#10762,.T.);
#10762 = EDGE_LOOP('',(#10763,#10774,#10782,#10791,#10799,#10808,#10816,
    #10825));
#10763 = ORIENTED_EDGE('',*,*,#10764,.T.);
#10764 = EDGE_CURVE('',#10765,#10767,#10769,.T.);
#10765 = VERTEX_POINT('',#10766);
#10766 = CARTESIAN_POINT('',(4.790733905433,-5.05,1.080680412789));
#10767 = VERTEX_POINT('',#10768);
#10768 = CARTESIAN_POINT('',(4.05,-5.790733905433,1.080680412789));
#10769 = CIRCLE('',#10770,0.740733905433);
#10770 = AXIS2_PLACEMENT_3D('',#10771,#10772,#10773);
#10771 = CARTESIAN_POINT('',(4.05,-5.05,1.080680412789));
#10772 = DIRECTION('',(0.,0.,-1.));
#10773 = DIRECTION('',(-6.661338147751E-16,1.,0.));
#10774 = ORIENTED_EDGE('',*,*,#10775,.F.);
#10775 = EDGE_CURVE('',#10776,#10767,#10778,.T.);
#10776 = VERTEX_POINT('',#10777);
#10777 = CARTESIAN_POINT('',(-4.05,-5.790733905433,1.080680412789));
#10778 = LINE('',#10779,#10780);
#10779 = CARTESIAN_POINT('',(3.758386917752E-15,-5.790733905433,
    1.080680412789));
#10780 = VECTOR('',#10781,1.);
#10781 = DIRECTION('',(1.,6.661338147751E-16,0.));
#10782 = ORIENTED_EDGE('',*,*,#10783,.T.);
#10783 = EDGE_CURVE('',#10776,#10784,#10786,.T.);
#10784 = VERTEX_POINT('',#10785);
#10785 = CARTESIAN_POINT('',(-4.790733905433,-5.05,1.080680412789));
#10786 = CIRCLE('',#10787,0.740733905433);
#10787 = AXIS2_PLACEMENT_3D('',#10788,#10789,#10790);
#10788 = CARTESIAN_POINT('',(-4.05,-5.05,1.080680412789));
#10789 = DIRECTION('',(0.,0.,-1.));
#10790 = DIRECTION('',(-6.661338147751E-16,1.,0.));
#10791 = ORIENTED_EDGE('',*,*,#10792,.F.);
#10792 = EDGE_CURVE('',#10793,#10784,#10795,.T.);
#10793 = VERTEX_POINT('',#10794);
#10794 = CARTESIAN_POINT('',(-4.790733905433,5.05,1.080680412789));
#10795 = LINE('',#10796,#10797);
#10796 = CARTESIAN_POINT('',(-4.790733905433,-3.368677785617E-15,
    1.080680412789));
#10797 = VECTOR('',#10798,1.);
#10798 = DIRECTION('',(6.661338147751E-16,-1.,0.));
#10799 = ORIENTED_EDGE('',*,*,#10800,.T.);
#10800 = EDGE_CURVE('',#10793,#10801,#10803,.T.);
#10801 = VERTEX_POINT('',#10802);
#10802 = CARTESIAN_POINT('',(-4.05,5.790733905433,1.080680412789));
#10803 = CIRCLE('',#10804,0.740733905433);
#10804 = AXIS2_PLACEMENT_3D('',#10805,#10806,#10807);
#10805 = CARTESIAN_POINT('',(-4.05,5.05,1.080680412789));
#10806 = DIRECTION('',(0.,0.,-1.));
#10807 = DIRECTION('',(-6.661338147751E-16,1.,0.));
#10808 = ORIENTED_EDGE('',*,*,#10809,.F.);
#10809 = EDGE_CURVE('',#10810,#10801,#10812,.T.);
#10810 = VERTEX_POINT('',#10811);
#10811 = CARTESIAN_POINT('',(4.05,5.790733905433,1.080680412789));
#10812 = LINE('',#10813,#10814);
#10813 = CARTESIAN_POINT('',(-3.956420415795E-15,5.790733905433,
    1.080680412789));
#10814 = VECTOR('',#10815,1.);
#10815 = DIRECTION('',(-1.,-6.661338147751E-16,0.));
#10816 = ORIENTED_EDGE('',*,*,#10817,.T.);
#10817 = EDGE_CURVE('',#10810,#10818,#10820,.T.);
#10818 = VERTEX_POINT('',#10819);
#10819 = CARTESIAN_POINT('',(4.790733905433,5.05,1.080680412789));
#10820 = CIRCLE('',#10821,0.740733905433);
#10821 = AXIS2_PLACEMENT_3D('',#10822,#10823,#10824);
#10822 = CARTESIAN_POINT('',(4.05,5.05,1.080680412789));
#10823 = DIRECTION('',(0.,0.,-1.));
#10824 = DIRECTION('',(-6.661338147751E-16,1.,0.));
#10825 = ORIENTED_EDGE('',*,*,#10826,.F.);
#10826 = EDGE_CURVE('',#10765,#10818,#10827,.T.);
#10827 = LINE('',#10828,#10829);
#10828 = CARTESIAN_POINT('',(4.790733905433,3.013861918379E-15,
    1.080680412789));
#10829 = VECTOR('',#10830,1.);
#10830 = DIRECTION('',(-6.661338147751E-16,1.,0.));
#10831 = PLANE('',#10832);
#10832 = AXIS2_PLACEMENT_3D('',#10833,#10834,#10835);
#10833 = CARTESIAN_POINT('',(4.05,-5.05,1.080680412789));
#10834 = DIRECTION('',(0.,0.,-1.));
#10835 = DIRECTION('',(-6.661338147751E-16,1.,0.));
#10836 = ADVANCED_FACE('',(#10837),#10848,.F.);
#10837 = FACE_BOUND('',#10838,.T.);
#10838 = EDGE_LOOP('',(#10839));
#10839 = ORIENTED_EDGE('',*,*,#10840,.F.);
#10840 = EDGE_CURVE('',#10841,#10841,#10843,.T.);
#10841 = VERTEX_POINT('',#10842);
#10842 = CARTESIAN_POINT('',(-3.823222584777,-3.783047386166,
    2.234942023904));
#10843 = CIRCLE('',#10844,0.184122055306);
#10844 = AXIS2_PLACEMENT_3D('',#10845,#10846,#10847);
#10845 = CARTESIAN_POINT('',(-3.823222584777,-3.598925330861,
    2.234942023904));
#10846 = DIRECTION('',(0.,-0.,-1.));
#10847 = DIRECTION('',(6.661338147751E-16,-1.,0.));
#10848 = PLANE('',#10849);
#10849 = AXIS2_PLACEMENT_3D('',#10850,#10851,#10852);
#10850 = CARTESIAN_POINT('',(-3.823222584777,-3.598925330861,
    2.234942023904));
#10851 = DIRECTION('',(0.,0.,-1.));
#10852 = DIRECTION('',(-6.661338147751E-16,1.,0.));
#10853 = ADVANCED_FACE('',(#10854),#10865,.F.);
#10854 = FACE_BOUND('',#10855,.T.);
#10855 = EDGE_LOOP('',(#10856));
#10856 = ORIENTED_EDGE('',*,*,#10857,.F.);
#10857 = EDGE_CURVE('',#10858,#10858,#10860,.T.);
#10858 = VERTEX_POINT('',#10859);
#10859 = CARTESIAN_POINT('',(-3.823222584777,-2.980909854817,
    2.234942023904));
#10860 = CIRCLE('',#10861,0.184122055306);
#10861 = AXIS2_PLACEMENT_3D('',#10862,#10863,#10864);
#10862 = CARTESIAN_POINT('',(-3.823222584777,-2.796787799511,
    2.234942023904));
#10863 = DIRECTION('',(0.,-0.,-1.));
#10864 = DIRECTION('',(6.661338147751E-16,-1.,0.));
#10865 = PLANE('',#10866);
#10866 = AXIS2_PLACEMENT_3D('',#10867,#10868,#10869);
#10867 = CARTESIAN_POINT('',(-3.823222584777,-2.796787799511,
    2.234942023904));
#10868 = DIRECTION('',(0.,0.,-1.));
#10869 = DIRECTION('',(-6.661338147751E-16,1.,0.));
#10870 = ADVANCED_FACE('',(#10871),#10882,.F.);
#10871 = FACE_BOUND('',#10872,.T.);
#10872 = EDGE_LOOP('',(#10873));
#10873 = ORIENTED_EDGE('',*,*,#10874,.F.);
#10874 = EDGE_CURVE('',#10875,#10875,#10877,.T.);
#10875 = VERTEX_POINT('',#10876);
#10876 = CARTESIAN_POINT('',(-3.823222584777,-2.178772323467,
    2.234942023904));
#10877 = CIRCLE('',#10878,0.184122055306);
#10878 = AXIS2_PLACEMENT_3D('',#10879,#10880,#10881);
#10879 = CARTESIAN_POINT('',(-3.823222584777,-1.994650268162,
    2.234942023904));
#10880 = DIRECTION('',(0.,-0.,-1.));
#10881 = DIRECTION('',(6.661338147751E-16,-1.,0.));
#10882 = PLANE('',#10883);
#10883 = AXIS2_PLACEMENT_3D('',#10884,#10885,#10886);
#10884 = CARTESIAN_POINT('',(-3.823222584777,-1.994650268162,
    2.234942023904));
#10885 = DIRECTION('',(0.,0.,-1.));
#10886 = DIRECTION('',(-6.661338147751E-16,1.,0.));
#10887 = ADVANCED_FACE('',(#10888),#10899,.F.);
#10888 = FACE_BOUND('',#10889,.T.);
#10889 = EDGE_LOOP('',(#10890));
#10890 = ORIENTED_EDGE('',*,*,#10891,.F.);
#10891 = EDGE_CURVE('',#10892,#10892,#10894,.T.);
#10892 = VERTEX_POINT('',#10893);
#10893 = CARTESIAN_POINT('',(-3.823222584777,-1.376634792118,
    2.234942023904));
#10894 = CIRCLE('',#10895,0.184122055306);
#10895 = AXIS2_PLACEMENT_3D('',#10896,#10897,#10898);
#10896 = CARTESIAN_POINT('',(-3.823222584777,-1.192512736812,
    2.234942023904));
#10897 = DIRECTION('',(0.,-0.,-1.));
#10898 = DIRECTION('',(6.661338147751E-16,-1.,0.));
#10899 = PLANE('',#10900);
#10900 = AXIS2_PLACEMENT_3D('',#10901,#10902,#10903);
#10901 = CARTESIAN_POINT('',(-3.823222584777,-1.192512736812,
    2.234942023904));
#10902 = DIRECTION('',(0.,0.,-1.));
#10903 = DIRECTION('',(-6.661338147751E-16,1.,0.));
#10904 = ADVANCED_FACE('',(#10905),#10916,.F.);
#10905 = FACE_BOUND('',#10906,.T.);
#10906 = EDGE_LOOP('',(#10907));
#10907 = ORIENTED_EDGE('',*,*,#10908,.F.);
#10908 = EDGE_CURVE('',#10909,#10909,#10911,.T.);
#10909 = VERTEX_POINT('',#10910);
#10910 = CARTESIAN_POINT('',(-3.823222584777,-0.574497260769,
    2.234942023904));
#10911 = CIRCLE('',#10912,0.184122055306);
#10912 = AXIS2_PLACEMENT_3D('',#10913,#10914,#10915);
#10913 = CARTESIAN_POINT('',(-3.823222584777,-0.390375205463,
    2.234942023904));
#10914 = DIRECTION('',(0.,-0.,-1.));
#10915 = DIRECTION('',(6.661338147751E-16,-1.,0.));
#10916 = PLANE('',#10917);
#10917 = AXIS2_PLACEMENT_3D('',#10918,#10919,#10920);
#10918 = CARTESIAN_POINT('',(-3.823222584777,-0.390375205463,
    2.234942023904));
#10919 = DIRECTION('',(0.,0.,-1.));
#10920 = DIRECTION('',(-6.661338147751E-16,1.,0.));
#10921 = ADVANCED_FACE('',(#10922),#10933,.F.);
#10922 = FACE_BOUND('',#10923,.T.);
#10923 = EDGE_LOOP('',(#10924));
#10924 = ORIENTED_EDGE('',*,*,#10925,.F.);
#10925 = EDGE_CURVE('',#10926,#10926,#10928,.T.);
#10926 = VERTEX_POINT('',#10927);
#10927 = CARTESIAN_POINT('',(-3.823222584777,0.227640270581,
    2.234942023904));
#10928 = CIRCLE('',#10929,0.184122055306);
#10929 = AXIS2_PLACEMENT_3D('',#10930,#10931,#10932);
#10930 = CARTESIAN_POINT('',(-3.823222584777,0.411762325886,
    2.234942023904));
#10931 = DIRECTION('',(0.,-0.,-1.));
#10932 = DIRECTION('',(6.661338147751E-16,-1.,0.));
#10933 = PLANE('',#10934);
#10934 = AXIS2_PLACEMENT_3D('',#10935,#10936,#10937);
#10935 = CARTESIAN_POINT('',(-3.823222584777,0.411762325886,
    2.234942023904));
#10936 = DIRECTION('',(0.,0.,-1.));
#10937 = DIRECTION('',(-6.661338147751E-16,1.,0.));
#10938 = ADVANCED_FACE('',(#10939),#10950,.F.);
#10939 = FACE_BOUND('',#10940,.T.);
#10940 = EDGE_LOOP('',(#10941));
#10941 = ORIENTED_EDGE('',*,*,#10942,.F.);
#10942 = EDGE_CURVE('',#10943,#10943,#10945,.T.);
#10943 = VERTEX_POINT('',#10944);
#10944 = CARTESIAN_POINT('',(-3.823222584777,1.02977780193,
    2.234942023904));
#10945 = CIRCLE('',#10946,0.184122055306);
#10946 = AXIS2_PLACEMENT_3D('',#10947,#10948,#10949);
#10947 = CARTESIAN_POINT('',(-3.823222584777,1.213899857236,
    2.234942023904));
#10948 = DIRECTION('',(0.,-0.,-1.));
#10949 = DIRECTION('',(6.661338147751E-16,-1.,0.));
#10950 = PLANE('',#10951);
#10951 = AXIS2_PLACEMENT_3D('',#10952,#10953,#10954);
#10952 = CARTESIAN_POINT('',(-3.823222584777,1.213899857236,
    2.234942023904));
#10953 = DIRECTION('',(0.,0.,-1.));
#10954 = DIRECTION('',(-6.661338147751E-16,1.,0.));
#10955 = ADVANCED_FACE('',(#10956),#10967,.F.);
#10956 = FACE_BOUND('',#10957,.T.);
#10957 = EDGE_LOOP('',(#10958));
#10958 = ORIENTED_EDGE('',*,*,#10959,.F.);
#10959 = EDGE_CURVE('',#10960,#10960,#10962,.T.);
#10960 = VERTEX_POINT('',#10961);
#10961 = CARTESIAN_POINT('',(-3.823222584777,1.831915333279,
    2.234942023904));
#10962 = CIRCLE('',#10963,0.184122055306);
#10963 = AXIS2_PLACEMENT_3D('',#10964,#10965,#10966);
#10964 = CARTESIAN_POINT('',(-3.823222584777,2.016037388585,
    2.234942023904));
#10965 = DIRECTION('',(0.,-0.,-1.));
#10966 = DIRECTION('',(6.661338147751E-16,-1.,0.));
#10967 = PLANE('',#10968);
#10968 = AXIS2_PLACEMENT_3D('',#10969,#10970,#10971);
#10969 = CARTESIAN_POINT('',(-3.823222584777,2.016037388585,
    2.234942023904));
#10970 = DIRECTION('',(0.,0.,-1.));
#10971 = DIRECTION('',(-6.661338147751E-16,1.,0.));
#10972 = ADVANCED_FACE('',(#10973),#10984,.F.);
#10973 = FACE_BOUND('',#10974,.T.);
#10974 = EDGE_LOOP('',(#10975));
#10975 = ORIENTED_EDGE('',*,*,#10976,.F.);
#10976 = EDGE_CURVE('',#10977,#10977,#10979,.T.);
#10977 = VERTEX_POINT('',#10978);
#10978 = CARTESIAN_POINT('',(-3.823222584777,2.634052864629,
    2.234942023904));
#10979 = CIRCLE('',#10980,0.184122055306);
#10980 = AXIS2_PLACEMENT_3D('',#10981,#10982,#10983);
#10981 = CARTESIAN_POINT('',(-3.823222584777,2.818174919935,
    2.234942023904));
#10982 = DIRECTION('',(0.,-0.,-1.));
#10983 = DIRECTION('',(6.661338147751E-16,-1.,0.));
#10984 = PLANE('',#10985);
#10985 = AXIS2_PLACEMENT_3D('',#10986,#10987,#10988);
#10986 = CARTESIAN_POINT('',(-3.823222584777,2.818174919935,
    2.234942023904));
#10987 = DIRECTION('',(0.,0.,-1.));
#10988 = DIRECTION('',(-6.661338147751E-16,1.,0.));
#10989 = ADVANCED_FACE('',(#10990),#11001,.F.);
#10990 = FACE_BOUND('',#10991,.T.);
#10991 = EDGE_LOOP('',(#10992));
#10992 = ORIENTED_EDGE('',*,*,#10993,.F.);
#10993 = EDGE_CURVE('',#10994,#10994,#10996,.T.);
#10994 = VERTEX_POINT('',#10995);
#10995 = CARTESIAN_POINT('',(-3.823222584777,3.436190395978,
    2.234942023904));
#10996 = CIRCLE('',#10997,0.184122055306);
#10997 = AXIS2_PLACEMENT_3D('',#10998,#10999,#11000);
#10998 = CARTESIAN_POINT('',(-3.823222584777,3.620312451284,
    2.234942023904));
#10999 = DIRECTION('',(0.,-0.,-1.));
#11000 = DIRECTION('',(6.661338147751E-16,-1.,0.));
#11001 = PLANE('',#11002);
#11002 = AXIS2_PLACEMENT_3D('',#11003,#11004,#11005);
#11003 = CARTESIAN_POINT('',(-3.823222584777,3.620312451284,
    2.234942023904));
#11004 = DIRECTION('',(0.,0.,-1.));
#11005 = DIRECTION('',(-6.661338147751E-16,1.,0.));
#11006 = ADVANCED_FACE('',(#11007),#11018,.F.);
#11007 = FACE_BOUND('',#11008,.T.);
#11008 = EDGE_LOOP('',(#11009));
#11009 = ORIENTED_EDGE('',*,*,#11010,.F.);
#11010 = EDGE_CURVE('',#11011,#11011,#11013,.T.);
#11011 = VERTEX_POINT('',#11012);
#11012 = CARTESIAN_POINT('',(3.813462331743,-3.783047386166,
    2.234942023904));
#11013 = CIRCLE('',#11014,0.184122055306);
#11014 = AXIS2_PLACEMENT_3D('',#11015,#11016,#11017);
#11015 = CARTESIAN_POINT('',(3.813462331743,-3.598925330861,
    2.234942023904));
#11016 = DIRECTION('',(0.,-0.,-1.));
#11017 = DIRECTION('',(6.661338147751E-16,-1.,0.));
#11018 = PLANE('',#11019);
#11019 = AXIS2_PLACEMENT_3D('',#11020,#11021,#11022);
#11020 = CARTESIAN_POINT('',(3.813462331743,-3.598925330861,
    2.234942023904));
#11021 = DIRECTION('',(0.,0.,-1.));
#11022 = DIRECTION('',(-6.661338147751E-16,1.,0.));
#11023 = ADVANCED_FACE('',(#11024),#11035,.F.);
#11024 = FACE_BOUND('',#11025,.T.);
#11025 = EDGE_LOOP('',(#11026));
#11026 = ORIENTED_EDGE('',*,*,#11027,.F.);
#11027 = EDGE_CURVE('',#11028,#11028,#11030,.T.);
#11028 = VERTEX_POINT('',#11029);
#11029 = CARTESIAN_POINT('',(3.813462331743,-2.980909854817,
    2.234942023904));
#11030 = CIRCLE('',#11031,0.184122055306);
#11031 = AXIS2_PLACEMENT_3D('',#11032,#11033,#11034);
#11032 = CARTESIAN_POINT('',(3.813462331743,-2.796787799511,
    2.234942023904));
#11033 = DIRECTION('',(0.,-0.,-1.));
#11034 = DIRECTION('',(6.661338147751E-16,-1.,0.));
#11035 = PLANE('',#11036);
#11036 = AXIS2_PLACEMENT_3D('',#11037,#11038,#11039);
#11037 = CARTESIAN_POINT('',(3.813462331743,-2.796787799511,
    2.234942023904));
#11038 = DIRECTION('',(0.,0.,-1.));
#11039 = DIRECTION('',(-6.661338147751E-16,1.,0.));
#11040 = ADVANCED_FACE('',(#11041),#11052,.F.);
#11041 = FACE_BOUND('',#11042,.T.);
#11042 = EDGE_LOOP('',(#11043));
#11043 = ORIENTED_EDGE('',*,*,#11044,.F.);
#11044 = EDGE_CURVE('',#11045,#11045,#11047,.T.);
#11045 = VERTEX_POINT('',#11046);
#11046 = CARTESIAN_POINT('',(3.813462331743,-2.178772323467,
    2.234942023904));
#11047 = CIRCLE('',#11048,0.184122055306);
#11048 = AXIS2_PLACEMENT_3D('',#11049,#11050,#11051);
#11049 = CARTESIAN_POINT('',(3.813462331743,-1.994650268162,
    2.234942023904));
#11050 = DIRECTION('',(0.,-0.,-1.));
#11051 = DIRECTION('',(6.661338147751E-16,-1.,0.));
#11052 = PLANE('',#11053);
#11053 = AXIS2_PLACEMENT_3D('',#11054,#11055,#11056);
#11054 = CARTESIAN_POINT('',(3.813462331743,-1.994650268162,
    2.234942023904));
#11055 = DIRECTION('',(0.,0.,-1.));
#11056 = DIRECTION('',(-6.661338147751E-16,1.,0.));
#11057 = ADVANCED_FACE('',(#11058),#11069,.F.);
#11058 = FACE_BOUND('',#11059,.T.);
#11059 = EDGE_LOOP('',(#11060));
#11060 = ORIENTED_EDGE('',*,*,#11061,.F.);
#11061 = EDGE_CURVE('',#11062,#11062,#11064,.T.);
#11062 = VERTEX_POINT('',#11063);
#11063 = CARTESIAN_POINT('',(3.813462331743,-1.376634792118,
    2.234942023904));
#11064 = CIRCLE('',#11065,0.184122055306);
#11065 = AXIS2_PLACEMENT_3D('',#11066,#11067,#11068);
#11066 = CARTESIAN_POINT('',(3.813462331743,-1.192512736812,
    2.234942023904));
#11067 = DIRECTION('',(0.,-0.,-1.));
#11068 = DIRECTION('',(6.661338147751E-16,-1.,0.));
#11069 = PLANE('',#11070);
#11070 = AXIS2_PLACEMENT_3D('',#11071,#11072,#11073);
#11071 = CARTESIAN_POINT('',(3.813462331743,-1.192512736812,
    2.234942023904));
#11072 = DIRECTION('',(0.,0.,-1.));
#11073 = DIRECTION('',(-6.661338147751E-16,1.,0.));
#11074 = ADVANCED_FACE('',(#11075),#11086,.F.);
#11075 = FACE_BOUND('',#11076,.T.);
#11076 = EDGE_LOOP('',(#11077));
#11077 = ORIENTED_EDGE('',*,*,#11078,.F.);
#11078 = EDGE_CURVE('',#11079,#11079,#11081,.T.);
#11079 = VERTEX_POINT('',#11080);
#11080 = CARTESIAN_POINT('',(3.813462331743,-0.574497260769,
    2.234942023904));
#11081 = CIRCLE('',#11082,0.184122055306);
#11082 = AXIS2_PLACEMENT_3D('',#11083,#11084,#11085);
#11083 = CARTESIAN_POINT('',(3.813462331743,-0.390375205463,
    2.234942023904));
#11084 = DIRECTION('',(0.,-0.,-1.));
#11085 = DIRECTION('',(6.661338147751E-16,-1.,0.));
#11086 = PLANE('',#11087);
#11087 = AXIS2_PLACEMENT_3D('',#11088,#11089,#11090);
#11088 = CARTESIAN_POINT('',(3.813462331743,-0.390375205463,
    2.234942023904));
#11089 = DIRECTION('',(0.,0.,-1.));
#11090 = DIRECTION('',(-6.661338147751E-16,1.,0.));
#11091 = ADVANCED_FACE('',(#11092),#11103,.F.);
#11092 = FACE_BOUND('',#11093,.T.);
#11093 = EDGE_LOOP('',(#11094));
#11094 = ORIENTED_EDGE('',*,*,#11095,.F.);
#11095 = EDGE_CURVE('',#11096,#11096,#11098,.T.);
#11096 = VERTEX_POINT('',#11097);
#11097 = CARTESIAN_POINT('',(3.813462331743,0.227640270581,
    2.234942023904));
#11098 = CIRCLE('',#11099,0.184122055306);
#11099 = AXIS2_PLACEMENT_3D('',#11100,#11101,#11102);
#11100 = CARTESIAN_POINT('',(3.813462331743,0.411762325886,
    2.234942023904));
#11101 = DIRECTION('',(0.,-0.,-1.));
#11102 = DIRECTION('',(6.661338147751E-16,-1.,0.));
#11103 = PLANE('',#11104);
#11104 = AXIS2_PLACEMENT_3D('',#11105,#11106,#11107);
#11105 = CARTESIAN_POINT('',(3.813462331743,0.411762325886,
    2.234942023904));
#11106 = DIRECTION('',(0.,0.,-1.));
#11107 = DIRECTION('',(-6.661338147751E-16,1.,0.));
#11108 = ADVANCED_FACE('',(#11109),#11120,.F.);
#11109 = FACE_BOUND('',#11110,.T.);
#11110 = EDGE_LOOP('',(#11111));
#11111 = ORIENTED_EDGE('',*,*,#11112,.F.);
#11112 = EDGE_CURVE('',#11113,#11113,#11115,.T.);
#11113 = VERTEX_POINT('',#11114);
#11114 = CARTESIAN_POINT('',(3.813462331743,1.02977780193,2.234942023904
    ));
#11115 = CIRCLE('',#11116,0.184122055306);
#11116 = AXIS2_PLACEMENT_3D('',#11117,#11118,#11119);
#11117 = CARTESIAN_POINT('',(3.813462331743,1.213899857236,
    2.234942023904));
#11118 = DIRECTION('',(0.,-0.,-1.));
#11119 = DIRECTION('',(6.661338147751E-16,-1.,0.));
#11120 = PLANE('',#11121);
#11121 = AXIS2_PLACEMENT_3D('',#11122,#11123,#11124);
#11122 = CARTESIAN_POINT('',(3.813462331743,1.213899857236,
    2.234942023904));
#11123 = DIRECTION('',(0.,0.,-1.));
#11124 = DIRECTION('',(-6.661338147751E-16,1.,0.));
#11125 = ADVANCED_FACE('',(#11126),#11137,.F.);
#11126 = FACE_BOUND('',#11127,.T.);
#11127 = EDGE_LOOP('',(#11128));
#11128 = ORIENTED_EDGE('',*,*,#11129,.F.);
#11129 = EDGE_CURVE('',#11130,#11130,#11132,.T.);
#11130 = VERTEX_POINT('',#11131);
#11131 = CARTESIAN_POINT('',(3.813462331743,1.831915333279,
    2.234942023904));
#11132 = CIRCLE('',#11133,0.184122055306);
#11133 = AXIS2_PLACEMENT_3D('',#11134,#11135,#11136);
#11134 = CARTESIAN_POINT('',(3.813462331743,2.016037388585,
    2.234942023904));
#11135 = DIRECTION('',(0.,-0.,-1.));
#11136 = DIRECTION('',(6.661338147751E-16,-1.,0.));
#11137 = PLANE('',#11138);
#11138 = AXIS2_PLACEMENT_3D('',#11139,#11140,#11141);
#11139 = CARTESIAN_POINT('',(3.813462331743,2.016037388585,
    2.234942023904));
#11140 = DIRECTION('',(0.,0.,-1.));
#11141 = DIRECTION('',(-6.661338147751E-16,1.,0.));
#11142 = ADVANCED_FACE('',(#11143),#11154,.F.);
#11143 = FACE_BOUND('',#11144,.T.);
#11144 = EDGE_LOOP('',(#11145));
#11145 = ORIENTED_EDGE('',*,*,#11146,.F.);
#11146 = EDGE_CURVE('',#11147,#11147,#11149,.T.);
#11147 = VERTEX_POINT('',#11148);
#11148 = CARTESIAN_POINT('',(3.813462331743,2.634052864629,
    2.234942023904));
#11149 = CIRCLE('',#11150,0.184122055306);
#11150 = AXIS2_PLACEMENT_3D('',#11151,#11152,#11153);
#11151 = CARTESIAN_POINT('',(3.813462331743,2.818174919935,
    2.234942023904));
#11152 = DIRECTION('',(0.,-0.,-1.));
#11153 = DIRECTION('',(6.661338147751E-16,-1.,0.));
#11154 = PLANE('',#11155);
#11155 = AXIS2_PLACEMENT_3D('',#11156,#11157,#11158);
#11156 = CARTESIAN_POINT('',(3.813462331743,2.818174919935,
    2.234942023904));
#11157 = DIRECTION('',(0.,0.,-1.));
#11158 = DIRECTION('',(-6.661338147751E-16,1.,0.));
#11159 = ADVANCED_FACE('',(#11160),#11171,.F.);
#11160 = FACE_BOUND('',#11161,.T.);
#11161 = EDGE_LOOP('',(#11162));
#11162 = ORIENTED_EDGE('',*,*,#11163,.F.);
#11163 = EDGE_CURVE('',#11164,#11164,#11166,.T.);
#11164 = VERTEX_POINT('',#11165);
#11165 = CARTESIAN_POINT('',(3.813462331743,3.436190395978,
    2.234942023904));
#11166 = CIRCLE('',#11167,0.184122055306);
#11167 = AXIS2_PLACEMENT_3D('',#11168,#11169,#11170);
#11168 = CARTESIAN_POINT('',(3.813462331743,3.620312451284,
    2.234942023904));
#11169 = DIRECTION('',(0.,-0.,-1.));
#11170 = DIRECTION('',(6.661338147751E-16,-1.,0.));
#11171 = PLANE('',#11172);
#11172 = AXIS2_PLACEMENT_3D('',#11173,#11174,#11175);
#11173 = CARTESIAN_POINT('',(3.813462331743,3.620312451284,
    2.234942023904));
#11174 = DIRECTION('',(0.,0.,-1.));
#11175 = DIRECTION('',(-6.661338147751E-16,1.,0.));
#11176 = ADVANCED_FACE('',(#11177),#11202,.T.);
#11177 = FACE_BOUND('',#11178,.T.);
#11178 = EDGE_LOOP('',(#11179,#11189,#11195,#11196));
#11179 = ORIENTED_EDGE('',*,*,#11180,.F.);
#11180 = EDGE_CURVE('',#11181,#11183,#11185,.T.);
#11181 = VERTEX_POINT('',#11182);
#11182 = CARTESIAN_POINT('',(-4.05,-5.8,1.611534615022));
#11183 = VERTEX_POINT('',#11184);
#11184 = CARTESIAN_POINT('',(4.05,-5.8,1.611534615022));
#11185 = LINE('',#11186,#11187);
#11186 = CARTESIAN_POINT('',(3.764559376674E-15,-5.8,1.611534615022));
#11187 = VECTOR('',#11188,1.);
#11188 = DIRECTION('',(1.,6.661338147751E-16,0.));
#11189 = ORIENTED_EDGE('',*,*,#11190,.F.);
#11190 = EDGE_CURVE('',#10776,#11181,#11191,.T.);
#11191 = LINE('',#11192,#11193);
#11192 = CARTESIAN_POINT('',(-4.05,-5.8,1.611534615022));
#11193 = VECTOR('',#11194,1.);
#11194 = DIRECTION('',(-4.892456024102E-17,-1.745240643728E-02,
    0.999847695156));
#11195 = ORIENTED_EDGE('',*,*,#10775,.T.);
#11196 = ORIENTED_EDGE('',*,*,#11197,.T.);
#11197 = EDGE_CURVE('',#10767,#11183,#11198,.T.);
#11198 = LINE('',#11199,#11200);
#11199 = CARTESIAN_POINT('',(4.05,-5.8,1.611534615022));
#11200 = VECTOR('',#11201,1.);
#11201 = DIRECTION('',(1.162563807707E-17,-1.745240643728E-02,
    0.999847695156));
#11202 = PLANE('',#11203);
#11203 = AXIS2_PLACEMENT_3D('',#11204,#11205,#11206);
#11204 = CARTESIAN_POINT('',(3.764559376674E-15,-5.8,1.611534615022));
#11205 = DIRECTION('',(6.660323593686E-16,-0.999847695156,
    -1.745240643728E-02));
#11206 = DIRECTION('',(-1.162563807707E-17,1.745240643728E-02,
    -0.999847695156));
#11207 = ADVANCED_FACE('',(#11208),#11227,.T.);
#11208 = FACE_BOUND('',#11209,.T.);
#11209 = EDGE_LOOP('',(#11210,#11219,#11225,#11226));
#11210 = ORIENTED_EDGE('',*,*,#11211,.T.);
#11211 = EDGE_CURVE('',#11181,#11212,#11214,.T.);
#11212 = VERTEX_POINT('',#11213);
#11213 = CARTESIAN_POINT('',(-4.8,-5.05,1.611534615022));
#11214 = CIRCLE('',#11215,0.75);
#11215 = AXIS2_PLACEMENT_3D('',#11216,#11217,#11218);
#11216 = CARTESIAN_POINT('',(-4.05,-5.05,1.611534615022));
#11217 = DIRECTION('',(0.,-0.,-1.));
#11218 = DIRECTION('',(6.661338147751E-16,-1.,0.));
#11219 = ORIENTED_EDGE('',*,*,#11220,.F.);
#11220 = EDGE_CURVE('',#10784,#11212,#11221,.T.);
#11221 = LINE('',#11222,#11223);
#11222 = CARTESIAN_POINT('',(-4.8,-5.05,1.611534615022));
#11223 = VECTOR('',#11224,1.);
#11224 = DIRECTION('',(-1.745240643728E-02,-1.162563807707E-17,
    0.999847695156));
#11225 = ORIENTED_EDGE('',*,*,#10783,.F.);
#11226 = ORIENTED_EDGE('',*,*,#11190,.T.);
#11227 = CONICAL_SURFACE('',#11228,0.75,1.745329251994E-02);
#11228 = AXIS2_PLACEMENT_3D('',#11229,#11230,#11231);
#11229 = CARTESIAN_POINT('',(-4.05,-5.05,1.611534615022));
#11230 = DIRECTION('',(0.,0.,1.));
#11231 = DIRECTION('',(6.661338147751E-16,-1.,0.));
#11232 = ADVANCED_FACE('',(#11233,#11239,#11245,#11251,#11257,#11263,
    #11269,#11275,#11281,#11287,#11293,#11299,#11317),#11323,.T.);
#11233 = FACE_BOUND('',#11234,.T.);
#11234 = EDGE_LOOP('',(#11235,#11236,#11237,#11238));
#11235 = ORIENTED_EDGE('',*,*,#9386,.T.);
#11236 = ORIENTED_EDGE('',*,*,#9361,.F.);
#11237 = ORIENTED_EDGE('',*,*,#9329,.F.);
#11238 = ORIENTED_EDGE('',*,*,#9298,.F.);
#11239 = FACE_BOUND('',#11240,.T.);
#11240 = EDGE_LOOP('',(#11241,#11242,#11243,#11244));
#11241 = ORIENTED_EDGE('',*,*,#9274,.T.);
#11242 = ORIENTED_EDGE('',*,*,#9249,.F.);
#11243 = ORIENTED_EDGE('',*,*,#9217,.F.);
#11244 = ORIENTED_EDGE('',*,*,#9186,.F.);
#11245 = FACE_BOUND('',#11246,.T.);
#11246 = EDGE_LOOP('',(#11247,#11248,#11249,#11250));
#11247 = ORIENTED_EDGE('',*,*,#9162,.T.);
#11248 = ORIENTED_EDGE('',*,*,#9137,.F.);
#11249 = ORIENTED_EDGE('',*,*,#9105,.F.);
#11250 = ORIENTED_EDGE('',*,*,#9074,.F.);
#11251 = FACE_BOUND('',#11252,.T.);
#11252 = EDGE_LOOP('',(#11253,#11254,#11255,#11256));
#11253 = ORIENTED_EDGE('',*,*,#9050,.T.);
#11254 = ORIENTED_EDGE('',*,*,#9025,.F.);
#11255 = ORIENTED_EDGE('',*,*,#8993,.F.);
#11256 = ORIENTED_EDGE('',*,*,#8962,.F.);
#11257 = FACE_BOUND('',#11258,.T.);
#11258 = EDGE_LOOP('',(#11259,#11260,#11261,#11262));
#11259 = ORIENTED_EDGE('',*,*,#8938,.T.);
#11260 = ORIENTED_EDGE('',*,*,#8913,.F.);
#11261 = ORIENTED_EDGE('',*,*,#8881,.F.);
#11262 = ORIENTED_EDGE('',*,*,#8850,.F.);
#11263 = FACE_BOUND('',#11264,.T.);
#11264 = EDGE_LOOP('',(#11265,#11266,#11267,#11268));
#11265 = ORIENTED_EDGE('',*,*,#8826,.T.);
#11266 = ORIENTED_EDGE('',*,*,#8801,.F.);
#11267 = ORIENTED_EDGE('',*,*,#8769,.F.);
#11268 = ORIENTED_EDGE('',*,*,#8738,.F.);
#11269 = FACE_BOUND('',#11270,.T.);
#11270 = EDGE_LOOP('',(#11271,#11272,#11273,#11274));
#11271 = ORIENTED_EDGE('',*,*,#8714,.T.);
#11272 = ORIENTED_EDGE('',*,*,#8689,.F.);
#11273 = ORIENTED_EDGE('',*,*,#8657,.F.);
#11274 = ORIENTED_EDGE('',*,*,#8626,.F.);
#11275 = FACE_BOUND('',#11276,.T.);
#11276 = EDGE_LOOP('',(#11277,#11278,#11279,#11280));
#11277 = ORIENTED_EDGE('',*,*,#8602,.T.);
#11278 = ORIENTED_EDGE('',*,*,#8577,.F.);
#11279 = ORIENTED_EDGE('',*,*,#8545,.F.);
#11280 = ORIENTED_EDGE('',*,*,#8514,.F.);
#11281 = FACE_BOUND('',#11282,.T.);
#11282 = EDGE_LOOP('',(#11283,#11284,#11285,#11286));
#11283 = ORIENTED_EDGE('',*,*,#8490,.T.);
#11284 = ORIENTED_EDGE('',*,*,#8465,.F.);
#11285 = ORIENTED_EDGE('',*,*,#8433,.F.);
#11286 = ORIENTED_EDGE('',*,*,#8402,.F.);
#11287 = FACE_BOUND('',#11288,.T.);
#11288 = EDGE_LOOP('',(#11289,#11290,#11291,#11292));
#11289 = ORIENTED_EDGE('',*,*,#8378,.T.);
#11290 = ORIENTED_EDGE('',*,*,#8353,.F.);
#11291 = ORIENTED_EDGE('',*,*,#8321,.F.);
#11292 = ORIENTED_EDGE('',*,*,#8290,.F.);
#11293 = FACE_BOUND('',#11294,.T.);
#11294 = EDGE_LOOP('',(#11295,#11296,#11297,#11298));
#11295 = ORIENTED_EDGE('',*,*,#8266,.T.);
#11296 = ORIENTED_EDGE('',*,*,#8241,.F.);
#11297 = ORIENTED_EDGE('',*,*,#8209,.F.);
#11298 = ORIENTED_EDGE('',*,*,#8178,.F.);
#11299 = FACE_BOUND('',#11300,.T.);
#11300 = EDGE_LOOP('',(#11301,#11309,#11315,#11316));
#11301 = ORIENTED_EDGE('',*,*,#11302,.F.);
#11302 = EDGE_CURVE('',#11303,#11212,#11305,.T.);
#11303 = VERTEX_POINT('',#11304);
#11304 = CARTESIAN_POINT('',(-4.8,5.05,1.611534615022));
#11305 = LINE('',#11306,#11307);
#11306 = CARTESIAN_POINT('',(-4.8,-3.374850244539E-15,1.611534615022));
#11307 = VECTOR('',#11308,1.);
#11308 = DIRECTION('',(6.661338147751E-16,-1.,0.));
#11309 = ORIENTED_EDGE('',*,*,#11310,.F.);
#11310 = EDGE_CURVE('',#10793,#11303,#11311,.T.);
#11311 = LINE('',#11312,#11313);
#11312 = CARTESIAN_POINT('',(-4.8,5.05,1.611534615022));
#11313 = VECTOR('',#11314,1.);
#11314 = DIRECTION('',(-1.745240643728E-02,2.874116080165E-17,
    0.999847695156));
#11315 = ORIENTED_EDGE('',*,*,#10792,.T.);
#11316 = ORIENTED_EDGE('',*,*,#11220,.T.);
#11317 = FACE_BOUND('',#11318,.T.);
#11318 = EDGE_LOOP('',(#11319,#11320,#11321,#11322));
#11319 = ORIENTED_EDGE('',*,*,#8154,.T.);
#11320 = ORIENTED_EDGE('',*,*,#8129,.F.);
#11321 = ORIENTED_EDGE('',*,*,#8097,.F.);
#11322 = ORIENTED_EDGE('',*,*,#8066,.F.);
#11323 = PLANE('',#11324);
#11324 = AXIS2_PLACEMENT_3D('',#11325,#11326,#11327);
#11325 = CARTESIAN_POINT('',(-4.8,-3.374850244539E-15,1.611534615022));
#11326 = DIRECTION('',(-0.999847695156,-6.660323593686E-16,
    -1.745240643728E-02));
#11327 = DIRECTION('',(1.745240643728E-02,1.162563807707E-17,
    -0.999847695156));
#11328 = ADVANCED_FACE('',(#11329),#11348,.T.);
#11329 = FACE_BOUND('',#11330,.T.);
#11330 = EDGE_LOOP('',(#11331,#11340,#11346,#11347));
#11331 = ORIENTED_EDGE('',*,*,#11332,.T.);
#11332 = EDGE_CURVE('',#11303,#11333,#11335,.T.);
#11333 = VERTEX_POINT('',#11334);
#11334 = CARTESIAN_POINT('',(-4.05,5.8,1.611534615022));
#11335 = CIRCLE('',#11336,0.75);
#11336 = AXIS2_PLACEMENT_3D('',#11337,#11338,#11339);
#11337 = CARTESIAN_POINT('',(-4.05,5.05,1.611534615022));
#11338 = DIRECTION('',(0.,-0.,-1.));
#11339 = DIRECTION('',(6.661338147751E-16,-1.,0.));
#11340 = ORIENTED_EDGE('',*,*,#11341,.F.);
#11341 = EDGE_CURVE('',#10801,#11333,#11342,.T.);
#11342 = LINE('',#11343,#11344);
#11343 = CARTESIAN_POINT('',(-4.05,5.8,1.611534615022));
#11344 = VECTOR('',#11345,1.);
#11345 = DIRECTION('',(-1.162563807707E-17,1.745240643728E-02,
    0.999847695156));
#11346 = ORIENTED_EDGE('',*,*,#10800,.F.);
#11347 = ORIENTED_EDGE('',*,*,#11310,.T.);
#11348 = CONICAL_SURFACE('',#11349,0.75,1.745329251994E-02);
#11349 = AXIS2_PLACEMENT_3D('',#11350,#11351,#11352);
#11350 = CARTESIAN_POINT('',(-4.05,5.05,1.611534615022));
#11351 = DIRECTION('',(0.,0.,1.));
#11352 = DIRECTION('',(6.661338147751E-16,-1.,0.));
#11353 = ADVANCED_FACE('',(#11354),#11372,.T.);
#11354 = FACE_BOUND('',#11355,.T.);
#11355 = EDGE_LOOP('',(#11356,#11364,#11370,#11371));
#11356 = ORIENTED_EDGE('',*,*,#11357,.F.);
#11357 = EDGE_CURVE('',#11358,#11333,#11360,.T.);
#11358 = VERTEX_POINT('',#11359);
#11359 = CARTESIAN_POINT('',(4.05,5.8,1.611534615022));
#11360 = LINE('',#11361,#11362);
#11361 = CARTESIAN_POINT('',(-3.962592874717E-15,5.8,1.611534615022));
#11362 = VECTOR('',#11363,1.);
#11363 = DIRECTION('',(-1.,-6.661338147751E-16,0.));
#11364 = ORIENTED_EDGE('',*,*,#11365,.F.);
#11365 = EDGE_CURVE('',#10810,#11358,#11366,.T.);
#11366 = LINE('',#11367,#11368);
#11367 = CARTESIAN_POINT('',(4.05,5.8,1.611534615022));
#11368 = VECTOR('',#11369,1.);
#11369 = DIRECTION('',(2.874116080165E-17,1.745240643728E-02,
    0.999847695156));
#11370 = ORIENTED_EDGE('',*,*,#10809,.T.);
#11371 = ORIENTED_EDGE('',*,*,#11341,.T.);
#11372 = PLANE('',#11373);
#11373 = AXIS2_PLACEMENT_3D('',#11374,#11375,#11376);
#11374 = CARTESIAN_POINT('',(-3.962592874717E-15,5.8,1.611534615022));
#11375 = DIRECTION('',(-6.660323593686E-16,0.999847695156,
    -1.745240643728E-02));
#11376 = DIRECTION('',(-1.162563807707E-17,1.745240643728E-02,
    0.999847695156));
#11377 = ADVANCED_FACE('',(#11378),#11397,.T.);
#11378 = FACE_BOUND('',#11379,.T.);
#11379 = EDGE_LOOP('',(#11380,#11389,#11395,#11396));
#11380 = ORIENTED_EDGE('',*,*,#11381,.T.);
#11381 = EDGE_CURVE('',#11358,#11382,#11384,.T.);
#11382 = VERTEX_POINT('',#11383);
#11383 = CARTESIAN_POINT('',(4.8,5.05,1.611534615022));
#11384 = CIRCLE('',#11385,0.75);
#11385 = AXIS2_PLACEMENT_3D('',#11386,#11387,#11388);
#11386 = CARTESIAN_POINT('',(4.05,5.05,1.611534615022));
#11387 = DIRECTION('',(0.,-0.,-1.));
#11388 = DIRECTION('',(6.661338147751E-16,-1.,0.));
#11389 = ORIENTED_EDGE('',*,*,#11390,.F.);
#11390 = EDGE_CURVE('',#10818,#11382,#11391,.T.);
#11391 = LINE('',#11392,#11393);
#11392 = CARTESIAN_POINT('',(4.8,5.05,1.611534615022));
#11393 = VECTOR('',#11394,1.);
#11394 = DIRECTION('',(1.745240643728E-02,1.162563807707E-17,
    0.999847695156));
#11395 = ORIENTED_EDGE('',*,*,#10817,.F.);
#11396 = ORIENTED_EDGE('',*,*,#11365,.T.);
#11397 = CONICAL_SURFACE('',#11398,0.75,1.745329251994E-02);
#11398 = AXIS2_PLACEMENT_3D('',#11399,#11400,#11401);
#11399 = CARTESIAN_POINT('',(4.05,5.05,1.611534615022));
#11400 = DIRECTION('',(0.,0.,1.));
#11401 = DIRECTION('',(6.661338147751E-16,-1.,0.));
#11402 = ADVANCED_FACE('',(#11403,#11409,#11415,#11421,#11427,#11433,
    #11439,#11445,#11451,#11457,#11463,#11469,#11475),#11493,.T.);
#11403 = FACE_BOUND('',#11404,.T.);
#11404 = EDGE_LOOP('',(#11405,#11406,#11407,#11408));
#11405 = ORIENTED_EDGE('',*,*,#10738,.T.);
#11406 = ORIENTED_EDGE('',*,*,#10705,.F.);
#11407 = ORIENTED_EDGE('',*,*,#10682,.T.);
#11408 = ORIENTED_EDGE('',*,*,#10650,.T.);
#11409 = FACE_BOUND('',#11410,.T.);
#11410 = EDGE_LOOP('',(#11411,#11412,#11413,#11414));
#11411 = ORIENTED_EDGE('',*,*,#10626,.T.);
#11412 = ORIENTED_EDGE('',*,*,#10593,.F.);
#11413 = ORIENTED_EDGE('',*,*,#10570,.T.);
#11414 = ORIENTED_EDGE('',*,*,#10538,.T.);
#11415 = FACE_BOUND('',#11416,.T.);
#11416 = EDGE_LOOP('',(#11417,#11418,#11419,#11420));
#11417 = ORIENTED_EDGE('',*,*,#10514,.T.);
#11418 = ORIENTED_EDGE('',*,*,#10481,.F.);
#11419 = ORIENTED_EDGE('',*,*,#10458,.T.);
#11420 = ORIENTED_EDGE('',*,*,#10426,.T.);
#11421 = FACE_BOUND('',#11422,.T.);
#11422 = EDGE_LOOP('',(#11423,#11424,#11425,#11426));
#11423 = ORIENTED_EDGE('',*,*,#10402,.T.);
#11424 = ORIENTED_EDGE('',*,*,#10369,.F.);
#11425 = ORIENTED_EDGE('',*,*,#10346,.T.);
#11426 = ORIENTED_EDGE('',*,*,#10314,.T.);
#11427 = FACE_BOUND('',#11428,.T.);
#11428 = EDGE_LOOP('',(#11429,#11430,#11431,#11432));
#11429 = ORIENTED_EDGE('',*,*,#10290,.T.);
#11430 = ORIENTED_EDGE('',*,*,#10257,.F.);
#11431 = ORIENTED_EDGE('',*,*,#10234,.T.);
#11432 = ORIENTED_EDGE('',*,*,#10202,.T.);
#11433 = FACE_BOUND('',#11434,.T.);
#11434 = EDGE_LOOP('',(#11435,#11436,#11437,#11438));
#11435 = ORIENTED_EDGE('',*,*,#10178,.T.);
#11436 = ORIENTED_EDGE('',*,*,#10145,.F.);
#11437 = ORIENTED_EDGE('',*,*,#10122,.T.);
#11438 = ORIENTED_EDGE('',*,*,#10090,.T.);
#11439 = FACE_BOUND('',#11440,.T.);
#11440 = EDGE_LOOP('',(#11441,#11442,#11443,#11444));
#11441 = ORIENTED_EDGE('',*,*,#10066,.T.);
#11442 = ORIENTED_EDGE('',*,*,#10033,.F.);
#11443 = ORIENTED_EDGE('',*,*,#10010,.T.);
#11444 = ORIENTED_EDGE('',*,*,#9978,.T.);
#11445 = FACE_BOUND('',#11446,.T.);
#11446 = EDGE_LOOP('',(#11447,#11448,#11449,#11450));
#11447 = ORIENTED_EDGE('',*,*,#9954,.T.);
#11448 = ORIENTED_EDGE('',*,*,#9921,.F.);
#11449 = ORIENTED_EDGE('',*,*,#9898,.T.);
#11450 = ORIENTED_EDGE('',*,*,#9866,.T.);
#11451 = FACE_BOUND('',#11452,.T.);
#11452 = EDGE_LOOP('',(#11453,#11454,#11455,#11456));
#11453 = ORIENTED_EDGE('',*,*,#9842,.T.);
#11454 = ORIENTED_EDGE('',*,*,#9809,.F.);
#11455 = ORIENTED_EDGE('',*,*,#9786,.T.);
#11456 = ORIENTED_EDGE('',*,*,#9754,.T.);
#11457 = FACE_BOUND('',#11458,.T.);
#11458 = EDGE_LOOP('',(#11459,#11460,#11461,#11462));
#11459 = ORIENTED_EDGE('',*,*,#9730,.T.);
#11460 = ORIENTED_EDGE('',*,*,#9697,.F.);
#11461 = ORIENTED_EDGE('',*,*,#9674,.T.);
#11462 = ORIENTED_EDGE('',*,*,#9642,.T.);
#11463 = FACE_BOUND('',#11464,.T.);
#11464 = EDGE_LOOP('',(#11465,#11466,#11467,#11468));
#11465 = ORIENTED_EDGE('',*,*,#9618,.T.);
#11466 = ORIENTED_EDGE('',*,*,#9585,.F.);
#11467 = ORIENTED_EDGE('',*,*,#9562,.T.);
#11468 = ORIENTED_EDGE('',*,*,#9530,.T.);
#11469 = FACE_BOUND('',#11470,.T.);
#11470 = EDGE_LOOP('',(#11471,#11472,#11473,#11474));
#11471 = ORIENTED_EDGE('',*,*,#9506,.T.);
#11472 = ORIENTED_EDGE('',*,*,#9473,.F.);
#11473 = ORIENTED_EDGE('',*,*,#9450,.T.);
#11474 = ORIENTED_EDGE('',*,*,#9418,.T.);
#11475 = FACE_BOUND('',#11476,.T.);
#11476 = EDGE_LOOP('',(#11477,#11485,#11491,#11492));
#11477 = ORIENTED_EDGE('',*,*,#11478,.F.);
#11478 = EDGE_CURVE('',#11479,#11382,#11481,.T.);
#11479 = VERTEX_POINT('',#11480);
#11480 = CARTESIAN_POINT('',(4.8,-5.05,1.611534615022));
#11481 = LINE('',#11482,#11483);
#11482 = CARTESIAN_POINT('',(4.8,3.020034377302E-15,1.611534615022));
#11483 = VECTOR('',#11484,1.);
#11484 = DIRECTION('',(-6.661338147751E-16,1.,0.));
#11485 = ORIENTED_EDGE('',*,*,#11486,.F.);
#11486 = EDGE_CURVE('',#10765,#11479,#11487,.T.);
#11487 = LINE('',#11488,#11489);
#11488 = CARTESIAN_POINT('',(4.8,-5.05,1.611534615022));
#11489 = VECTOR('',#11490,1.);
#11490 = DIRECTION('',(1.745240643728E-02,-2.874116080165E-17,
    0.999847695156));
#11491 = ORIENTED_EDGE('',*,*,#10826,.T.);
#11492 = ORIENTED_EDGE('',*,*,#11390,.T.);
#11493 = PLANE('',#11494);
#11494 = AXIS2_PLACEMENT_3D('',#11495,#11496,#11497);
#11495 = CARTESIAN_POINT('',(4.8,3.020034377302E-15,1.611534615022));
#11496 = DIRECTION('',(0.999847695156,6.660323593686E-16,
    -1.745240643728E-02));
#11497 = DIRECTION('',(1.745240643728E-02,1.162563807707E-17,
    0.999847695156));
#11498 = ADVANCED_FACE('',(#11499),#11511,.T.);
#11499 = FACE_BOUND('',#11500,.T.);
#11500 = EDGE_LOOP('',(#11501,#11508,#11509,#11510));
#11501 = ORIENTED_EDGE('',*,*,#11502,.T.);
#11502 = EDGE_CURVE('',#11479,#11183,#11503,.T.);
#11503 = CIRCLE('',#11504,0.75);
#11504 = AXIS2_PLACEMENT_3D('',#11505,#11506,#11507);
#11505 = CARTESIAN_POINT('',(4.05,-5.05,1.611534615022));
#11506 = DIRECTION('',(0.,0.,-1.));
#11507 = DIRECTION('',(-6.661338147751E-16,1.,0.));
#11508 = ORIENTED_EDGE('',*,*,#11197,.F.);
#11509 = ORIENTED_EDGE('',*,*,#10764,.F.);
#11510 = ORIENTED_EDGE('',*,*,#11486,.T.);
#11511 = CONICAL_SURFACE('',#11512,0.75,1.745329251994E-02);
#11512 = AXIS2_PLACEMENT_3D('',#11513,#11514,#11515);
#11513 = CARTESIAN_POINT('',(4.05,-5.05,1.611534615022));
#11514 = DIRECTION('',(0.,0.,1.));
#11515 = DIRECTION('',(6.661338147751E-16,-1.,0.));
#11516 = ADVANCED_FACE('',(#11517),#11535,.F.);
#11517 = FACE_BOUND('',#11518,.F.);
#11518 = EDGE_LOOP('',(#11519,#11520,#11527,#11534));
#11519 = ORIENTED_EDGE('',*,*,#10840,.F.);
#11520 = ORIENTED_EDGE('',*,*,#11521,.T.);
#11521 = EDGE_CURVE('',#10841,#11522,#11524,.T.);
#11522 = VERTEX_POINT('',#11523);
#11523 = CARTESIAN_POINT('',(-3.823222584777,-3.783047386166,
    2.604405568248));
#11524 = B_SPLINE_CURVE_WITH_KNOTS('',1,(#11525,#11526),.UNSPECIFIED.,
  .F.,.F.,(2,2),(0.,0.369463544344),.PIECEWISE_BEZIER_KNOTS.);
#11525 = CARTESIAN_POINT('',(-3.823222584777,-3.783047386166,
    2.234942023904));
#11526 = CARTESIAN_POINT('',(-3.823222584777,-3.783047386166,
    2.604405568248));
#11527 = ORIENTED_EDGE('',*,*,#11528,.T.);
#11528 = EDGE_CURVE('',#11522,#11522,#11529,.T.);
#11529 = CIRCLE('',#11530,0.184122055306);
#11530 = AXIS2_PLACEMENT_3D('',#11531,#11532,#11533);
#11531 = CARTESIAN_POINT('',(-3.823222584777,-3.598925330861,
    2.604405568248));
#11532 = DIRECTION('',(0.,-0.,-1.));
#11533 = DIRECTION('',(6.661338147751E-16,-1.,0.));
#11534 = ORIENTED_EDGE('',*,*,#11521,.F.);
#11535 = CYLINDRICAL_SURFACE('',#11536,0.184122055306);
#11536 = AXIS2_PLACEMENT_3D('',#11537,#11538,#11539);
#11537 = CARTESIAN_POINT('',(-3.823222584777,-3.598925330861,
    2.234942023904));
#11538 = DIRECTION('',(0.,0.,1.));
#11539 = DIRECTION('',(6.661338147751E-16,-1.,0.));
#11540 = ADVANCED_FACE('',(#11541),#11559,.F.);
#11541 = FACE_BOUND('',#11542,.F.);
#11542 = EDGE_LOOP('',(#11543,#11544,#11551,#11558));
#11543 = ORIENTED_EDGE('',*,*,#10857,.F.);
#11544 = ORIENTED_EDGE('',*,*,#11545,.T.);
#11545 = EDGE_CURVE('',#10858,#11546,#11548,.T.);
#11546 = VERTEX_POINT('',#11547);
#11547 = CARTESIAN_POINT('',(-3.823222584777,-2.980909854817,
    2.604405568248));
#11548 = B_SPLINE_CURVE_WITH_KNOTS('',1,(#11549,#11550),.UNSPECIFIED.,
  .F.,.F.,(2,2),(0.,0.369463544344),.PIECEWISE_BEZIER_KNOTS.);
#11549 = CARTESIAN_POINT('',(-3.823222584777,-2.980909854817,
    2.234942023904));
#11550 = CARTESIAN_POINT('',(-3.823222584777,-2.980909854817,
    2.604405568248));
#11551 = ORIENTED_EDGE('',*,*,#11552,.T.);
#11552 = EDGE_CURVE('',#11546,#11546,#11553,.T.);
#11553 = CIRCLE('',#11554,0.184122055306);
#11554 = AXIS2_PLACEMENT_3D('',#11555,#11556,#11557);
#11555 = CARTESIAN_POINT('',(-3.823222584777,-2.796787799511,
    2.604405568248));
#11556 = DIRECTION('',(0.,-0.,-1.));
#11557 = DIRECTION('',(6.661338147751E-16,-1.,0.));
#11558 = ORIENTED_EDGE('',*,*,#11545,.F.);
#11559 = CYLINDRICAL_SURFACE('',#11560,0.184122055306);
#11560 = AXIS2_PLACEMENT_3D('',#11561,#11562,#11563);
#11561 = CARTESIAN_POINT('',(-3.823222584777,-2.796787799511,
    2.234942023904));
#11562 = DIRECTION('',(0.,0.,1.));
#11563 = DIRECTION('',(6.661338147751E-16,-1.,0.));
#11564 = ADVANCED_FACE('',(#11565),#11583,.F.);
#11565 = FACE_BOUND('',#11566,.F.);
#11566 = EDGE_LOOP('',(#11567,#11568,#11575,#11582));
#11567 = ORIENTED_EDGE('',*,*,#10874,.F.);
#11568 = ORIENTED_EDGE('',*,*,#11569,.T.);
#11569 = EDGE_CURVE('',#10875,#11570,#11572,.T.);
#11570 = VERTEX_POINT('',#11571);
#11571 = CARTESIAN_POINT('',(-3.823222584777,-2.178772323467,
    2.604405568248));
#11572 = B_SPLINE_CURVE_WITH_KNOTS('',1,(#11573,#11574),.UNSPECIFIED.,
  .F.,.F.,(2,2),(0.,0.369463544344),.PIECEWISE_BEZIER_KNOTS.);
#11573 = CARTESIAN_POINT('',(-3.823222584777,-2.178772323467,
    2.234942023904));
#11574 = CARTESIAN_POINT('',(-3.823222584777,-2.178772323467,
    2.604405568248));
#11575 = ORIENTED_EDGE('',*,*,#11576,.T.);
#11576 = EDGE_CURVE('',#11570,#11570,#11577,.T.);
#11577 = CIRCLE('',#11578,0.184122055306);
#11578 = AXIS2_PLACEMENT_3D('',#11579,#11580,#11581);
#11579 = CARTESIAN_POINT('',(-3.823222584777,-1.994650268162,
    2.604405568248));
#11580 = DIRECTION('',(0.,-0.,-1.));
#11581 = DIRECTION('',(6.661338147751E-16,-1.,0.));
#11582 = ORIENTED_EDGE('',*,*,#11569,.F.);
#11583 = CYLINDRICAL_SURFACE('',#11584,0.184122055306);
#11584 = AXIS2_PLACEMENT_3D('',#11585,#11586,#11587);
#11585 = CARTESIAN_POINT('',(-3.823222584777,-1.994650268162,
    2.234942023904));
#11586 = DIRECTION('',(0.,0.,1.));
#11587 = DIRECTION('',(6.661338147751E-16,-1.,0.));
#11588 = ADVANCED_FACE('',(#11589),#11607,.F.);
#11589 = FACE_BOUND('',#11590,.F.);
#11590 = EDGE_LOOP('',(#11591,#11592,#11599,#11606));
#11591 = ORIENTED_EDGE('',*,*,#10891,.F.);
#11592 = ORIENTED_EDGE('',*,*,#11593,.T.);
#11593 = EDGE_CURVE('',#10892,#11594,#11596,.T.);
#11594 = VERTEX_POINT('',#11595);
#11595 = CARTESIAN_POINT('',(-3.823222584777,-1.376634792118,
    2.604405568248));
#11596 = B_SPLINE_CURVE_WITH_KNOTS('',1,(#11597,#11598),.UNSPECIFIED.,
  .F.,.F.,(2,2),(0.,0.369463544344),.PIECEWISE_BEZIER_KNOTS.);
#11597 = CARTESIAN_POINT('',(-3.823222584777,-1.376634792118,
    2.234942023904));
#11598 = CARTESIAN_POINT('',(-3.823222584777,-1.376634792118,
    2.604405568248));
#11599 = ORIENTED_EDGE('',*,*,#11600,.T.);
#11600 = EDGE_CURVE('',#11594,#11594,#11601,.T.);
#11601 = CIRCLE('',#11602,0.184122055306);
#11602 = AXIS2_PLACEMENT_3D('',#11603,#11604,#11605);
#11603 = CARTESIAN_POINT('',(-3.823222584777,-1.192512736812,
    2.604405568248));
#11604 = DIRECTION('',(0.,-0.,-1.));
#11605 = DIRECTION('',(6.661338147751E-16,-1.,0.));
#11606 = ORIENTED_EDGE('',*,*,#11593,.F.);
#11607 = CYLINDRICAL_SURFACE('',#11608,0.184122055306);
#11608 = AXIS2_PLACEMENT_3D('',#11609,#11610,#11611);
#11609 = CARTESIAN_POINT('',(-3.823222584777,-1.192512736812,
    2.234942023904));
#11610 = DIRECTION('',(0.,0.,1.));
#11611 = DIRECTION('',(6.661338147751E-16,-1.,0.));
#11612 = ADVANCED_FACE('',(#11613),#11631,.F.);
#11613 = FACE_BOUND('',#11614,.F.);
#11614 = EDGE_LOOP('',(#11615,#11616,#11623,#11630));
#11615 = ORIENTED_EDGE('',*,*,#10908,.F.);
#11616 = ORIENTED_EDGE('',*,*,#11617,.T.);
#11617 = EDGE_CURVE('',#10909,#11618,#11620,.T.);
#11618 = VERTEX_POINT('',#11619);
#11619 = CARTESIAN_POINT('',(-3.823222584777,-0.574497260769,
    2.604405568248));
#11620 = B_SPLINE_CURVE_WITH_KNOTS('',1,(#11621,#11622),.UNSPECIFIED.,
  .F.,.F.,(2,2),(0.,0.369463544344),.PIECEWISE_BEZIER_KNOTS.);
#11621 = CARTESIAN_POINT('',(-3.823222584777,-0.574497260769,
    2.234942023904));
#11622 = CARTESIAN_POINT('',(-3.823222584777,-0.574497260769,
    2.604405568248));
#11623 = ORIENTED_EDGE('',*,*,#11624,.T.);
#11624 = EDGE_CURVE('',#11618,#11618,#11625,.T.);
#11625 = CIRCLE('',#11626,0.184122055306);
#11626 = AXIS2_PLACEMENT_3D('',#11627,#11628,#11629);
#11627 = CARTESIAN_POINT('',(-3.823222584777,-0.390375205463,
    2.604405568248));
#11628 = DIRECTION('',(0.,-0.,-1.));
#11629 = DIRECTION('',(6.661338147751E-16,-1.,0.));
#11630 = ORIENTED_EDGE('',*,*,#11617,.F.);
#11631 = CYLINDRICAL_SURFACE('',#11632,0.184122055306);
#11632 = AXIS2_PLACEMENT_3D('',#11633,#11634,#11635);
#11633 = CARTESIAN_POINT('',(-3.823222584777,-0.390375205463,
    2.234942023904));
#11634 = DIRECTION('',(0.,0.,1.));
#11635 = DIRECTION('',(6.661338147751E-16,-1.,0.));
#11636 = ADVANCED_FACE('',(#11637),#11655,.F.);
#11637 = FACE_BOUND('',#11638,.F.);
#11638 = EDGE_LOOP('',(#11639,#11640,#11647,#11654));
#11639 = ORIENTED_EDGE('',*,*,#10925,.F.);
#11640 = ORIENTED_EDGE('',*,*,#11641,.T.);
#11641 = EDGE_CURVE('',#10926,#11642,#11644,.T.);
#11642 = VERTEX_POINT('',#11643);
#11643 = CARTESIAN_POINT('',(-3.823222584777,0.227640270581,
    2.604405568248));
#11644 = B_SPLINE_CURVE_WITH_KNOTS('',1,(#11645,#11646),.UNSPECIFIED.,
  .F.,.F.,(2,2),(0.,0.369463544344),.PIECEWISE_BEZIER_KNOTS.);
#11645 = CARTESIAN_POINT('',(-3.823222584777,0.227640270581,
    2.234942023904));
#11646 = CARTESIAN_POINT('',(-3.823222584777,0.227640270581,
    2.604405568248));
#11647 = ORIENTED_EDGE('',*,*,#11648,.T.);
#11648 = EDGE_CURVE('',#11642,#11642,#11649,.T.);
#11649 = CIRCLE('',#11650,0.184122055306);
#11650 = AXIS2_PLACEMENT_3D('',#11651,#11652,#11653);
#11651 = CARTESIAN_POINT('',(-3.823222584777,0.411762325886,
    2.604405568248));
#11652 = DIRECTION('',(0.,-0.,-1.));
#11653 = DIRECTION('',(6.661338147751E-16,-1.,0.));
#11654 = ORIENTED_EDGE('',*,*,#11641,.F.);
#11655 = CYLINDRICAL_SURFACE('',#11656,0.184122055306);
#11656 = AXIS2_PLACEMENT_3D('',#11657,#11658,#11659);
#11657 = CARTESIAN_POINT('',(-3.823222584777,0.411762325886,
    2.234942023904));
#11658 = DIRECTION('',(0.,0.,1.));
#11659 = DIRECTION('',(6.661338147751E-16,-1.,0.));
#11660 = ADVANCED_FACE('',(#11661),#11679,.F.);
#11661 = FACE_BOUND('',#11662,.F.);
#11662 = EDGE_LOOP('',(#11663,#11664,#11671,#11678));
#11663 = ORIENTED_EDGE('',*,*,#10942,.F.);
#11664 = ORIENTED_EDGE('',*,*,#11665,.T.);
#11665 = EDGE_CURVE('',#10943,#11666,#11668,.T.);
#11666 = VERTEX_POINT('',#11667);
#11667 = CARTESIAN_POINT('',(-3.823222584777,1.02977780193,
    2.604405568248));
#11668 = B_SPLINE_CURVE_WITH_KNOTS('',1,(#11669,#11670),.UNSPECIFIED.,
  .F.,.F.,(2,2),(0.,0.369463544344),.PIECEWISE_BEZIER_KNOTS.);
#11669 = CARTESIAN_POINT('',(-3.823222584777,1.02977780193,
    2.234942023904));
#11670 = CARTESIAN_POINT('',(-3.823222584777,1.02977780193,
    2.604405568248));
#11671 = ORIENTED_EDGE('',*,*,#11672,.T.);
#11672 = EDGE_CURVE('',#11666,#11666,#11673,.T.);
#11673 = CIRCLE('',#11674,0.184122055306);
#11674 = AXIS2_PLACEMENT_3D('',#11675,#11676,#11677);
#11675 = CARTESIAN_POINT('',(-3.823222584777,1.213899857236,
    2.604405568248));
#11676 = DIRECTION('',(0.,-0.,-1.));
#11677 = DIRECTION('',(6.661338147751E-16,-1.,0.));
#11678 = ORIENTED_EDGE('',*,*,#11665,.F.);
#11679 = CYLINDRICAL_SURFACE('',#11680,0.184122055306);
#11680 = AXIS2_PLACEMENT_3D('',#11681,#11682,#11683);
#11681 = CARTESIAN_POINT('',(-3.823222584777,1.213899857236,
    2.234942023904));
#11682 = DIRECTION('',(0.,0.,1.));
#11683 = DIRECTION('',(6.661338147751E-16,-1.,0.));
#11684 = ADVANCED_FACE('',(#11685),#11703,.F.);
#11685 = FACE_BOUND('',#11686,.F.);
#11686 = EDGE_LOOP('',(#11687,#11688,#11695,#11702));
#11687 = ORIENTED_EDGE('',*,*,#10959,.F.);
#11688 = ORIENTED_EDGE('',*,*,#11689,.T.);
#11689 = EDGE_CURVE('',#10960,#11690,#11692,.T.);
#11690 = VERTEX_POINT('',#11691);
#11691 = CARTESIAN_POINT('',(-3.823222584777,1.831915333279,
    2.604405568248));
#11692 = B_SPLINE_CURVE_WITH_KNOTS('',1,(#11693,#11694),.UNSPECIFIED.,
  .F.,.F.,(2,2),(0.,0.369463544344),.PIECEWISE_BEZIER_KNOTS.);
#11693 = CARTESIAN_POINT('',(-3.823222584777,1.831915333279,
    2.234942023904));
#11694 = CARTESIAN_POINT('',(-3.823222584777,1.831915333279,
    2.604405568248));
#11695 = ORIENTED_EDGE('',*,*,#11696,.T.);
#11696 = EDGE_CURVE('',#11690,#11690,#11697,.T.);
#11697 = CIRCLE('',#11698,0.184122055306);
#11698 = AXIS2_PLACEMENT_3D('',#11699,#11700,#11701);
#11699 = CARTESIAN_POINT('',(-3.823222584777,2.016037388585,
    2.604405568248));
#11700 = DIRECTION('',(0.,-0.,-1.));
#11701 = DIRECTION('',(6.661338147751E-16,-1.,0.));
#11702 = ORIENTED_EDGE('',*,*,#11689,.F.);
#11703 = CYLINDRICAL_SURFACE('',#11704,0.184122055306);
#11704 = AXIS2_PLACEMENT_3D('',#11705,#11706,#11707);
#11705 = CARTESIAN_POINT('',(-3.823222584777,2.016037388585,
    2.234942023904));
#11706 = DIRECTION('',(0.,0.,1.));
#11707 = DIRECTION('',(6.661338147751E-16,-1.,0.));
#11708 = ADVANCED_FACE('',(#11709),#11727,.F.);
#11709 = FACE_BOUND('',#11710,.F.);
#11710 = EDGE_LOOP('',(#11711,#11712,#11719,#11726));
#11711 = ORIENTED_EDGE('',*,*,#10976,.F.);
#11712 = ORIENTED_EDGE('',*,*,#11713,.T.);
#11713 = EDGE_CURVE('',#10977,#11714,#11716,.T.);
#11714 = VERTEX_POINT('',#11715);
#11715 = CARTESIAN_POINT('',(-3.823222584777,2.634052864629,
    2.604405568248));
#11716 = B_SPLINE_CURVE_WITH_KNOTS('',1,(#11717,#11718),.UNSPECIFIED.,
  .F.,.F.,(2,2),(0.,0.369463544344),.PIECEWISE_BEZIER_KNOTS.);
#11717 = CARTESIAN_POINT('',(-3.823222584777,2.634052864629,
    2.234942023904));
#11718 = CARTESIAN_POINT('',(-3.823222584777,2.634052864629,
    2.604405568248));
#11719 = ORIENTED_EDGE('',*,*,#11720,.T.);
#11720 = EDGE_CURVE('',#11714,#11714,#11721,.T.);
#11721 = CIRCLE('',#11722,0.184122055306);
#11722 = AXIS2_PLACEMENT_3D('',#11723,#11724,#11725);
#11723 = CARTESIAN_POINT('',(-3.823222584777,2.818174919935,
    2.604405568248));
#11724 = DIRECTION('',(0.,-0.,-1.));
#11725 = DIRECTION('',(6.661338147751E-16,-1.,0.));
#11726 = ORIENTED_EDGE('',*,*,#11713,.F.);
#11727 = CYLINDRICAL_SURFACE('',#11728,0.184122055306);
#11728 = AXIS2_PLACEMENT_3D('',#11729,#11730,#11731);
#11729 = CARTESIAN_POINT('',(-3.823222584777,2.818174919935,
    2.234942023904));
#11730 = DIRECTION('',(0.,0.,1.));
#11731 = DIRECTION('',(6.661338147751E-16,-1.,0.));
#11732 = ADVANCED_FACE('',(#11733),#11751,.F.);
#11733 = FACE_BOUND('',#11734,.F.);
#11734 = EDGE_LOOP('',(#11735,#11736,#11743,#11750));
#11735 = ORIENTED_EDGE('',*,*,#10993,.F.);
#11736 = ORIENTED_EDGE('',*,*,#11737,.T.);
#11737 = EDGE_CURVE('',#10994,#11738,#11740,.T.);
#11738 = VERTEX_POINT('',#11739);
#11739 = CARTESIAN_POINT('',(-3.823222584777,3.436190395978,
    2.604405568248));
#11740 = B_SPLINE_CURVE_WITH_KNOTS('',1,(#11741,#11742),.UNSPECIFIED.,
  .F.,.F.,(2,2),(0.,0.369463544344),.PIECEWISE_BEZIER_KNOTS.);
#11741 = CARTESIAN_POINT('',(-3.823222584777,3.436190395978,
    2.234942023904));
#11742 = CARTESIAN_POINT('',(-3.823222584777,3.436190395978,
    2.604405568248));
#11743 = ORIENTED_EDGE('',*,*,#11744,.T.);
#11744 = EDGE_CURVE('',#11738,#11738,#11745,.T.);
#11745 = CIRCLE('',#11746,0.184122055306);
#11746 = AXIS2_PLACEMENT_3D('',#11747,#11748,#11749);
#11747 = CARTESIAN_POINT('',(-3.823222584777,3.620312451284,
    2.604405568248));
#11748 = DIRECTION('',(0.,-0.,-1.));
#11749 = DIRECTION('',(6.661338147751E-16,-1.,0.));
#11750 = ORIENTED_EDGE('',*,*,#11737,.F.);
#11751 = CYLINDRICAL_SURFACE('',#11752,0.184122055306);
#11752 = AXIS2_PLACEMENT_3D('',#11753,#11754,#11755);
#11753 = CARTESIAN_POINT('',(-3.823222584777,3.620312451284,
    2.234942023904));
#11754 = DIRECTION('',(0.,0.,1.));
#11755 = DIRECTION('',(6.661338147751E-16,-1.,0.));
#11756 = ADVANCED_FACE('',(#11757),#11775,.F.);
#11757 = FACE_BOUND('',#11758,.F.);
#11758 = EDGE_LOOP('',(#11759,#11760,#11767,#11774));
#11759 = ORIENTED_EDGE('',*,*,#11010,.F.);
#11760 = ORIENTED_EDGE('',*,*,#11761,.T.);
#11761 = EDGE_CURVE('',#11011,#11762,#11764,.T.);
#11762 = VERTEX_POINT('',#11763);
#11763 = CARTESIAN_POINT('',(3.813462331743,-3.783047386166,
    2.604405568248));
#11764 = B_SPLINE_CURVE_WITH_KNOTS('',1,(#11765,#11766),.UNSPECIFIED.,
  .F.,.F.,(2,2),(0.,0.369463544344),.PIECEWISE_BEZIER_KNOTS.);
#11765 = CARTESIAN_POINT('',(3.813462331743,-3.783047386166,
    2.234942023904));
#11766 = CARTESIAN_POINT('',(3.813462331743,-3.783047386166,
    2.604405568248));
#11767 = ORIENTED_EDGE('',*,*,#11768,.T.);
#11768 = EDGE_CURVE('',#11762,#11762,#11769,.T.);
#11769 = CIRCLE('',#11770,0.184122055306);
#11770 = AXIS2_PLACEMENT_3D('',#11771,#11772,#11773);
#11771 = CARTESIAN_POINT('',(3.813462331743,-3.598925330861,
    2.604405568248));
#11772 = DIRECTION('',(0.,-0.,-1.));
#11773 = DIRECTION('',(6.661338147751E-16,-1.,0.));
#11774 = ORIENTED_EDGE('',*,*,#11761,.F.);
#11775 = CYLINDRICAL_SURFACE('',#11776,0.184122055306);
#11776 = AXIS2_PLACEMENT_3D('',#11777,#11778,#11779);
#11777 = CARTESIAN_POINT('',(3.813462331743,-3.598925330861,
    2.234942023904));
#11778 = DIRECTION('',(0.,0.,1.));
#11779 = DIRECTION('',(6.661338147751E-16,-1.,0.));
#11780 = ADVANCED_FACE('',(#11781),#11799,.F.);
#11781 = FACE_BOUND('',#11782,.F.);
#11782 = EDGE_LOOP('',(#11783,#11784,#11791,#11798));
#11783 = ORIENTED_EDGE('',*,*,#11027,.F.);
#11784 = ORIENTED_EDGE('',*,*,#11785,.T.);
#11785 = EDGE_CURVE('',#11028,#11786,#11788,.T.);
#11786 = VERTEX_POINT('',#11787);
#11787 = CARTESIAN_POINT('',(3.813462331743,-2.980909854817,
    2.604405568248));
#11788 = B_SPLINE_CURVE_WITH_KNOTS('',1,(#11789,#11790),.UNSPECIFIED.,
  .F.,.F.,(2,2),(0.,0.369463544344),.PIECEWISE_BEZIER_KNOTS.);
#11789 = CARTESIAN_POINT('',(3.813462331743,-2.980909854817,
    2.234942023904));
#11790 = CARTESIAN_POINT('',(3.813462331743,-2.980909854817,
    2.604405568248));
#11791 = ORIENTED_EDGE('',*,*,#11792,.T.);
#11792 = EDGE_CURVE('',#11786,#11786,#11793,.T.);
#11793 = CIRCLE('',#11794,0.184122055306);
#11794 = AXIS2_PLACEMENT_3D('',#11795,#11796,#11797);
#11795 = CARTESIAN_POINT('',(3.813462331743,-2.796787799511,
    2.604405568248));
#11796 = DIRECTION('',(0.,-0.,-1.));
#11797 = DIRECTION('',(6.661338147751E-16,-1.,0.));
#11798 = ORIENTED_EDGE('',*,*,#11785,.F.);
#11799 = CYLINDRICAL_SURFACE('',#11800,0.184122055306);
#11800 = AXIS2_PLACEMENT_3D('',#11801,#11802,#11803);
#11801 = CARTESIAN_POINT('',(3.813462331743,-2.796787799511,
    2.234942023904));
#11802 = DIRECTION('',(0.,0.,1.));
#11803 = DIRECTION('',(6.661338147751E-16,-1.,0.));
#11804 = ADVANCED_FACE('',(#11805),#11823,.F.);
#11805 = FACE_BOUND('',#11806,.F.);
#11806 = EDGE_LOOP('',(#11807,#11808,#11815,#11822));
#11807 = ORIENTED_EDGE('',*,*,#11044,.F.);
#11808 = ORIENTED_EDGE('',*,*,#11809,.T.);
#11809 = EDGE_CURVE('',#11045,#11810,#11812,.T.);
#11810 = VERTEX_POINT('',#11811);
#11811 = CARTESIAN_POINT('',(3.813462331743,-2.178772323467,
    2.604405568248));
#11812 = B_SPLINE_CURVE_WITH_KNOTS('',1,(#11813,#11814),.UNSPECIFIED.,
  .F.,.F.,(2,2),(0.,0.369463544344),.PIECEWISE_BEZIER_KNOTS.);
#11813 = CARTESIAN_POINT('',(3.813462331743,-2.178772323467,
    2.234942023904));
#11814 = CARTESIAN_POINT('',(3.813462331743,-2.178772323467,
    2.604405568248));
#11815 = ORIENTED_EDGE('',*,*,#11816,.T.);
#11816 = EDGE_CURVE('',#11810,#11810,#11817,.T.);
#11817 = CIRCLE('',#11818,0.184122055306);
#11818 = AXIS2_PLACEMENT_3D('',#11819,#11820,#11821);
#11819 = CARTESIAN_POINT('',(3.813462331743,-1.994650268162,
    2.604405568248));
#11820 = DIRECTION('',(0.,-0.,-1.));
#11821 = DIRECTION('',(6.661338147751E-16,-1.,0.));
#11822 = ORIENTED_EDGE('',*,*,#11809,.F.);
#11823 = CYLINDRICAL_SURFACE('',#11824,0.184122055306);
#11824 = AXIS2_PLACEMENT_3D('',#11825,#11826,#11827);
#11825 = CARTESIAN_POINT('',(3.813462331743,-1.994650268162,
    2.234942023904));
#11826 = DIRECTION('',(0.,0.,1.));
#11827 = DIRECTION('',(6.661338147751E-16,-1.,0.));
#11828 = ADVANCED_FACE('',(#11829),#11847,.F.);
#11829 = FACE_BOUND('',#11830,.F.);
#11830 = EDGE_LOOP('',(#11831,#11832,#11839,#11846));
#11831 = ORIENTED_EDGE('',*,*,#11061,.F.);
#11832 = ORIENTED_EDGE('',*,*,#11833,.T.);
#11833 = EDGE_CURVE('',#11062,#11834,#11836,.T.);
#11834 = VERTEX_POINT('',#11835);
#11835 = CARTESIAN_POINT('',(3.813462331743,-1.376634792118,
    2.604405568248));
#11836 = B_SPLINE_CURVE_WITH_KNOTS('',1,(#11837,#11838),.UNSPECIFIED.,
  .F.,.F.,(2,2),(0.,0.369463544344),.PIECEWISE_BEZIER_KNOTS.);
#11837 = CARTESIAN_POINT('',(3.813462331743,-1.376634792118,
    2.234942023904));
#11838 = CARTESIAN_POINT('',(3.813462331743,-1.376634792118,
    2.604405568248));
#11839 = ORIENTED_EDGE('',*,*,#11840,.T.);
#11840 = EDGE_CURVE('',#11834,#11834,#11841,.T.);
#11841 = CIRCLE('',#11842,0.184122055306);
#11842 = AXIS2_PLACEMENT_3D('',#11843,#11844,#11845);
#11843 = CARTESIAN_POINT('',(3.813462331743,-1.192512736812,
    2.604405568248));
#11844 = DIRECTION('',(0.,-0.,-1.));
#11845 = DIRECTION('',(6.661338147751E-16,-1.,0.));
#11846 = ORIENTED_EDGE('',*,*,#11833,.F.);
#11847 = CYLINDRICAL_SURFACE('',#11848,0.184122055306);
#11848 = AXIS2_PLACEMENT_3D('',#11849,#11850,#11851);
#11849 = CARTESIAN_POINT('',(3.813462331743,-1.192512736812,
    2.234942023904));
#11850 = DIRECTION('',(0.,0.,1.));
#11851 = DIRECTION('',(6.661338147751E-16,-1.,0.));
#11852 = ADVANCED_FACE('',(#11853),#11871,.F.);
#11853 = FACE_BOUND('',#11854,.F.);
#11854 = EDGE_LOOP('',(#11855,#11856,#11863,#11870));
#11855 = ORIENTED_EDGE('',*,*,#11078,.F.);
#11856 = ORIENTED_EDGE('',*,*,#11857,.T.);
#11857 = EDGE_CURVE('',#11079,#11858,#11860,.T.);
#11858 = VERTEX_POINT('',#11859);
#11859 = CARTESIAN_POINT('',(3.813462331743,-0.574497260769,
    2.604405568248));
#11860 = B_SPLINE_CURVE_WITH_KNOTS('',1,(#11861,#11862),.UNSPECIFIED.,
  .F.,.F.,(2,2),(0.,0.369463544344),.PIECEWISE_BEZIER_KNOTS.);
#11861 = CARTESIAN_POINT('',(3.813462331743,-0.574497260769,
    2.234942023904));
#11862 = CARTESIAN_POINT('',(3.813462331743,-0.574497260769,
    2.604405568248));
#11863 = ORIENTED_EDGE('',*,*,#11864,.T.);
#11864 = EDGE_CURVE('',#11858,#11858,#11865,.T.);
#11865 = CIRCLE('',#11866,0.184122055306);
#11866 = AXIS2_PLACEMENT_3D('',#11867,#11868,#11869);
#11867 = CARTESIAN_POINT('',(3.813462331743,-0.390375205463,
    2.604405568248));
#11868 = DIRECTION('',(0.,-0.,-1.));
#11869 = DIRECTION('',(6.661338147751E-16,-1.,0.));
#11870 = ORIENTED_EDGE('',*,*,#11857,.F.);
#11871 = CYLINDRICAL_SURFACE('',#11872,0.184122055306);
#11872 = AXIS2_PLACEMENT_3D('',#11873,#11874,#11875);
#11873 = CARTESIAN_POINT('',(3.813462331743,-0.390375205463,
    2.234942023904));
#11874 = DIRECTION('',(0.,0.,1.));
#11875 = DIRECTION('',(6.661338147751E-16,-1.,0.));
#11876 = ADVANCED_FACE('',(#11877),#11895,.F.);
#11877 = FACE_BOUND('',#11878,.F.);
#11878 = EDGE_LOOP('',(#11879,#11880,#11887,#11894));
#11879 = ORIENTED_EDGE('',*,*,#11095,.F.);
#11880 = ORIENTED_EDGE('',*,*,#11881,.T.);
#11881 = EDGE_CURVE('',#11096,#11882,#11884,.T.);
#11882 = VERTEX_POINT('',#11883);
#11883 = CARTESIAN_POINT('',(3.813462331743,0.227640270581,
    2.604405568248));
#11884 = B_SPLINE_CURVE_WITH_KNOTS('',1,(#11885,#11886),.UNSPECIFIED.,
  .F.,.F.,(2,2),(0.,0.369463544344),.PIECEWISE_BEZIER_KNOTS.);
#11885 = CARTESIAN_POINT('',(3.813462331743,0.227640270581,
    2.234942023904));
#11886 = CARTESIAN_POINT('',(3.813462331743,0.227640270581,
    2.604405568248));
#11887 = ORIENTED_EDGE('',*,*,#11888,.T.);
#11888 = EDGE_CURVE('',#11882,#11882,#11889,.T.);
#11889 = CIRCLE('',#11890,0.184122055306);
#11890 = AXIS2_PLACEMENT_3D('',#11891,#11892,#11893);
#11891 = CARTESIAN_POINT('',(3.813462331743,0.411762325886,
    2.604405568248));
#11892 = DIRECTION('',(0.,-0.,-1.));
#11893 = DIRECTION('',(6.661338147751E-16,-1.,0.));
#11894 = ORIENTED_EDGE('',*,*,#11881,.F.);
#11895 = CYLINDRICAL_SURFACE('',#11896,0.184122055306);
#11896 = AXIS2_PLACEMENT_3D('',#11897,#11898,#11899);
#11897 = CARTESIAN_POINT('',(3.813462331743,0.411762325886,
    2.234942023904));
#11898 = DIRECTION('',(0.,0.,1.));
#11899 = DIRECTION('',(6.661338147751E-16,-1.,0.));
#11900 = ADVANCED_FACE('',(#11901),#11919,.F.);
#11901 = FACE_BOUND('',#11902,.F.);
#11902 = EDGE_LOOP('',(#11903,#11904,#11911,#11918));
#11903 = ORIENTED_EDGE('',*,*,#11112,.F.);
#11904 = ORIENTED_EDGE('',*,*,#11905,.T.);
#11905 = EDGE_CURVE('',#11113,#11906,#11908,.T.);
#11906 = VERTEX_POINT('',#11907);
#11907 = CARTESIAN_POINT('',(3.813462331743,1.02977780193,2.604405568248
    ));
#11908 = B_SPLINE_CURVE_WITH_KNOTS('',1,(#11909,#11910),.UNSPECIFIED.,
  .F.,.F.,(2,2),(0.,0.369463544344),.PIECEWISE_BEZIER_KNOTS.);
#11909 = CARTESIAN_POINT('',(3.813462331743,1.02977780193,2.234942023904
    ));
#11910 = CARTESIAN_POINT('',(3.813462331743,1.02977780193,2.604405568248
    ));
#11911 = ORIENTED_EDGE('',*,*,#11912,.T.);
#11912 = EDGE_CURVE('',#11906,#11906,#11913,.T.);
#11913 = CIRCLE('',#11914,0.184122055306);
#11914 = AXIS2_PLACEMENT_3D('',#11915,#11916,#11917);
#11915 = CARTESIAN_POINT('',(3.813462331743,1.213899857236,
    2.604405568248));
#11916 = DIRECTION('',(0.,-0.,-1.));
#11917 = DIRECTION('',(6.661338147751E-16,-1.,0.));
#11918 = ORIENTED_EDGE('',*,*,#11905,.F.);
#11919 = CYLINDRICAL_SURFACE('',#11920,0.184122055306);
#11920 = AXIS2_PLACEMENT_3D('',#11921,#11922,#11923);
#11921 = CARTESIAN_POINT('',(3.813462331743,1.213899857236,
    2.234942023904));
#11922 = DIRECTION('',(0.,0.,1.));
#11923 = DIRECTION('',(6.661338147751E-16,-1.,0.));
#11924 = ADVANCED_FACE('',(#11925),#11943,.F.);
#11925 = FACE_BOUND('',#11926,.F.);
#11926 = EDGE_LOOP('',(#11927,#11928,#11935,#11942));
#11927 = ORIENTED_EDGE('',*,*,#11129,.F.);
#11928 = ORIENTED_EDGE('',*,*,#11929,.T.);
#11929 = EDGE_CURVE('',#11130,#11930,#11932,.T.);
#11930 = VERTEX_POINT('',#11931);
#11931 = CARTESIAN_POINT('',(3.813462331743,1.831915333279,
    2.604405568248));
#11932 = B_SPLINE_CURVE_WITH_KNOTS('',1,(#11933,#11934),.UNSPECIFIED.,
  .F.,.F.,(2,2),(0.,0.369463544344),.PIECEWISE_BEZIER_KNOTS.);
#11933 = CARTESIAN_POINT('',(3.813462331743,1.831915333279,
    2.234942023904));
#11934 = CARTESIAN_POINT('',(3.813462331743,1.831915333279,
    2.604405568248));
#11935 = ORIENTED_EDGE('',*,*,#11936,.T.);
#11936 = EDGE_CURVE('',#11930,#11930,#11937,.T.);
#11937 = CIRCLE('',#11938,0.184122055306);
#11938 = AXIS2_PLACEMENT_3D('',#11939,#11940,#11941);
#11939 = CARTESIAN_POINT('',(3.813462331743,2.016037388585,
    2.604405568248));
#11940 = DIRECTION('',(0.,-0.,-1.));
#11941 = DIRECTION('',(6.661338147751E-16,-1.,0.));
#11942 = ORIENTED_EDGE('',*,*,#11929,.F.);
#11943 = CYLINDRICAL_SURFACE('',#11944,0.184122055306);
#11944 = AXIS2_PLACEMENT_3D('',#11945,#11946,#11947);
#11945 = CARTESIAN_POINT('',(3.813462331743,2.016037388585,
    2.234942023904));
#11946 = DIRECTION('',(0.,0.,1.));
#11947 = DIRECTION('',(6.661338147751E-16,-1.,0.));
#11948 = ADVANCED_FACE('',(#11949),#11967,.F.);
#11949 = FACE_BOUND('',#11950,.F.);
#11950 = EDGE_LOOP('',(#11951,#11952,#11959,#11966));
#11951 = ORIENTED_EDGE('',*,*,#11146,.F.);
#11952 = ORIENTED_EDGE('',*,*,#11953,.T.);
#11953 = EDGE_CURVE('',#11147,#11954,#11956,.T.);
#11954 = VERTEX_POINT('',#11955);
#11955 = CARTESIAN_POINT('',(3.813462331743,2.634052864629,
    2.604405568248));
#11956 = B_SPLINE_CURVE_WITH_KNOTS('',1,(#11957,#11958),.UNSPECIFIED.,
  .F.,.F.,(2,2),(0.,0.369463544344),.PIECEWISE_BEZIER_KNOTS.);
#11957 = CARTESIAN_POINT('',(3.813462331743,2.634052864629,
    2.234942023904));
#11958 = CARTESIAN_POINT('',(3.813462331743,2.634052864629,
    2.604405568248));
#11959 = ORIENTED_EDGE('',*,*,#11960,.T.);
#11960 = EDGE_CURVE('',#11954,#11954,#11961,.T.);
#11961 = CIRCLE('',#11962,0.184122055306);
#11962 = AXIS2_PLACEMENT_3D('',#11963,#11964,#11965);
#11963 = CARTESIAN_POINT('',(3.813462331743,2.818174919935,
    2.604405568248));
#11964 = DIRECTION('',(0.,-0.,-1.));
#11965 = DIRECTION('',(6.661338147751E-16,-1.,0.));
#11966 = ORIENTED_EDGE('',*,*,#11953,.F.);
#11967 = CYLINDRICAL_SURFACE('',#11968,0.184122055306);
#11968 = AXIS2_PLACEMENT_3D('',#11969,#11970,#11971);
#11969 = CARTESIAN_POINT('',(3.813462331743,2.818174919935,
    2.234942023904));
#11970 = DIRECTION('',(0.,0.,1.));
#11971 = DIRECTION('',(6.661338147751E-16,-1.,0.));
#11972 = ADVANCED_FACE('',(#11973),#11991,.F.);
#11973 = FACE_BOUND('',#11974,.F.);
#11974 = EDGE_LOOP('',(#11975,#11976,#11983,#11990));
#11975 = ORIENTED_EDGE('',*,*,#11163,.F.);
#11976 = ORIENTED_EDGE('',*,*,#11977,.T.);
#11977 = EDGE_CURVE('',#11164,#11978,#11980,.T.);
#11978 = VERTEX_POINT('',#11979);
#11979 = CARTESIAN_POINT('',(3.813462331743,3.436190395978,
    2.604405568248));
#11980 = B_SPLINE_CURVE_WITH_KNOTS('',1,(#11981,#11982),.UNSPECIFIED.,
  .F.,.F.,(2,2),(0.,0.369463544344),.PIECEWISE_BEZIER_KNOTS.);
#11981 = CARTESIAN_POINT('',(3.813462331743,3.436190395978,
    2.234942023904));
#11982 = CARTESIAN_POINT('',(3.813462331743,3.436190395978,
    2.604405568248));
#11983 = ORIENTED_EDGE('',*,*,#11984,.T.);
#11984 = EDGE_CURVE('',#11978,#11978,#11985,.T.);
#11985 = CIRCLE('',#11986,0.184122055306);
#11986 = AXIS2_PLACEMENT_3D('',#11987,#11988,#11989);
#11987 = CARTESIAN_POINT('',(3.813462331743,3.620312451284,
    2.604405568248));
#11988 = DIRECTION('',(0.,-0.,-1.));
#11989 = DIRECTION('',(6.661338147751E-16,-1.,0.));
#11990 = ORIENTED_EDGE('',*,*,#11977,.F.);
#11991 = CYLINDRICAL_SURFACE('',#11992,0.184122055306);
#11992 = AXIS2_PLACEMENT_3D('',#11993,#11994,#11995);
#11993 = CARTESIAN_POINT('',(3.813462331743,3.620312451284,
    2.234942023904));
#11994 = DIRECTION('',(0.,0.,1.));
#11995 = DIRECTION('',(6.661338147751E-16,-1.,0.));
#11996 = ADVANCED_FACE('',(#11997),#12008,.F.);
#11997 = FACE_BOUND('',#11998,.T.);
#11998 = EDGE_LOOP('',(#11999));
#11999 = ORIENTED_EDGE('',*,*,#12000,.F.);
#12000 = EDGE_CURVE('',#12001,#12001,#12003,.T.);
#12001 = VERTEX_POINT('',#12002);
#12002 = CARTESIAN_POINT('',(3.778128443771,-5.352567290974,
    2.672901956709));
#12003 = CIRCLE('',#12004,0.525799044222);
#12004 = AXIS2_PLACEMENT_3D('',#12005,#12006,#12007);
#12005 = CARTESIAN_POINT('',(3.778128443771,-4.826768246752,
    2.672901956709));
#12006 = DIRECTION('',(0.,-0.,-1.));
#12007 = DIRECTION('',(6.661338147751E-16,-1.,0.));
#12008 = PLANE('',#12009);
#12009 = AXIS2_PLACEMENT_3D('',#12010,#12011,#12012);
#12010 = CARTESIAN_POINT('',(3.778128443771,-4.826768246752,
    2.672901956709));
#12011 = DIRECTION('',(0.,0.,-1.));
#12012 = DIRECTION('',(-6.661338147751E-16,1.,0.));
#12013 = ADVANCED_FACE('',(#12014),#12025,.F.);
#12014 = FACE_BOUND('',#12015,.T.);
#12015 = EDGE_LOOP('',(#12016));
#12016 = ORIENTED_EDGE('',*,*,#12017,.F.);
#12017 = EDGE_CURVE('',#12018,#12018,#12020,.T.);
#12018 = VERTEX_POINT('',#12019);
#12019 = CARTESIAN_POINT('',(3.778128443771,5.329146498194,
    2.672901956709));
#12020 = CIRCLE('',#12021,0.525799044222);
#12021 = AXIS2_PLACEMENT_3D('',#12022,#12023,#12024);
#12022 = CARTESIAN_POINT('',(3.778128443771,4.803347453972,
    2.672901956709));
#12023 = DIRECTION('',(0.,0.,-1.));
#12024 = DIRECTION('',(-6.661338147751E-16,1.,0.));
#12025 = PLANE('',#12026);
#12026 = AXIS2_PLACEMENT_3D('',#12027,#12028,#12029);
#12027 = CARTESIAN_POINT('',(-4.05,5.05,2.672901956709));
#12028 = DIRECTION('',(0.,0.,-1.));
#12029 = DIRECTION('',(-6.661338147751E-16,1.,0.));
#12030 = ADVANCED_FACE('',(#12031),#12042,.F.);
#12031 = FACE_BOUND('',#12032,.T.);
#12032 = EDGE_LOOP('',(#12033));
#12033 = ORIENTED_EDGE('',*,*,#12034,.F.);
#12034 = EDGE_CURVE('',#12035,#12035,#12037,.T.);
#12035 = VERTEX_POINT('',#12036);
#12036 = CARTESIAN_POINT('',(-3.798838354316,5.329146498194,
    2.672901956709));
#12037 = CIRCLE('',#12038,0.525799044222);
#12038 = AXIS2_PLACEMENT_3D('',#12039,#12040,#12041);
#12039 = CARTESIAN_POINT('',(-3.798838354316,4.803347453972,
    2.672901956709));
#12040 = DIRECTION('',(0.,0.,-1.));
#12041 = DIRECTION('',(-6.661338147751E-16,1.,0.));
#12042 = PLANE('',#12043);
#12043 = AXIS2_PLACEMENT_3D('',#12044,#12045,#12046);
#12044 = CARTESIAN_POINT('',(-4.05,5.05,2.672901956709));
#12045 = DIRECTION('',(0.,0.,-1.));
#12046 = DIRECTION('',(-6.661338147751E-16,1.,0.));
#12047 = ADVANCED_FACE('',(#12048,#12058),#12128,.T.);
#12048 = FACE_BOUND('',#12049,.T.);
#12049 = EDGE_LOOP('',(#12050,#12051,#12052,#12053,#12054,#12055,#12056,
    #12057));
#12050 = ORIENTED_EDGE('',*,*,#11502,.F.);
#12051 = ORIENTED_EDGE('',*,*,#11478,.T.);
#12052 = ORIENTED_EDGE('',*,*,#11381,.F.);
#12053 = ORIENTED_EDGE('',*,*,#11357,.T.);
#12054 = ORIENTED_EDGE('',*,*,#11332,.F.);
#12055 = ORIENTED_EDGE('',*,*,#11302,.T.);
#12056 = ORIENTED_EDGE('',*,*,#11211,.F.);
#12057 = ORIENTED_EDGE('',*,*,#11180,.T.);
#12058 = FACE_BOUND('',#12059,.T.);
#12059 = EDGE_LOOP('',(#12060,#12070,#12079,#12087,#12096,#12104,#12113,
    #12121));
#12060 = ORIENTED_EDGE('',*,*,#12061,.T.);
#12061 = EDGE_CURVE('',#12062,#12064,#12066,.T.);
#12062 = VERTEX_POINT('',#12063);
#12063 = CARTESIAN_POINT('',(-4.9,-5.05,1.611534615022));
#12064 = VERTEX_POINT('',#12065);
#12065 = CARTESIAN_POINT('',(-4.9,5.05,1.611534615022));
#12066 = LINE('',#12067,#12068);
#12067 = CARTESIAN_POINT('',(-4.9,5.05,1.611534615022));
#12068 = VECTOR('',#12069,1.);
#12069 = DIRECTION('',(-6.661338147751E-16,1.,0.));
#12070 = ORIENTED_EDGE('',*,*,#12071,.T.);
#12071 = EDGE_CURVE('',#12064,#12072,#12074,.T.);
#12072 = VERTEX_POINT('',#12073);
#12073 = CARTESIAN_POINT('',(-4.05,5.9,1.611534615022));
#12074 = CIRCLE('',#12075,0.85);
#12075 = AXIS2_PLACEMENT_3D('',#12076,#12077,#12078);
#12076 = CARTESIAN_POINT('',(-4.05,5.05,1.611534615022));
#12077 = DIRECTION('',(0.,-0.,-1.));
#12078 = DIRECTION('',(6.661338147751E-16,-1.,0.));
#12079 = ORIENTED_EDGE('',*,*,#12080,.T.);
#12080 = EDGE_CURVE('',#12072,#12081,#12083,.T.);
#12081 = VERTEX_POINT('',#12082);
#12082 = CARTESIAN_POINT('',(4.05,5.9,1.611534615022));
#12083 = LINE('',#12084,#12085);
#12084 = CARTESIAN_POINT('',(-4.05,5.9,1.611534615022));
#12085 = VECTOR('',#12086,1.);
#12086 = DIRECTION('',(1.,6.661338147751E-16,0.));
#12087 = ORIENTED_EDGE('',*,*,#12088,.T.);
#12088 = EDGE_CURVE('',#12081,#12089,#12091,.T.);
#12089 = VERTEX_POINT('',#12090);
#12090 = CARTESIAN_POINT('',(4.9,5.05,1.611534615022));
#12091 = CIRCLE('',#12092,0.85);
#12092 = AXIS2_PLACEMENT_3D('',#12093,#12094,#12095);
#12093 = CARTESIAN_POINT('',(4.05,5.05,1.611534615022));
#12094 = DIRECTION('',(0.,-0.,-1.));
#12095 = DIRECTION('',(6.661338147751E-16,-1.,0.));
#12096 = ORIENTED_EDGE('',*,*,#12097,.T.);
#12097 = EDGE_CURVE('',#12089,#12098,#12100,.T.);
#12098 = VERTEX_POINT('',#12099);
#12099 = CARTESIAN_POINT('',(4.9,-5.05,1.611534615022));
#12100 = LINE('',#12101,#12102);
#12101 = CARTESIAN_POINT('',(4.9,5.05,1.611534615022));
#12102 = VECTOR('',#12103,1.);
#12103 = DIRECTION('',(6.661338147751E-16,-1.,0.));
#12104 = ORIENTED_EDGE('',*,*,#12105,.T.);
#12105 = EDGE_CURVE('',#12098,#12106,#12108,.T.);
#12106 = VERTEX_POINT('',#12107);
#12107 = CARTESIAN_POINT('',(4.05,-5.9,1.611534615022));
#12108 = CIRCLE('',#12109,0.85);
#12109 = AXIS2_PLACEMENT_3D('',#12110,#12111,#12112);
#12110 = CARTESIAN_POINT('',(4.05,-5.05,1.611534615022));
#12111 = DIRECTION('',(0.,0.,-1.));
#12112 = DIRECTION('',(-6.661338147751E-16,1.,0.));
#12113 = ORIENTED_EDGE('',*,*,#12114,.T.);
#12114 = EDGE_CURVE('',#12106,#12115,#12117,.T.);
#12115 = VERTEX_POINT('',#12116);
#12116 = CARTESIAN_POINT('',(-4.05,-5.9,1.611534615022));
#12117 = LINE('',#12118,#12119);
#12118 = CARTESIAN_POINT('',(-4.05,-5.9,1.611534615022));
#12119 = VECTOR('',#12120,1.);
#12120 = DIRECTION('',(-1.,-6.661338147751E-16,0.));
#12121 = ORIENTED_EDGE('',*,*,#12122,.T.);
#12122 = EDGE_CURVE('',#12115,#12062,#12123,.T.);
#12123 = CIRCLE('',#12124,0.85);
#12124 = AXIS2_PLACEMENT_3D('',#12125,#12126,#12127);
#12125 = CARTESIAN_POINT('',(-4.05,-5.05,1.611534615022));
#12126 = DIRECTION('',(0.,0.,-1.));
#12127 = DIRECTION('',(-6.661338147751E-16,1.,0.));
#12128 = PLANE('',#12129);
#12129 = AXIS2_PLACEMENT_3D('',#12130,#12131,#12132);
#12130 = CARTESIAN_POINT('',(-4.05,5.05,1.611534615022));
#12131 = DIRECTION('',(0.,0.,-1.));
#12132 = DIRECTION('',(-6.661338147751E-16,1.,0.));
#12133 = ADVANCED_FACE('',(#12134,#12137,#12140,#12143,#12146,#12149,
    #12152,#12155,#12158,#12161,#12164),#12198,.F.);
#12134 = FACE_BOUND('',#12135,.T.);
#12135 = EDGE_LOOP('',(#12136));
#12136 = ORIENTED_EDGE('',*,*,#11744,.T.);
#12137 = FACE_BOUND('',#12138,.T.);
#12138 = EDGE_LOOP('',(#12139));
#12139 = ORIENTED_EDGE('',*,*,#11720,.T.);
#12140 = FACE_BOUND('',#12141,.T.);
#12141 = EDGE_LOOP('',(#12142));
#12142 = ORIENTED_EDGE('',*,*,#11696,.T.);
#12143 = FACE_BOUND('',#12144,.T.);
#12144 = EDGE_LOOP('',(#12145));
#12145 = ORIENTED_EDGE('',*,*,#11672,.T.);
#12146 = FACE_BOUND('',#12147,.T.);
#12147 = EDGE_LOOP('',(#12148));
#12148 = ORIENTED_EDGE('',*,*,#11648,.T.);
#12149 = FACE_BOUND('',#12150,.T.);
#12150 = EDGE_LOOP('',(#12151));
#12151 = ORIENTED_EDGE('',*,*,#11624,.T.);
#12152 = FACE_BOUND('',#12153,.T.);
#12153 = EDGE_LOOP('',(#12154));
#12154 = ORIENTED_EDGE('',*,*,#11600,.T.);
#12155 = FACE_BOUND('',#12156,.T.);
#12156 = EDGE_LOOP('',(#12157));
#12157 = ORIENTED_EDGE('',*,*,#11576,.T.);
#12158 = FACE_BOUND('',#12159,.T.);
#12159 = EDGE_LOOP('',(#12160));
#12160 = ORIENTED_EDGE('',*,*,#11552,.T.);
#12161 = FACE_BOUND('',#12162,.T.);
#12162 = EDGE_LOOP('',(#12163));
#12163 = ORIENTED_EDGE('',*,*,#11528,.T.);
#12164 = FACE_BOUND('',#12165,.T.);
#12165 = EDGE_LOOP('',(#12166,#12176,#12184,#12192));
#12166 = ORIENTED_EDGE('',*,*,#12167,.F.);
#12167 = EDGE_CURVE('',#12168,#12170,#12172,.T.);
#12168 = VERTEX_POINT('',#12169);
#12169 = CARTESIAN_POINT('',(-4.234759516574,3.89501459396,
    2.604405568248));
#12170 = VERTEX_POINT('',#12171);
#12171 = CARTESIAN_POINT('',(-3.368914271894,3.89501459396,
    2.604405568248));
#12172 = LINE('',#12173,#12174);
#12173 = CARTESIAN_POINT('',(-4.234759516574,3.89501459396,
    2.604405568248));
#12174 = VECTOR('',#12175,1.);
#12175 = DIRECTION('',(1.,6.661338147751E-16,0.));
#12176 = ORIENTED_EDGE('',*,*,#12177,.F.);
#12177 = EDGE_CURVE('',#12178,#12168,#12180,.T.);
#12178 = VERTEX_POINT('',#12179);
#12179 = CARTESIAN_POINT('',(-4.234759516574,-3.826621686464,
    2.604405568248));
#12180 = LINE('',#12181,#12182);
#12181 = CARTESIAN_POINT('',(-4.234759516574,-3.826621686464,
    2.604405568248));
#12182 = VECTOR('',#12183,1.);
#12183 = DIRECTION('',(-6.661338147751E-16,1.,0.));
#12184 = ORIENTED_EDGE('',*,*,#12185,.F.);
#12185 = EDGE_CURVE('',#12186,#12178,#12188,.T.);
#12186 = VERTEX_POINT('',#12187);
#12187 = CARTESIAN_POINT('',(-3.368914271894,-3.826621686464,
    2.604405568248));
#12188 = LINE('',#12189,#12190);
#12189 = CARTESIAN_POINT('',(-3.368914271894,-3.826621686464,
    2.604405568248));
#12190 = VECTOR('',#12191,1.);
#12191 = DIRECTION('',(-1.,-6.661338147751E-16,0.));
#12192 = ORIENTED_EDGE('',*,*,#12193,.F.);
#12193 = EDGE_CURVE('',#12170,#12186,#12194,.T.);
#12194 = LINE('',#12195,#12196);
#12195 = CARTESIAN_POINT('',(-3.368914271894,3.89501459396,
    2.604405568248));
#12196 = VECTOR('',#12197,1.);
#12197 = DIRECTION('',(6.661338147751E-16,-1.,0.));
#12198 = PLANE('',#12199);
#12199 = AXIS2_PLACEMENT_3D('',#12200,#12201,#12202);
#12200 = CARTESIAN_POINT('',(-9.90167490216E-17,-1.774079336189E-16,
    2.604405568248));
#12201 = DIRECTION('',(0.,0.,-1.));
#12202 = DIRECTION('',(-6.661338147751E-16,1.,0.));
#12203 = ADVANCED_FACE('',(#12204,#12207,#12210,#12213,#12216,#12219,
    #12222,#12225,#12228,#12231,#12234),#12268,.F.);
#12204 = FACE_BOUND('',#12205,.T.);
#12205 = EDGE_LOOP('',(#12206));
#12206 = ORIENTED_EDGE('',*,*,#11984,.T.);
#12207 = FACE_BOUND('',#12208,.T.);
#12208 = EDGE_LOOP('',(#12209));
#12209 = ORIENTED_EDGE('',*,*,#11960,.T.);
#12210 = FACE_BOUND('',#12211,.T.);
#12211 = EDGE_LOOP('',(#12212));
#12212 = ORIENTED_EDGE('',*,*,#11936,.T.);
#12213 = FACE_BOUND('',#12214,.T.);
#12214 = EDGE_LOOP('',(#12215));
#12215 = ORIENTED_EDGE('',*,*,#11912,.T.);
#12216 = FACE_BOUND('',#12217,.T.);
#12217 = EDGE_LOOP('',(#12218));
#12218 = ORIENTED_EDGE('',*,*,#11888,.T.);
#12219 = FACE_BOUND('',#12220,.T.);
#12220 = EDGE_LOOP('',(#12221));
#12221 = ORIENTED_EDGE('',*,*,#11864,.T.);
#12222 = FACE_BOUND('',#12223,.T.);
#12223 = EDGE_LOOP('',(#12224));
#12224 = ORIENTED_EDGE('',*,*,#11840,.T.);
#12225 = FACE_BOUND('',#12226,.T.);
#12226 = EDGE_LOOP('',(#12227));
#12227 = ORIENTED_EDGE('',*,*,#11816,.T.);
#12228 = FACE_BOUND('',#12229,.T.);
#12229 = EDGE_LOOP('',(#12230));
#12230 = ORIENTED_EDGE('',*,*,#11792,.T.);
#12231 = FACE_BOUND('',#12232,.T.);
#12232 = EDGE_LOOP('',(#12233));
#12233 = ORIENTED_EDGE('',*,*,#11768,.T.);
#12234 = FACE_BOUND('',#12235,.T.);
#12235 = EDGE_LOOP('',(#12236,#12246,#12254,#12262));
#12236 = ORIENTED_EDGE('',*,*,#12237,.F.);
#12237 = EDGE_CURVE('',#12238,#12240,#12242,.T.);
#12238 = VERTEX_POINT('',#12239);
#12239 = CARTESIAN_POINT('',(3.401925399947,3.89501459396,2.604405568248
    ));
#12240 = VERTEX_POINT('',#12241);
#12241 = CARTESIAN_POINT('',(4.267770644627,3.89501459396,2.604405568248
    ));
#12242 = LINE('',#12243,#12244);
#12243 = CARTESIAN_POINT('',(3.401925399947,3.89501459396,2.604405568248
    ));
#12244 = VECTOR('',#12245,1.);
#12245 = DIRECTION('',(1.,6.661338147751E-16,0.));
#12246 = ORIENTED_EDGE('',*,*,#12247,.F.);
#12247 = EDGE_CURVE('',#12248,#12238,#12250,.T.);
#12248 = VERTEX_POINT('',#12249);
#12249 = CARTESIAN_POINT('',(3.401925399947,-3.826621686464,
    2.604405568248));
#12250 = LINE('',#12251,#12252);
#12251 = CARTESIAN_POINT('',(3.401925399947,-3.826621686464,
    2.604405568248));
#12252 = VECTOR('',#12253,1.);
#12253 = DIRECTION('',(-6.661338147751E-16,1.,0.));
#12254 = ORIENTED_EDGE('',*,*,#12255,.F.);
#12255 = EDGE_CURVE('',#12256,#12248,#12258,.T.);
#12256 = VERTEX_POINT('',#12257);
#12257 = CARTESIAN_POINT('',(4.267770644627,-3.826621686464,
    2.604405568248));
#12258 = LINE('',#12259,#12260);
#12259 = CARTESIAN_POINT('',(4.267770644627,-3.826621686464,
    2.604405568248));
#12260 = VECTOR('',#12261,1.);
#12261 = DIRECTION('',(-1.,-6.661338147751E-16,0.));
#12262 = ORIENTED_EDGE('',*,*,#12263,.F.);
#12263 = EDGE_CURVE('',#12240,#12256,#12264,.T.);
#12264 = LINE('',#12265,#12266);
#12265 = CARTESIAN_POINT('',(4.267770644627,3.89501459396,2.604405568248
    ));
#12266 = VECTOR('',#12267,1.);
#12267 = DIRECTION('',(6.661338147751E-16,-1.,0.));
#12268 = PLANE('',#12269);
#12269 = AXIS2_PLACEMENT_3D('',#12270,#12271,#12272);
#12270 = CARTESIAN_POINT('',(7.63668491652,4.909646122058E-15,
    2.604405568248));
#12271 = DIRECTION('',(0.,0.,-1.));
#12272 = DIRECTION('',(-6.661338147751E-16,1.,0.));
#12273 = ADVANCED_FACE('',(#12274),#12292,.T.);
#12274 = FACE_BOUND('',#12275,.T.);
#12275 = EDGE_LOOP('',(#12276,#12277,#12284,#12291));
#12276 = ORIENTED_EDGE('',*,*,#12000,.T.);
#12277 = ORIENTED_EDGE('',*,*,#12278,.T.);
#12278 = EDGE_CURVE('',#12001,#12279,#12281,.T.);
#12279 = VERTEX_POINT('',#12280);
#12280 = CARTESIAN_POINT('',(3.778128443771,-5.352567290974,
    2.618134987304));
#12281 = B_SPLINE_CURVE_WITH_KNOTS('',1,(#12282,#12283),.UNSPECIFIED.,
  .F.,.F.,(2,2),(0.11358047893,0.168347448335),
  .PIECEWISE_BEZIER_KNOTS.);
#12282 = CARTESIAN_POINT('',(3.778128443771,-5.352567290974,
    2.672901956709));
#12283 = CARTESIAN_POINT('',(3.778128443771,-5.352567290974,
    2.618134987304));
#12284 = ORIENTED_EDGE('',*,*,#12285,.F.);
#12285 = EDGE_CURVE('',#12279,#12279,#12286,.T.);
#12286 = CIRCLE('',#12287,0.525799044222);
#12287 = AXIS2_PLACEMENT_3D('',#12288,#12289,#12290);
#12288 = CARTESIAN_POINT('',(3.778128443771,-4.826768246752,
    2.618134987304));
#12289 = DIRECTION('',(0.,-0.,-1.));
#12290 = DIRECTION('',(6.661338147751E-16,-1.,0.));
#12291 = ORIENTED_EDGE('',*,*,#12278,.F.);
#12292 = CYLINDRICAL_SURFACE('',#12293,0.525799044222);
#12293 = AXIS2_PLACEMENT_3D('',#12294,#12295,#12296);
#12294 = CARTESIAN_POINT('',(3.778128443771,-4.826768246752,
    2.786482435639));
#12295 = DIRECTION('',(0.,0.,-1.));
#12296 = DIRECTION('',(-6.661338147751E-16,1.,0.));
#12297 = ADVANCED_FACE('',(#12298),#12325,.T.);
#12298 = FACE_BOUND('',#12299,.T.);
#12299 = EDGE_LOOP('',(#12300,#12301,#12308,#12317,#12324));
#12300 = ORIENTED_EDGE('',*,*,#12017,.T.);
#12301 = ORIENTED_EDGE('',*,*,#12302,.T.);
#12302 = EDGE_CURVE('',#12018,#12303,#12305,.T.);
#12303 = VERTEX_POINT('',#12304);
#12304 = CARTESIAN_POINT('',(3.778128443771,5.329146498194,
    2.618134987304));
#12305 = B_SPLINE_CURVE_WITH_KNOTS('',1,(#12306,#12307),.UNSPECIFIED.,
  .F.,.F.,(2,2),(0.11358047893,0.168347448335),
  .PIECEWISE_BEZIER_KNOTS.);
#12306 = CARTESIAN_POINT('',(3.778128443771,5.329146498194,
    2.672901956709));
#12307 = CARTESIAN_POINT('',(3.778128443771,5.329146498194,
    2.618134987304));
#12308 = ORIENTED_EDGE('',*,*,#12309,.F.);
#12309 = EDGE_CURVE('',#12310,#12303,#12312,.T.);
#12310 = VERTEX_POINT('',#12311);
#12311 = CARTESIAN_POINT('',(3.778128443771,4.27754840975,2.618134987304
    ));
#12312 = CIRCLE('',#12313,0.525799044222);
#12313 = AXIS2_PLACEMENT_3D('',#12314,#12315,#12316);
#12314 = CARTESIAN_POINT('',(3.778128443771,4.803347453972,
    2.618134987304));
#12315 = DIRECTION('',(0.,-0.,-1.));
#12316 = DIRECTION('',(6.661338147751E-16,-1.,0.));
#12317 = ORIENTED_EDGE('',*,*,#12318,.F.);
#12318 = EDGE_CURVE('',#12303,#12310,#12319,.T.);
#12319 = CIRCLE('',#12320,0.525799044222);
#12320 = AXIS2_PLACEMENT_3D('',#12321,#12322,#12323);
#12321 = CARTESIAN_POINT('',(3.778128443771,4.803347453972,
    2.618134987304));
#12322 = DIRECTION('',(0.,-0.,-1.));
#12323 = DIRECTION('',(6.661338147751E-16,-1.,0.));
#12324 = ORIENTED_EDGE('',*,*,#12302,.F.);
#12325 = CYLINDRICAL_SURFACE('',#12326,0.525799044222);
#12326 = AXIS2_PLACEMENT_3D('',#12327,#12328,#12329);
#12327 = CARTESIAN_POINT('',(3.778128443771,4.803347453972,
    2.786482435639));
#12328 = DIRECTION('',(0.,0.,-1.));
#12329 = DIRECTION('',(-6.661338147751E-16,1.,0.));
#12330 = ADVANCED_FACE('',(#12331),#12358,.T.);
#12331 = FACE_BOUND('',#12332,.T.);
#12332 = EDGE_LOOP('',(#12333,#12334,#12341,#12350,#12357));
#12333 = ORIENTED_EDGE('',*,*,#12034,.T.);
#12334 = ORIENTED_EDGE('',*,*,#12335,.T.);
#12335 = EDGE_CURVE('',#12035,#12336,#12338,.T.);
#12336 = VERTEX_POINT('',#12337);
#12337 = CARTESIAN_POINT('',(-3.798838354316,5.329146498194,
    2.618134987304));
#12338 = B_SPLINE_CURVE_WITH_KNOTS('',1,(#12339,#12340),.UNSPECIFIED.,
  .F.,.F.,(2,2),(0.11358047893,0.168347448335),
  .PIECEWISE_BEZIER_KNOTS.);
#12339 = CARTESIAN_POINT('',(-3.798838354316,5.329146498194,
    2.672901956709));
#12340 = CARTESIAN_POINT('',(-3.798838354316,5.329146498194,
    2.618134987304));
#12341 = ORIENTED_EDGE('',*,*,#12342,.F.);
#12342 = EDGE_CURVE('',#12343,#12336,#12345,.T.);
#12343 = VERTEX_POINT('',#12344);
#12344 = CARTESIAN_POINT('',(-3.798838354316,4.27754840975,
    2.618134987304));
#12345 = CIRCLE('',#12346,0.525799044222);
#12346 = AXIS2_PLACEMENT_3D('',#12347,#12348,#12349);
#12347 = CARTESIAN_POINT('',(-3.798838354316,4.803347453972,
    2.618134987304));
#12348 = DIRECTION('',(0.,-0.,-1.));
#12349 = DIRECTION('',(6.661338147751E-16,-1.,0.));
#12350 = ORIENTED_EDGE('',*,*,#12351,.F.);
#12351 = EDGE_CURVE('',#12336,#12343,#12352,.T.);
#12352 = CIRCLE('',#12353,0.525799044222);
#12353 = AXIS2_PLACEMENT_3D('',#12354,#12355,#12356);
#12354 = CARTESIAN_POINT('',(-3.798838354316,4.803347453972,
    2.618134987304));
#12355 = DIRECTION('',(0.,-0.,-1.));
#12356 = DIRECTION('',(6.661338147751E-16,-1.,0.));
#12357 = ORIENTED_EDGE('',*,*,#12335,.F.);
#12358 = CYLINDRICAL_SURFACE('',#12359,0.525799044222);
#12359 = AXIS2_PLACEMENT_3D('',#12360,#12361,#12362);
#12360 = CARTESIAN_POINT('',(-3.798838354316,4.803347453972,
    2.786482435639));
#12361 = DIRECTION('',(0.,0.,-1.));
#12362 = DIRECTION('',(-6.661338147751E-16,1.,0.));
#12363 = ADVANCED_FACE('',(#12364),#12390,.T.);
#12364 = FACE_BOUND('',#12365,.T.);
#12365 = EDGE_LOOP('',(#12366,#12374,#12383,#12389));
#12366 = ORIENTED_EDGE('',*,*,#12367,.F.);
#12367 = EDGE_CURVE('',#12368,#12115,#12370,.T.);
#12368 = VERTEX_POINT('',#12369);
#12369 = CARTESIAN_POINT('',(-4.05,-5.814375265186,2.426199548339));
#12370 = LINE('',#12371,#12372);
#12371 = CARTESIAN_POINT('',(-4.05,-5.9,1.611534615022));
#12372 = VECTOR('',#12373,1.);
#12373 = DIRECTION('',(6.962994398906E-17,-0.104528463268,
    -0.994521895368));
#12374 = ORIENTED_EDGE('',*,*,#12375,.T.);
#12375 = EDGE_CURVE('',#12368,#12376,#12378,.T.);
#12376 = VERTEX_POINT('',#12377);
#12377 = CARTESIAN_POINT('',(-4.814375265186,-5.05,2.426199548339));
#12378 = CIRCLE('',#12379,0.764375265186);
#12379 = AXIS2_PLACEMENT_3D('',#12380,#12381,#12382);
#12380 = CARTESIAN_POINT('',(-4.05,-5.05,2.426199548339));
#12381 = DIRECTION('',(0.,0.,-1.));
#12382 = DIRECTION('',(-6.661338147751E-16,1.,0.));
#12383 = ORIENTED_EDGE('',*,*,#12384,.T.);
#12384 = EDGE_CURVE('',#12376,#12062,#12385,.T.);
#12385 = LINE('',#12386,#12387);
#12386 = CARTESIAN_POINT('',(-4.9,-5.05,1.611534615022));
#12387 = VECTOR('',#12388,1.);
#12388 = DIRECTION('',(-0.104528463268,-6.962994398906E-17,
    -0.994521895368));
#12389 = ORIENTED_EDGE('',*,*,#12122,.F.);
#12390 = CONICAL_SURFACE('',#12391,0.85,0.10471975512);
#12391 = AXIS2_PLACEMENT_3D('',#12392,#12393,#12394);
#12392 = CARTESIAN_POINT('',(-4.05,-5.05,1.611534615022));
#12393 = DIRECTION('',(0.,0.,-1.));
#12394 = DIRECTION('',(6.661338147751E-16,-1.,0.));
#12395 = ADVANCED_FACE('',(#12396),#12414,.T.);
#12396 = FACE_BOUND('',#12397,.T.);
#12397 = EDGE_LOOP('',(#12398,#12399,#12407,#12413));
#12398 = ORIENTED_EDGE('',*,*,#12384,.F.);
#12399 = ORIENTED_EDGE('',*,*,#12400,.T.);
#12400 = EDGE_CURVE('',#12376,#12401,#12403,.T.);
#12401 = VERTEX_POINT('',#12402);
#12402 = CARTESIAN_POINT('',(-4.814375265186,5.05,2.426199548339));
#12403 = LINE('',#12404,#12405);
#12404 = CARTESIAN_POINT('',(-4.814375265186,5.05,2.426199548339));
#12405 = VECTOR('',#12406,1.);
#12406 = DIRECTION('',(-6.661338147751E-16,1.,0.));
#12407 = ORIENTED_EDGE('',*,*,#12408,.T.);
#12408 = EDGE_CURVE('',#12401,#12064,#12409,.T.);
#12409 = LINE('',#12410,#12411);
#12410 = CARTESIAN_POINT('',(-4.9,5.05,1.611534615022));
#12411 = VECTOR('',#12412,1.);
#12412 = DIRECTION('',(-0.104528463268,-6.962994398906E-17,
    -0.994521895368));
#12413 = ORIENTED_EDGE('',*,*,#12061,.F.);
#12414 = PLANE('',#12415);
#12415 = AXIS2_PLACEMENT_3D('',#12416,#12417,#12418);
#12416 = CARTESIAN_POINT('',(-4.9,-3.441463626017E-15,1.611534615022));
#12417 = DIRECTION('',(-0.994521895368,-6.62484664039E-16,0.104528463268
    ));
#12418 = DIRECTION('',(-0.104528463268,-6.962994398906E-17,
    -0.994521895368));
#12419 = ADVANCED_FACE('',(#12420),#12439,.T.);
#12420 = FACE_BOUND('',#12421,.T.);
#12421 = EDGE_LOOP('',(#12422,#12423,#12432,#12438));
#12422 = ORIENTED_EDGE('',*,*,#12408,.F.);
#12423 = ORIENTED_EDGE('',*,*,#12424,.T.);
#12424 = EDGE_CURVE('',#12401,#12425,#12427,.T.);
#12425 = VERTEX_POINT('',#12426);
#12426 = CARTESIAN_POINT('',(-4.05,5.814375265186,2.426199548339));
#12427 = CIRCLE('',#12428,0.764375265186);
#12428 = AXIS2_PLACEMENT_3D('',#12429,#12430,#12431);
#12429 = CARTESIAN_POINT('',(-4.05,5.05,2.426199548339));
#12430 = DIRECTION('',(0.,0.,-1.));
#12431 = DIRECTION('',(-6.661338147751E-16,1.,0.));
#12432 = ORIENTED_EDGE('',*,*,#12433,.T.);
#12433 = EDGE_CURVE('',#12425,#12072,#12434,.T.);
#12434 = LINE('',#12435,#12436);
#12435 = CARTESIAN_POINT('',(-4.05,5.9,1.611534615022));
#12436 = VECTOR('',#12437,1.);
#12437 = DIRECTION('',(-6.962994398906E-17,0.104528463268,
    -0.994521895368));
#12438 = ORIENTED_EDGE('',*,*,#12071,.F.);
#12439 = CONICAL_SURFACE('',#12440,0.85,0.10471975512);
#12440 = AXIS2_PLACEMENT_3D('',#12441,#12442,#12443);
#12441 = CARTESIAN_POINT('',(-4.05,5.05,1.611534615022));
#12442 = DIRECTION('',(0.,0.,-1.));
#12443 = DIRECTION('',(6.661338147751E-16,-1.,0.));
#12444 = ADVANCED_FACE('',(#12445),#12463,.T.);
#12445 = FACE_BOUND('',#12446,.T.);
#12446 = EDGE_LOOP('',(#12447,#12448,#12456,#12462));
#12447 = ORIENTED_EDGE('',*,*,#12433,.F.);
#12448 = ORIENTED_EDGE('',*,*,#12449,.T.);
#12449 = EDGE_CURVE('',#12425,#12450,#12452,.T.);
#12450 = VERTEX_POINT('',#12451);
#12451 = CARTESIAN_POINT('',(4.05,5.814375265186,2.426199548339));
#12452 = LINE('',#12453,#12454);
#12453 = CARTESIAN_POINT('',(4.05,5.814375265186,2.426199548339));
#12454 = VECTOR('',#12455,1.);
#12455 = DIRECTION('',(1.,6.661338147751E-16,0.));
#12456 = ORIENTED_EDGE('',*,*,#12457,.T.);
#12457 = EDGE_CURVE('',#12450,#12081,#12458,.T.);
#12458 = LINE('',#12459,#12460);
#12459 = CARTESIAN_POINT('',(4.05,5.9,1.611534615022));
#12460 = VECTOR('',#12461,1.);
#12461 = DIRECTION('',(-6.962994398906E-17,0.104528463268,
    -0.994521895368));
#12462 = ORIENTED_EDGE('',*,*,#12080,.F.);
#12463 = PLANE('',#12464);
#12464 = AXIS2_PLACEMENT_3D('',#12465,#12466,#12467);
#12465 = CARTESIAN_POINT('',(-4.029206256195E-15,5.9,1.611534615022));
#12466 = DIRECTION('',(-6.62484664039E-16,0.994521895368,0.104528463268)
  );
#12467 = DIRECTION('',(6.962994398906E-17,-0.104528463268,0.994521895368
    ));
#12468 = ADVANCED_FACE('',(#12469),#12488,.T.);
#12469 = FACE_BOUND('',#12470,.T.);
#12470 = EDGE_LOOP('',(#12471,#12472,#12481,#12487));
#12471 = ORIENTED_EDGE('',*,*,#12457,.F.);
#12472 = ORIENTED_EDGE('',*,*,#12473,.T.);
#12473 = EDGE_CURVE('',#12450,#12474,#12476,.T.);
#12474 = VERTEX_POINT('',#12475);
#12475 = CARTESIAN_POINT('',(4.814375265186,5.05,2.426199548339));
#12476 = CIRCLE('',#12477,0.764375265186);
#12477 = AXIS2_PLACEMENT_3D('',#12478,#12479,#12480);
#12478 = CARTESIAN_POINT('',(4.05,5.05,2.426199548339));
#12479 = DIRECTION('',(0.,0.,-1.));
#12480 = DIRECTION('',(-6.661338147751E-16,1.,0.));
#12481 = ORIENTED_EDGE('',*,*,#12482,.T.);
#12482 = EDGE_CURVE('',#12474,#12089,#12483,.T.);
#12483 = LINE('',#12484,#12485);
#12484 = CARTESIAN_POINT('',(4.9,5.05,1.611534615022));
#12485 = VECTOR('',#12486,1.);
#12486 = DIRECTION('',(0.104528463268,6.962994398906E-17,-0.994521895368
    ));
#12487 = ORIENTED_EDGE('',*,*,#12088,.F.);
#12488 = CONICAL_SURFACE('',#12489,0.85,0.10471975512);
#12489 = AXIS2_PLACEMENT_3D('',#12490,#12491,#12492);
#12490 = CARTESIAN_POINT('',(4.05,5.05,1.611534615022));
#12491 = DIRECTION('',(0.,0.,-1.));
#12492 = DIRECTION('',(6.661338147751E-16,-1.,0.));
#12493 = ADVANCED_FACE('',(#12494),#12512,.T.);
#12494 = FACE_BOUND('',#12495,.T.);
#12495 = EDGE_LOOP('',(#12496,#12497,#12505,#12511));
#12496 = ORIENTED_EDGE('',*,*,#12482,.F.);
#12497 = ORIENTED_EDGE('',*,*,#12498,.T.);
#12498 = EDGE_CURVE('',#12474,#12499,#12501,.T.);
#12499 = VERTEX_POINT('',#12500);
#12500 = CARTESIAN_POINT('',(4.814375265186,-5.05,2.426199548339));
#12501 = LINE('',#12502,#12503);
#12502 = CARTESIAN_POINT('',(4.814375265186,-5.05,2.426199548339));
#12503 = VECTOR('',#12504,1.);
#12504 = DIRECTION('',(6.661338147751E-16,-1.,0.));
#12505 = ORIENTED_EDGE('',*,*,#12506,.T.);
#12506 = EDGE_CURVE('',#12499,#12098,#12507,.T.);
#12507 = LINE('',#12508,#12509);
#12508 = CARTESIAN_POINT('',(4.9,-5.05,1.611534615022));
#12509 = VECTOR('',#12510,1.);
#12510 = DIRECTION('',(0.104528463268,6.962994398906E-17,-0.994521895368
    ));
#12511 = ORIENTED_EDGE('',*,*,#12097,.F.);
#12512 = PLANE('',#12513);
#12513 = AXIS2_PLACEMENT_3D('',#12514,#12515,#12516);
#12514 = CARTESIAN_POINT('',(4.9,3.086647758779E-15,1.611534615022));
#12515 = DIRECTION('',(0.994521895368,6.62484664039E-16,0.104528463268)
  );
#12516 = DIRECTION('',(-0.104528463268,-6.962994398906E-17,
    0.994521895368));
#12517 = ADVANCED_FACE('',(#12518),#12537,.T.);
#12518 = FACE_BOUND('',#12519,.T.);
#12519 = EDGE_LOOP('',(#12520,#12521,#12530,#12536));
#12520 = ORIENTED_EDGE('',*,*,#12506,.F.);
#12521 = ORIENTED_EDGE('',*,*,#12522,.T.);
#12522 = EDGE_CURVE('',#12499,#12523,#12525,.T.);
#12523 = VERTEX_POINT('',#12524);
#12524 = CARTESIAN_POINT('',(4.05,-5.814375265186,2.426199548339));
#12525 = CIRCLE('',#12526,0.764375265186);
#12526 = AXIS2_PLACEMENT_3D('',#12527,#12528,#12529);
#12527 = CARTESIAN_POINT('',(4.05,-5.05,2.426199548339));
#12528 = DIRECTION('',(0.,0.,-1.));
#12529 = DIRECTION('',(-6.661338147751E-16,1.,0.));
#12530 = ORIENTED_EDGE('',*,*,#12531,.T.);
#12531 = EDGE_CURVE('',#12523,#12106,#12532,.T.);
#12532 = LINE('',#12533,#12534);
#12533 = CARTESIAN_POINT('',(4.05,-5.9,1.611534615022));
#12534 = VECTOR('',#12535,1.);
#12535 = DIRECTION('',(6.962994398906E-17,-0.104528463268,
    -0.994521895368));
#12536 = ORIENTED_EDGE('',*,*,#12105,.F.);
#12537 = CONICAL_SURFACE('',#12538,0.85,0.10471975512);
#12538 = AXIS2_PLACEMENT_3D('',#12539,#12540,#12541);
#12539 = CARTESIAN_POINT('',(4.05,-5.05,1.611534615022));
#12540 = DIRECTION('',(0.,0.,-1.));
#12541 = DIRECTION('',(6.661338147751E-16,-1.,0.));
#12542 = ADVANCED_FACE('',(#12543),#12554,.T.);
#12543 = FACE_BOUND('',#12544,.T.);
#12544 = EDGE_LOOP('',(#12545,#12546,#12552,#12553));
#12545 = ORIENTED_EDGE('',*,*,#12531,.F.);
#12546 = ORIENTED_EDGE('',*,*,#12547,.T.);
#12547 = EDGE_CURVE('',#12523,#12368,#12548,.T.);
#12548 = LINE('',#12549,#12550);
#12549 = CARTESIAN_POINT('',(-4.05,-5.814375265186,2.426199548339));
#12550 = VECTOR('',#12551,1.);
#12551 = DIRECTION('',(-1.,-6.661338147751E-16,0.));
#12552 = ORIENTED_EDGE('',*,*,#12367,.T.);
#12553 = ORIENTED_EDGE('',*,*,#12114,.F.);
#12554 = PLANE('',#12555);
#12555 = AXIS2_PLACEMENT_3D('',#12556,#12557,#12558);
#12556 = CARTESIAN_POINT('',(3.831172758151E-15,-5.9,1.611534615022));
#12557 = DIRECTION('',(6.62484664039E-16,-0.994521895368,0.104528463268)
  );
#12558 = DIRECTION('',(6.962994398906E-17,-0.104528463268,
    -0.994521895368));
#12559 = ADVANCED_FACE('',(#12560),#12585,.T.);
#12560 = FACE_BOUND('',#12561,.T.);
#12561 = EDGE_LOOP('',(#12562,#12570,#12578,#12584));
#12562 = ORIENTED_EDGE('',*,*,#12563,.T.);
#12563 = EDGE_CURVE('',#12186,#12564,#12566,.T.);
#12564 = VERTEX_POINT('',#12565);
#12565 = CARTESIAN_POINT('',(-3.368914271894,-3.826621686464,
    2.622901956709));
#12566 = LINE('',#12567,#12568);
#12567 = CARTESIAN_POINT('',(-3.368914271894,-3.826621686464,
    2.604405568248));
#12568 = VECTOR('',#12569,1.);
#12569 = DIRECTION('',(0.,0.,1.));
#12570 = ORIENTED_EDGE('',*,*,#12571,.T.);
#12571 = EDGE_CURVE('',#12564,#12572,#12574,.T.);
#12572 = VERTEX_POINT('',#12573);
#12573 = CARTESIAN_POINT('',(-3.368914271894,3.89501459396,
    2.622901956709));
#12574 = LINE('',#12575,#12576);
#12575 = CARTESIAN_POINT('',(-3.368914271894,3.89501459396,
    2.622901956709));
#12576 = VECTOR('',#12577,1.);
#12577 = DIRECTION('',(-6.661338147751E-16,1.,0.));
#12578 = ORIENTED_EDGE('',*,*,#12579,.F.);
#12579 = EDGE_CURVE('',#12170,#12572,#12580,.T.);
#12580 = LINE('',#12581,#12582);
#12581 = CARTESIAN_POINT('',(-3.368914271894,3.89501459396,
    2.604405568248));
#12582 = VECTOR('',#12583,1.);
#12583 = DIRECTION('',(0.,0.,1.));
#12584 = ORIENTED_EDGE('',*,*,#12193,.T.);
#12585 = PLANE('',#12586);
#12586 = AXIS2_PLACEMENT_3D('',#12587,#12588,#12589);
#12587 = CARTESIAN_POINT('',(-3.368914271894,3.89501459396,
    2.604405568248));
#12588 = DIRECTION('',(-1.,-6.661338147751E-16,0.));
#12589 = DIRECTION('',(0.,0.,-1.));
#12590 = ADVANCED_FACE('',(#12591),#12609,.T.);
#12591 = FACE_BOUND('',#12592,.T.);
#12592 = EDGE_LOOP('',(#12593,#12594,#12602,#12608));
#12593 = ORIENTED_EDGE('',*,*,#12579,.T.);
#12594 = ORIENTED_EDGE('',*,*,#12595,.T.);
#12595 = EDGE_CURVE('',#12572,#12596,#12598,.T.);
#12596 = VERTEX_POINT('',#12597);
#12597 = CARTESIAN_POINT('',(-4.234759516574,3.89501459396,
    2.622901956709));
#12598 = LINE('',#12599,#12600);
#12599 = CARTESIAN_POINT('',(-4.234759516574,3.89501459396,
    2.622901956709));
#12600 = VECTOR('',#12601,1.);
#12601 = DIRECTION('',(-1.,-6.661338147751E-16,0.));
#12602 = ORIENTED_EDGE('',*,*,#12603,.F.);
#12603 = EDGE_CURVE('',#12168,#12596,#12604,.T.);
#12604 = LINE('',#12605,#12606);
#12605 = CARTESIAN_POINT('',(-4.234759516574,3.89501459396,
    2.604405568248));
#12606 = VECTOR('',#12607,1.);
#12607 = DIRECTION('',(0.,0.,1.));
#12608 = ORIENTED_EDGE('',*,*,#12167,.T.);
#12609 = PLANE('',#12610);
#12610 = AXIS2_PLACEMENT_3D('',#12611,#12612,#12613);
#12611 = CARTESIAN_POINT('',(-4.234759516574,3.89501459396,
    2.604405568248));
#12612 = DIRECTION('',(6.661338147751E-16,-1.,0.));
#12613 = DIRECTION('',(0.,0.,-1.));
#12614 = ADVANCED_FACE('',(#12615),#12633,.T.);
#12615 = FACE_BOUND('',#12616,.T.);
#12616 = EDGE_LOOP('',(#12617,#12618,#12626,#12632));
#12617 = ORIENTED_EDGE('',*,*,#12603,.T.);
#12618 = ORIENTED_EDGE('',*,*,#12619,.T.);
#12619 = EDGE_CURVE('',#12596,#12620,#12622,.T.);
#12620 = VERTEX_POINT('',#12621);
#12621 = CARTESIAN_POINT('',(-4.234759516574,-3.826621686464,
    2.622901956709));
#12622 = LINE('',#12623,#12624);
#12623 = CARTESIAN_POINT('',(-4.234759516574,-3.826621686464,
    2.622901956709));
#12624 = VECTOR('',#12625,1.);
#12625 = DIRECTION('',(6.661338147751E-16,-1.,0.));
#12626 = ORIENTED_EDGE('',*,*,#12627,.F.);
#12627 = EDGE_CURVE('',#12178,#12620,#12628,.T.);
#12628 = LINE('',#12629,#12630);
#12629 = CARTESIAN_POINT('',(-4.234759516574,-3.826621686464,
    2.604405568248));
#12630 = VECTOR('',#12631,1.);
#12631 = DIRECTION('',(0.,0.,1.));
#12632 = ORIENTED_EDGE('',*,*,#12177,.T.);
#12633 = PLANE('',#12634);
#12634 = AXIS2_PLACEMENT_3D('',#12635,#12636,#12637);
#12635 = CARTESIAN_POINT('',(-4.234759516574,-3.826621686464,
    2.604405568248));
#12636 = DIRECTION('',(1.,6.661338147751E-16,0.));
#12637 = DIRECTION('',(0.,0.,1.));
#12638 = ADVANCED_FACE('',(#12639),#12650,.T.);
#12639 = FACE_BOUND('',#12640,.T.);
#12640 = EDGE_LOOP('',(#12641,#12642,#12648,#12649));
#12641 = ORIENTED_EDGE('',*,*,#12627,.T.);
#12642 = ORIENTED_EDGE('',*,*,#12643,.T.);
#12643 = EDGE_CURVE('',#12620,#12564,#12644,.T.);
#12644 = LINE('',#12645,#12646);
#12645 = CARTESIAN_POINT('',(-3.368914271894,-3.826621686464,
    2.622901956709));
#12646 = VECTOR('',#12647,1.);
#12647 = DIRECTION('',(1.,6.661338147751E-16,0.));
#12648 = ORIENTED_EDGE('',*,*,#12563,.F.);
#12649 = ORIENTED_EDGE('',*,*,#12185,.T.);
#12650 = PLANE('',#12651);
#12651 = AXIS2_PLACEMENT_3D('',#12652,#12653,#12654);
#12652 = CARTESIAN_POINT('',(-3.368914271894,-3.826621686464,
    2.604405568248));
#12653 = DIRECTION('',(-6.661338147751E-16,1.,0.));
#12654 = DIRECTION('',(0.,0.,1.));
#12655 = ADVANCED_FACE('',(#12656),#12681,.T.);
#12656 = FACE_BOUND('',#12657,.T.);
#12657 = EDGE_LOOP('',(#12658,#12666,#12674,#12680));
#12658 = ORIENTED_EDGE('',*,*,#12659,.T.);
#12659 = EDGE_CURVE('',#12238,#12660,#12662,.T.);
#12660 = VERTEX_POINT('',#12661);
#12661 = CARTESIAN_POINT('',(3.401925399947,3.89501459396,2.622901956709
    ));
#12662 = LINE('',#12663,#12664);
#12663 = CARTESIAN_POINT('',(3.401925399947,3.89501459396,2.604405568248
    ));
#12664 = VECTOR('',#12665,1.);
#12665 = DIRECTION('',(0.,0.,1.));
#12666 = ORIENTED_EDGE('',*,*,#12667,.T.);
#12667 = EDGE_CURVE('',#12660,#12668,#12670,.T.);
#12668 = VERTEX_POINT('',#12669);
#12669 = CARTESIAN_POINT('',(3.401925399947,-3.826621686464,
    2.622901956709));
#12670 = LINE('',#12671,#12672);
#12671 = CARTESIAN_POINT('',(3.401925399947,-3.826621686464,
    2.622901956709));
#12672 = VECTOR('',#12673,1.);
#12673 = DIRECTION('',(6.661338147751E-16,-1.,0.));
#12674 = ORIENTED_EDGE('',*,*,#12675,.F.);
#12675 = EDGE_CURVE('',#12248,#12668,#12676,.T.);
#12676 = LINE('',#12677,#12678);
#12677 = CARTESIAN_POINT('',(3.401925399947,-3.826621686464,
    2.604405568248));
#12678 = VECTOR('',#12679,1.);
#12679 = DIRECTION('',(0.,0.,1.));
#12680 = ORIENTED_EDGE('',*,*,#12247,.T.);
#12681 = PLANE('',#12682);
#12682 = AXIS2_PLACEMENT_3D('',#12683,#12684,#12685);
#12683 = CARTESIAN_POINT('',(3.401925399947,-3.826621686464,
    2.604405568248));
#12684 = DIRECTION('',(1.,6.661338147751E-16,0.));
#12685 = DIRECTION('',(0.,0.,1.));
#12686 = ADVANCED_FACE('',(#12687),#12705,.T.);
#12687 = FACE_BOUND('',#12688,.T.);
#12688 = EDGE_LOOP('',(#12689,#12690,#12698,#12704));
#12689 = ORIENTED_EDGE('',*,*,#12675,.T.);
#12690 = ORIENTED_EDGE('',*,*,#12691,.T.);
#12691 = EDGE_CURVE('',#12668,#12692,#12694,.T.);
#12692 = VERTEX_POINT('',#12693);
#12693 = CARTESIAN_POINT('',(4.267770644627,-3.826621686464,
    2.622901956709));
#12694 = LINE('',#12695,#12696);
#12695 = CARTESIAN_POINT('',(4.267770644627,-3.826621686464,
    2.622901956709));
#12696 = VECTOR('',#12697,1.);
#12697 = DIRECTION('',(1.,6.661338147751E-16,0.));
#12698 = ORIENTED_EDGE('',*,*,#12699,.F.);
#12699 = EDGE_CURVE('',#12256,#12692,#12700,.T.);
#12700 = LINE('',#12701,#12702);
#12701 = CARTESIAN_POINT('',(4.267770644627,-3.826621686464,
    2.604405568248));
#12702 = VECTOR('',#12703,1.);
#12703 = DIRECTION('',(0.,0.,1.));
#12704 = ORIENTED_EDGE('',*,*,#12255,.T.);
#12705 = PLANE('',#12706);
#12706 = AXIS2_PLACEMENT_3D('',#12707,#12708,#12709);
#12707 = CARTESIAN_POINT('',(4.267770644627,-3.826621686464,
    2.604405568248));
#12708 = DIRECTION('',(-6.661338147751E-16,1.,0.));
#12709 = DIRECTION('',(0.,0.,1.));
#12710 = ADVANCED_FACE('',(#12711),#12729,.T.);
#12711 = FACE_BOUND('',#12712,.T.);
#12712 = EDGE_LOOP('',(#12713,#12714,#12722,#12728));
#12713 = ORIENTED_EDGE('',*,*,#12699,.T.);
#12714 = ORIENTED_EDGE('',*,*,#12715,.T.);
#12715 = EDGE_CURVE('',#12692,#12716,#12718,.T.);
#12716 = VERTEX_POINT('',#12717);
#12717 = CARTESIAN_POINT('',(4.267770644627,3.89501459396,2.622901956709
    ));
#12718 = LINE('',#12719,#12720);
#12719 = CARTESIAN_POINT('',(4.267770644627,3.89501459396,2.622901956709
    ));
#12720 = VECTOR('',#12721,1.);
#12721 = DIRECTION('',(-6.661338147751E-16,1.,0.));
#12722 = ORIENTED_EDGE('',*,*,#12723,.F.);
#12723 = EDGE_CURVE('',#12240,#12716,#12724,.T.);
#12724 = LINE('',#12725,#12726);
#12725 = CARTESIAN_POINT('',(4.267770644627,3.89501459396,2.604405568248
    ));
#12726 = VECTOR('',#12727,1.);
#12727 = DIRECTION('',(0.,0.,1.));
#12728 = ORIENTED_EDGE('',*,*,#12263,.T.);
#12729 = PLANE('',#12730);
#12730 = AXIS2_PLACEMENT_3D('',#12731,#12732,#12733);
#12731 = CARTESIAN_POINT('',(4.267770644627,3.89501459396,2.604405568248
    ));
#12732 = DIRECTION('',(-1.,-6.661338147751E-16,0.));
#12733 = DIRECTION('',(0.,0.,-1.));
#12734 = ADVANCED_FACE('',(#12735),#12746,.T.);
#12735 = FACE_BOUND('',#12736,.T.);
#12736 = EDGE_LOOP('',(#12737,#12738,#12744,#12745));
#12737 = ORIENTED_EDGE('',*,*,#12723,.T.);
#12738 = ORIENTED_EDGE('',*,*,#12739,.T.);
#12739 = EDGE_CURVE('',#12716,#12660,#12740,.T.);
#12740 = LINE('',#12741,#12742);
#12741 = CARTESIAN_POINT('',(3.401925399947,3.89501459396,2.622901956709
    ));
#12742 = VECTOR('',#12743,1.);
#12743 = DIRECTION('',(-1.,-6.661338147751E-16,0.));
#12744 = ORIENTED_EDGE('',*,*,#12659,.F.);
#12745 = ORIENTED_EDGE('',*,*,#12237,.T.);
#12746 = PLANE('',#12747);
#12747 = AXIS2_PLACEMENT_3D('',#12748,#12749,#12750);
#12748 = CARTESIAN_POINT('',(3.401925399947,3.89501459396,2.604405568248
    ));
#12749 = DIRECTION('',(6.661338147751E-16,-1.,0.));
#12750 = DIRECTION('',(0.,0.,-1.));
#12751 = ADVANCED_FACE('',(#12752,#12755),#12766,.F.);
#12752 = FACE_BOUND('',#12753,.T.);
#12753 = EDGE_LOOP('',(#12754));
#12754 = ORIENTED_EDGE('',*,*,#12285,.T.);
#12755 = FACE_BOUND('',#12756,.T.);
#12756 = EDGE_LOOP('',(#12757));
#12757 = ORIENTED_EDGE('',*,*,#12758,.F.);
#12758 = EDGE_CURVE('',#12759,#12759,#12761,.T.);
#12759 = VERTEX_POINT('',#12760);
#12760 = CARTESIAN_POINT('',(3.778128443771,-5.430736111088,
    2.618134987304));
#12761 = CIRCLE('',#12762,0.603967864336);
#12762 = AXIS2_PLACEMENT_3D('',#12763,#12764,#12765);
#12763 = CARTESIAN_POINT('',(3.778128443771,-4.826768246752,
    2.618134987304));
#12764 = DIRECTION('',(0.,-0.,-1.));
#12765 = DIRECTION('',(6.661338147751E-16,-1.,0.));
#12766 = PLANE('',#12767);
#12767 = AXIS2_PLACEMENT_3D('',#12768,#12769,#12770);
#12768 = CARTESIAN_POINT('',(3.778128443771,-4.826768246752,
    2.618134987304));
#12769 = DIRECTION('',(0.,0.,-1.));
#12770 = DIRECTION('',(-6.661338147751E-16,1.,0.));
#12771 = ADVANCED_FACE('',(#12772,#12776),#12787,.F.);
#12772 = FACE_BOUND('',#12773,.T.);
#12773 = EDGE_LOOP('',(#12774,#12775));
#12774 = ORIENTED_EDGE('',*,*,#12309,.T.);
#12775 = ORIENTED_EDGE('',*,*,#12318,.T.);
#12776 = FACE_BOUND('',#12777,.T.);
#12777 = EDGE_LOOP('',(#12778));
#12778 = ORIENTED_EDGE('',*,*,#12779,.F.);
#12779 = EDGE_CURVE('',#12780,#12780,#12782,.T.);
#12780 = VERTEX_POINT('',#12781);
#12781 = CARTESIAN_POINT('',(3.778128443771,4.199379589636,
    2.618134987304));
#12782 = CIRCLE('',#12783,0.603967864336);
#12783 = AXIS2_PLACEMENT_3D('',#12784,#12785,#12786);
#12784 = CARTESIAN_POINT('',(3.778128443771,4.803347453972,
    2.618134987304));
#12785 = DIRECTION('',(0.,-0.,-1.));
#12786 = DIRECTION('',(6.661338147751E-16,-1.,0.));
#12787 = PLANE('',#12788);
#12788 = AXIS2_PLACEMENT_3D('',#12789,#12790,#12791);
#12789 = CARTESIAN_POINT('',(3.778128443771,4.803347453972,
    2.618134987304));
#12790 = DIRECTION('',(0.,0.,-1.));
#12791 = DIRECTION('',(-6.661338147751E-16,1.,0.));
#12792 = ADVANCED_FACE('',(#12793,#12797),#12808,.F.);
#12793 = FACE_BOUND('',#12794,.T.);
#12794 = EDGE_LOOP('',(#12795,#12796));
#12795 = ORIENTED_EDGE('',*,*,#12342,.T.);
#12796 = ORIENTED_EDGE('',*,*,#12351,.T.);
#12797 = FACE_BOUND('',#12798,.T.);
#12798 = EDGE_LOOP('',(#12799));
#12799 = ORIENTED_EDGE('',*,*,#12800,.F.);
#12800 = EDGE_CURVE('',#12801,#12801,#12803,.T.);
#12801 = VERTEX_POINT('',#12802);
#12802 = CARTESIAN_POINT('',(-3.798838354316,4.199379589636,
    2.618134987304));
#12803 = CIRCLE('',#12804,0.603967864336);
#12804 = AXIS2_PLACEMENT_3D('',#12805,#12806,#12807);
#12805 = CARTESIAN_POINT('',(-3.798838354316,4.803347453972,
    2.618134987304));
#12806 = DIRECTION('',(0.,-0.,-1.));
#12807 = DIRECTION('',(6.661338147751E-16,-1.,0.));
#12808 = PLANE('',#12809);
#12809 = AXIS2_PLACEMENT_3D('',#12810,#12811,#12812);
#12810 = CARTESIAN_POINT('',(-3.798838354316,4.803347453972,
    2.618134987304));
#12811 = DIRECTION('',(0.,0.,-1.));
#12812 = DIRECTION('',(-6.661338147751E-16,1.,0.));
#12813 = ADVANCED_FACE('',(#12814),#12842,.T.);
#12814 = FACE_BOUND('',#12815,.T.);
#12815 = EDGE_LOOP('',(#12816,#12825,#12826,#12835));
#12816 = ORIENTED_EDGE('',*,*,#12817,.T.);
#12817 = EDGE_CURVE('',#12818,#12376,#12820,.T.);
#12818 = VERTEX_POINT('',#12819);
#12819 = CARTESIAN_POINT('',(-4.540384483012,-5.05,2.672901956709));
#12820 = CIRCLE('',#12821,0.2755);
#12821 = AXIS2_PLACEMENT_3D('',#12822,#12823,#12824);
#12822 = CARTESIAN_POINT('',(-4.540384483012,-5.05,2.397401956709));
#12823 = DIRECTION('',(6.661338147751E-16,-1.,0.));
#12824 = DIRECTION('',(0.,0.,-1.));
#12825 = ORIENTED_EDGE('',*,*,#12375,.F.);
#12826 = ORIENTED_EDGE('',*,*,#12827,.F.);
#12827 = EDGE_CURVE('',#12828,#12368,#12830,.T.);
#12828 = VERTEX_POINT('',#12829);
#12829 = CARTESIAN_POINT('',(-4.05,-5.540384483012,2.672901956709));
#12830 = CIRCLE('',#12831,0.2755);
#12831 = AXIS2_PLACEMENT_3D('',#12832,#12833,#12834);
#12832 = CARTESIAN_POINT('',(-4.05,-5.540384483012,2.397401956709));
#12833 = DIRECTION('',(1.,6.661338147751E-16,-0.));
#12834 = DIRECTION('',(0.,0.,1.));
#12835 = ORIENTED_EDGE('',*,*,#12836,.T.);
#12836 = EDGE_CURVE('',#12828,#12818,#12837,.T.);
#12837 = CIRCLE('',#12838,0.490384483012);
#12838 = AXIS2_PLACEMENT_3D('',#12839,#12840,#12841);
#12839 = CARTESIAN_POINT('',(-4.05,-5.05,2.672901956709));
#12840 = DIRECTION('',(0.,0.,-1.));
#12841 = DIRECTION('',(-6.661338147751E-16,1.,0.));
#12842 = TOROIDAL_SURFACE('',#12843,0.490384483012,0.2755);
#12843 = AXIS2_PLACEMENT_3D('',#12844,#12845,#12846);
#12844 = CARTESIAN_POINT('',(-4.05,-5.05,2.397401956709));
#12845 = DIRECTION('',(0.,0.,-1.));
#12846 = DIRECTION('',(-6.661338147751E-16,1.,0.));
#12847 = ADVANCED_FACE('',(#12848),#12867,.T.);
#12848 = FACE_BOUND('',#12849,.T.);
#12849 = EDGE_LOOP('',(#12850,#12859,#12860,#12861));
#12850 = ORIENTED_EDGE('',*,*,#12851,.T.);
#12851 = EDGE_CURVE('',#12852,#12401,#12854,.T.);
#12852 = VERTEX_POINT('',#12853);
#12853 = CARTESIAN_POINT('',(-4.540384483012,5.05,2.672901956709));
#12854 = CIRCLE('',#12855,0.2755);
#12855 = AXIS2_PLACEMENT_3D('',#12856,#12857,#12858);
#12856 = CARTESIAN_POINT('',(-4.540384483012,5.05,2.397401956709));
#12857 = DIRECTION('',(6.661338147751E-16,-1.,0.));
#12858 = DIRECTION('',(0.,0.,-1.));
#12859 = ORIENTED_EDGE('',*,*,#12400,.F.);
#12860 = ORIENTED_EDGE('',*,*,#12817,.F.);
#12861 = ORIENTED_EDGE('',*,*,#12862,.T.);
#12862 = EDGE_CURVE('',#12818,#12852,#12863,.T.);
#12863 = LINE('',#12864,#12865);
#12864 = CARTESIAN_POINT('',(-4.540384483012,-5.05,2.672901956709));
#12865 = VECTOR('',#12866,1.);
#12866 = DIRECTION('',(-6.661338147751E-16,1.,0.));
#12867 = CYLINDRICAL_SURFACE('',#12868,0.2755);
#12868 = AXIS2_PLACEMENT_3D('',#12869,#12870,#12871);
#12869 = CARTESIAN_POINT('',(-4.540384483012,-3.201911569833E-15,
    2.397401956709));
#12870 = DIRECTION('',(6.661338147751E-16,-1.,0.));
#12871 = DIRECTION('',(0.,0.,-1.));
#12872 = ADVANCED_FACE('',(#12873),#12893,.T.);
#12873 = FACE_BOUND('',#12874,.T.);
#12874 = EDGE_LOOP('',(#12875,#12876,#12885,#12892));
#12875 = ORIENTED_EDGE('',*,*,#12851,.F.);
#12876 = ORIENTED_EDGE('',*,*,#12877,.T.);
#12877 = EDGE_CURVE('',#12852,#12878,#12880,.T.);
#12878 = VERTEX_POINT('',#12879);
#12879 = CARTESIAN_POINT('',(-4.05,5.540384483012,2.672901956709));
#12880 = CIRCLE('',#12881,0.490384483012);
#12881 = AXIS2_PLACEMENT_3D('',#12882,#12883,#12884);
#12882 = CARTESIAN_POINT('',(-4.05,5.05,2.672901956709));
#12883 = DIRECTION('',(0.,0.,-1.));
#12884 = DIRECTION('',(-6.661338147751E-16,1.,0.));
#12885 = ORIENTED_EDGE('',*,*,#12886,.F.);
#12886 = EDGE_CURVE('',#12425,#12878,#12887,.T.);
#12887 = CIRCLE('',#12888,0.2755);
#12888 = AXIS2_PLACEMENT_3D('',#12889,#12890,#12891);
#12889 = CARTESIAN_POINT('',(-4.05,5.540384483012,2.397401956709));
#12890 = DIRECTION('',(1.,6.661338147751E-16,-0.));
#12891 = DIRECTION('',(0.,0.,1.));
#12892 = ORIENTED_EDGE('',*,*,#12424,.F.);
#12893 = TOROIDAL_SURFACE('',#12894,0.490384483012,0.2755);
#12894 = AXIS2_PLACEMENT_3D('',#12895,#12896,#12897);
#12895 = CARTESIAN_POINT('',(-4.05,5.05,2.397401956709));
#12896 = DIRECTION('',(0.,0.,-1.));
#12897 = DIRECTION('',(-6.661338147751E-16,1.,0.));
#12898 = ADVANCED_FACE('',(#12899),#12918,.T.);
#12899 = FACE_BOUND('',#12900,.T.);
#12900 = EDGE_LOOP('',(#12901,#12902,#12910,#12917));
#12901 = ORIENTED_EDGE('',*,*,#12886,.T.);
#12902 = ORIENTED_EDGE('',*,*,#12903,.T.);
#12903 = EDGE_CURVE('',#12878,#12904,#12906,.T.);
#12904 = VERTEX_POINT('',#12905);
#12905 = CARTESIAN_POINT('',(4.05,5.540384483012,2.672901956709));
#12906 = LINE('',#12907,#12908);
#12907 = CARTESIAN_POINT('',(-4.05,5.540384483012,2.672901956709));
#12908 = VECTOR('',#12909,1.);
#12909 = DIRECTION('',(1.,6.661338147751E-16,0.));
#12910 = ORIENTED_EDGE('',*,*,#12911,.F.);
#12911 = EDGE_CURVE('',#12450,#12904,#12912,.T.);
#12912 = CIRCLE('',#12913,0.2755);
#12913 = AXIS2_PLACEMENT_3D('',#12914,#12915,#12916);
#12914 = CARTESIAN_POINT('',(4.05,5.540384483012,2.397401956709));
#12915 = DIRECTION('',(1.,3.352322098024E-16,3.148318468197E-15));
#12916 = DIRECTION('',(-3.148318468197E-15,-2.097201391347E-30,1.));
#12917 = ORIENTED_EDGE('',*,*,#12449,.F.);
#12918 = CYLINDRICAL_SURFACE('',#12919,0.2755);
#12919 = AXIS2_PLACEMENT_3D('',#12920,#12921,#12922);
#12920 = CARTESIAN_POINT('',(-3.789654200011E-15,5.540384483012,
    2.397401956709));
#12921 = DIRECTION('',(-1.,-6.661338147751E-16,0.));
#12922 = DIRECTION('',(0.,0.,-1.));
#12923 = ADVANCED_FACE('',(#12924),#12944,.T.);
#12924 = FACE_BOUND('',#12925,.T.);
#12925 = EDGE_LOOP('',(#12926,#12927,#12936,#12943));
#12926 = ORIENTED_EDGE('',*,*,#12911,.T.);
#12927 = ORIENTED_EDGE('',*,*,#12928,.T.);
#12928 = EDGE_CURVE('',#12904,#12929,#12931,.T.);
#12929 = VERTEX_POINT('',#12930);
#12930 = CARTESIAN_POINT('',(4.540384483012,5.05,2.672901956709));
#12931 = CIRCLE('',#12932,0.490384483012);
#12932 = AXIS2_PLACEMENT_3D('',#12933,#12934,#12935);
#12933 = CARTESIAN_POINT('',(4.05,5.05,2.672901956709));
#12934 = DIRECTION('',(0.,0.,-1.));
#12935 = DIRECTION('',(-6.661338147751E-16,1.,0.));
#12936 = ORIENTED_EDGE('',*,*,#12937,.F.);
#12937 = EDGE_CURVE('',#12474,#12929,#12938,.T.);
#12938 = CIRCLE('',#12939,0.2755);
#12939 = AXIS2_PLACEMENT_3D('',#12940,#12941,#12942);
#12940 = CARTESIAN_POINT('',(4.540384483012,5.05,2.397401956709));
#12941 = DIRECTION('',(6.661338147751E-16,-1.,0.));
#12942 = DIRECTION('',(0.,0.,-1.));
#12943 = ORIENTED_EDGE('',*,*,#12473,.F.);
#12944 = TOROIDAL_SURFACE('',#12945,0.490384483012,0.2755);
#12945 = AXIS2_PLACEMENT_3D('',#12946,#12947,#12948);
#12946 = CARTESIAN_POINT('',(4.05,5.05,2.397401956709));
#12947 = DIRECTION('',(0.,0.,-1.));
#12948 = DIRECTION('',(-6.661338147751E-16,1.,0.));
#12949 = ADVANCED_FACE('',(#12950),#12969,.T.);
#12950 = FACE_BOUND('',#12951,.T.);
#12951 = EDGE_LOOP('',(#12952,#12953,#12961,#12968));
#12952 = ORIENTED_EDGE('',*,*,#12937,.T.);
#12953 = ORIENTED_EDGE('',*,*,#12954,.T.);
#12954 = EDGE_CURVE('',#12929,#12955,#12957,.T.);
#12955 = VERTEX_POINT('',#12956);
#12956 = CARTESIAN_POINT('',(4.540384483012,-5.05,2.672901956709));
#12957 = LINE('',#12958,#12959);
#12958 = CARTESIAN_POINT('',(4.540384483012,5.05,2.672901956709));
#12959 = VECTOR('',#12960,1.);
#12960 = DIRECTION('',(6.661338147751E-16,-1.,0.));
#12961 = ORIENTED_EDGE('',*,*,#12962,.F.);
#12962 = EDGE_CURVE('',#12499,#12955,#12963,.T.);
#12963 = CIRCLE('',#12964,0.2755);
#12964 = AXIS2_PLACEMENT_3D('',#12965,#12966,#12967);
#12965 = CARTESIAN_POINT('',(4.540384483012,-5.05,2.397401956709));
#12966 = DIRECTION('',(3.352322098024E-16,-1.,3.148318468197E-15));
#12967 = DIRECTION('',(2.097201391347E-30,-3.148318468197E-15,-1.));
#12968 = ORIENTED_EDGE('',*,*,#12498,.F.);
#12969 = CYLINDRICAL_SURFACE('',#12970,0.2755);
#12970 = AXIS2_PLACEMENT_3D('',#12971,#12972,#12973);
#12971 = CARTESIAN_POINT('',(4.540384483012,2.847095702596E-15,
    2.397401956709));
#12972 = DIRECTION('',(-6.661338147751E-16,1.,0.));
#12973 = DIRECTION('',(0.,0.,1.));
#12974 = ADVANCED_FACE('',(#12975),#12995,.T.);
#12975 = FACE_BOUND('',#12976,.T.);
#12976 = EDGE_LOOP('',(#12977,#12978,#12987,#12994));
#12977 = ORIENTED_EDGE('',*,*,#12962,.T.);
#12978 = ORIENTED_EDGE('',*,*,#12979,.T.);
#12979 = EDGE_CURVE('',#12955,#12980,#12982,.T.);
#12980 = VERTEX_POINT('',#12981);
#12981 = CARTESIAN_POINT('',(4.05,-5.540384483012,2.672901956709));
#12982 = CIRCLE('',#12983,0.490384483012);
#12983 = AXIS2_PLACEMENT_3D('',#12984,#12985,#12986);
#12984 = CARTESIAN_POINT('',(4.05,-5.05,2.672901956709));
#12985 = DIRECTION('',(0.,0.,-1.));
#12986 = DIRECTION('',(-6.661338147751E-16,1.,0.));
#12987 = ORIENTED_EDGE('',*,*,#12988,.T.);
#12988 = EDGE_CURVE('',#12980,#12523,#12989,.T.);
#12989 = CIRCLE('',#12990,0.2755);
#12990 = AXIS2_PLACEMENT_3D('',#12991,#12992,#12993);
#12991 = CARTESIAN_POINT('',(4.05,-5.540384483012,2.397401956709));
#12992 = DIRECTION('',(1.,6.661338147751E-16,-0.));
#12993 = DIRECTION('',(0.,0.,1.));
#12994 = ORIENTED_EDGE('',*,*,#12522,.F.);
#12995 = TOROIDAL_SURFACE('',#12996,0.490384483012,0.2755);
#12996 = AXIS2_PLACEMENT_3D('',#12997,#12998,#12999);
#12997 = CARTESIAN_POINT('',(4.05,-5.05,2.397401956709));
#12998 = DIRECTION('',(0.,0.,-1.));
#12999 = DIRECTION('',(-6.661338147751E-16,1.,0.));
#13000 = ADVANCED_FACE('',(#13001),#13012,.T.);
#13001 = FACE_BOUND('',#13002,.T.);
#13002 = EDGE_LOOP('',(#13003,#13004,#13005,#13006));
#13003 = ORIENTED_EDGE('',*,*,#12827,.T.);
#13004 = ORIENTED_EDGE('',*,*,#12547,.F.);
#13005 = ORIENTED_EDGE('',*,*,#12988,.F.);
#13006 = ORIENTED_EDGE('',*,*,#13007,.T.);
#13007 = EDGE_CURVE('',#12980,#12828,#13008,.T.);
#13008 = LINE('',#13009,#13010);
#13009 = CARTESIAN_POINT('',(4.05,-5.540384483012,2.672901956709));
#13010 = VECTOR('',#13011,1.);
#13011 = DIRECTION('',(-1.,-6.661338147751E-16,0.));
#13012 = CYLINDRICAL_SURFACE('',#13013,0.2755);
#13013 = AXIS2_PLACEMENT_3D('',#13014,#13015,#13016);
#13014 = CARTESIAN_POINT('',(3.591620701968E-15,-5.540384483012,
    2.397401956709));
#13015 = DIRECTION('',(1.,6.661338147751E-16,0.));
#13016 = DIRECTION('',(0.,0.,1.));
#13017 = ADVANCED_FACE('',(#13018),#13043,.T.);
#13018 = FACE_BOUND('',#13019,.T.);
#13019 = EDGE_LOOP('',(#13020,#13028,#13029,#13037));
#13020 = ORIENTED_EDGE('',*,*,#13021,.F.);
#13021 = EDGE_CURVE('',#12572,#13022,#13024,.T.);
#13022 = VERTEX_POINT('',#13023);
#13023 = CARTESIAN_POINT('',(-3.318914271894,3.94501459396,
    2.672901956709));
#13024 = LINE('',#13025,#13026);
#13025 = CARTESIAN_POINT('',(-2.950585803214,4.31334306264,
    3.041230425389));
#13026 = VECTOR('',#13027,1.);
#13027 = DIRECTION('',(0.57735026919,0.57735026919,0.57735026919));
#13028 = ORIENTED_EDGE('',*,*,#12571,.F.);
#13029 = ORIENTED_EDGE('',*,*,#13030,.T.);
#13030 = EDGE_CURVE('',#12564,#13031,#13033,.T.);
#13031 = VERTEX_POINT('',#13032);
#13032 = CARTESIAN_POINT('',(-3.318914271894,-3.876621686464,
    2.672901956709));
#13033 = LINE('',#13034,#13035);
#13034 = CARTESIAN_POINT('',(-3.562609514596,-3.632926443762,
    2.429206714007));
#13035 = VECTOR('',#13036,1.);
#13036 = DIRECTION('',(0.57735026919,-0.57735026919,0.57735026919));
#13037 = ORIENTED_EDGE('',*,*,#13038,.F.);
#13038 = EDGE_CURVE('',#13022,#13031,#13039,.T.);
#13039 = LINE('',#13040,#13041);
#13040 = CARTESIAN_POINT('',(-3.318914271894,-3.826621686464,
    2.672901956709));
#13041 = VECTOR('',#13042,1.);
#13042 = DIRECTION('',(6.661338147751E-16,-1.,0.));
#13043 = PLANE('',#13044);
#13044 = AXIS2_PLACEMENT_3D('',#13045,#13046,#13047);
#13045 = CARTESIAN_POINT('',(-3.318914271894,5.05,2.672901956709));
#13046 = DIRECTION('',(-0.707106781187,-4.710277376051E-16,
    0.707106781187));
#13047 = DIRECTION('',(-6.661338147751E-16,1.,0.));
#13048 = ADVANCED_FACE('',(#13049),#13067,.T.);
#13049 = FACE_BOUND('',#13050,.T.);
#13050 = EDGE_LOOP('',(#13051,#13052,#13060,#13066));
#13051 = ORIENTED_EDGE('',*,*,#13021,.T.);
#13052 = ORIENTED_EDGE('',*,*,#13053,.F.);
#13053 = EDGE_CURVE('',#13054,#13022,#13056,.T.);
#13054 = VERTEX_POINT('',#13055);
#13055 = CARTESIAN_POINT('',(-4.284759516574,3.94501459396,
    2.672901956709));
#13056 = LINE('',#13057,#13058);
#13057 = CARTESIAN_POINT('',(-3.368914271894,3.94501459396,
    2.672901956709));
#13058 = VECTOR('',#13059,1.);
#13059 = DIRECTION('',(1.,6.661338147751E-16,0.));
#13060 = ORIENTED_EDGE('',*,*,#13061,.T.);
#13061 = EDGE_CURVE('',#13054,#12596,#13062,.T.);
#13062 = LINE('',#13063,#13064);
#13063 = CARTESIAN_POINT('',(-4.653087985254,4.31334306264,
    3.041230425389));
#13064 = VECTOR('',#13065,1.);
#13065 = DIRECTION('',(0.57735026919,-0.57735026919,-0.57735026919));
#13066 = ORIENTED_EDGE('',*,*,#12595,.F.);
#13067 = PLANE('',#13068);
#13068 = AXIS2_PLACEMENT_3D('',#13069,#13070,#13071);
#13069 = CARTESIAN_POINT('',(-4.05,3.94501459396,2.672901956709));
#13070 = DIRECTION('',(4.710277376051E-16,-0.707106781187,0.707106781187
    ));
#13071 = DIRECTION('',(-1.,-6.661338147751E-16,0.));
#13072 = ADVANCED_FACE('',(#13073),#13091,.T.);
#13073 = FACE_BOUND('',#13074,.T.);
#13074 = EDGE_LOOP('',(#13075,#13083,#13084,#13085));
#13075 = ORIENTED_EDGE('',*,*,#13076,.F.);
#13076 = EDGE_CURVE('',#12620,#13077,#13079,.T.);
#13077 = VERTEX_POINT('',#13078);
#13078 = CARTESIAN_POINT('',(-4.284759516574,-3.876621686464,
    2.672901956709));
#13079 = LINE('',#13080,#13081);
#13080 = CARTESIAN_POINT('',(-1.309218954419,-0.901081124309,
    -0.302638605446));
#13081 = VECTOR('',#13082,1.);
#13082 = DIRECTION('',(-0.57735026919,-0.57735026919,0.57735026919));
#13083 = ORIENTED_EDGE('',*,*,#12619,.F.);
#13084 = ORIENTED_EDGE('',*,*,#13061,.F.);
#13085 = ORIENTED_EDGE('',*,*,#13086,.F.);
#13086 = EDGE_CURVE('',#13077,#13054,#13087,.T.);
#13087 = LINE('',#13088,#13089);
#13088 = CARTESIAN_POINT('',(-4.284759516574,3.89501459396,
    2.672901956709));
#13089 = VECTOR('',#13090,1.);
#13090 = DIRECTION('',(-6.661338147751E-16,1.,0.));
#13091 = PLANE('',#13092);
#13092 = AXIS2_PLACEMENT_3D('',#13093,#13094,#13095);
#13093 = CARTESIAN_POINT('',(-4.284759516574,5.05,2.672901956709));
#13094 = DIRECTION('',(0.707106781187,4.710277376051E-16,0.707106781187)
  );
#13095 = DIRECTION('',(6.661338147751E-16,-1.,0.));
#13096 = ADVANCED_FACE('',(#13097),#13108,.T.);
#13097 = FACE_BOUND('',#13098,.T.);
#13098 = EDGE_LOOP('',(#13099,#13100,#13101,#13102));
#13099 = ORIENTED_EDGE('',*,*,#13030,.F.);
#13100 = ORIENTED_EDGE('',*,*,#12643,.F.);
#13101 = ORIENTED_EDGE('',*,*,#13076,.T.);
#13102 = ORIENTED_EDGE('',*,*,#13103,.F.);
#13103 = EDGE_CURVE('',#13031,#13077,#13104,.T.);
#13104 = LINE('',#13105,#13106);
#13105 = CARTESIAN_POINT('',(-4.234759516574,-3.876621686464,
    2.672901956709));
#13106 = VECTOR('',#13107,1.);
#13107 = DIRECTION('',(-1.,-6.661338147751E-16,0.));
#13108 = PLANE('',#13109);
#13109 = AXIS2_PLACEMENT_3D('',#13110,#13111,#13112);
#13110 = CARTESIAN_POINT('',(-4.05,-3.876621686464,2.672901956709));
#13111 = DIRECTION('',(-4.710277376051E-16,0.707106781187,0.707106781187
    ));
#13112 = DIRECTION('',(1.,6.661338147751E-16,0.));
#13113 = ADVANCED_FACE('',(#13114),#13139,.T.);
#13114 = FACE_BOUND('',#13115,.T.);
#13115 = EDGE_LOOP('',(#13116,#13124,#13132,#13138));
#13116 = ORIENTED_EDGE('',*,*,#13117,.F.);
#13117 = EDGE_CURVE('',#13118,#12660,#13120,.T.);
#13118 = VERTEX_POINT('',#13119);
#13119 = CARTESIAN_POINT('',(3.351925399947,3.94501459396,2.672901956709
    ));
#13120 = LINE('',#13121,#13122);
#13121 = CARTESIAN_POINT('',(5.975804160088,1.321135833819,
    4.902319656764E-02));
#13122 = VECTOR('',#13123,1.);
#13123 = DIRECTION('',(0.57735026919,-0.57735026919,-0.57735026919));
#13124 = ORIENTED_EDGE('',*,*,#13125,.F.);
#13125 = EDGE_CURVE('',#13126,#13118,#13128,.T.);
#13126 = VERTEX_POINT('',#13127);
#13127 = CARTESIAN_POINT('',(3.351925399947,-3.876621686464,
    2.672901956709));
#13128 = LINE('',#13129,#13130);
#13129 = CARTESIAN_POINT('',(3.351925399947,3.89501459396,2.672901956709
    ));
#13130 = VECTOR('',#13131,1.);
#13131 = DIRECTION('',(-6.661338147751E-16,1.,0.));
#13132 = ORIENTED_EDGE('',*,*,#13133,.T.);
#13133 = EDGE_CURVE('',#13126,#12668,#13134,.T.);
#13134 = LINE('',#13135,#13136);
#13135 = CARTESIAN_POINT('',(3.690540481507,-3.538006604904,
    2.334286875149));
#13136 = VECTOR('',#13137,1.);
#13137 = DIRECTION('',(0.57735026919,0.57735026919,-0.57735026919));
#13138 = ORIENTED_EDGE('',*,*,#12667,.F.);
#13139 = PLANE('',#13140);
#13140 = AXIS2_PLACEMENT_3D('',#13141,#13142,#13143);
#13141 = CARTESIAN_POINT('',(3.401925399947,-3.826621686464,
    2.622901956709));
#13142 = DIRECTION('',(0.707106781187,4.710277376051E-16,0.707106781187)
  );
#13143 = DIRECTION('',(-6.661338147751E-16,1.,0.));
#13144 = ADVANCED_FACE('',(#13145),#13163,.T.);
#13145 = FACE_BOUND('',#13146,.T.);
#13146 = EDGE_LOOP('',(#13147,#13148,#13156,#13162));
#13147 = ORIENTED_EDGE('',*,*,#13133,.F.);
#13148 = ORIENTED_EDGE('',*,*,#13149,.F.);
#13149 = EDGE_CURVE('',#13150,#13126,#13152,.T.);
#13150 = VERTEX_POINT('',#13151);
#13151 = CARTESIAN_POINT('',(4.317770644627,-3.876621686464,
    2.672901956709));
#13152 = LINE('',#13153,#13154);
#13153 = CARTESIAN_POINT('',(3.401925399947,-3.876621686464,
    2.672901956709));
#13154 = VECTOR('',#13155,1.);
#13155 = DIRECTION('',(-1.,-6.661338147751E-16,0.));
#13156 = ORIENTED_EDGE('',*,*,#13157,.T.);
#13157 = EDGE_CURVE('',#13150,#12692,#13158,.T.);
#13158 = LINE('',#13159,#13160);
#13159 = CARTESIAN_POINT('',(1.693891884485,-1.252742926323,
    4.902319656761E-02));
#13160 = VECTOR('',#13161,1.);
#13161 = DIRECTION('',(-0.57735026919,0.57735026919,-0.57735026919));
#13162 = ORIENTED_EDGE('',*,*,#12691,.F.);
#13163 = PLANE('',#13164);
#13164 = AXIS2_PLACEMENT_3D('',#13165,#13166,#13167);
#13165 = CARTESIAN_POINT('',(4.267770644627,-3.826621686464,
    2.622901956709));
#13166 = DIRECTION('',(-4.710277376051E-16,0.707106781187,0.707106781187
    ));
#13167 = DIRECTION('',(-1.,-6.661338147751E-16,0.));
#13168 = ADVANCED_FACE('',(#13169),#13187,.T.);
#13169 = FACE_BOUND('',#13170,.T.);
#13170 = EDGE_LOOP('',(#13171,#13172,#13180,#13186));
#13171 = ORIENTED_EDGE('',*,*,#13157,.F.);
#13172 = ORIENTED_EDGE('',*,*,#13173,.F.);
#13173 = EDGE_CURVE('',#13174,#13150,#13176,.T.);
#13174 = VERTEX_POINT('',#13175);
#13175 = CARTESIAN_POINT('',(4.317770644627,3.94501459396,2.672901956709
    ));
#13176 = LINE('',#13177,#13178);
#13177 = CARTESIAN_POINT('',(4.317770644627,-3.826621686464,
    2.672901956709));
#13178 = VECTOR('',#13179,1.);
#13179 = DIRECTION('',(6.661338147751E-16,-1.,0.));
#13180 = ORIENTED_EDGE('',*,*,#13181,.F.);
#13181 = EDGE_CURVE('',#12716,#13174,#13182,.T.);
#13182 = LINE('',#13183,#13184);
#13183 = CARTESIAN_POINT('',(4.267770644627,3.89501459396,2.622901956709
    ));
#13184 = VECTOR('',#13185,1.);
#13185 = DIRECTION('',(0.57735026919,0.57735026919,0.57735026919));
#13186 = ORIENTED_EDGE('',*,*,#12715,.F.);
#13187 = PLANE('',#13188);
#13188 = AXIS2_PLACEMENT_3D('',#13189,#13190,#13191);
#13189 = CARTESIAN_POINT('',(4.267770644627,3.89501459396,2.622901956709
    ));
#13190 = DIRECTION('',(-0.707106781187,-4.710277376051E-16,
    0.707106781187));
#13191 = DIRECTION('',(6.661338147751E-16,-1.,0.));
#13192 = ADVANCED_FACE('',(#13193),#13204,.T.);
#13193 = FACE_BOUND('',#13194,.T.);
#13194 = EDGE_LOOP('',(#13195,#13196,#13197,#13198));
#13195 = ORIENTED_EDGE('',*,*,#13117,.T.);
#13196 = ORIENTED_EDGE('',*,*,#12739,.F.);
#13197 = ORIENTED_EDGE('',*,*,#13181,.T.);
#13198 = ORIENTED_EDGE('',*,*,#13199,.F.);
#13199 = EDGE_CURVE('',#13118,#13174,#13200,.T.);
#13200 = LINE('',#13201,#13202);
#13201 = CARTESIAN_POINT('',(4.267770644627,3.94501459396,2.672901956709
    ));
#13202 = VECTOR('',#13203,1.);
#13203 = DIRECTION('',(1.,6.661338147751E-16,0.));
#13204 = PLANE('',#13205);
#13205 = AXIS2_PLACEMENT_3D('',#13206,#13207,#13208);
#13206 = CARTESIAN_POINT('',(3.401925399947,3.89501459396,2.622901956709
    ));
#13207 = DIRECTION('',(4.710277376051E-16,-0.707106781187,0.707106781187
    ));
#13208 = DIRECTION('',(1.,6.661338147751E-16,0.));
#13209 = ADVANCED_FACE('',(#13210),#13228,.F.);
#13210 = FACE_BOUND('',#13211,.F.);
#13211 = EDGE_LOOP('',(#13212,#13213,#13220,#13227));
#13212 = ORIENTED_EDGE('',*,*,#12758,.F.);
#13213 = ORIENTED_EDGE('',*,*,#13214,.T.);
#13214 = EDGE_CURVE('',#12759,#13215,#13217,.T.);
#13215 = VERTEX_POINT('',#13216);
#13216 = CARTESIAN_POINT('',(3.778128443771,-5.430736111088,
    2.672901956709));
#13217 = B_SPLINE_CURVE_WITH_KNOTS('',1,(#13218,#13219),.UNSPECIFIED.,
  .F.,.F.,(2,2),(0.,5.476696940473E-02),.PIECEWISE_BEZIER_KNOTS.);
#13218 = CARTESIAN_POINT('',(3.778128443771,-5.430736111088,
    2.618134987304));
#13219 = CARTESIAN_POINT('',(3.778128443771,-5.430736111088,
    2.672901956709));
#13220 = ORIENTED_EDGE('',*,*,#13221,.T.);
#13221 = EDGE_CURVE('',#13215,#13215,#13222,.T.);
#13222 = CIRCLE('',#13223,0.603967864336);
#13223 = AXIS2_PLACEMENT_3D('',#13224,#13225,#13226);
#13224 = CARTESIAN_POINT('',(3.778128443771,-4.826768246752,
    2.672901956709));
#13225 = DIRECTION('',(0.,-0.,-1.));
#13226 = DIRECTION('',(6.661338147751E-16,-1.,0.));
#13227 = ORIENTED_EDGE('',*,*,#13214,.F.);
#13228 = CYLINDRICAL_SURFACE('',#13229,0.603967864336);
#13229 = AXIS2_PLACEMENT_3D('',#13230,#13231,#13232);
#13230 = CARTESIAN_POINT('',(3.778128443771,-4.826768246752,
    2.618134987304));
#13231 = DIRECTION('',(0.,0.,1.));
#13232 = DIRECTION('',(6.661338147751E-16,-1.,0.));
#13233 = ADVANCED_FACE('',(#13234),#13261,.F.);
#13234 = FACE_BOUND('',#13235,.F.);
#13235 = EDGE_LOOP('',(#13236,#13237,#13244,#13253,#13260));
#13236 = ORIENTED_EDGE('',*,*,#12779,.F.);
#13237 = ORIENTED_EDGE('',*,*,#13238,.T.);
#13238 = EDGE_CURVE('',#12780,#13239,#13241,.T.);
#13239 = VERTEX_POINT('',#13240);
#13240 = CARTESIAN_POINT('',(3.778128443771,4.199379589636,
    2.672901956709));
#13241 = B_SPLINE_CURVE_WITH_KNOTS('',1,(#13242,#13243),.UNSPECIFIED.,
  .F.,.F.,(2,2),(0.,5.476696940473E-02),.PIECEWISE_BEZIER_KNOTS.);
#13242 = CARTESIAN_POINT('',(3.778128443771,4.199379589636,
    2.618134987304));
#13243 = CARTESIAN_POINT('',(3.778128443771,4.199379589636,
    2.672901956709));
#13244 = ORIENTED_EDGE('',*,*,#13245,.T.);
#13245 = EDGE_CURVE('',#13239,#13246,#13248,.T.);
#13246 = VERTEX_POINT('',#13247);
#13247 = CARTESIAN_POINT('',(3.778128443771,5.407315318308,
    2.672901956709));
#13248 = CIRCLE('',#13249,0.603967864336);
#13249 = AXIS2_PLACEMENT_3D('',#13250,#13251,#13252);
#13250 = CARTESIAN_POINT('',(3.778128443771,4.803347453972,
    2.672901956709));
#13251 = DIRECTION('',(0.,0.,-1.));
#13252 = DIRECTION('',(-6.661338147751E-16,1.,0.));
#13253 = ORIENTED_EDGE('',*,*,#13254,.T.);
#13254 = EDGE_CURVE('',#13246,#13239,#13255,.T.);
#13255 = CIRCLE('',#13256,0.603967864336);
#13256 = AXIS2_PLACEMENT_3D('',#13257,#13258,#13259);
#13257 = CARTESIAN_POINT('',(3.778128443771,4.803347453972,
    2.672901956709));
#13258 = DIRECTION('',(0.,0.,-1.));
#13259 = DIRECTION('',(-6.661338147751E-16,1.,0.));
#13260 = ORIENTED_EDGE('',*,*,#13238,.F.);
#13261 = CYLINDRICAL_SURFACE('',#13262,0.603967864336);
#13262 = AXIS2_PLACEMENT_3D('',#13263,#13264,#13265);
#13263 = CARTESIAN_POINT('',(3.778128443771,4.803347453972,
    2.618134987304));
#13264 = DIRECTION('',(0.,0.,1.));
#13265 = DIRECTION('',(6.661338147751E-16,-1.,0.));
#13266 = ADVANCED_FACE('',(#13267),#13294,.F.);
#13267 = FACE_BOUND('',#13268,.F.);
#13268 = EDGE_LOOP('',(#13269,#13270,#13277,#13286,#13293));
#13269 = ORIENTED_EDGE('',*,*,#12800,.F.);
#13270 = ORIENTED_EDGE('',*,*,#13271,.T.);
#13271 = EDGE_CURVE('',#12801,#13272,#13274,.T.);
#13272 = VERTEX_POINT('',#13273);
#13273 = CARTESIAN_POINT('',(-3.798838354316,4.199379589636,
    2.672901956709));
#13274 = B_SPLINE_CURVE_WITH_KNOTS('',1,(#13275,#13276),.UNSPECIFIED.,
  .F.,.F.,(2,2),(0.,5.476696940473E-02),.PIECEWISE_BEZIER_KNOTS.);
#13275 = CARTESIAN_POINT('',(-3.798838354316,4.199379589636,
    2.618134987304));
#13276 = CARTESIAN_POINT('',(-3.798838354316,4.199379589636,
    2.672901956709));
#13277 = ORIENTED_EDGE('',*,*,#13278,.T.);
#13278 = EDGE_CURVE('',#13272,#13279,#13281,.T.);
#13279 = VERTEX_POINT('',#13280);
#13280 = CARTESIAN_POINT('',(-3.798838354316,5.407315318308,
    2.672901956709));
#13281 = CIRCLE('',#13282,0.603967864336);
#13282 = AXIS2_PLACEMENT_3D('',#13283,#13284,#13285);
#13283 = CARTESIAN_POINT('',(-3.798838354316,4.803347453972,
    2.672901956709));
#13284 = DIRECTION('',(0.,0.,-1.));
#13285 = DIRECTION('',(-6.661338147751E-16,1.,0.));
#13286 = ORIENTED_EDGE('',*,*,#13287,.T.);
#13287 = EDGE_CURVE('',#13279,#13272,#13288,.T.);
#13288 = CIRCLE('',#13289,0.603967864336);
#13289 = AXIS2_PLACEMENT_3D('',#13290,#13291,#13292);
#13290 = CARTESIAN_POINT('',(-3.798838354316,4.803347453972,
    2.672901956709));
#13291 = DIRECTION('',(0.,0.,-1.));
#13292 = DIRECTION('',(-6.661338147751E-16,1.,0.));
#13293 = ORIENTED_EDGE('',*,*,#13271,.F.);
#13294 = CYLINDRICAL_SURFACE('',#13295,0.603967864336);
#13295 = AXIS2_PLACEMENT_3D('',#13296,#13297,#13298);
#13296 = CARTESIAN_POINT('',(-3.798838354316,4.803347453972,
    2.618134987304));
#13297 = DIRECTION('',(0.,0.,1.));
#13298 = DIRECTION('',(6.661338147751E-16,-1.,0.));
#13299 = ADVANCED_FACE('',(#13300,#13311,#13315,#13319,#13323,#13326,
    #13332,#13338),#13348,.F.);
#13300 = FACE_BOUND('',#13301,.T.);
#13301 = EDGE_LOOP('',(#13302));
#13302 = ORIENTED_EDGE('',*,*,#13303,.T.);
#13303 = EDGE_CURVE('',#13304,#13304,#13306,.T.);
#13304 = VERTEX_POINT('',#13305);
#13305 = CARTESIAN_POINT('',(-2.212350928736E-15,3.172537008091,
    2.672901956709));
#13306 = CIRCLE('',#13307,0.755491906467);
#13307 = AXIS2_PLACEMENT_3D('',#13308,#13309,#13310);
#13308 = CARTESIAN_POINT('',(-2.715609634423E-15,3.928028914558,
    2.672901956709));
#13309 = DIRECTION('',(0.,-0.,-1.));
#13310 = DIRECTION('',(6.661338147751E-16,-1.,0.));
#13311 = FACE_BOUND('',#13312,.T.);
#13312 = EDGE_LOOP('',(#13313,#13314));
#13313 = ORIENTED_EDGE('',*,*,#87,.T.);
#13314 = ORIENTED_EDGE('',*,*,#78,.T.);
#13315 = FACE_BOUND('',#13316,.T.);
#13316 = EDGE_LOOP('',(#13317,#13318));
#13317 = ORIENTED_EDGE('',*,*,#13287,.T.);
#13318 = ORIENTED_EDGE('',*,*,#13278,.T.);
#13319 = FACE_BOUND('',#13320,.T.);
#13320 = EDGE_LOOP('',(#13321,#13322));
#13321 = ORIENTED_EDGE('',*,*,#13254,.T.);
#13322 = ORIENTED_EDGE('',*,*,#13245,.T.);
#13323 = FACE_BOUND('',#13324,.T.);
#13324 = EDGE_LOOP('',(#13325));
#13325 = ORIENTED_EDGE('',*,*,#13221,.T.);
#13326 = FACE_BOUND('',#13327,.T.);
#13327 = EDGE_LOOP('',(#13328,#13329,#13330,#13331));
#13328 = ORIENTED_EDGE('',*,*,#13199,.T.);
#13329 = ORIENTED_EDGE('',*,*,#13173,.T.);
#13330 = ORIENTED_EDGE('',*,*,#13149,.T.);
#13331 = ORIENTED_EDGE('',*,*,#13125,.T.);
#13332 = FACE_BOUND('',#13333,.T.);
#13333 = EDGE_LOOP('',(#13334,#13335,#13336,#13337));
#13334 = ORIENTED_EDGE('',*,*,#13103,.T.);
#13335 = ORIENTED_EDGE('',*,*,#13086,.T.);
#13336 = ORIENTED_EDGE('',*,*,#13053,.T.);
#13337 = ORIENTED_EDGE('',*,*,#13038,.T.);
#13338 = FACE_BOUND('',#13339,.T.);
#13339 = EDGE_LOOP('',(#13340,#13341,#13342,#13343,#13344,#13345,#13346,
    #13347));
#13340 = ORIENTED_EDGE('',*,*,#13007,.F.);
#13341 = ORIENTED_EDGE('',*,*,#12979,.F.);
#13342 = ORIENTED_EDGE('',*,*,#12954,.F.);
#13343 = ORIENTED_EDGE('',*,*,#12928,.F.);
#13344 = ORIENTED_EDGE('',*,*,#12903,.F.);
#13345 = ORIENTED_EDGE('',*,*,#12877,.F.);
#13346 = ORIENTED_EDGE('',*,*,#12862,.F.);
#13347 = ORIENTED_EDGE('',*,*,#12836,.F.);
#13348 = PLANE('',#13349);
#13349 = AXIS2_PLACEMENT_3D('',#13350,#13351,#13352);
#13350 = CARTESIAN_POINT('',(-4.05,5.05,2.672901956709));
#13351 = DIRECTION('',(0.,0.,-1.));
#13352 = DIRECTION('',(-6.661338147751E-16,1.,0.));
#13353 = ADVANCED_FACE('',(#13354),#13357,.F.);
#13354 = FACE_BOUND('',#13355,.T.);
#13355 = EDGE_LOOP('',(#13356));
#13356 = ORIENTED_EDGE('',*,*,#21,.F.);
#13357 = PLANE('',#13358);
#13358 = AXIS2_PLACEMENT_3D('',#13359,#13360,#13361);
#13359 = CARTESIAN_POINT('',(-4.05,5.05,2.672901956709));
#13360 = DIRECTION('',(0.,0.,-1.));
#13361 = DIRECTION('',(-6.661338147751E-16,1.,0.));
#13362 = ADVANCED_FACE('',(#13363),#13381,.F.);
#13363 = FACE_BOUND('',#13364,.F.);
#13364 = EDGE_LOOP('',(#13365,#13374,#13379,#13380));
#13365 = ORIENTED_EDGE('',*,*,#13366,.F.);
#13366 = EDGE_CURVE('',#13367,#13367,#13369,.T.);
#13367 = VERTEX_POINT('',#13368);
#13368 = CARTESIAN_POINT('',(-2.212350928736E-15,3.172537008091,
    2.241286107827));
#13369 = CIRCLE('',#13370,0.755491906467);
#13370 = AXIS2_PLACEMENT_3D('',#13371,#13372,#13373);
#13371 = CARTESIAN_POINT('',(-2.715609634423E-15,3.928028914558,
    2.241286107827));
#13372 = DIRECTION('',(0.,-0.,-1.));
#13373 = DIRECTION('',(6.661338147751E-16,-1.,0.));
#13374 = ORIENTED_EDGE('',*,*,#13375,.T.);
#13375 = EDGE_CURVE('',#13367,#13304,#13376,.T.);
#13376 = B_SPLINE_CURVE_WITH_KNOTS('',1,(#13377,#13378),.UNSPECIFIED.,
  .F.,.F.,(2,2),(0.,0.431615848882),.PIECEWISE_BEZIER_KNOTS.);
#13377 = CARTESIAN_POINT('',(-2.212350928736E-15,3.172537008091,
    2.241286107827));
#13378 = CARTESIAN_POINT('',(-2.212350928736E-15,3.172537008091,
    2.672901956709));
#13379 = ORIENTED_EDGE('',*,*,#13303,.T.);
#13380 = ORIENTED_EDGE('',*,*,#13375,.F.);
#13381 = CYLINDRICAL_SURFACE('',#13382,0.755491906467);
#13382 = AXIS2_PLACEMENT_3D('',#13383,#13384,#13385);
#13383 = CARTESIAN_POINT('',(-2.715609634423E-15,3.928028914558,
    2.241286107827));
#13384 = DIRECTION('',(0.,0.,1.));
#13385 = DIRECTION('',(6.661338147751E-16,-1.,0.));
#13386 = ADVANCED_FACE('',(#13387,#13398),#13401,.F.);
#13387 = FACE_BOUND('',#13388,.T.);
#13388 = EDGE_LOOP('',(#13389));
#13389 = ORIENTED_EDGE('',*,*,#13390,.T.);
#13390 = EDGE_CURVE('',#13391,#13391,#13393,.T.);
#13391 = VERTEX_POINT('',#13392);
#13392 = CARTESIAN_POINT('',(-2.44170183963E-15,3.516838567037,
    2.241286107827));
#13393 = CIRCLE('',#13394,0.411190347521);
#13394 = AXIS2_PLACEMENT_3D('',#13395,#13396,#13397);
#13395 = CARTESIAN_POINT('',(-2.715609634423E-15,3.928028914558,
    2.241286107827));
#13396 = DIRECTION('',(0.,-0.,-1.));
#13397 = DIRECTION('',(6.661338147751E-16,-1.,0.));
#13398 = FACE_BOUND('',#13399,.T.);
#13399 = EDGE_LOOP('',(#13400));
#13400 = ORIENTED_EDGE('',*,*,#13366,.F.);
#13401 = PLANE('',#13402);
#13402 = AXIS2_PLACEMENT_3D('',#13403,#13404,#13405);
#13403 = CARTESIAN_POINT('',(-2.715609634423E-15,3.928028914558,
    2.241286107827));
#13404 = DIRECTION('',(0.,0.,-1.));
#13405 = DIRECTION('',(-6.661338147751E-16,1.,0.));
#13406 = ADVANCED_FACE('',(#13407),#13425,.T.);
#13407 = FACE_BOUND('',#13408,.T.);
#13408 = EDGE_LOOP('',(#13409,#13418,#13423,#13424));
#13409 = ORIENTED_EDGE('',*,*,#13410,.T.);
#13410 = EDGE_CURVE('',#13411,#13411,#13413,.T.);
#13411 = VERTEX_POINT('',#13412);
#13412 = CARTESIAN_POINT('',(-2.44170183963E-15,3.516838567037,
    2.494549907799));
#13413 = CIRCLE('',#13414,0.411190347521);
#13414 = AXIS2_PLACEMENT_3D('',#13415,#13416,#13417);
#13415 = CARTESIAN_POINT('',(-2.715609634423E-15,3.928028914558,
    2.494549907799));
#13416 = DIRECTION('',(0.,-0.,-1.));
#13417 = DIRECTION('',(6.661338147751E-16,-1.,0.));
#13418 = ORIENTED_EDGE('',*,*,#13419,.T.);
#13419 = EDGE_CURVE('',#13411,#13391,#13420,.T.);
#13420 = B_SPLINE_CURVE_WITH_KNOTS('',1,(#13421,#13422),.UNSPECIFIED.,
  .F.,.F.,(2,2),(0.,0.253263799972),.PIECEWISE_BEZIER_KNOTS.);
#13421 = CARTESIAN_POINT('',(-2.391345545337E-15,3.516838567037,
    2.494549907799));
#13422 = CARTESIAN_POINT('',(-2.391345545337E-15,3.516838567037,
    2.241286107827));
#13423 = ORIENTED_EDGE('',*,*,#13390,.F.);
#13424 = ORIENTED_EDGE('',*,*,#13419,.F.);
#13425 = CYLINDRICAL_SURFACE('',#13426,0.411190347521);
#13426 = AXIS2_PLACEMENT_3D('',#13427,#13428,#13429);
#13427 = CARTESIAN_POINT('',(-2.715609634423E-15,3.928028914558,
    2.494549907799));
#13428 = DIRECTION('',(0.,0.,-1.));
#13429 = DIRECTION('',(-6.661338147751E-16,1.,0.));
#13430 = ADVANCED_FACE('',(#13431,#13442),#13445,.F.);
#13431 = FACE_BOUND('',#13432,.T.);
#13432 = EDGE_LOOP('',(#13433));
#13433 = ORIENTED_EDGE('',*,*,#13434,.T.);
#13434 = EDGE_CURVE('',#13435,#13435,#13437,.T.);
#13435 = VERTEX_POINT('',#13436);
#13436 = CARTESIAN_POINT('',(-2.590981828904E-15,3.740937668393,
    2.494549907799));
#13437 = CIRCLE('',#13438,0.187091246165);
#13438 = AXIS2_PLACEMENT_3D('',#13439,#13440,#13441);
#13439 = CARTESIAN_POINT('',(-2.715609634423E-15,3.928028914558,
    2.494549907799));
#13440 = DIRECTION('',(0.,-0.,-1.));
#13441 = DIRECTION('',(6.661338147751E-16,-1.,0.));
#13442 = FACE_BOUND('',#13443,.T.);
#13443 = EDGE_LOOP('',(#13444));
#13444 = ORIENTED_EDGE('',*,*,#13410,.F.);
#13445 = PLANE('',#13446);
#13446 = AXIS2_PLACEMENT_3D('',#13447,#13448,#13449);
#13447 = CARTESIAN_POINT('',(-2.715609634423E-15,3.928028914558,
    2.494549907799));
#13448 = DIRECTION('',(0.,0.,-1.));
#13449 = DIRECTION('',(-6.661338147751E-16,1.,0.));
#13450 = ADVANCED_FACE('',(#13451),#13469,.T.);
#13451 = FACE_BOUND('',#13452,.T.);
#13452 = EDGE_LOOP('',(#13453,#13462,#13467,#13468));
#13453 = ORIENTED_EDGE('',*,*,#13454,.T.);
#13454 = EDGE_CURVE('',#13455,#13455,#13457,.T.);
#13455 = VERTEX_POINT('',#13456);
#13456 = CARTESIAN_POINT('',(-2.590981828904E-15,3.740937668393,
    2.672901956709));
#13457 = CIRCLE('',#13458,0.187091246165);
#13458 = AXIS2_PLACEMENT_3D('',#13459,#13460,#13461);
#13459 = CARTESIAN_POINT('',(-2.715609634423E-15,3.928028914558,
    2.672901956709));
#13460 = DIRECTION('',(0.,-0.,-1.));
#13461 = DIRECTION('',(6.661338147751E-16,-1.,0.));
#13462 = ORIENTED_EDGE('',*,*,#13463,.T.);
#13463 = EDGE_CURVE('',#13455,#13435,#13464,.T.);
#13464 = B_SPLINE_CURVE_WITH_KNOTS('',1,(#13465,#13466),.UNSPECIFIED.,
  .F.,.F.,(2,2),(0.,0.17835204891),.PIECEWISE_BEZIER_KNOTS.);
#13465 = CARTESIAN_POINT('',(-2.568069759327E-15,3.740937668393,
    2.672901956709));
#13466 = CARTESIAN_POINT('',(-2.568069759327E-15,3.740937668393,
    2.494549907799));
#13467 = ORIENTED_EDGE('',*,*,#13434,.F.);
#13468 = ORIENTED_EDGE('',*,*,#13463,.F.);
#13469 = CYLINDRICAL_SURFACE('',#13470,0.187091246165);
#13470 = AXIS2_PLACEMENT_3D('',#13471,#13472,#13473);
#13471 = CARTESIAN_POINT('',(-2.715609634423E-15,3.928028914558,
    2.672901956709));
#13472 = DIRECTION('',(0.,0.,-1.));
#13473 = DIRECTION('',(-6.661338147751E-16,1.,0.));
#13474 = ADVANCED_FACE('',(#13475),#13478,.F.);
#13475 = FACE_BOUND('',#13476,.T.);
#13476 = EDGE_LOOP('',(#13477));
#13477 = ORIENTED_EDGE('',*,*,#13454,.F.);
#13478 = PLANE('',#13479);
#13479 = AXIS2_PLACEMENT_3D('',#13480,#13481,#13482);
#13480 = CARTESIAN_POINT('',(-2.715609634423E-15,3.928028914558,
    2.672901956709));
#13481 = DIRECTION('',(0.,0.,-1.));
#13482 = DIRECTION('',(-6.661338147751E-16,1.,0.));
#13483 = ( GEOMETRIC_REPRESENTATION_CONTEXT(3) 
GLOBAL_UNCERTAINTY_ASSIGNED_CONTEXT((#13487)) 
GLOBAL_UNIT_ASSIGNED_CONTEXT((#13484,#13485,#13486)) 
REPRESENTATION_CONTEXT('Context #1',
  '3D Context with UNIT and UNCERTAINTY') );
#13484 = ( LENGTH_UNIT() NAMED_UNIT(*) SI_UNIT(.MILLI.,.METRE.) );
#13485 = ( NAMED_UNIT(*) PLANE_ANGLE_UNIT() SI_UNIT($,.RADIAN.) );
#13486 = ( NAMED_UNIT(*) SI_UNIT($,.STERADIAN.) SOLID_ANGLE_UNIT() );
#13487 = UNCERTAINTY_MEASURE_WITH_UNIT(LENGTH_MEASURE(5.E-05),#13484,
  'distance_accuracy_value','confusion accuracy');
#13488 = PRODUCT_RELATED_PRODUCT_CATEGORY('part',$,(#7));
#13489 = MECHANICAL_DESIGN_GEOMETRIC_PRESENTATION_REPRESENTATION('',(
    #13490,#13501,#13509,#13516,#13523,#13530,#13537,#13544,#13551,
    #13558,#13565,#13572,#13579,#13586,#13593,#13600,#13607,#13614,
    #13621,#13628,#13636,#13643,#13650,#13657,#13664,#13671,#13678,
    #13685,#13692,#13699,#13706,#13713,#13720,#13727,#13734,#13741,
    #13748,#13755,#13762,#13769,#13776,#13783,#13790,#13797,#13804,
    #13811,#13818,#13825,#13832,#13839,#13846,#13853,#13860,#13867,
    #13874,#13881,#13888,#13895,#13902,#13909,#13916,#13923,#13930,
    #13937,#13944,#13951,#13958,#13965,#13972,#13979,#13986,#13993,
    #14000,#14007,#14014,#14021,#14028,#14035,#14042,#14049,#14056,
    #14063,#14070,#14077,#14084,#14091,#14098,#14105,#14112,#14119,
    #14126,#14133,#14140,#14147,#14154,#14161,#14168,#14175,#14182,
    #14189,#14196,#14203,#14210,#14217,#14224,#14231,#14238,#14245,
    #14252,#14259,#14266,#14273,#14280,#14287,#14294,#14301,#14308,
    #14315,#14322,#14329,#14336,#14343,#14350,#14357,#14364,#14371,
    #14378,#14385,#14392,#14399,#14406,#14413,#14420,#14427,#14434,
    #14441,#14448,#14455,#14462,#14469,#14476,#14483,#14490,#14497,
    #14504,#14511,#14518,#14525,#14532,#14539,#14546,#14553,#14560,
    #14567,#14574,#14581,#14588,#14595,#14602,#14609,#14616,#14623,
    #14630,#14637,#14644,#14651,#14658,#14665,#14672,#14679,#14686,
    #14693,#14700,#14707,#14714,#14721,#14728,#14735,#14742,#14749,
    #14756,#14763,#14770,#14777,#14784,#14791,#14798,#14805,#14812,
    #14819,#14826,#14833,#14840,#14847,#14854,#14861,#14868,#14875,
    #14882,#14889,#14896,#14903,#14910,#14917,#14924,#14931,#14938,
    #14945,#14952,#14959,#14966,#14973,#14980,#14987,#14994,#15001,
    #15008,#15015,#15022,#15029,#15036,#15043,#15050,#15057,#15064,
    #15071,#15078,#15085,#15092,#15099,#15106,#15113,#15120,#15127,
    #15134,#15141,#15148,#15155,#15162,#15169,#15176,#15183,#15190,
    #15197,#15204,#15211,#15218,#15225,#15232,#15239,#15246,#15253,
    #15260,#15267,#15274,#15281,#15288,#15295,#15302,#15309,#15316,
    #15323,#15330,#15337,#15344,#15351,#15358,#15365,#15372,#15379,
    #15386,#15393,#15400,#15407,#15414,#15421,#15428,#15435,#15442,
    #15449,#15456,#15463,#15470,#15477,#15484,#15491,#15498,#15505,
    #15512,#15519,#15526,#15533,#15540,#15547,#15554,#15561,#15568,
    #15575,#15582,#15589,#15596,#15603,#15610,#15617,#15624,#15631,
    #15638,#15645,#15652,#15659,#15666,#15673,#15680,#15687,#15694,
    #15701,#15708,#15715,#15722,#15729,#15736,#15743,#15750,#15757,
    #15764,#15771,#15778,#15785,#15792,#15799,#15806),#13483);
#13490 = STYLED_ITEM('color',(#13491),#15);
#13491 = PRESENTATION_STYLE_ASSIGNMENT((#13492,#13498));
#13492 = SURFACE_STYLE_USAGE(.BOTH.,#13493);
#13493 = SURFACE_SIDE_STYLE('',(#13494));
#13494 = SURFACE_STYLE_FILL_AREA(#13495);
#13495 = FILL_AREA_STYLE('',(#13496));
#13496 = FILL_AREA_STYLE_COLOUR('',#13497);
#13497 = COLOUR_RGB('',0.199999998682,0.199999998682,0.199999998682);
#13498 = CURVE_STYLE('',#13499,POSITIVE_LENGTH_MEASURE(0.1),#13500);
#13499 = DRAUGHTING_PRE_DEFINED_CURVE_FONT('continuous');
#13500 = COLOUR_RGB('',9.803921802644E-02,9.803921802644E-02,
  9.803921802644E-02);
#13501 = OVER_RIDING_STYLED_ITEM('overriding color',(#13502),#112,#13490
  );
#13502 = PRESENTATION_STYLE_ASSIGNMENT((#13503));
#13503 = SURFACE_STYLE_USAGE(.BOTH.,#13504);
#13504 = SURFACE_SIDE_STYLE('',(#13505));
#13505 = SURFACE_STYLE_FILL_AREA(#13506);
#13506 = FILL_AREA_STYLE('',(#13507));
#13507 = FILL_AREA_STYLE_COLOUR('',#13508);
#13508 = COLOUR_RGB('',0.699999984889,0.699999984889,0.699999984889);
#13509 = OVER_RIDING_STYLED_ITEM('overriding color',(#13510),#152,#13490
  );
#13510 = PRESENTATION_STYLE_ASSIGNMENT((#13511));
#13511 = SURFACE_STYLE_USAGE(.BOTH.,#13512);
#13512 = SURFACE_SIDE_STYLE('',(#13513));
#13513 = SURFACE_STYLE_FILL_AREA(#13514);
#13514 = FILL_AREA_STYLE('',(#13515));
#13515 = FILL_AREA_STYLE_COLOUR('',#13508);
#13516 = OVER_RIDING_STYLED_ITEM('overriding color',(#13517),#203,#13490
  );
#13517 = PRESENTATION_STYLE_ASSIGNMENT((#13518));
#13518 = SURFACE_STYLE_USAGE(.BOTH.,#13519);
#13519 = SURFACE_SIDE_STYLE('',(#13520));
#13520 = SURFACE_STYLE_FILL_AREA(#13521);
#13521 = FILL_AREA_STYLE('',(#13522));
#13522 = FILL_AREA_STYLE_COLOUR('',#13508);
#13523 = OVER_RIDING_STYLED_ITEM('overriding color',(#13524),#228,#13490
  );
#13524 = PRESENTATION_STYLE_ASSIGNMENT((#13525));
#13525 = SURFACE_STYLE_USAGE(.BOTH.,#13526);
#13526 = SURFACE_SIDE_STYLE('',(#13527));
#13527 = SURFACE_STYLE_FILL_AREA(#13528);
#13528 = FILL_AREA_STYLE('',(#13529));
#13529 = FILL_AREA_STYLE_COLOUR('',#13508);
#13530 = OVER_RIDING_STYLED_ITEM('overriding color',(#13531),#271,#13490
  );
#13531 = PRESENTATION_STYLE_ASSIGNMENT((#13532));
#13532 = SURFACE_STYLE_USAGE(.BOTH.,#13533);
#13533 = SURFACE_SIDE_STYLE('',(#13534));
#13534 = SURFACE_STYLE_FILL_AREA(#13535);
#13535 = FILL_AREA_STYLE('',(#13536));
#13536 = FILL_AREA_STYLE_COLOUR('',#13508);
#13537 = OVER_RIDING_STYLED_ITEM('overriding color',(#13538),#296,#13490
  );
#13538 = PRESENTATION_STYLE_ASSIGNMENT((#13539));
#13539 = SURFACE_STYLE_USAGE(.BOTH.,#13540);
#13540 = SURFACE_SIDE_STYLE('',(#13541));
#13541 = SURFACE_STYLE_FILL_AREA(#13542);
#13542 = FILL_AREA_STYLE('',(#13543));
#13543 = FILL_AREA_STYLE_COLOUR('',#13508);
#13544 = OVER_RIDING_STYLED_ITEM('overriding color',(#13545),#339,#13490
  );
#13545 = PRESENTATION_STYLE_ASSIGNMENT((#13546));
#13546 = SURFACE_STYLE_USAGE(.BOTH.,#13547);
#13547 = SURFACE_SIDE_STYLE('',(#13548));
#13548 = SURFACE_STYLE_FILL_AREA(#13549);
#13549 = FILL_AREA_STYLE('',(#13550));
#13550 = FILL_AREA_STYLE_COLOUR('',#13508);
#13551 = OVER_RIDING_STYLED_ITEM('overriding color',(#13552),#364,#13490
  );
#13552 = PRESENTATION_STYLE_ASSIGNMENT((#13553));
#13553 = SURFACE_STYLE_USAGE(.BOTH.,#13554);
#13554 = SURFACE_SIDE_STYLE('',(#13555));
#13555 = SURFACE_STYLE_FILL_AREA(#13556);
#13556 = FILL_AREA_STYLE('',(#13557));
#13557 = FILL_AREA_STYLE_COLOUR('',#13508);
#13558 = OVER_RIDING_STYLED_ITEM('overriding color',(#13559),#407,#13490
  );
#13559 = PRESENTATION_STYLE_ASSIGNMENT((#13560));
#13560 = SURFACE_STYLE_USAGE(.BOTH.,#13561);
#13561 = SURFACE_SIDE_STYLE('',(#13562));
#13562 = SURFACE_STYLE_FILL_AREA(#13563);
#13563 = FILL_AREA_STYLE('',(#13564));
#13564 = FILL_AREA_STYLE_COLOUR('',#13508);
#13565 = OVER_RIDING_STYLED_ITEM('overriding color',(#13566),#424,#13490
  );
#13566 = PRESENTATION_STYLE_ASSIGNMENT((#13567));
#13567 = SURFACE_STYLE_USAGE(.BOTH.,#13568);
#13568 = SURFACE_SIDE_STYLE('',(#13569));
#13569 = SURFACE_STYLE_FILL_AREA(#13570);
#13570 = FILL_AREA_STYLE('',(#13571));
#13571 = FILL_AREA_STYLE_COLOUR('',#13508);
#13572 = OVER_RIDING_STYLED_ITEM('overriding color',(#13573),#470,#13490
  );
#13573 = PRESENTATION_STYLE_ASSIGNMENT((#13574));
#13574 = SURFACE_STYLE_USAGE(.BOTH.,#13575);
#13575 = SURFACE_SIDE_STYLE('',(#13576));
#13576 = SURFACE_STYLE_FILL_AREA(#13577);
#13577 = FILL_AREA_STYLE('',(#13578));
#13578 = FILL_AREA_STYLE_COLOUR('',#13508);
#13579 = OVER_RIDING_STYLED_ITEM('overriding color',(#13580),#495,#13490
  );
#13580 = PRESENTATION_STYLE_ASSIGNMENT((#13581));
#13581 = SURFACE_STYLE_USAGE(.BOTH.,#13582);
#13582 = SURFACE_SIDE_STYLE('',(#13583));
#13583 = SURFACE_STYLE_FILL_AREA(#13584);
#13584 = FILL_AREA_STYLE('',(#13585));
#13585 = FILL_AREA_STYLE_COLOUR('',#13508);
#13586 = OVER_RIDING_STYLED_ITEM('overriding color',(#13587),#533,#13490
  );
#13587 = PRESENTATION_STYLE_ASSIGNMENT((#13588));
#13588 = SURFACE_STYLE_USAGE(.BOTH.,#13589);
#13589 = SURFACE_SIDE_STYLE('',(#13590));
#13590 = SURFACE_STYLE_FILL_AREA(#13591);
#13591 = FILL_AREA_STYLE('',(#13592));
#13592 = FILL_AREA_STYLE_COLOUR('',#13508);
#13593 = OVER_RIDING_STYLED_ITEM('overriding color',(#13594),#558,#13490
  );
#13594 = PRESENTATION_STYLE_ASSIGNMENT((#13595));
#13595 = SURFACE_STYLE_USAGE(.BOTH.,#13596);
#13596 = SURFACE_SIDE_STYLE('',(#13597));
#13597 = SURFACE_STYLE_FILL_AREA(#13598);
#13598 = FILL_AREA_STYLE('',(#13599));
#13599 = FILL_AREA_STYLE_COLOUR('',#13508);
#13600 = OVER_RIDING_STYLED_ITEM('overriding color',(#13601),#596,#13490
  );
#13601 = PRESENTATION_STYLE_ASSIGNMENT((#13602));
#13602 = SURFACE_STYLE_USAGE(.BOTH.,#13603);
#13603 = SURFACE_SIDE_STYLE('',(#13604));
#13604 = SURFACE_STYLE_FILL_AREA(#13605);
#13605 = FILL_AREA_STYLE('',(#13606));
#13606 = FILL_AREA_STYLE_COLOUR('',#13508);
#13607 = OVER_RIDING_STYLED_ITEM('overriding color',(#13608),#621,#13490
  );
#13608 = PRESENTATION_STYLE_ASSIGNMENT((#13609));
#13609 = SURFACE_STYLE_USAGE(.BOTH.,#13610);
#13610 = SURFACE_SIDE_STYLE('',(#13611));
#13611 = SURFACE_STYLE_FILL_AREA(#13612);
#13612 = FILL_AREA_STYLE('',(#13613));
#13613 = FILL_AREA_STYLE_COLOUR('',#13508);
#13614 = OVER_RIDING_STYLED_ITEM('overriding color',(#13615),#659,#13490
  );
#13615 = PRESENTATION_STYLE_ASSIGNMENT((#13616));
#13616 = SURFACE_STYLE_USAGE(.BOTH.,#13617);
#13617 = SURFACE_SIDE_STYLE('',(#13618));
#13618 = SURFACE_STYLE_FILL_AREA(#13619);
#13619 = FILL_AREA_STYLE('',(#13620));
#13620 = FILL_AREA_STYLE_COLOUR('',#13508);
#13621 = OVER_RIDING_STYLED_ITEM('overriding color',(#13622),#676,#13490
  );
#13622 = PRESENTATION_STYLE_ASSIGNMENT((#13623));
#13623 = SURFACE_STYLE_USAGE(.BOTH.,#13624);
#13624 = SURFACE_SIDE_STYLE('',(#13625));
#13625 = SURFACE_STYLE_FILL_AREA(#13626);
#13626 = FILL_AREA_STYLE('',(#13627));
#13627 = FILL_AREA_STYLE_COLOUR('',#13508);
#13628 = OVER_RIDING_STYLED_ITEM('overriding color',(#13629),#762,#13490
  );
#13629 = PRESENTATION_STYLE_ASSIGNMENT((#13630));
#13630 = SURFACE_STYLE_USAGE(.BOTH.,#13631);
#13631 = SURFACE_SIDE_STYLE('',(#13632));
#13632 = SURFACE_STYLE_FILL_AREA(#13633);
#13633 = FILL_AREA_STYLE('',(#13634));
#13634 = FILL_AREA_STYLE_COLOUR('',#13635);
#13635 = COLOUR_RGB('',0.749019635948,0.665650495584,0.449411772563);
#13636 = OVER_RIDING_STYLED_ITEM('overriding color',(#13637),#804,#13490
  );
#13637 = PRESENTATION_STYLE_ASSIGNMENT((#13638));
#13638 = SURFACE_STYLE_USAGE(.BOTH.,#13639);
#13639 = SURFACE_SIDE_STYLE('',(#13640));
#13640 = SURFACE_STYLE_FILL_AREA(#13641);
#13641 = FILL_AREA_STYLE('',(#13642));
#13642 = FILL_AREA_STYLE_COLOUR('',#13635);
#13643 = OVER_RIDING_STYLED_ITEM('overriding color',(#13644),#835,#13490
  );
#13644 = PRESENTATION_STYLE_ASSIGNMENT((#13645));
#13645 = SURFACE_STYLE_USAGE(.BOTH.,#13646);
#13646 = SURFACE_SIDE_STYLE('',(#13647));
#13647 = SURFACE_STYLE_FILL_AREA(#13648);
#13648 = FILL_AREA_STYLE('',(#13649));
#13649 = FILL_AREA_STYLE_COLOUR('',#13635);
#13650 = OVER_RIDING_STYLED_ITEM('overriding color',(#13651),#868,#13490
  );
#13651 = PRESENTATION_STYLE_ASSIGNMENT((#13652));
#13652 = SURFACE_STYLE_USAGE(.BOTH.,#13653);
#13653 = SURFACE_SIDE_STYLE('',(#13654));
#13654 = SURFACE_STYLE_FILL_AREA(#13655);
#13655 = FILL_AREA_STYLE('',(#13656));
#13656 = FILL_AREA_STYLE_COLOUR('',#13635);
#13657 = OVER_RIDING_STYLED_ITEM('overriding color',(#13658),#899,#13490
  );
#13658 = PRESENTATION_STYLE_ASSIGNMENT((#13659));
#13659 = SURFACE_STYLE_USAGE(.BOTH.,#13660);
#13660 = SURFACE_SIDE_STYLE('',(#13661));
#13661 = SURFACE_STYLE_FILL_AREA(#13662);
#13662 = FILL_AREA_STYLE('',(#13663));
#13663 = FILL_AREA_STYLE_COLOUR('',#13635);
#13664 = OVER_RIDING_STYLED_ITEM('overriding color',(#13665),#930,#13490
  );
#13665 = PRESENTATION_STYLE_ASSIGNMENT((#13666));
#13666 = SURFACE_STYLE_USAGE(.BOTH.,#13667);
#13667 = SURFACE_SIDE_STYLE('',(#13668));
#13668 = SURFACE_STYLE_FILL_AREA(#13669);
#13669 = FILL_AREA_STYLE('',(#13670));
#13670 = FILL_AREA_STYLE_COLOUR('',#13635);
#13671 = OVER_RIDING_STYLED_ITEM('overriding color',(#13672),#961,#13490
  );
#13672 = PRESENTATION_STYLE_ASSIGNMENT((#13673));
#13673 = SURFACE_STYLE_USAGE(.BOTH.,#13674);
#13674 = SURFACE_SIDE_STYLE('',(#13675));
#13675 = SURFACE_STYLE_FILL_AREA(#13676);
#13676 = FILL_AREA_STYLE('',(#13677));
#13677 = FILL_AREA_STYLE_COLOUR('',#13635);
#13678 = OVER_RIDING_STYLED_ITEM('overriding color',(#13679),#994,#13490
  );
#13679 = PRESENTATION_STYLE_ASSIGNMENT((#13680));
#13680 = SURFACE_STYLE_USAGE(.BOTH.,#13681);
#13681 = SURFACE_SIDE_STYLE('',(#13682));
#13682 = SURFACE_STYLE_FILL_AREA(#13683);
#13683 = FILL_AREA_STYLE('',(#13684));
#13684 = FILL_AREA_STYLE_COLOUR('',#13635);
#13685 = OVER_RIDING_STYLED_ITEM('overriding color',(#13686),#1025,
  #13490);
#13686 = PRESENTATION_STYLE_ASSIGNMENT((#13687));
#13687 = SURFACE_STYLE_USAGE(.BOTH.,#13688);
#13688 = SURFACE_SIDE_STYLE('',(#13689));
#13689 = SURFACE_STYLE_FILL_AREA(#13690);
#13690 = FILL_AREA_STYLE('',(#13691));
#13691 = FILL_AREA_STYLE_COLOUR('',#13635);
#13692 = OVER_RIDING_STYLED_ITEM('overriding color',(#13693),#1058,
  #13490);
#13693 = PRESENTATION_STYLE_ASSIGNMENT((#13694));
#13694 = SURFACE_STYLE_USAGE(.BOTH.,#13695);
#13695 = SURFACE_SIDE_STYLE('',(#13696));
#13696 = SURFACE_STYLE_FILL_AREA(#13697);
#13697 = FILL_AREA_STYLE('',(#13698));
#13698 = FILL_AREA_STYLE_COLOUR('',#13635);
#13699 = OVER_RIDING_STYLED_ITEM('overriding color',(#13700),#1100,
  #13490);
#13700 = PRESENTATION_STYLE_ASSIGNMENT((#13701));
#13701 = SURFACE_STYLE_USAGE(.BOTH.,#13702);
#13702 = SURFACE_SIDE_STYLE('',(#13703));
#13703 = SURFACE_STYLE_FILL_AREA(#13704);
#13704 = FILL_AREA_STYLE('',(#13705));
#13705 = FILL_AREA_STYLE_COLOUR('',#13635);
#13706 = OVER_RIDING_STYLED_ITEM('overriding color',(#13707),#1131,
  #13490);
#13707 = PRESENTATION_STYLE_ASSIGNMENT((#13708));
#13708 = SURFACE_STYLE_USAGE(.BOTH.,#13709);
#13709 = SURFACE_SIDE_STYLE('',(#13710));
#13710 = SURFACE_STYLE_FILL_AREA(#13711);
#13711 = FILL_AREA_STYLE('',(#13712));
#13712 = FILL_AREA_STYLE_COLOUR('',#13635);
#13713 = OVER_RIDING_STYLED_ITEM('overriding color',(#13714),#1164,
  #13490);
#13714 = PRESENTATION_STYLE_ASSIGNMENT((#13715));
#13715 = SURFACE_STYLE_USAGE(.BOTH.,#13716);
#13716 = SURFACE_SIDE_STYLE('',(#13717));
#13717 = SURFACE_STYLE_FILL_AREA(#13718);
#13718 = FILL_AREA_STYLE('',(#13719));
#13719 = FILL_AREA_STYLE_COLOUR('',#13635);
#13720 = OVER_RIDING_STYLED_ITEM('overriding color',(#13721),#1195,
  #13490);
#13721 = PRESENTATION_STYLE_ASSIGNMENT((#13722));
#13722 = SURFACE_STYLE_USAGE(.BOTH.,#13723);
#13723 = SURFACE_SIDE_STYLE('',(#13724));
#13724 = SURFACE_STYLE_FILL_AREA(#13725);
#13725 = FILL_AREA_STYLE('',(#13726));
#13726 = FILL_AREA_STYLE_COLOUR('',#13635);
#13727 = OVER_RIDING_STYLED_ITEM('overriding color',(#13728),#1226,
  #13490);
#13728 = PRESENTATION_STYLE_ASSIGNMENT((#13729));
#13729 = SURFACE_STYLE_USAGE(.BOTH.,#13730);
#13730 = SURFACE_SIDE_STYLE('',(#13731));
#13731 = SURFACE_STYLE_FILL_AREA(#13732);
#13732 = FILL_AREA_STYLE('',(#13733));
#13733 = FILL_AREA_STYLE_COLOUR('',#13635);
#13734 = OVER_RIDING_STYLED_ITEM('overriding color',(#13735),#1257,
  #13490);
#13735 = PRESENTATION_STYLE_ASSIGNMENT((#13736));
#13736 = SURFACE_STYLE_USAGE(.BOTH.,#13737);
#13737 = SURFACE_SIDE_STYLE('',(#13738));
#13738 = SURFACE_STYLE_FILL_AREA(#13739);
#13739 = FILL_AREA_STYLE('',(#13740));
#13740 = FILL_AREA_STYLE_COLOUR('',#13635);
#13741 = OVER_RIDING_STYLED_ITEM('overriding color',(#13742),#1290,
  #13490);
#13742 = PRESENTATION_STYLE_ASSIGNMENT((#13743));
#13743 = SURFACE_STYLE_USAGE(.BOTH.,#13744);
#13744 = SURFACE_SIDE_STYLE('',(#13745));
#13745 = SURFACE_STYLE_FILL_AREA(#13746);
#13746 = FILL_AREA_STYLE('',(#13747));
#13747 = FILL_AREA_STYLE_COLOUR('',#13635);
#13748 = OVER_RIDING_STYLED_ITEM('overriding color',(#13749),#1321,
  #13490);
#13749 = PRESENTATION_STYLE_ASSIGNMENT((#13750));
#13750 = SURFACE_STYLE_USAGE(.BOTH.,#13751);
#13751 = SURFACE_SIDE_STYLE('',(#13752));
#13752 = SURFACE_STYLE_FILL_AREA(#13753);
#13753 = FILL_AREA_STYLE('',(#13754));
#13754 = FILL_AREA_STYLE_COLOUR('',#13635);
#13755 = OVER_RIDING_STYLED_ITEM('overriding color',(#13756),#1354,
  #13490);
#13756 = PRESENTATION_STYLE_ASSIGNMENT((#13757));
#13757 = SURFACE_STYLE_USAGE(.BOTH.,#13758);
#13758 = SURFACE_SIDE_STYLE('',(#13759));
#13759 = SURFACE_STYLE_FILL_AREA(#13760);
#13760 = FILL_AREA_STYLE('',(#13761));
#13761 = FILL_AREA_STYLE_COLOUR('',#13635);
#13762 = OVER_RIDING_STYLED_ITEM('overriding color',(#13763),#1396,
  #13490);
#13763 = PRESENTATION_STYLE_ASSIGNMENT((#13764));
#13764 = SURFACE_STYLE_USAGE(.BOTH.,#13765);
#13765 = SURFACE_SIDE_STYLE('',(#13766));
#13766 = SURFACE_STYLE_FILL_AREA(#13767);
#13767 = FILL_AREA_STYLE('',(#13768));
#13768 = FILL_AREA_STYLE_COLOUR('',#13635);
#13769 = OVER_RIDING_STYLED_ITEM('overriding color',(#13770),#1427,
  #13490);
#13770 = PRESENTATION_STYLE_ASSIGNMENT((#13771));
#13771 = SURFACE_STYLE_USAGE(.BOTH.,#13772);
#13772 = SURFACE_SIDE_STYLE('',(#13773));
#13773 = SURFACE_STYLE_FILL_AREA(#13774);
#13774 = FILL_AREA_STYLE('',(#13775));
#13775 = FILL_AREA_STYLE_COLOUR('',#13635);
#13776 = OVER_RIDING_STYLED_ITEM('overriding color',(#13777),#1460,
  #13490);
#13777 = PRESENTATION_STYLE_ASSIGNMENT((#13778));
#13778 = SURFACE_STYLE_USAGE(.BOTH.,#13779);
#13779 = SURFACE_SIDE_STYLE('',(#13780));
#13780 = SURFACE_STYLE_FILL_AREA(#13781);
#13781 = FILL_AREA_STYLE('',(#13782));
#13782 = FILL_AREA_STYLE_COLOUR('',#13635);
#13783 = OVER_RIDING_STYLED_ITEM('overriding color',(#13784),#1491,
  #13490);
#13784 = PRESENTATION_STYLE_ASSIGNMENT((#13785));
#13785 = SURFACE_STYLE_USAGE(.BOTH.,#13786);
#13786 = SURFACE_SIDE_STYLE('',(#13787));
#13787 = SURFACE_STYLE_FILL_AREA(#13788);
#13788 = FILL_AREA_STYLE('',(#13789));
#13789 = FILL_AREA_STYLE_COLOUR('',#13635);
#13790 = OVER_RIDING_STYLED_ITEM('overriding color',(#13791),#1522,
  #13490);
#13791 = PRESENTATION_STYLE_ASSIGNMENT((#13792));
#13792 = SURFACE_STYLE_USAGE(.BOTH.,#13793);
#13793 = SURFACE_SIDE_STYLE('',(#13794));
#13794 = SURFACE_STYLE_FILL_AREA(#13795);
#13795 = FILL_AREA_STYLE('',(#13796));
#13796 = FILL_AREA_STYLE_COLOUR('',#13635);
#13797 = OVER_RIDING_STYLED_ITEM('overriding color',(#13798),#1553,
  #13490);
#13798 = PRESENTATION_STYLE_ASSIGNMENT((#13799));
#13799 = SURFACE_STYLE_USAGE(.BOTH.,#13800);
#13800 = SURFACE_SIDE_STYLE('',(#13801));
#13801 = SURFACE_STYLE_FILL_AREA(#13802);
#13802 = FILL_AREA_STYLE('',(#13803));
#13803 = FILL_AREA_STYLE_COLOUR('',#13635);
#13804 = OVER_RIDING_STYLED_ITEM('overriding color',(#13805),#1586,
  #13490);
#13805 = PRESENTATION_STYLE_ASSIGNMENT((#13806));
#13806 = SURFACE_STYLE_USAGE(.BOTH.,#13807);
#13807 = SURFACE_SIDE_STYLE('',(#13808));
#13808 = SURFACE_STYLE_FILL_AREA(#13809);
#13809 = FILL_AREA_STYLE('',(#13810));
#13810 = FILL_AREA_STYLE_COLOUR('',#13635);
#13811 = OVER_RIDING_STYLED_ITEM('overriding color',(#13812),#1617,
  #13490);
#13812 = PRESENTATION_STYLE_ASSIGNMENT((#13813));
#13813 = SURFACE_STYLE_USAGE(.BOTH.,#13814);
#13814 = SURFACE_SIDE_STYLE('',(#13815));
#13815 = SURFACE_STYLE_FILL_AREA(#13816);
#13816 = FILL_AREA_STYLE('',(#13817));
#13817 = FILL_AREA_STYLE_COLOUR('',#13635);
#13818 = OVER_RIDING_STYLED_ITEM('overriding color',(#13819),#1650,
  #13490);
#13819 = PRESENTATION_STYLE_ASSIGNMENT((#13820));
#13820 = SURFACE_STYLE_USAGE(.BOTH.,#13821);
#13821 = SURFACE_SIDE_STYLE('',(#13822));
#13822 = SURFACE_STYLE_FILL_AREA(#13823);
#13823 = FILL_AREA_STYLE('',(#13824));
#13824 = FILL_AREA_STYLE_COLOUR('',#13635);
#13825 = OVER_RIDING_STYLED_ITEM('overriding color',(#13826),#1692,
  #13490);
#13826 = PRESENTATION_STYLE_ASSIGNMENT((#13827));
#13827 = SURFACE_STYLE_USAGE(.BOTH.,#13828);
#13828 = SURFACE_SIDE_STYLE('',(#13829));
#13829 = SURFACE_STYLE_FILL_AREA(#13830);
#13830 = FILL_AREA_STYLE('',(#13831));
#13831 = FILL_AREA_STYLE_COLOUR('',#13635);
#13832 = OVER_RIDING_STYLED_ITEM('overriding color',(#13833),#1723,
  #13490);
#13833 = PRESENTATION_STYLE_ASSIGNMENT((#13834));
#13834 = SURFACE_STYLE_USAGE(.BOTH.,#13835);
#13835 = SURFACE_SIDE_STYLE('',(#13836));
#13836 = SURFACE_STYLE_FILL_AREA(#13837);
#13837 = FILL_AREA_STYLE('',(#13838));
#13838 = FILL_AREA_STYLE_COLOUR('',#13635);
#13839 = OVER_RIDING_STYLED_ITEM('overriding color',(#13840),#1756,
  #13490);
#13840 = PRESENTATION_STYLE_ASSIGNMENT((#13841));
#13841 = SURFACE_STYLE_USAGE(.BOTH.,#13842);
#13842 = SURFACE_SIDE_STYLE('',(#13843));
#13843 = SURFACE_STYLE_FILL_AREA(#13844);
#13844 = FILL_AREA_STYLE('',(#13845));
#13845 = FILL_AREA_STYLE_COLOUR('',#13635);
#13846 = OVER_RIDING_STYLED_ITEM('overriding color',(#13847),#1787,
  #13490);
#13847 = PRESENTATION_STYLE_ASSIGNMENT((#13848));
#13848 = SURFACE_STYLE_USAGE(.BOTH.,#13849);
#13849 = SURFACE_SIDE_STYLE('',(#13850));
#13850 = SURFACE_STYLE_FILL_AREA(#13851);
#13851 = FILL_AREA_STYLE('',(#13852));
#13852 = FILL_AREA_STYLE_COLOUR('',#13635);
#13853 = OVER_RIDING_STYLED_ITEM('overriding color',(#13854),#1818,
  #13490);
#13854 = PRESENTATION_STYLE_ASSIGNMENT((#13855));
#13855 = SURFACE_STYLE_USAGE(.BOTH.,#13856);
#13856 = SURFACE_SIDE_STYLE('',(#13857));
#13857 = SURFACE_STYLE_FILL_AREA(#13858);
#13858 = FILL_AREA_STYLE('',(#13859));
#13859 = FILL_AREA_STYLE_COLOUR('',#13635);
#13860 = OVER_RIDING_STYLED_ITEM('overriding color',(#13861),#1849,
  #13490);
#13861 = PRESENTATION_STYLE_ASSIGNMENT((#13862));
#13862 = SURFACE_STYLE_USAGE(.BOTH.,#13863);
#13863 = SURFACE_SIDE_STYLE('',(#13864));
#13864 = SURFACE_STYLE_FILL_AREA(#13865);
#13865 = FILL_AREA_STYLE('',(#13866));
#13866 = FILL_AREA_STYLE_COLOUR('',#13635);
#13867 = OVER_RIDING_STYLED_ITEM('overriding color',(#13868),#1882,
  #13490);
#13868 = PRESENTATION_STYLE_ASSIGNMENT((#13869));
#13869 = SURFACE_STYLE_USAGE(.BOTH.,#13870);
#13870 = SURFACE_SIDE_STYLE('',(#13871));
#13871 = SURFACE_STYLE_FILL_AREA(#13872);
#13872 = FILL_AREA_STYLE('',(#13873));
#13873 = FILL_AREA_STYLE_COLOUR('',#13635);
#13874 = OVER_RIDING_STYLED_ITEM('overriding color',(#13875),#1913,
  #13490);
#13875 = PRESENTATION_STYLE_ASSIGNMENT((#13876));
#13876 = SURFACE_STYLE_USAGE(.BOTH.,#13877);
#13877 = SURFACE_SIDE_STYLE('',(#13878));
#13878 = SURFACE_STYLE_FILL_AREA(#13879);
#13879 = FILL_AREA_STYLE('',(#13880));
#13880 = FILL_AREA_STYLE_COLOUR('',#13635);
#13881 = OVER_RIDING_STYLED_ITEM('overriding color',(#13882),#1946,
  #13490);
#13882 = PRESENTATION_STYLE_ASSIGNMENT((#13883));
#13883 = SURFACE_STYLE_USAGE(.BOTH.,#13884);
#13884 = SURFACE_SIDE_STYLE('',(#13885));
#13885 = SURFACE_STYLE_FILL_AREA(#13886);
#13886 = FILL_AREA_STYLE('',(#13887));
#13887 = FILL_AREA_STYLE_COLOUR('',#13635);
#13888 = OVER_RIDING_STYLED_ITEM('overriding color',(#13889),#1988,
  #13490);
#13889 = PRESENTATION_STYLE_ASSIGNMENT((#13890));
#13890 = SURFACE_STYLE_USAGE(.BOTH.,#13891);
#13891 = SURFACE_SIDE_STYLE('',(#13892));
#13892 = SURFACE_STYLE_FILL_AREA(#13893);
#13893 = FILL_AREA_STYLE('',(#13894));
#13894 = FILL_AREA_STYLE_COLOUR('',#13635);
#13895 = OVER_RIDING_STYLED_ITEM('overriding color',(#13896),#2019,
  #13490);
#13896 = PRESENTATION_STYLE_ASSIGNMENT((#13897));
#13897 = SURFACE_STYLE_USAGE(.BOTH.,#13898);
#13898 = SURFACE_SIDE_STYLE('',(#13899));
#13899 = SURFACE_STYLE_FILL_AREA(#13900);
#13900 = FILL_AREA_STYLE('',(#13901));
#13901 = FILL_AREA_STYLE_COLOUR('',#13635);
#13902 = OVER_RIDING_STYLED_ITEM('overriding color',(#13903),#2052,
  #13490);
#13903 = PRESENTATION_STYLE_ASSIGNMENT((#13904));
#13904 = SURFACE_STYLE_USAGE(.BOTH.,#13905);
#13905 = SURFACE_SIDE_STYLE('',(#13906));
#13906 = SURFACE_STYLE_FILL_AREA(#13907);
#13907 = FILL_AREA_STYLE('',(#13908));
#13908 = FILL_AREA_STYLE_COLOUR('',#13635);
#13909 = OVER_RIDING_STYLED_ITEM('overriding color',(#13910),#2083,
  #13490);
#13910 = PRESENTATION_STYLE_ASSIGNMENT((#13911));
#13911 = SURFACE_STYLE_USAGE(.BOTH.,#13912);
#13912 = SURFACE_SIDE_STYLE('',(#13913));
#13913 = SURFACE_STYLE_FILL_AREA(#13914);
#13914 = FILL_AREA_STYLE('',(#13915));
#13915 = FILL_AREA_STYLE_COLOUR('',#13635);
#13916 = OVER_RIDING_STYLED_ITEM('overriding color',(#13917),#2114,
  #13490);
#13917 = PRESENTATION_STYLE_ASSIGNMENT((#13918));
#13918 = SURFACE_STYLE_USAGE(.BOTH.,#13919);
#13919 = SURFACE_SIDE_STYLE('',(#13920));
#13920 = SURFACE_STYLE_FILL_AREA(#13921);
#13921 = FILL_AREA_STYLE('',(#13922));
#13922 = FILL_AREA_STYLE_COLOUR('',#13635);
#13923 = OVER_RIDING_STYLED_ITEM('overriding color',(#13924),#2145,
  #13490);
#13924 = PRESENTATION_STYLE_ASSIGNMENT((#13925));
#13925 = SURFACE_STYLE_USAGE(.BOTH.,#13926);
#13926 = SURFACE_SIDE_STYLE('',(#13927));
#13927 = SURFACE_STYLE_FILL_AREA(#13928);
#13928 = FILL_AREA_STYLE('',(#13929));
#13929 = FILL_AREA_STYLE_COLOUR('',#13635);
#13930 = OVER_RIDING_STYLED_ITEM('overriding color',(#13931),#2178,
  #13490);
#13931 = PRESENTATION_STYLE_ASSIGNMENT((#13932));
#13932 = SURFACE_STYLE_USAGE(.BOTH.,#13933);
#13933 = SURFACE_SIDE_STYLE('',(#13934));
#13934 = SURFACE_STYLE_FILL_AREA(#13935);
#13935 = FILL_AREA_STYLE('',(#13936));
#13936 = FILL_AREA_STYLE_COLOUR('',#13635);
#13937 = OVER_RIDING_STYLED_ITEM('overriding color',(#13938),#2209,
  #13490);
#13938 = PRESENTATION_STYLE_ASSIGNMENT((#13939));
#13939 = SURFACE_STYLE_USAGE(.BOTH.,#13940);
#13940 = SURFACE_SIDE_STYLE('',(#13941));
#13941 = SURFACE_STYLE_FILL_AREA(#13942);
#13942 = FILL_AREA_STYLE('',(#13943));
#13943 = FILL_AREA_STYLE_COLOUR('',#13635);
#13944 = OVER_RIDING_STYLED_ITEM('overriding color',(#13945),#2242,
  #13490);
#13945 = PRESENTATION_STYLE_ASSIGNMENT((#13946));
#13946 = SURFACE_STYLE_USAGE(.BOTH.,#13947);
#13947 = SURFACE_SIDE_STYLE('',(#13948));
#13948 = SURFACE_STYLE_FILL_AREA(#13949);
#13949 = FILL_AREA_STYLE('',(#13950));
#13950 = FILL_AREA_STYLE_COLOUR('',#13635);
#13951 = OVER_RIDING_STYLED_ITEM('overriding color',(#13952),#2284,
  #13490);
#13952 = PRESENTATION_STYLE_ASSIGNMENT((#13953));
#13953 = SURFACE_STYLE_USAGE(.BOTH.,#13954);
#13954 = SURFACE_SIDE_STYLE('',(#13955));
#13955 = SURFACE_STYLE_FILL_AREA(#13956);
#13956 = FILL_AREA_STYLE('',(#13957));
#13957 = FILL_AREA_STYLE_COLOUR('',#13635);
#13958 = OVER_RIDING_STYLED_ITEM('overriding color',(#13959),#2315,
  #13490);
#13959 = PRESENTATION_STYLE_ASSIGNMENT((#13960));
#13960 = SURFACE_STYLE_USAGE(.BOTH.,#13961);
#13961 = SURFACE_SIDE_STYLE('',(#13962));
#13962 = SURFACE_STYLE_FILL_AREA(#13963);
#13963 = FILL_AREA_STYLE('',(#13964));
#13964 = FILL_AREA_STYLE_COLOUR('',#13635);
#13965 = OVER_RIDING_STYLED_ITEM('overriding color',(#13966),#2348,
  #13490);
#13966 = PRESENTATION_STYLE_ASSIGNMENT((#13967));
#13967 = SURFACE_STYLE_USAGE(.BOTH.,#13968);
#13968 = SURFACE_SIDE_STYLE('',(#13969));
#13969 = SURFACE_STYLE_FILL_AREA(#13970);
#13970 = FILL_AREA_STYLE('',(#13971));
#13971 = FILL_AREA_STYLE_COLOUR('',#13635);
#13972 = OVER_RIDING_STYLED_ITEM('overriding color',(#13973),#2379,
  #13490);
#13973 = PRESENTATION_STYLE_ASSIGNMENT((#13974));
#13974 = SURFACE_STYLE_USAGE(.BOTH.,#13975);
#13975 = SURFACE_SIDE_STYLE('',(#13976));
#13976 = SURFACE_STYLE_FILL_AREA(#13977);
#13977 = FILL_AREA_STYLE('',(#13978));
#13978 = FILL_AREA_STYLE_COLOUR('',#13635);
#13979 = OVER_RIDING_STYLED_ITEM('overriding color',(#13980),#2410,
  #13490);
#13980 = PRESENTATION_STYLE_ASSIGNMENT((#13981));
#13981 = SURFACE_STYLE_USAGE(.BOTH.,#13982);
#13982 = SURFACE_SIDE_STYLE('',(#13983));
#13983 = SURFACE_STYLE_FILL_AREA(#13984);
#13984 = FILL_AREA_STYLE('',(#13985));
#13985 = FILL_AREA_STYLE_COLOUR('',#13635);
#13986 = OVER_RIDING_STYLED_ITEM('overriding color',(#13987),#2441,
  #13490);
#13987 = PRESENTATION_STYLE_ASSIGNMENT((#13988));
#13988 = SURFACE_STYLE_USAGE(.BOTH.,#13989);
#13989 = SURFACE_SIDE_STYLE('',(#13990));
#13990 = SURFACE_STYLE_FILL_AREA(#13991);
#13991 = FILL_AREA_STYLE('',(#13992));
#13992 = FILL_AREA_STYLE_COLOUR('',#13635);
#13993 = OVER_RIDING_STYLED_ITEM('overriding color',(#13994),#2474,
  #13490);
#13994 = PRESENTATION_STYLE_ASSIGNMENT((#13995));
#13995 = SURFACE_STYLE_USAGE(.BOTH.,#13996);
#13996 = SURFACE_SIDE_STYLE('',(#13997));
#13997 = SURFACE_STYLE_FILL_AREA(#13998);
#13998 = FILL_AREA_STYLE('',(#13999));
#13999 = FILL_AREA_STYLE_COLOUR('',#13635);
#14000 = OVER_RIDING_STYLED_ITEM('overriding color',(#14001),#2505,
  #13490);
#14001 = PRESENTATION_STYLE_ASSIGNMENT((#14002));
#14002 = SURFACE_STYLE_USAGE(.BOTH.,#14003);
#14003 = SURFACE_SIDE_STYLE('',(#14004));
#14004 = SURFACE_STYLE_FILL_AREA(#14005);
#14005 = FILL_AREA_STYLE('',(#14006));
#14006 = FILL_AREA_STYLE_COLOUR('',#13635);
#14007 = OVER_RIDING_STYLED_ITEM('overriding color',(#14008),#2538,
  #13490);
#14008 = PRESENTATION_STYLE_ASSIGNMENT((#14009));
#14009 = SURFACE_STYLE_USAGE(.BOTH.,#14010);
#14010 = SURFACE_SIDE_STYLE('',(#14011));
#14011 = SURFACE_STYLE_FILL_AREA(#14012);
#14012 = FILL_AREA_STYLE('',(#14013));
#14013 = FILL_AREA_STYLE_COLOUR('',#13635);
#14014 = OVER_RIDING_STYLED_ITEM('overriding color',(#14015),#2580,
  #13490);
#14015 = PRESENTATION_STYLE_ASSIGNMENT((#14016));
#14016 = SURFACE_STYLE_USAGE(.BOTH.,#14017);
#14017 = SURFACE_SIDE_STYLE('',(#14018));
#14018 = SURFACE_STYLE_FILL_AREA(#14019);
#14019 = FILL_AREA_STYLE('',(#14020));
#14020 = FILL_AREA_STYLE_COLOUR('',#13635);
#14021 = OVER_RIDING_STYLED_ITEM('overriding color',(#14022),#2611,
  #13490);
#14022 = PRESENTATION_STYLE_ASSIGNMENT((#14023));
#14023 = SURFACE_STYLE_USAGE(.BOTH.,#14024);
#14024 = SURFACE_SIDE_STYLE('',(#14025));
#14025 = SURFACE_STYLE_FILL_AREA(#14026);
#14026 = FILL_AREA_STYLE('',(#14027));
#14027 = FILL_AREA_STYLE_COLOUR('',#13635);
#14028 = OVER_RIDING_STYLED_ITEM('overriding color',(#14029),#2644,
  #13490);
#14029 = PRESENTATION_STYLE_ASSIGNMENT((#14030));
#14030 = SURFACE_STYLE_USAGE(.BOTH.,#14031);
#14031 = SURFACE_SIDE_STYLE('',(#14032));
#14032 = SURFACE_STYLE_FILL_AREA(#14033);
#14033 = FILL_AREA_STYLE('',(#14034));
#14034 = FILL_AREA_STYLE_COLOUR('',#13635);
#14035 = OVER_RIDING_STYLED_ITEM('overriding color',(#14036),#2675,
  #13490);
#14036 = PRESENTATION_STYLE_ASSIGNMENT((#14037));
#14037 = SURFACE_STYLE_USAGE(.BOTH.,#14038);
#14038 = SURFACE_SIDE_STYLE('',(#14039));
#14039 = SURFACE_STYLE_FILL_AREA(#14040);
#14040 = FILL_AREA_STYLE('',(#14041));
#14041 = FILL_AREA_STYLE_COLOUR('',#13635);
#14042 = OVER_RIDING_STYLED_ITEM('overriding color',(#14043),#2706,
  #13490);
#14043 = PRESENTATION_STYLE_ASSIGNMENT((#14044));
#14044 = SURFACE_STYLE_USAGE(.BOTH.,#14045);
#14045 = SURFACE_SIDE_STYLE('',(#14046));
#14046 = SURFACE_STYLE_FILL_AREA(#14047);
#14047 = FILL_AREA_STYLE('',(#14048));
#14048 = FILL_AREA_STYLE_COLOUR('',#13635);
#14049 = OVER_RIDING_STYLED_ITEM('overriding color',(#14050),#2737,
  #13490);
#14050 = PRESENTATION_STYLE_ASSIGNMENT((#14051));
#14051 = SURFACE_STYLE_USAGE(.BOTH.,#14052);
#14052 = SURFACE_SIDE_STYLE('',(#14053));
#14053 = SURFACE_STYLE_FILL_AREA(#14054);
#14054 = FILL_AREA_STYLE('',(#14055));
#14055 = FILL_AREA_STYLE_COLOUR('',#13635);
#14056 = OVER_RIDING_STYLED_ITEM('overriding color',(#14057),#2770,
  #13490);
#14057 = PRESENTATION_STYLE_ASSIGNMENT((#14058));
#14058 = SURFACE_STYLE_USAGE(.BOTH.,#14059);
#14059 = SURFACE_SIDE_STYLE('',(#14060));
#14060 = SURFACE_STYLE_FILL_AREA(#14061);
#14061 = FILL_AREA_STYLE('',(#14062));
#14062 = FILL_AREA_STYLE_COLOUR('',#13635);
#14063 = OVER_RIDING_STYLED_ITEM('overriding color',(#14064),#2801,
  #13490);
#14064 = PRESENTATION_STYLE_ASSIGNMENT((#14065));
#14065 = SURFACE_STYLE_USAGE(.BOTH.,#14066);
#14066 = SURFACE_SIDE_STYLE('',(#14067));
#14067 = SURFACE_STYLE_FILL_AREA(#14068);
#14068 = FILL_AREA_STYLE('',(#14069));
#14069 = FILL_AREA_STYLE_COLOUR('',#13635);
#14070 = OVER_RIDING_STYLED_ITEM('overriding color',(#14071),#2834,
  #13490);
#14071 = PRESENTATION_STYLE_ASSIGNMENT((#14072));
#14072 = SURFACE_STYLE_USAGE(.BOTH.,#14073);
#14073 = SURFACE_SIDE_STYLE('',(#14074));
#14074 = SURFACE_STYLE_FILL_AREA(#14075);
#14075 = FILL_AREA_STYLE('',(#14076));
#14076 = FILL_AREA_STYLE_COLOUR('',#13635);
#14077 = OVER_RIDING_STYLED_ITEM('overriding color',(#14078),#2876,
  #13490);
#14078 = PRESENTATION_STYLE_ASSIGNMENT((#14079));
#14079 = SURFACE_STYLE_USAGE(.BOTH.,#14080);
#14080 = SURFACE_SIDE_STYLE('',(#14081));
#14081 = SURFACE_STYLE_FILL_AREA(#14082);
#14082 = FILL_AREA_STYLE('',(#14083));
#14083 = FILL_AREA_STYLE_COLOUR('',#13635);
#14084 = OVER_RIDING_STYLED_ITEM('overriding color',(#14085),#2907,
  #13490);
#14085 = PRESENTATION_STYLE_ASSIGNMENT((#14086));
#14086 = SURFACE_STYLE_USAGE(.BOTH.,#14087);
#14087 = SURFACE_SIDE_STYLE('',(#14088));
#14088 = SURFACE_STYLE_FILL_AREA(#14089);
#14089 = FILL_AREA_STYLE('',(#14090));
#14090 = FILL_AREA_STYLE_COLOUR('',#13635);
#14091 = OVER_RIDING_STYLED_ITEM('overriding color',(#14092),#2940,
  #13490);
#14092 = PRESENTATION_STYLE_ASSIGNMENT((#14093));
#14093 = SURFACE_STYLE_USAGE(.BOTH.,#14094);
#14094 = SURFACE_SIDE_STYLE('',(#14095));
#14095 = SURFACE_STYLE_FILL_AREA(#14096);
#14096 = FILL_AREA_STYLE('',(#14097));
#14097 = FILL_AREA_STYLE_COLOUR('',#13635);
#14098 = OVER_RIDING_STYLED_ITEM('overriding color',(#14099),#2971,
  #13490);
#14099 = PRESENTATION_STYLE_ASSIGNMENT((#14100));
#14100 = SURFACE_STYLE_USAGE(.BOTH.,#14101);
#14101 = SURFACE_SIDE_STYLE('',(#14102));
#14102 = SURFACE_STYLE_FILL_AREA(#14103);
#14103 = FILL_AREA_STYLE('',(#14104));
#14104 = FILL_AREA_STYLE_COLOUR('',#13635);
#14105 = OVER_RIDING_STYLED_ITEM('overriding color',(#14106),#3002,
  #13490);
#14106 = PRESENTATION_STYLE_ASSIGNMENT((#14107));
#14107 = SURFACE_STYLE_USAGE(.BOTH.,#14108);
#14108 = SURFACE_SIDE_STYLE('',(#14109));
#14109 = SURFACE_STYLE_FILL_AREA(#14110);
#14110 = FILL_AREA_STYLE('',(#14111));
#14111 = FILL_AREA_STYLE_COLOUR('',#13635);
#14112 = OVER_RIDING_STYLED_ITEM('overriding color',(#14113),#3033,
  #13490);
#14113 = PRESENTATION_STYLE_ASSIGNMENT((#14114));
#14114 = SURFACE_STYLE_USAGE(.BOTH.,#14115);
#14115 = SURFACE_SIDE_STYLE('',(#14116));
#14116 = SURFACE_STYLE_FILL_AREA(#14117);
#14117 = FILL_AREA_STYLE('',(#14118));
#14118 = FILL_AREA_STYLE_COLOUR('',#13635);
#14119 = OVER_RIDING_STYLED_ITEM('overriding color',(#14120),#3066,
  #13490);
#14120 = PRESENTATION_STYLE_ASSIGNMENT((#14121));
#14121 = SURFACE_STYLE_USAGE(.BOTH.,#14122);
#14122 = SURFACE_SIDE_STYLE('',(#14123));
#14123 = SURFACE_STYLE_FILL_AREA(#14124);
#14124 = FILL_AREA_STYLE('',(#14125));
#14125 = FILL_AREA_STYLE_COLOUR('',#13635);
#14126 = OVER_RIDING_STYLED_ITEM('overriding color',(#14127),#3097,
  #13490);
#14127 = PRESENTATION_STYLE_ASSIGNMENT((#14128));
#14128 = SURFACE_STYLE_USAGE(.BOTH.,#14129);
#14129 = SURFACE_SIDE_STYLE('',(#14130));
#14130 = SURFACE_STYLE_FILL_AREA(#14131);
#14131 = FILL_AREA_STYLE('',(#14132));
#14132 = FILL_AREA_STYLE_COLOUR('',#13635);
#14133 = OVER_RIDING_STYLED_ITEM('overriding color',(#14134),#3130,
  #13490);
#14134 = PRESENTATION_STYLE_ASSIGNMENT((#14135));
#14135 = SURFACE_STYLE_USAGE(.BOTH.,#14136);
#14136 = SURFACE_SIDE_STYLE('',(#14137));
#14137 = SURFACE_STYLE_FILL_AREA(#14138);
#14138 = FILL_AREA_STYLE('',(#14139));
#14139 = FILL_AREA_STYLE_COLOUR('',#13635);
#14140 = OVER_RIDING_STYLED_ITEM('overriding color',(#14141),#3172,
  #13490);
#14141 = PRESENTATION_STYLE_ASSIGNMENT((#14142));
#14142 = SURFACE_STYLE_USAGE(.BOTH.,#14143);
#14143 = SURFACE_SIDE_STYLE('',(#14144));
#14144 = SURFACE_STYLE_FILL_AREA(#14145);
#14145 = FILL_AREA_STYLE('',(#14146));
#14146 = FILL_AREA_STYLE_COLOUR('',#13635);
#14147 = OVER_RIDING_STYLED_ITEM('overriding color',(#14148),#3203,
  #13490);
#14148 = PRESENTATION_STYLE_ASSIGNMENT((#14149));
#14149 = SURFACE_STYLE_USAGE(.BOTH.,#14150);
#14150 = SURFACE_SIDE_STYLE('',(#14151));
#14151 = SURFACE_STYLE_FILL_AREA(#14152);
#14152 = FILL_AREA_STYLE('',(#14153));
#14153 = FILL_AREA_STYLE_COLOUR('',#13635);
#14154 = OVER_RIDING_STYLED_ITEM('overriding color',(#14155),#3236,
  #13490);
#14155 = PRESENTATION_STYLE_ASSIGNMENT((#14156));
#14156 = SURFACE_STYLE_USAGE(.BOTH.,#14157);
#14157 = SURFACE_SIDE_STYLE('',(#14158));
#14158 = SURFACE_STYLE_FILL_AREA(#14159);
#14159 = FILL_AREA_STYLE('',(#14160));
#14160 = FILL_AREA_STYLE_COLOUR('',#13635);
#14161 = OVER_RIDING_STYLED_ITEM('overriding color',(#14162),#3267,
  #13490);
#14162 = PRESENTATION_STYLE_ASSIGNMENT((#14163));
#14163 = SURFACE_STYLE_USAGE(.BOTH.,#14164);
#14164 = SURFACE_SIDE_STYLE('',(#14165));
#14165 = SURFACE_STYLE_FILL_AREA(#14166);
#14166 = FILL_AREA_STYLE('',(#14167));
#14167 = FILL_AREA_STYLE_COLOUR('',#13635);
#14168 = OVER_RIDING_STYLED_ITEM('overriding color',(#14169),#3298,
  #13490);
#14169 = PRESENTATION_STYLE_ASSIGNMENT((#14170));
#14170 = SURFACE_STYLE_USAGE(.BOTH.,#14171);
#14171 = SURFACE_SIDE_STYLE('',(#14172));
#14172 = SURFACE_STYLE_FILL_AREA(#14173);
#14173 = FILL_AREA_STYLE('',(#14174));
#14174 = FILL_AREA_STYLE_COLOUR('',#13635);
#14175 = OVER_RIDING_STYLED_ITEM('overriding color',(#14176),#3329,
  #13490);
#14176 = PRESENTATION_STYLE_ASSIGNMENT((#14177));
#14177 = SURFACE_STYLE_USAGE(.BOTH.,#14178);
#14178 = SURFACE_SIDE_STYLE('',(#14179));
#14179 = SURFACE_STYLE_FILL_AREA(#14180);
#14180 = FILL_AREA_STYLE('',(#14181));
#14181 = FILL_AREA_STYLE_COLOUR('',#13635);
#14182 = OVER_RIDING_STYLED_ITEM('overriding color',(#14183),#3362,
  #13490);
#14183 = PRESENTATION_STYLE_ASSIGNMENT((#14184));
#14184 = SURFACE_STYLE_USAGE(.BOTH.,#14185);
#14185 = SURFACE_SIDE_STYLE('',(#14186));
#14186 = SURFACE_STYLE_FILL_AREA(#14187);
#14187 = FILL_AREA_STYLE('',(#14188));
#14188 = FILL_AREA_STYLE_COLOUR('',#13635);
#14189 = OVER_RIDING_STYLED_ITEM('overriding color',(#14190),#3393,
  #13490);
#14190 = PRESENTATION_STYLE_ASSIGNMENT((#14191));
#14191 = SURFACE_STYLE_USAGE(.BOTH.,#14192);
#14192 = SURFACE_SIDE_STYLE('',(#14193));
#14193 = SURFACE_STYLE_FILL_AREA(#14194);
#14194 = FILL_AREA_STYLE('',(#14195));
#14195 = FILL_AREA_STYLE_COLOUR('',#13635);
#14196 = OVER_RIDING_STYLED_ITEM('overriding color',(#14197),#3426,
  #13490);
#14197 = PRESENTATION_STYLE_ASSIGNMENT((#14198));
#14198 = SURFACE_STYLE_USAGE(.BOTH.,#14199);
#14199 = SURFACE_SIDE_STYLE('',(#14200));
#14200 = SURFACE_STYLE_FILL_AREA(#14201);
#14201 = FILL_AREA_STYLE('',(#14202));
#14202 = FILL_AREA_STYLE_COLOUR('',#13635);
#14203 = OVER_RIDING_STYLED_ITEM('overriding color',(#14204),#3468,
  #13490);
#14204 = PRESENTATION_STYLE_ASSIGNMENT((#14205));
#14205 = SURFACE_STYLE_USAGE(.BOTH.,#14206);
#14206 = SURFACE_SIDE_STYLE('',(#14207));
#14207 = SURFACE_STYLE_FILL_AREA(#14208);
#14208 = FILL_AREA_STYLE('',(#14209));
#14209 = FILL_AREA_STYLE_COLOUR('',#13635);
#14210 = OVER_RIDING_STYLED_ITEM('overriding color',(#14211),#3499,
  #13490);
#14211 = PRESENTATION_STYLE_ASSIGNMENT((#14212));
#14212 = SURFACE_STYLE_USAGE(.BOTH.,#14213);
#14213 = SURFACE_SIDE_STYLE('',(#14214));
#14214 = SURFACE_STYLE_FILL_AREA(#14215);
#14215 = FILL_AREA_STYLE('',(#14216));
#14216 = FILL_AREA_STYLE_COLOUR('',#13635);
#14217 = OVER_RIDING_STYLED_ITEM('overriding color',(#14218),#3532,
  #13490);
#14218 = PRESENTATION_STYLE_ASSIGNMENT((#14219));
#14219 = SURFACE_STYLE_USAGE(.BOTH.,#14220);
#14220 = SURFACE_SIDE_STYLE('',(#14221));
#14221 = SURFACE_STYLE_FILL_AREA(#14222);
#14222 = FILL_AREA_STYLE('',(#14223));
#14223 = FILL_AREA_STYLE_COLOUR('',#13635);
#14224 = OVER_RIDING_STYLED_ITEM('overriding color',(#14225),#3563,
  #13490);
#14225 = PRESENTATION_STYLE_ASSIGNMENT((#14226));
#14226 = SURFACE_STYLE_USAGE(.BOTH.,#14227);
#14227 = SURFACE_SIDE_STYLE('',(#14228));
#14228 = SURFACE_STYLE_FILL_AREA(#14229);
#14229 = FILL_AREA_STYLE('',(#14230));
#14230 = FILL_AREA_STYLE_COLOUR('',#13635);
#14231 = OVER_RIDING_STYLED_ITEM('overriding color',(#14232),#3594,
  #13490);
#14232 = PRESENTATION_STYLE_ASSIGNMENT((#14233));
#14233 = SURFACE_STYLE_USAGE(.BOTH.,#14234);
#14234 = SURFACE_SIDE_STYLE('',(#14235));
#14235 = SURFACE_STYLE_FILL_AREA(#14236);
#14236 = FILL_AREA_STYLE('',(#14237));
#14237 = FILL_AREA_STYLE_COLOUR('',#13635);
#14238 = OVER_RIDING_STYLED_ITEM('overriding color',(#14239),#3625,
  #13490);
#14239 = PRESENTATION_STYLE_ASSIGNMENT((#14240));
#14240 = SURFACE_STYLE_USAGE(.BOTH.,#14241);
#14241 = SURFACE_SIDE_STYLE('',(#14242));
#14242 = SURFACE_STYLE_FILL_AREA(#14243);
#14243 = FILL_AREA_STYLE('',(#14244));
#14244 = FILL_AREA_STYLE_COLOUR('',#13635);
#14245 = OVER_RIDING_STYLED_ITEM('overriding color',(#14246),#3658,
  #13490);
#14246 = PRESENTATION_STYLE_ASSIGNMENT((#14247));
#14247 = SURFACE_STYLE_USAGE(.BOTH.,#14248);
#14248 = SURFACE_SIDE_STYLE('',(#14249));
#14249 = SURFACE_STYLE_FILL_AREA(#14250);
#14250 = FILL_AREA_STYLE('',(#14251));
#14251 = FILL_AREA_STYLE_COLOUR('',#13635);
#14252 = OVER_RIDING_STYLED_ITEM('overriding color',(#14253),#3689,
  #13490);
#14253 = PRESENTATION_STYLE_ASSIGNMENT((#14254));
#14254 = SURFACE_STYLE_USAGE(.BOTH.,#14255);
#14255 = SURFACE_SIDE_STYLE('',(#14256));
#14256 = SURFACE_STYLE_FILL_AREA(#14257);
#14257 = FILL_AREA_STYLE('',(#14258));
#14258 = FILL_AREA_STYLE_COLOUR('',#13635);
#14259 = OVER_RIDING_STYLED_ITEM('overriding color',(#14260),#3722,
  #13490);
#14260 = PRESENTATION_STYLE_ASSIGNMENT((#14261));
#14261 = SURFACE_STYLE_USAGE(.BOTH.,#14262);
#14262 = SURFACE_SIDE_STYLE('',(#14263));
#14263 = SURFACE_STYLE_FILL_AREA(#14264);
#14264 = FILL_AREA_STYLE('',(#14265));
#14265 = FILL_AREA_STYLE_COLOUR('',#13635);
#14266 = OVER_RIDING_STYLED_ITEM('overriding color',(#14267),#3764,
  #13490);
#14267 = PRESENTATION_STYLE_ASSIGNMENT((#14268));
#14268 = SURFACE_STYLE_USAGE(.BOTH.,#14269);
#14269 = SURFACE_SIDE_STYLE('',(#14270));
#14270 = SURFACE_STYLE_FILL_AREA(#14271);
#14271 = FILL_AREA_STYLE('',(#14272));
#14272 = FILL_AREA_STYLE_COLOUR('',#13635);
#14273 = OVER_RIDING_STYLED_ITEM('overriding color',(#14274),#3795,
  #13490);
#14274 = PRESENTATION_STYLE_ASSIGNMENT((#14275));
#14275 = SURFACE_STYLE_USAGE(.BOTH.,#14276);
#14276 = SURFACE_SIDE_STYLE('',(#14277));
#14277 = SURFACE_STYLE_FILL_AREA(#14278);
#14278 = FILL_AREA_STYLE('',(#14279));
#14279 = FILL_AREA_STYLE_COLOUR('',#13635);
#14280 = OVER_RIDING_STYLED_ITEM('overriding color',(#14281),#3828,
  #13490);
#14281 = PRESENTATION_STYLE_ASSIGNMENT((#14282));
#14282 = SURFACE_STYLE_USAGE(.BOTH.,#14283);
#14283 = SURFACE_SIDE_STYLE('',(#14284));
#14284 = SURFACE_STYLE_FILL_AREA(#14285);
#14285 = FILL_AREA_STYLE('',(#14286));
#14286 = FILL_AREA_STYLE_COLOUR('',#13635);
#14287 = OVER_RIDING_STYLED_ITEM('overriding color',(#14288),#3859,
  #13490);
#14288 = PRESENTATION_STYLE_ASSIGNMENT((#14289));
#14289 = SURFACE_STYLE_USAGE(.BOTH.,#14290);
#14290 = SURFACE_SIDE_STYLE('',(#14291));
#14291 = SURFACE_STYLE_FILL_AREA(#14292);
#14292 = FILL_AREA_STYLE('',(#14293));
#14293 = FILL_AREA_STYLE_COLOUR('',#13635);
#14294 = OVER_RIDING_STYLED_ITEM('overriding color',(#14295),#3890,
  #13490);
#14295 = PRESENTATION_STYLE_ASSIGNMENT((#14296));
#14296 = SURFACE_STYLE_USAGE(.BOTH.,#14297);
#14297 = SURFACE_SIDE_STYLE('',(#14298));
#14298 = SURFACE_STYLE_FILL_AREA(#14299);
#14299 = FILL_AREA_STYLE('',(#14300));
#14300 = FILL_AREA_STYLE_COLOUR('',#13635);
#14301 = OVER_RIDING_STYLED_ITEM('overriding color',(#14302),#3921,
  #13490);
#14302 = PRESENTATION_STYLE_ASSIGNMENT((#14303));
#14303 = SURFACE_STYLE_USAGE(.BOTH.,#14304);
#14304 = SURFACE_SIDE_STYLE('',(#14305));
#14305 = SURFACE_STYLE_FILL_AREA(#14306);
#14306 = FILL_AREA_STYLE('',(#14307));
#14307 = FILL_AREA_STYLE_COLOUR('',#13635);
#14308 = OVER_RIDING_STYLED_ITEM('overriding color',(#14309),#3954,
  #13490);
#14309 = PRESENTATION_STYLE_ASSIGNMENT((#14310));
#14310 = SURFACE_STYLE_USAGE(.BOTH.,#14311);
#14311 = SURFACE_SIDE_STYLE('',(#14312));
#14312 = SURFACE_STYLE_FILL_AREA(#14313);
#14313 = FILL_AREA_STYLE('',(#14314));
#14314 = FILL_AREA_STYLE_COLOUR('',#13635);
#14315 = OVER_RIDING_STYLED_ITEM('overriding color',(#14316),#3985,
  #13490);
#14316 = PRESENTATION_STYLE_ASSIGNMENT((#14317));
#14317 = SURFACE_STYLE_USAGE(.BOTH.,#14318);
#14318 = SURFACE_SIDE_STYLE('',(#14319));
#14319 = SURFACE_STYLE_FILL_AREA(#14320);
#14320 = FILL_AREA_STYLE('',(#14321));
#14321 = FILL_AREA_STYLE_COLOUR('',#13635);
#14322 = OVER_RIDING_STYLED_ITEM('overriding color',(#14323),#4018,
  #13490);
#14323 = PRESENTATION_STYLE_ASSIGNMENT((#14324));
#14324 = SURFACE_STYLE_USAGE(.BOTH.,#14325);
#14325 = SURFACE_SIDE_STYLE('',(#14326));
#14326 = SURFACE_STYLE_FILL_AREA(#14327);
#14327 = FILL_AREA_STYLE('',(#14328));
#14328 = FILL_AREA_STYLE_COLOUR('',#13635);
#14329 = OVER_RIDING_STYLED_ITEM('overriding color',(#14330),#4060,
  #13490);
#14330 = PRESENTATION_STYLE_ASSIGNMENT((#14331));
#14331 = SURFACE_STYLE_USAGE(.BOTH.,#14332);
#14332 = SURFACE_SIDE_STYLE('',(#14333));
#14333 = SURFACE_STYLE_FILL_AREA(#14334);
#14334 = FILL_AREA_STYLE('',(#14335));
#14335 = FILL_AREA_STYLE_COLOUR('',#13635);
#14336 = OVER_RIDING_STYLED_ITEM('overriding color',(#14337),#4091,
  #13490);
#14337 = PRESENTATION_STYLE_ASSIGNMENT((#14338));
#14338 = SURFACE_STYLE_USAGE(.BOTH.,#14339);
#14339 = SURFACE_SIDE_STYLE('',(#14340));
#14340 = SURFACE_STYLE_FILL_AREA(#14341);
#14341 = FILL_AREA_STYLE('',(#14342));
#14342 = FILL_AREA_STYLE_COLOUR('',#13635);
#14343 = OVER_RIDING_STYLED_ITEM('overriding color',(#14344),#4124,
  #13490);
#14344 = PRESENTATION_STYLE_ASSIGNMENT((#14345));
#14345 = SURFACE_STYLE_USAGE(.BOTH.,#14346);
#14346 = SURFACE_SIDE_STYLE('',(#14347));
#14347 = SURFACE_STYLE_FILL_AREA(#14348);
#14348 = FILL_AREA_STYLE('',(#14349));
#14349 = FILL_AREA_STYLE_COLOUR('',#13635);
#14350 = OVER_RIDING_STYLED_ITEM('overriding color',(#14351),#4155,
  #13490);
#14351 = PRESENTATION_STYLE_ASSIGNMENT((#14352));
#14352 = SURFACE_STYLE_USAGE(.BOTH.,#14353);
#14353 = SURFACE_SIDE_STYLE('',(#14354));
#14354 = SURFACE_STYLE_FILL_AREA(#14355);
#14355 = FILL_AREA_STYLE('',(#14356));
#14356 = FILL_AREA_STYLE_COLOUR('',#13635);
#14357 = OVER_RIDING_STYLED_ITEM('overriding color',(#14358),#4186,
  #13490);
#14358 = PRESENTATION_STYLE_ASSIGNMENT((#14359));
#14359 = SURFACE_STYLE_USAGE(.BOTH.,#14360);
#14360 = SURFACE_SIDE_STYLE('',(#14361));
#14361 = SURFACE_STYLE_FILL_AREA(#14362);
#14362 = FILL_AREA_STYLE('',(#14363));
#14363 = FILL_AREA_STYLE_COLOUR('',#13635);
#14364 = OVER_RIDING_STYLED_ITEM('overriding color',(#14365),#4217,
  #13490);
#14365 = PRESENTATION_STYLE_ASSIGNMENT((#14366));
#14366 = SURFACE_STYLE_USAGE(.BOTH.,#14367);
#14367 = SURFACE_SIDE_STYLE('',(#14368));
#14368 = SURFACE_STYLE_FILL_AREA(#14369);
#14369 = FILL_AREA_STYLE('',(#14370));
#14370 = FILL_AREA_STYLE_COLOUR('',#13635);
#14371 = OVER_RIDING_STYLED_ITEM('overriding color',(#14372),#4250,
  #13490);
#14372 = PRESENTATION_STYLE_ASSIGNMENT((#14373));
#14373 = SURFACE_STYLE_USAGE(.BOTH.,#14374);
#14374 = SURFACE_SIDE_STYLE('',(#14375));
#14375 = SURFACE_STYLE_FILL_AREA(#14376);
#14376 = FILL_AREA_STYLE('',(#14377));
#14377 = FILL_AREA_STYLE_COLOUR('',#13635);
#14378 = OVER_RIDING_STYLED_ITEM('overriding color',(#14379),#4281,
  #13490);
#14379 = PRESENTATION_STYLE_ASSIGNMENT((#14380));
#14380 = SURFACE_STYLE_USAGE(.BOTH.,#14381);
#14381 = SURFACE_SIDE_STYLE('',(#14382));
#14382 = SURFACE_STYLE_FILL_AREA(#14383);
#14383 = FILL_AREA_STYLE('',(#14384));
#14384 = FILL_AREA_STYLE_COLOUR('',#13635);
#14385 = OVER_RIDING_STYLED_ITEM('overriding color',(#14386),#4314,
  #13490);
#14386 = PRESENTATION_STYLE_ASSIGNMENT((#14387));
#14387 = SURFACE_STYLE_USAGE(.BOTH.,#14388);
#14388 = SURFACE_SIDE_STYLE('',(#14389));
#14389 = SURFACE_STYLE_FILL_AREA(#14390);
#14390 = FILL_AREA_STYLE('',(#14391));
#14391 = FILL_AREA_STYLE_COLOUR('',#13635);
#14392 = OVER_RIDING_STYLED_ITEM('overriding color',(#14393),#4356,
  #13490);
#14393 = PRESENTATION_STYLE_ASSIGNMENT((#14394));
#14394 = SURFACE_STYLE_USAGE(.BOTH.,#14395);
#14395 = SURFACE_SIDE_STYLE('',(#14396));
#14396 = SURFACE_STYLE_FILL_AREA(#14397);
#14397 = FILL_AREA_STYLE('',(#14398));
#14398 = FILL_AREA_STYLE_COLOUR('',#13635);
#14399 = OVER_RIDING_STYLED_ITEM('overriding color',(#14400),#4387,
  #13490);
#14400 = PRESENTATION_STYLE_ASSIGNMENT((#14401));
#14401 = SURFACE_STYLE_USAGE(.BOTH.,#14402);
#14402 = SURFACE_SIDE_STYLE('',(#14403));
#14403 = SURFACE_STYLE_FILL_AREA(#14404);
#14404 = FILL_AREA_STYLE('',(#14405));
#14405 = FILL_AREA_STYLE_COLOUR('',#13635);
#14406 = OVER_RIDING_STYLED_ITEM('overriding color',(#14407),#4420,
  #13490);
#14407 = PRESENTATION_STYLE_ASSIGNMENT((#14408));
#14408 = SURFACE_STYLE_USAGE(.BOTH.,#14409);
#14409 = SURFACE_SIDE_STYLE('',(#14410));
#14410 = SURFACE_STYLE_FILL_AREA(#14411);
#14411 = FILL_AREA_STYLE('',(#14412));
#14412 = FILL_AREA_STYLE_COLOUR('',#13635);
#14413 = OVER_RIDING_STYLED_ITEM('overriding color',(#14414),#4451,
  #13490);
#14414 = PRESENTATION_STYLE_ASSIGNMENT((#14415));
#14415 = SURFACE_STYLE_USAGE(.BOTH.,#14416);
#14416 = SURFACE_SIDE_STYLE('',(#14417));
#14417 = SURFACE_STYLE_FILL_AREA(#14418);
#14418 = FILL_AREA_STYLE('',(#14419));
#14419 = FILL_AREA_STYLE_COLOUR('',#13635);
#14420 = OVER_RIDING_STYLED_ITEM('overriding color',(#14421),#4482,
  #13490);
#14421 = PRESENTATION_STYLE_ASSIGNMENT((#14422));
#14422 = SURFACE_STYLE_USAGE(.BOTH.,#14423);
#14423 = SURFACE_SIDE_STYLE('',(#14424));
#14424 = SURFACE_STYLE_FILL_AREA(#14425);
#14425 = FILL_AREA_STYLE('',(#14426));
#14426 = FILL_AREA_STYLE_COLOUR('',#13635);
#14427 = OVER_RIDING_STYLED_ITEM('overriding color',(#14428),#4513,
  #13490);
#14428 = PRESENTATION_STYLE_ASSIGNMENT((#14429));
#14429 = SURFACE_STYLE_USAGE(.BOTH.,#14430);
#14430 = SURFACE_SIDE_STYLE('',(#14431));
#14431 = SURFACE_STYLE_FILL_AREA(#14432);
#14432 = FILL_AREA_STYLE('',(#14433));
#14433 = FILL_AREA_STYLE_COLOUR('',#13635);
#14434 = OVER_RIDING_STYLED_ITEM('overriding color',(#14435),#4546,
  #13490);
#14435 = PRESENTATION_STYLE_ASSIGNMENT((#14436));
#14436 = SURFACE_STYLE_USAGE(.BOTH.,#14437);
#14437 = SURFACE_SIDE_STYLE('',(#14438));
#14438 = SURFACE_STYLE_FILL_AREA(#14439);
#14439 = FILL_AREA_STYLE('',(#14440));
#14440 = FILL_AREA_STYLE_COLOUR('',#13635);
#14441 = OVER_RIDING_STYLED_ITEM('overriding color',(#14442),#4577,
  #13490);
#14442 = PRESENTATION_STYLE_ASSIGNMENT((#14443));
#14443 = SURFACE_STYLE_USAGE(.BOTH.,#14444);
#14444 = SURFACE_SIDE_STYLE('',(#14445));
#14445 = SURFACE_STYLE_FILL_AREA(#14446);
#14446 = FILL_AREA_STYLE('',(#14447));
#14447 = FILL_AREA_STYLE_COLOUR('',#13635);
#14448 = OVER_RIDING_STYLED_ITEM('overriding color',(#14449),#4610,
  #13490);
#14449 = PRESENTATION_STYLE_ASSIGNMENT((#14450));
#14450 = SURFACE_STYLE_USAGE(.BOTH.,#14451);
#14451 = SURFACE_SIDE_STYLE('',(#14452));
#14452 = SURFACE_STYLE_FILL_AREA(#14453);
#14453 = FILL_AREA_STYLE('',(#14454));
#14454 = FILL_AREA_STYLE_COLOUR('',#13635);
#14455 = OVER_RIDING_STYLED_ITEM('overriding color',(#14456),#4652,
  #13490);
#14456 = PRESENTATION_STYLE_ASSIGNMENT((#14457));
#14457 = SURFACE_STYLE_USAGE(.BOTH.,#14458);
#14458 = SURFACE_SIDE_STYLE('',(#14459));
#14459 = SURFACE_STYLE_FILL_AREA(#14460);
#14460 = FILL_AREA_STYLE('',(#14461));
#14461 = FILL_AREA_STYLE_COLOUR('',#13635);
#14462 = OVER_RIDING_STYLED_ITEM('overriding color',(#14463),#4683,
  #13490);
#14463 = PRESENTATION_STYLE_ASSIGNMENT((#14464));
#14464 = SURFACE_STYLE_USAGE(.BOTH.,#14465);
#14465 = SURFACE_SIDE_STYLE('',(#14466));
#14466 = SURFACE_STYLE_FILL_AREA(#14467);
#14467 = FILL_AREA_STYLE('',(#14468));
#14468 = FILL_AREA_STYLE_COLOUR('',#13635);
#14469 = OVER_RIDING_STYLED_ITEM('overriding color',(#14470),#4716,
  #13490);
#14470 = PRESENTATION_STYLE_ASSIGNMENT((#14471));
#14471 = SURFACE_STYLE_USAGE(.BOTH.,#14472);
#14472 = SURFACE_SIDE_STYLE('',(#14473));
#14473 = SURFACE_STYLE_FILL_AREA(#14474);
#14474 = FILL_AREA_STYLE('',(#14475));
#14475 = FILL_AREA_STYLE_COLOUR('',#13635);
#14476 = OVER_RIDING_STYLED_ITEM('overriding color',(#14477),#4747,
  #13490);
#14477 = PRESENTATION_STYLE_ASSIGNMENT((#14478));
#14478 = SURFACE_STYLE_USAGE(.BOTH.,#14479);
#14479 = SURFACE_SIDE_STYLE('',(#14480));
#14480 = SURFACE_STYLE_FILL_AREA(#14481);
#14481 = FILL_AREA_STYLE('',(#14482));
#14482 = FILL_AREA_STYLE_COLOUR('',#13635);
#14483 = OVER_RIDING_STYLED_ITEM('overriding color',(#14484),#4778,
  #13490);
#14484 = PRESENTATION_STYLE_ASSIGNMENT((#14485));
#14485 = SURFACE_STYLE_USAGE(.BOTH.,#14486);
#14486 = SURFACE_SIDE_STYLE('',(#14487));
#14487 = SURFACE_STYLE_FILL_AREA(#14488);
#14488 = FILL_AREA_STYLE('',(#14489));
#14489 = FILL_AREA_STYLE_COLOUR('',#13635);
#14490 = OVER_RIDING_STYLED_ITEM('overriding color',(#14491),#4809,
  #13490);
#14491 = PRESENTATION_STYLE_ASSIGNMENT((#14492));
#14492 = SURFACE_STYLE_USAGE(.BOTH.,#14493);
#14493 = SURFACE_SIDE_STYLE('',(#14494));
#14494 = SURFACE_STYLE_FILL_AREA(#14495);
#14495 = FILL_AREA_STYLE('',(#14496));
#14496 = FILL_AREA_STYLE_COLOUR('',#13635);
#14497 = OVER_RIDING_STYLED_ITEM('overriding color',(#14498),#4842,
  #13490);
#14498 = PRESENTATION_STYLE_ASSIGNMENT((#14499));
#14499 = SURFACE_STYLE_USAGE(.BOTH.,#14500);
#14500 = SURFACE_SIDE_STYLE('',(#14501));
#14501 = SURFACE_STYLE_FILL_AREA(#14502);
#14502 = FILL_AREA_STYLE('',(#14503));
#14503 = FILL_AREA_STYLE_COLOUR('',#13635);
#14504 = OVER_RIDING_STYLED_ITEM('overriding color',(#14505),#4873,
  #13490);
#14505 = PRESENTATION_STYLE_ASSIGNMENT((#14506));
#14506 = SURFACE_STYLE_USAGE(.BOTH.,#14507);
#14507 = SURFACE_SIDE_STYLE('',(#14508));
#14508 = SURFACE_STYLE_FILL_AREA(#14509);
#14509 = FILL_AREA_STYLE('',(#14510));
#14510 = FILL_AREA_STYLE_COLOUR('',#13635);
#14511 = OVER_RIDING_STYLED_ITEM('overriding color',(#14512),#4906,
  #13490);
#14512 = PRESENTATION_STYLE_ASSIGNMENT((#14513));
#14513 = SURFACE_STYLE_USAGE(.BOTH.,#14514);
#14514 = SURFACE_SIDE_STYLE('',(#14515));
#14515 = SURFACE_STYLE_FILL_AREA(#14516);
#14516 = FILL_AREA_STYLE('',(#14517));
#14517 = FILL_AREA_STYLE_COLOUR('',#13635);
#14518 = OVER_RIDING_STYLED_ITEM('overriding color',(#14519),#4948,
  #13490);
#14519 = PRESENTATION_STYLE_ASSIGNMENT((#14520));
#14520 = SURFACE_STYLE_USAGE(.BOTH.,#14521);
#14521 = SURFACE_SIDE_STYLE('',(#14522));
#14522 = SURFACE_STYLE_FILL_AREA(#14523);
#14523 = FILL_AREA_STYLE('',(#14524));
#14524 = FILL_AREA_STYLE_COLOUR('',#13635);
#14525 = OVER_RIDING_STYLED_ITEM('overriding color',(#14526),#4979,
  #13490);
#14526 = PRESENTATION_STYLE_ASSIGNMENT((#14527));
#14527 = SURFACE_STYLE_USAGE(.BOTH.,#14528);
#14528 = SURFACE_SIDE_STYLE('',(#14529));
#14529 = SURFACE_STYLE_FILL_AREA(#14530);
#14530 = FILL_AREA_STYLE('',(#14531));
#14531 = FILL_AREA_STYLE_COLOUR('',#13635);
#14532 = OVER_RIDING_STYLED_ITEM('overriding color',(#14533),#5012,
  #13490);
#14533 = PRESENTATION_STYLE_ASSIGNMENT((#14534));
#14534 = SURFACE_STYLE_USAGE(.BOTH.,#14535);
#14535 = SURFACE_SIDE_STYLE('',(#14536));
#14536 = SURFACE_STYLE_FILL_AREA(#14537);
#14537 = FILL_AREA_STYLE('',(#14538));
#14538 = FILL_AREA_STYLE_COLOUR('',#13635);
#14539 = OVER_RIDING_STYLED_ITEM('overriding color',(#14540),#5043,
  #13490);
#14540 = PRESENTATION_STYLE_ASSIGNMENT((#14541));
#14541 = SURFACE_STYLE_USAGE(.BOTH.,#14542);
#14542 = SURFACE_SIDE_STYLE('',(#14543));
#14543 = SURFACE_STYLE_FILL_AREA(#14544);
#14544 = FILL_AREA_STYLE('',(#14545));
#14545 = FILL_AREA_STYLE_COLOUR('',#13635);
#14546 = OVER_RIDING_STYLED_ITEM('overriding color',(#14547),#5074,
  #13490);
#14547 = PRESENTATION_STYLE_ASSIGNMENT((#14548));
#14548 = SURFACE_STYLE_USAGE(.BOTH.,#14549);
#14549 = SURFACE_SIDE_STYLE('',(#14550));
#14550 = SURFACE_STYLE_FILL_AREA(#14551);
#14551 = FILL_AREA_STYLE('',(#14552));
#14552 = FILL_AREA_STYLE_COLOUR('',#13635);
#14553 = OVER_RIDING_STYLED_ITEM('overriding color',(#14554),#5105,
  #13490);
#14554 = PRESENTATION_STYLE_ASSIGNMENT((#14555));
#14555 = SURFACE_STYLE_USAGE(.BOTH.,#14556);
#14556 = SURFACE_SIDE_STYLE('',(#14557));
#14557 = SURFACE_STYLE_FILL_AREA(#14558);
#14558 = FILL_AREA_STYLE('',(#14559));
#14559 = FILL_AREA_STYLE_COLOUR('',#13635);
#14560 = OVER_RIDING_STYLED_ITEM('overriding color',(#14561),#5138,
  #13490);
#14561 = PRESENTATION_STYLE_ASSIGNMENT((#14562));
#14562 = SURFACE_STYLE_USAGE(.BOTH.,#14563);
#14563 = SURFACE_SIDE_STYLE('',(#14564));
#14564 = SURFACE_STYLE_FILL_AREA(#14565);
#14565 = FILL_AREA_STYLE('',(#14566));
#14566 = FILL_AREA_STYLE_COLOUR('',#13635);
#14567 = OVER_RIDING_STYLED_ITEM('overriding color',(#14568),#5169,
  #13490);
#14568 = PRESENTATION_STYLE_ASSIGNMENT((#14569));
#14569 = SURFACE_STYLE_USAGE(.BOTH.,#14570);
#14570 = SURFACE_SIDE_STYLE('',(#14571));
#14571 = SURFACE_STYLE_FILL_AREA(#14572);
#14572 = FILL_AREA_STYLE('',(#14573));
#14573 = FILL_AREA_STYLE_COLOUR('',#13635);
#14574 = OVER_RIDING_STYLED_ITEM('overriding color',(#14575),#5202,
  #13490);
#14575 = PRESENTATION_STYLE_ASSIGNMENT((#14576));
#14576 = SURFACE_STYLE_USAGE(.BOTH.,#14577);
#14577 = SURFACE_SIDE_STYLE('',(#14578));
#14578 = SURFACE_STYLE_FILL_AREA(#14579);
#14579 = FILL_AREA_STYLE('',(#14580));
#14580 = FILL_AREA_STYLE_COLOUR('',#13635);
#14581 = OVER_RIDING_STYLED_ITEM('overriding color',(#14582),#5244,
  #13490);
#14582 = PRESENTATION_STYLE_ASSIGNMENT((#14583));
#14583 = SURFACE_STYLE_USAGE(.BOTH.,#14584);
#14584 = SURFACE_SIDE_STYLE('',(#14585));
#14585 = SURFACE_STYLE_FILL_AREA(#14586);
#14586 = FILL_AREA_STYLE('',(#14587));
#14587 = FILL_AREA_STYLE_COLOUR('',#13635);
#14588 = OVER_RIDING_STYLED_ITEM('overriding color',(#14589),#5275,
  #13490);
#14589 = PRESENTATION_STYLE_ASSIGNMENT((#14590));
#14590 = SURFACE_STYLE_USAGE(.BOTH.,#14591);
#14591 = SURFACE_SIDE_STYLE('',(#14592));
#14592 = SURFACE_STYLE_FILL_AREA(#14593);
#14593 = FILL_AREA_STYLE('',(#14594));
#14594 = FILL_AREA_STYLE_COLOUR('',#13635);
#14595 = OVER_RIDING_STYLED_ITEM('overriding color',(#14596),#5308,
  #13490);
#14596 = PRESENTATION_STYLE_ASSIGNMENT((#14597));
#14597 = SURFACE_STYLE_USAGE(.BOTH.,#14598);
#14598 = SURFACE_SIDE_STYLE('',(#14599));
#14599 = SURFACE_STYLE_FILL_AREA(#14600);
#14600 = FILL_AREA_STYLE('',(#14601));
#14601 = FILL_AREA_STYLE_COLOUR('',#13635);
#14602 = OVER_RIDING_STYLED_ITEM('overriding color',(#14603),#5339,
  #13490);
#14603 = PRESENTATION_STYLE_ASSIGNMENT((#14604));
#14604 = SURFACE_STYLE_USAGE(.BOTH.,#14605);
#14605 = SURFACE_SIDE_STYLE('',(#14606));
#14606 = SURFACE_STYLE_FILL_AREA(#14607);
#14607 = FILL_AREA_STYLE('',(#14608));
#14608 = FILL_AREA_STYLE_COLOUR('',#13635);
#14609 = OVER_RIDING_STYLED_ITEM('overriding color',(#14610),#5370,
  #13490);
#14610 = PRESENTATION_STYLE_ASSIGNMENT((#14611));
#14611 = SURFACE_STYLE_USAGE(.BOTH.,#14612);
#14612 = SURFACE_SIDE_STYLE('',(#14613));
#14613 = SURFACE_STYLE_FILL_AREA(#14614);
#14614 = FILL_AREA_STYLE('',(#14615));
#14615 = FILL_AREA_STYLE_COLOUR('',#13635);
#14616 = OVER_RIDING_STYLED_ITEM('overriding color',(#14617),#5401,
  #13490);
#14617 = PRESENTATION_STYLE_ASSIGNMENT((#14618));
#14618 = SURFACE_STYLE_USAGE(.BOTH.,#14619);
#14619 = SURFACE_SIDE_STYLE('',(#14620));
#14620 = SURFACE_STYLE_FILL_AREA(#14621);
#14621 = FILL_AREA_STYLE('',(#14622));
#14622 = FILL_AREA_STYLE_COLOUR('',#13635);
#14623 = OVER_RIDING_STYLED_ITEM('overriding color',(#14624),#5434,
  #13490);
#14624 = PRESENTATION_STYLE_ASSIGNMENT((#14625));
#14625 = SURFACE_STYLE_USAGE(.BOTH.,#14626);
#14626 = SURFACE_SIDE_STYLE('',(#14627));
#14627 = SURFACE_STYLE_FILL_AREA(#14628);
#14628 = FILL_AREA_STYLE('',(#14629));
#14629 = FILL_AREA_STYLE_COLOUR('',#13635);
#14630 = OVER_RIDING_STYLED_ITEM('overriding color',(#14631),#5465,
  #13490);
#14631 = PRESENTATION_STYLE_ASSIGNMENT((#14632));
#14632 = SURFACE_STYLE_USAGE(.BOTH.,#14633);
#14633 = SURFACE_SIDE_STYLE('',(#14634));
#14634 = SURFACE_STYLE_FILL_AREA(#14635);
#14635 = FILL_AREA_STYLE('',(#14636));
#14636 = FILL_AREA_STYLE_COLOUR('',#13635);
#14637 = OVER_RIDING_STYLED_ITEM('overriding color',(#14638),#5498,
  #13490);
#14638 = PRESENTATION_STYLE_ASSIGNMENT((#14639));
#14639 = SURFACE_STYLE_USAGE(.BOTH.,#14640);
#14640 = SURFACE_SIDE_STYLE('',(#14641));
#14641 = SURFACE_STYLE_FILL_AREA(#14642);
#14642 = FILL_AREA_STYLE('',(#14643));
#14643 = FILL_AREA_STYLE_COLOUR('',#13635);
#14644 = OVER_RIDING_STYLED_ITEM('overriding color',(#14645),#5540,
  #13490);
#14645 = PRESENTATION_STYLE_ASSIGNMENT((#14646));
#14646 = SURFACE_STYLE_USAGE(.BOTH.,#14647);
#14647 = SURFACE_SIDE_STYLE('',(#14648));
#14648 = SURFACE_STYLE_FILL_AREA(#14649);
#14649 = FILL_AREA_STYLE('',(#14650));
#14650 = FILL_AREA_STYLE_COLOUR('',#13635);
#14651 = OVER_RIDING_STYLED_ITEM('overriding color',(#14652),#5571,
  #13490);
#14652 = PRESENTATION_STYLE_ASSIGNMENT((#14653));
#14653 = SURFACE_STYLE_USAGE(.BOTH.,#14654);
#14654 = SURFACE_SIDE_STYLE('',(#14655));
#14655 = SURFACE_STYLE_FILL_AREA(#14656);
#14656 = FILL_AREA_STYLE('',(#14657));
#14657 = FILL_AREA_STYLE_COLOUR('',#13635);
#14658 = OVER_RIDING_STYLED_ITEM('overriding color',(#14659),#5604,
  #13490);
#14659 = PRESENTATION_STYLE_ASSIGNMENT((#14660));
#14660 = SURFACE_STYLE_USAGE(.BOTH.,#14661);
#14661 = SURFACE_SIDE_STYLE('',(#14662));
#14662 = SURFACE_STYLE_FILL_AREA(#14663);
#14663 = FILL_AREA_STYLE('',(#14664));
#14664 = FILL_AREA_STYLE_COLOUR('',#13635);
#14665 = OVER_RIDING_STYLED_ITEM('overriding color',(#14666),#5635,
  #13490);
#14666 = PRESENTATION_STYLE_ASSIGNMENT((#14667));
#14667 = SURFACE_STYLE_USAGE(.BOTH.,#14668);
#14668 = SURFACE_SIDE_STYLE('',(#14669));
#14669 = SURFACE_STYLE_FILL_AREA(#14670);
#14670 = FILL_AREA_STYLE('',(#14671));
#14671 = FILL_AREA_STYLE_COLOUR('',#13635);
#14672 = OVER_RIDING_STYLED_ITEM('overriding color',(#14673),#5666,
  #13490);
#14673 = PRESENTATION_STYLE_ASSIGNMENT((#14674));
#14674 = SURFACE_STYLE_USAGE(.BOTH.,#14675);
#14675 = SURFACE_SIDE_STYLE('',(#14676));
#14676 = SURFACE_STYLE_FILL_AREA(#14677);
#14677 = FILL_AREA_STYLE('',(#14678));
#14678 = FILL_AREA_STYLE_COLOUR('',#13635);
#14679 = OVER_RIDING_STYLED_ITEM('overriding color',(#14680),#5697,
  #13490);
#14680 = PRESENTATION_STYLE_ASSIGNMENT((#14681));
#14681 = SURFACE_STYLE_USAGE(.BOTH.,#14682);
#14682 = SURFACE_SIDE_STYLE('',(#14683));
#14683 = SURFACE_STYLE_FILL_AREA(#14684);
#14684 = FILL_AREA_STYLE('',(#14685));
#14685 = FILL_AREA_STYLE_COLOUR('',#13635);
#14686 = OVER_RIDING_STYLED_ITEM('overriding color',(#14687),#5730,
  #13490);
#14687 = PRESENTATION_STYLE_ASSIGNMENT((#14688));
#14688 = SURFACE_STYLE_USAGE(.BOTH.,#14689);
#14689 = SURFACE_SIDE_STYLE('',(#14690));
#14690 = SURFACE_STYLE_FILL_AREA(#14691);
#14691 = FILL_AREA_STYLE('',(#14692));
#14692 = FILL_AREA_STYLE_COLOUR('',#13635);
#14693 = OVER_RIDING_STYLED_ITEM('overriding color',(#14694),#5761,
  #13490);
#14694 = PRESENTATION_STYLE_ASSIGNMENT((#14695));
#14695 = SURFACE_STYLE_USAGE(.BOTH.,#14696);
#14696 = SURFACE_SIDE_STYLE('',(#14697));
#14697 = SURFACE_STYLE_FILL_AREA(#14698);
#14698 = FILL_AREA_STYLE('',(#14699));
#14699 = FILL_AREA_STYLE_COLOUR('',#13635);
#14700 = OVER_RIDING_STYLED_ITEM('overriding color',(#14701),#5794,
  #13490);
#14701 = PRESENTATION_STYLE_ASSIGNMENT((#14702));
#14702 = SURFACE_STYLE_USAGE(.BOTH.,#14703);
#14703 = SURFACE_SIDE_STYLE('',(#14704));
#14704 = SURFACE_STYLE_FILL_AREA(#14705);
#14705 = FILL_AREA_STYLE('',(#14706));
#14706 = FILL_AREA_STYLE_COLOUR('',#13635);
#14707 = OVER_RIDING_STYLED_ITEM('overriding color',(#14708),#5836,
  #13490);
#14708 = PRESENTATION_STYLE_ASSIGNMENT((#14709));
#14709 = SURFACE_STYLE_USAGE(.BOTH.,#14710);
#14710 = SURFACE_SIDE_STYLE('',(#14711));
#14711 = SURFACE_STYLE_FILL_AREA(#14712);
#14712 = FILL_AREA_STYLE('',(#14713));
#14713 = FILL_AREA_STYLE_COLOUR('',#13635);
#14714 = OVER_RIDING_STYLED_ITEM('overriding color',(#14715),#5867,
  #13490);
#14715 = PRESENTATION_STYLE_ASSIGNMENT((#14716));
#14716 = SURFACE_STYLE_USAGE(.BOTH.,#14717);
#14717 = SURFACE_SIDE_STYLE('',(#14718));
#14718 = SURFACE_STYLE_FILL_AREA(#14719);
#14719 = FILL_AREA_STYLE('',(#14720));
#14720 = FILL_AREA_STYLE_COLOUR('',#13635);
#14721 = OVER_RIDING_STYLED_ITEM('overriding color',(#14722),#5900,
  #13490);
#14722 = PRESENTATION_STYLE_ASSIGNMENT((#14723));
#14723 = SURFACE_STYLE_USAGE(.BOTH.,#14724);
#14724 = SURFACE_SIDE_STYLE('',(#14725));
#14725 = SURFACE_STYLE_FILL_AREA(#14726);
#14726 = FILL_AREA_STYLE('',(#14727));
#14727 = FILL_AREA_STYLE_COLOUR('',#13635);
#14728 = OVER_RIDING_STYLED_ITEM('overriding color',(#14729),#5931,
  #13490);
#14729 = PRESENTATION_STYLE_ASSIGNMENT((#14730));
#14730 = SURFACE_STYLE_USAGE(.BOTH.,#14731);
#14731 = SURFACE_SIDE_STYLE('',(#14732));
#14732 = SURFACE_STYLE_FILL_AREA(#14733);
#14733 = FILL_AREA_STYLE('',(#14734));
#14734 = FILL_AREA_STYLE_COLOUR('',#13635);
#14735 = OVER_RIDING_STYLED_ITEM('overriding color',(#14736),#5962,
  #13490);
#14736 = PRESENTATION_STYLE_ASSIGNMENT((#14737));
#14737 = SURFACE_STYLE_USAGE(.BOTH.,#14738);
#14738 = SURFACE_SIDE_STYLE('',(#14739));
#14739 = SURFACE_STYLE_FILL_AREA(#14740);
#14740 = FILL_AREA_STYLE('',(#14741));
#14741 = FILL_AREA_STYLE_COLOUR('',#13635);
#14742 = OVER_RIDING_STYLED_ITEM('overriding color',(#14743),#5993,
  #13490);
#14743 = PRESENTATION_STYLE_ASSIGNMENT((#14744));
#14744 = SURFACE_STYLE_USAGE(.BOTH.,#14745);
#14745 = SURFACE_SIDE_STYLE('',(#14746));
#14746 = SURFACE_STYLE_FILL_AREA(#14747);
#14747 = FILL_AREA_STYLE('',(#14748));
#14748 = FILL_AREA_STYLE_COLOUR('',#13635);
#14749 = OVER_RIDING_STYLED_ITEM('overriding color',(#14750),#6026,
  #13490);
#14750 = PRESENTATION_STYLE_ASSIGNMENT((#14751));
#14751 = SURFACE_STYLE_USAGE(.BOTH.,#14752);
#14752 = SURFACE_SIDE_STYLE('',(#14753));
#14753 = SURFACE_STYLE_FILL_AREA(#14754);
#14754 = FILL_AREA_STYLE('',(#14755));
#14755 = FILL_AREA_STYLE_COLOUR('',#13635);
#14756 = OVER_RIDING_STYLED_ITEM('overriding color',(#14757),#6057,
  #13490);
#14757 = PRESENTATION_STYLE_ASSIGNMENT((#14758));
#14758 = SURFACE_STYLE_USAGE(.BOTH.,#14759);
#14759 = SURFACE_SIDE_STYLE('',(#14760));
#14760 = SURFACE_STYLE_FILL_AREA(#14761);
#14761 = FILL_AREA_STYLE('',(#14762));
#14762 = FILL_AREA_STYLE_COLOUR('',#13635);
#14763 = OVER_RIDING_STYLED_ITEM('overriding color',(#14764),#6090,
  #13490);
#14764 = PRESENTATION_STYLE_ASSIGNMENT((#14765));
#14765 = SURFACE_STYLE_USAGE(.BOTH.,#14766);
#14766 = SURFACE_SIDE_STYLE('',(#14767));
#14767 = SURFACE_STYLE_FILL_AREA(#14768);
#14768 = FILL_AREA_STYLE('',(#14769));
#14769 = FILL_AREA_STYLE_COLOUR('',#13635);
#14770 = OVER_RIDING_STYLED_ITEM('overriding color',(#14771),#6132,
  #13490);
#14771 = PRESENTATION_STYLE_ASSIGNMENT((#14772));
#14772 = SURFACE_STYLE_USAGE(.BOTH.,#14773);
#14773 = SURFACE_SIDE_STYLE('',(#14774));
#14774 = SURFACE_STYLE_FILL_AREA(#14775);
#14775 = FILL_AREA_STYLE('',(#14776));
#14776 = FILL_AREA_STYLE_COLOUR('',#13635);
#14777 = OVER_RIDING_STYLED_ITEM('overriding color',(#14778),#6163,
  #13490);
#14778 = PRESENTATION_STYLE_ASSIGNMENT((#14779));
#14779 = SURFACE_STYLE_USAGE(.BOTH.,#14780);
#14780 = SURFACE_SIDE_STYLE('',(#14781));
#14781 = SURFACE_STYLE_FILL_AREA(#14782);
#14782 = FILL_AREA_STYLE('',(#14783));
#14783 = FILL_AREA_STYLE_COLOUR('',#13635);
#14784 = OVER_RIDING_STYLED_ITEM('overriding color',(#14785),#6196,
  #13490);
#14785 = PRESENTATION_STYLE_ASSIGNMENT((#14786));
#14786 = SURFACE_STYLE_USAGE(.BOTH.,#14787);
#14787 = SURFACE_SIDE_STYLE('',(#14788));
#14788 = SURFACE_STYLE_FILL_AREA(#14789);
#14789 = FILL_AREA_STYLE('',(#14790));
#14790 = FILL_AREA_STYLE_COLOUR('',#13635);
#14791 = OVER_RIDING_STYLED_ITEM('overriding color',(#14792),#6227,
  #13490);
#14792 = PRESENTATION_STYLE_ASSIGNMENT((#14793));
#14793 = SURFACE_STYLE_USAGE(.BOTH.,#14794);
#14794 = SURFACE_SIDE_STYLE('',(#14795));
#14795 = SURFACE_STYLE_FILL_AREA(#14796);
#14796 = FILL_AREA_STYLE('',(#14797));
#14797 = FILL_AREA_STYLE_COLOUR('',#13635);
#14798 = OVER_RIDING_STYLED_ITEM('overriding color',(#14799),#6258,
  #13490);
#14799 = PRESENTATION_STYLE_ASSIGNMENT((#14800));
#14800 = SURFACE_STYLE_USAGE(.BOTH.,#14801);
#14801 = SURFACE_SIDE_STYLE('',(#14802));
#14802 = SURFACE_STYLE_FILL_AREA(#14803);
#14803 = FILL_AREA_STYLE('',(#14804));
#14804 = FILL_AREA_STYLE_COLOUR('',#13635);
#14805 = OVER_RIDING_STYLED_ITEM('overriding color',(#14806),#6289,
  #13490);
#14806 = PRESENTATION_STYLE_ASSIGNMENT((#14807));
#14807 = SURFACE_STYLE_USAGE(.BOTH.,#14808);
#14808 = SURFACE_SIDE_STYLE('',(#14809));
#14809 = SURFACE_STYLE_FILL_AREA(#14810);
#14810 = FILL_AREA_STYLE('',(#14811));
#14811 = FILL_AREA_STYLE_COLOUR('',#13635);
#14812 = OVER_RIDING_STYLED_ITEM('overriding color',(#14813),#6322,
  #13490);
#14813 = PRESENTATION_STYLE_ASSIGNMENT((#14814));
#14814 = SURFACE_STYLE_USAGE(.BOTH.,#14815);
#14815 = SURFACE_SIDE_STYLE('',(#14816));
#14816 = SURFACE_STYLE_FILL_AREA(#14817);
#14817 = FILL_AREA_STYLE('',(#14818));
#14818 = FILL_AREA_STYLE_COLOUR('',#13635);
#14819 = OVER_RIDING_STYLED_ITEM('overriding color',(#14820),#6353,
  #13490);
#14820 = PRESENTATION_STYLE_ASSIGNMENT((#14821));
#14821 = SURFACE_STYLE_USAGE(.BOTH.,#14822);
#14822 = SURFACE_SIDE_STYLE('',(#14823));
#14823 = SURFACE_STYLE_FILL_AREA(#14824);
#14824 = FILL_AREA_STYLE('',(#14825));
#14825 = FILL_AREA_STYLE_COLOUR('',#13635);
#14826 = OVER_RIDING_STYLED_ITEM('overriding color',(#14827),#6386,
  #13490);
#14827 = PRESENTATION_STYLE_ASSIGNMENT((#14828));
#14828 = SURFACE_STYLE_USAGE(.BOTH.,#14829);
#14829 = SURFACE_SIDE_STYLE('',(#14830));
#14830 = SURFACE_STYLE_FILL_AREA(#14831);
#14831 = FILL_AREA_STYLE('',(#14832));
#14832 = FILL_AREA_STYLE_COLOUR('',#13635);
#14833 = OVER_RIDING_STYLED_ITEM('overriding color',(#14834),#6428,
  #13490);
#14834 = PRESENTATION_STYLE_ASSIGNMENT((#14835));
#14835 = SURFACE_STYLE_USAGE(.BOTH.,#14836);
#14836 = SURFACE_SIDE_STYLE('',(#14837));
#14837 = SURFACE_STYLE_FILL_AREA(#14838);
#14838 = FILL_AREA_STYLE('',(#14839));
#14839 = FILL_AREA_STYLE_COLOUR('',#13635);
#14840 = OVER_RIDING_STYLED_ITEM('overriding color',(#14841),#6459,
  #13490);
#14841 = PRESENTATION_STYLE_ASSIGNMENT((#14842));
#14842 = SURFACE_STYLE_USAGE(.BOTH.,#14843);
#14843 = SURFACE_SIDE_STYLE('',(#14844));
#14844 = SURFACE_STYLE_FILL_AREA(#14845);
#14845 = FILL_AREA_STYLE('',(#14846));
#14846 = FILL_AREA_STYLE_COLOUR('',#13635);
#14847 = OVER_RIDING_STYLED_ITEM('overriding color',(#14848),#6492,
  #13490);
#14848 = PRESENTATION_STYLE_ASSIGNMENT((#14849));
#14849 = SURFACE_STYLE_USAGE(.BOTH.,#14850);
#14850 = SURFACE_SIDE_STYLE('',(#14851));
#14851 = SURFACE_STYLE_FILL_AREA(#14852);
#14852 = FILL_AREA_STYLE('',(#14853));
#14853 = FILL_AREA_STYLE_COLOUR('',#13635);
#14854 = OVER_RIDING_STYLED_ITEM('overriding color',(#14855),#6523,
  #13490);
#14855 = PRESENTATION_STYLE_ASSIGNMENT((#14856));
#14856 = SURFACE_STYLE_USAGE(.BOTH.,#14857);
#14857 = SURFACE_SIDE_STYLE('',(#14858));
#14858 = SURFACE_STYLE_FILL_AREA(#14859);
#14859 = FILL_AREA_STYLE('',(#14860));
#14860 = FILL_AREA_STYLE_COLOUR('',#13635);
#14861 = OVER_RIDING_STYLED_ITEM('overriding color',(#14862),#6554,
  #13490);
#14862 = PRESENTATION_STYLE_ASSIGNMENT((#14863));
#14863 = SURFACE_STYLE_USAGE(.BOTH.,#14864);
#14864 = SURFACE_SIDE_STYLE('',(#14865));
#14865 = SURFACE_STYLE_FILL_AREA(#14866);
#14866 = FILL_AREA_STYLE('',(#14867));
#14867 = FILL_AREA_STYLE_COLOUR('',#13635);
#14868 = OVER_RIDING_STYLED_ITEM('overriding color',(#14869),#6585,
  #13490);
#14869 = PRESENTATION_STYLE_ASSIGNMENT((#14870));
#14870 = SURFACE_STYLE_USAGE(.BOTH.,#14871);
#14871 = SURFACE_SIDE_STYLE('',(#14872));
#14872 = SURFACE_STYLE_FILL_AREA(#14873);
#14873 = FILL_AREA_STYLE('',(#14874));
#14874 = FILL_AREA_STYLE_COLOUR('',#13635);
#14875 = OVER_RIDING_STYLED_ITEM('overriding color',(#14876),#6618,
  #13490);
#14876 = PRESENTATION_STYLE_ASSIGNMENT((#14877));
#14877 = SURFACE_STYLE_USAGE(.BOTH.,#14878);
#14878 = SURFACE_SIDE_STYLE('',(#14879));
#14879 = SURFACE_STYLE_FILL_AREA(#14880);
#14880 = FILL_AREA_STYLE('',(#14881));
#14881 = FILL_AREA_STYLE_COLOUR('',#13635);
#14882 = OVER_RIDING_STYLED_ITEM('overriding color',(#14883),#6649,
  #13490);
#14883 = PRESENTATION_STYLE_ASSIGNMENT((#14884));
#14884 = SURFACE_STYLE_USAGE(.BOTH.,#14885);
#14885 = SURFACE_SIDE_STYLE('',(#14886));
#14886 = SURFACE_STYLE_FILL_AREA(#14887);
#14887 = FILL_AREA_STYLE('',(#14888));
#14888 = FILL_AREA_STYLE_COLOUR('',#13635);
#14889 = OVER_RIDING_STYLED_ITEM('overriding color',(#14890),#6682,
  #13490);
#14890 = PRESENTATION_STYLE_ASSIGNMENT((#14891));
#14891 = SURFACE_STYLE_USAGE(.BOTH.,#14892);
#14892 = SURFACE_SIDE_STYLE('',(#14893));
#14893 = SURFACE_STYLE_FILL_AREA(#14894);
#14894 = FILL_AREA_STYLE('',(#14895));
#14895 = FILL_AREA_STYLE_COLOUR('',#13635);
#14896 = OVER_RIDING_STYLED_ITEM('overriding color',(#14897),#6724,
  #13490);
#14897 = PRESENTATION_STYLE_ASSIGNMENT((#14898));
#14898 = SURFACE_STYLE_USAGE(.BOTH.,#14899);
#14899 = SURFACE_SIDE_STYLE('',(#14900));
#14900 = SURFACE_STYLE_FILL_AREA(#14901);
#14901 = FILL_AREA_STYLE('',(#14902));
#14902 = FILL_AREA_STYLE_COLOUR('',#13635);
#14903 = OVER_RIDING_STYLED_ITEM('overriding color',(#14904),#6755,
  #13490);
#14904 = PRESENTATION_STYLE_ASSIGNMENT((#14905));
#14905 = SURFACE_STYLE_USAGE(.BOTH.,#14906);
#14906 = SURFACE_SIDE_STYLE('',(#14907));
#14907 = SURFACE_STYLE_FILL_AREA(#14908);
#14908 = FILL_AREA_STYLE('',(#14909));
#14909 = FILL_AREA_STYLE_COLOUR('',#13635);
#14910 = OVER_RIDING_STYLED_ITEM('overriding color',(#14911),#6788,
  #13490);
#14911 = PRESENTATION_STYLE_ASSIGNMENT((#14912));
#14912 = SURFACE_STYLE_USAGE(.BOTH.,#14913);
#14913 = SURFACE_SIDE_STYLE('',(#14914));
#14914 = SURFACE_STYLE_FILL_AREA(#14915);
#14915 = FILL_AREA_STYLE('',(#14916));
#14916 = FILL_AREA_STYLE_COLOUR('',#13635);
#14917 = OVER_RIDING_STYLED_ITEM('overriding color',(#14918),#6819,
  #13490);
#14918 = PRESENTATION_STYLE_ASSIGNMENT((#14919));
#14919 = SURFACE_STYLE_USAGE(.BOTH.,#14920);
#14920 = SURFACE_SIDE_STYLE('',(#14921));
#14921 = SURFACE_STYLE_FILL_AREA(#14922);
#14922 = FILL_AREA_STYLE('',(#14923));
#14923 = FILL_AREA_STYLE_COLOUR('',#13635);
#14924 = OVER_RIDING_STYLED_ITEM('overriding color',(#14925),#6850,
  #13490);
#14925 = PRESENTATION_STYLE_ASSIGNMENT((#14926));
#14926 = SURFACE_STYLE_USAGE(.BOTH.,#14927);
#14927 = SURFACE_SIDE_STYLE('',(#14928));
#14928 = SURFACE_STYLE_FILL_AREA(#14929);
#14929 = FILL_AREA_STYLE('',(#14930));
#14930 = FILL_AREA_STYLE_COLOUR('',#13635);
#14931 = OVER_RIDING_STYLED_ITEM('overriding color',(#14932),#6881,
  #13490);
#14932 = PRESENTATION_STYLE_ASSIGNMENT((#14933));
#14933 = SURFACE_STYLE_USAGE(.BOTH.,#14934);
#14934 = SURFACE_SIDE_STYLE('',(#14935));
#14935 = SURFACE_STYLE_FILL_AREA(#14936);
#14936 = FILL_AREA_STYLE('',(#14937));
#14937 = FILL_AREA_STYLE_COLOUR('',#13635);
#14938 = OVER_RIDING_STYLED_ITEM('overriding color',(#14939),#6914,
  #13490);
#14939 = PRESENTATION_STYLE_ASSIGNMENT((#14940));
#14940 = SURFACE_STYLE_USAGE(.BOTH.,#14941);
#14941 = SURFACE_SIDE_STYLE('',(#14942));
#14942 = SURFACE_STYLE_FILL_AREA(#14943);
#14943 = FILL_AREA_STYLE('',(#14944));
#14944 = FILL_AREA_STYLE_COLOUR('',#13635);
#14945 = OVER_RIDING_STYLED_ITEM('overriding color',(#14946),#6945,
  #13490);
#14946 = PRESENTATION_STYLE_ASSIGNMENT((#14947));
#14947 = SURFACE_STYLE_USAGE(.BOTH.,#14948);
#14948 = SURFACE_SIDE_STYLE('',(#14949));
#14949 = SURFACE_STYLE_FILL_AREA(#14950);
#14950 = FILL_AREA_STYLE('',(#14951));
#14951 = FILL_AREA_STYLE_COLOUR('',#13635);
#14952 = OVER_RIDING_STYLED_ITEM('overriding color',(#14953),#6978,
  #13490);
#14953 = PRESENTATION_STYLE_ASSIGNMENT((#14954));
#14954 = SURFACE_STYLE_USAGE(.BOTH.,#14955);
#14955 = SURFACE_SIDE_STYLE('',(#14956));
#14956 = SURFACE_STYLE_FILL_AREA(#14957);
#14957 = FILL_AREA_STYLE('',(#14958));
#14958 = FILL_AREA_STYLE_COLOUR('',#13635);
#14959 = OVER_RIDING_STYLED_ITEM('overriding color',(#14960),#7020,
  #13490);
#14960 = PRESENTATION_STYLE_ASSIGNMENT((#14961));
#14961 = SURFACE_STYLE_USAGE(.BOTH.,#14962);
#14962 = SURFACE_SIDE_STYLE('',(#14963));
#14963 = SURFACE_STYLE_FILL_AREA(#14964);
#14964 = FILL_AREA_STYLE('',(#14965));
#14965 = FILL_AREA_STYLE_COLOUR('',#13635);
#14966 = OVER_RIDING_STYLED_ITEM('overriding color',(#14967),#7051,
  #13490);
#14967 = PRESENTATION_STYLE_ASSIGNMENT((#14968));
#14968 = SURFACE_STYLE_USAGE(.BOTH.,#14969);
#14969 = SURFACE_SIDE_STYLE('',(#14970));
#14970 = SURFACE_STYLE_FILL_AREA(#14971);
#14971 = FILL_AREA_STYLE('',(#14972));
#14972 = FILL_AREA_STYLE_COLOUR('',#13635);
#14973 = OVER_RIDING_STYLED_ITEM('overriding color',(#14974),#7084,
  #13490);
#14974 = PRESENTATION_STYLE_ASSIGNMENT((#14975));
#14975 = SURFACE_STYLE_USAGE(.BOTH.,#14976);
#14976 = SURFACE_SIDE_STYLE('',(#14977));
#14977 = SURFACE_STYLE_FILL_AREA(#14978);
#14978 = FILL_AREA_STYLE('',(#14979));
#14979 = FILL_AREA_STYLE_COLOUR('',#13635);
#14980 = OVER_RIDING_STYLED_ITEM('overriding color',(#14981),#7115,
  #13490);
#14981 = PRESENTATION_STYLE_ASSIGNMENT((#14982));
#14982 = SURFACE_STYLE_USAGE(.BOTH.,#14983);
#14983 = SURFACE_SIDE_STYLE('',(#14984));
#14984 = SURFACE_STYLE_FILL_AREA(#14985);
#14985 = FILL_AREA_STYLE('',(#14986));
#14986 = FILL_AREA_STYLE_COLOUR('',#13635);
#14987 = OVER_RIDING_STYLED_ITEM('overriding color',(#14988),#7146,
  #13490);
#14988 = PRESENTATION_STYLE_ASSIGNMENT((#14989));
#14989 = SURFACE_STYLE_USAGE(.BOTH.,#14990);
#14990 = SURFACE_SIDE_STYLE('',(#14991));
#14991 = SURFACE_STYLE_FILL_AREA(#14992);
#14992 = FILL_AREA_STYLE('',(#14993));
#14993 = FILL_AREA_STYLE_COLOUR('',#13635);
#14994 = OVER_RIDING_STYLED_ITEM('overriding color',(#14995),#7177,
  #13490);
#14995 = PRESENTATION_STYLE_ASSIGNMENT((#14996));
#14996 = SURFACE_STYLE_USAGE(.BOTH.,#14997);
#14997 = SURFACE_SIDE_STYLE('',(#14998));
#14998 = SURFACE_STYLE_FILL_AREA(#14999);
#14999 = FILL_AREA_STYLE('',(#15000));
#15000 = FILL_AREA_STYLE_COLOUR('',#13635);
#15001 = OVER_RIDING_STYLED_ITEM('overriding color',(#15002),#7210,
  #13490);
#15002 = PRESENTATION_STYLE_ASSIGNMENT((#15003));
#15003 = SURFACE_STYLE_USAGE(.BOTH.,#15004);
#15004 = SURFACE_SIDE_STYLE('',(#15005));
#15005 = SURFACE_STYLE_FILL_AREA(#15006);
#15006 = FILL_AREA_STYLE('',(#15007));
#15007 = FILL_AREA_STYLE_COLOUR('',#13635);
#15008 = OVER_RIDING_STYLED_ITEM('overriding color',(#15009),#7241,
  #13490);
#15009 = PRESENTATION_STYLE_ASSIGNMENT((#15010));
#15010 = SURFACE_STYLE_USAGE(.BOTH.,#15011);
#15011 = SURFACE_SIDE_STYLE('',(#15012));
#15012 = SURFACE_STYLE_FILL_AREA(#15013);
#15013 = FILL_AREA_STYLE('',(#15014));
#15014 = FILL_AREA_STYLE_COLOUR('',#13635);
#15015 = OVER_RIDING_STYLED_ITEM('overriding color',(#15016),#7274,
  #13490);
#15016 = PRESENTATION_STYLE_ASSIGNMENT((#15017));
#15017 = SURFACE_STYLE_USAGE(.BOTH.,#15018);
#15018 = SURFACE_SIDE_STYLE('',(#15019));
#15019 = SURFACE_STYLE_FILL_AREA(#15020);
#15020 = FILL_AREA_STYLE('',(#15021));
#15021 = FILL_AREA_STYLE_COLOUR('',#13635);
#15022 = OVER_RIDING_STYLED_ITEM('overriding color',(#15023),#7316,
  #13490);
#15023 = PRESENTATION_STYLE_ASSIGNMENT((#15024));
#15024 = SURFACE_STYLE_USAGE(.BOTH.,#15025);
#15025 = SURFACE_SIDE_STYLE('',(#15026));
#15026 = SURFACE_STYLE_FILL_AREA(#15027);
#15027 = FILL_AREA_STYLE('',(#15028));
#15028 = FILL_AREA_STYLE_COLOUR('',#13635);
#15029 = OVER_RIDING_STYLED_ITEM('overriding color',(#15030),#7347,
  #13490);
#15030 = PRESENTATION_STYLE_ASSIGNMENT((#15031));
#15031 = SURFACE_STYLE_USAGE(.BOTH.,#15032);
#15032 = SURFACE_SIDE_STYLE('',(#15033));
#15033 = SURFACE_STYLE_FILL_AREA(#15034);
#15034 = FILL_AREA_STYLE('',(#15035));
#15035 = FILL_AREA_STYLE_COLOUR('',#13635);
#15036 = OVER_RIDING_STYLED_ITEM('overriding color',(#15037),#7380,
  #13490);
#15037 = PRESENTATION_STYLE_ASSIGNMENT((#15038));
#15038 = SURFACE_STYLE_USAGE(.BOTH.,#15039);
#15039 = SURFACE_SIDE_STYLE('',(#15040));
#15040 = SURFACE_STYLE_FILL_AREA(#15041);
#15041 = FILL_AREA_STYLE('',(#15042));
#15042 = FILL_AREA_STYLE_COLOUR('',#13635);
#15043 = OVER_RIDING_STYLED_ITEM('overriding color',(#15044),#7411,
  #13490);
#15044 = PRESENTATION_STYLE_ASSIGNMENT((#15045));
#15045 = SURFACE_STYLE_USAGE(.BOTH.,#15046);
#15046 = SURFACE_SIDE_STYLE('',(#15047));
#15047 = SURFACE_STYLE_FILL_AREA(#15048);
#15048 = FILL_AREA_STYLE('',(#15049));
#15049 = FILL_AREA_STYLE_COLOUR('',#13635);
#15050 = OVER_RIDING_STYLED_ITEM('overriding color',(#15051),#7442,
  #13490);
#15051 = PRESENTATION_STYLE_ASSIGNMENT((#15052));
#15052 = SURFACE_STYLE_USAGE(.BOTH.,#15053);
#15053 = SURFACE_SIDE_STYLE('',(#15054));
#15054 = SURFACE_STYLE_FILL_AREA(#15055);
#15055 = FILL_AREA_STYLE('',(#15056));
#15056 = FILL_AREA_STYLE_COLOUR('',#13635);
#15057 = OVER_RIDING_STYLED_ITEM('overriding color',(#15058),#7473,
  #13490);
#15058 = PRESENTATION_STYLE_ASSIGNMENT((#15059));
#15059 = SURFACE_STYLE_USAGE(.BOTH.,#15060);
#15060 = SURFACE_SIDE_STYLE('',(#15061));
#15061 = SURFACE_STYLE_FILL_AREA(#15062);
#15062 = FILL_AREA_STYLE('',(#15063));
#15063 = FILL_AREA_STYLE_COLOUR('',#13635);
#15064 = OVER_RIDING_STYLED_ITEM('overriding color',(#15065),#7506,
  #13490);
#15065 = PRESENTATION_STYLE_ASSIGNMENT((#15066));
#15066 = SURFACE_STYLE_USAGE(.BOTH.,#15067);
#15067 = SURFACE_SIDE_STYLE('',(#15068));
#15068 = SURFACE_STYLE_FILL_AREA(#15069);
#15069 = FILL_AREA_STYLE('',(#15070));
#15070 = FILL_AREA_STYLE_COLOUR('',#13635);
#15071 = OVER_RIDING_STYLED_ITEM('overriding color',(#15072),#7537,
  #13490);
#15072 = PRESENTATION_STYLE_ASSIGNMENT((#15073));
#15073 = SURFACE_STYLE_USAGE(.BOTH.,#15074);
#15074 = SURFACE_SIDE_STYLE('',(#15075));
#15075 = SURFACE_STYLE_FILL_AREA(#15076);
#15076 = FILL_AREA_STYLE('',(#15077));
#15077 = FILL_AREA_STYLE_COLOUR('',#13635);
#15078 = OVER_RIDING_STYLED_ITEM('overriding color',(#15079),#7570,
  #13490);
#15079 = PRESENTATION_STYLE_ASSIGNMENT((#15080));
#15080 = SURFACE_STYLE_USAGE(.BOTH.,#15081);
#15081 = SURFACE_SIDE_STYLE('',(#15082));
#15082 = SURFACE_STYLE_FILL_AREA(#15083);
#15083 = FILL_AREA_STYLE('',(#15084));
#15084 = FILL_AREA_STYLE_COLOUR('',#13635);
#15085 = OVER_RIDING_STYLED_ITEM('overriding color',(#15086),#7612,
  #13490);
#15086 = PRESENTATION_STYLE_ASSIGNMENT((#15087));
#15087 = SURFACE_STYLE_USAGE(.BOTH.,#15088);
#15088 = SURFACE_SIDE_STYLE('',(#15089));
#15089 = SURFACE_STYLE_FILL_AREA(#15090);
#15090 = FILL_AREA_STYLE('',(#15091));
#15091 = FILL_AREA_STYLE_COLOUR('',#13635);
#15092 = OVER_RIDING_STYLED_ITEM('overriding color',(#15093),#7643,
  #13490);
#15093 = PRESENTATION_STYLE_ASSIGNMENT((#15094));
#15094 = SURFACE_STYLE_USAGE(.BOTH.,#15095);
#15095 = SURFACE_SIDE_STYLE('',(#15096));
#15096 = SURFACE_STYLE_FILL_AREA(#15097);
#15097 = FILL_AREA_STYLE('',(#15098));
#15098 = FILL_AREA_STYLE_COLOUR('',#13635);
#15099 = OVER_RIDING_STYLED_ITEM('overriding color',(#15100),#7676,
  #13490);
#15100 = PRESENTATION_STYLE_ASSIGNMENT((#15101));
#15101 = SURFACE_STYLE_USAGE(.BOTH.,#15102);
#15102 = SURFACE_SIDE_STYLE('',(#15103));
#15103 = SURFACE_STYLE_FILL_AREA(#15104);
#15104 = FILL_AREA_STYLE('',(#15105));
#15105 = FILL_AREA_STYLE_COLOUR('',#13635);
#15106 = OVER_RIDING_STYLED_ITEM('overriding color',(#15107),#7707,
  #13490);
#15107 = PRESENTATION_STYLE_ASSIGNMENT((#15108));
#15108 = SURFACE_STYLE_USAGE(.BOTH.,#15109);
#15109 = SURFACE_SIDE_STYLE('',(#15110));
#15110 = SURFACE_STYLE_FILL_AREA(#15111);
#15111 = FILL_AREA_STYLE('',(#15112));
#15112 = FILL_AREA_STYLE_COLOUR('',#13635);
#15113 = OVER_RIDING_STYLED_ITEM('overriding color',(#15114),#7738,
  #13490);
#15114 = PRESENTATION_STYLE_ASSIGNMENT((#15115));
#15115 = SURFACE_STYLE_USAGE(.BOTH.,#15116);
#15116 = SURFACE_SIDE_STYLE('',(#15117));
#15117 = SURFACE_STYLE_FILL_AREA(#15118);
#15118 = FILL_AREA_STYLE('',(#15119));
#15119 = FILL_AREA_STYLE_COLOUR('',#13635);
#15120 = OVER_RIDING_STYLED_ITEM('overriding color',(#15121),#7769,
  #13490);
#15121 = PRESENTATION_STYLE_ASSIGNMENT((#15122));
#15122 = SURFACE_STYLE_USAGE(.BOTH.,#15123);
#15123 = SURFACE_SIDE_STYLE('',(#15124));
#15124 = SURFACE_STYLE_FILL_AREA(#15125);
#15125 = FILL_AREA_STYLE('',(#15126));
#15126 = FILL_AREA_STYLE_COLOUR('',#13635);
#15127 = OVER_RIDING_STYLED_ITEM('overriding color',(#15128),#7802,
  #13490);
#15128 = PRESENTATION_STYLE_ASSIGNMENT((#15129));
#15129 = SURFACE_STYLE_USAGE(.BOTH.,#15130);
#15130 = SURFACE_SIDE_STYLE('',(#15131));
#15131 = SURFACE_STYLE_FILL_AREA(#15132);
#15132 = FILL_AREA_STYLE('',(#15133));
#15133 = FILL_AREA_STYLE_COLOUR('',#13635);
#15134 = OVER_RIDING_STYLED_ITEM('overriding color',(#15135),#7833,
  #13490);
#15135 = PRESENTATION_STYLE_ASSIGNMENT((#15136));
#15136 = SURFACE_STYLE_USAGE(.BOTH.,#15137);
#15137 = SURFACE_SIDE_STYLE('',(#15138));
#15138 = SURFACE_STYLE_FILL_AREA(#15139);
#15139 = FILL_AREA_STYLE('',(#15140));
#15140 = FILL_AREA_STYLE_COLOUR('',#13635);
#15141 = OVER_RIDING_STYLED_ITEM('overriding color',(#15142),#8062,
  #13490);
#15142 = PRESENTATION_STYLE_ASSIGNMENT((#15143));
#15143 = SURFACE_STYLE_USAGE(.BOTH.,#15144);
#15144 = SURFACE_SIDE_STYLE('',(#15145));
#15145 = SURFACE_STYLE_FILL_AREA(#15146);
#15146 = FILL_AREA_STYLE('',(#15147));
#15147 = FILL_AREA_STYLE_COLOUR('',#13635);
#15148 = OVER_RIDING_STYLED_ITEM('overriding color',(#15149),#8093,
  #13490);
#15149 = PRESENTATION_STYLE_ASSIGNMENT((#15150));
#15150 = SURFACE_STYLE_USAGE(.BOTH.,#15151);
#15151 = SURFACE_SIDE_STYLE('',(#15152));
#15152 = SURFACE_STYLE_FILL_AREA(#15153);
#15153 = FILL_AREA_STYLE('',(#15154));
#15154 = FILL_AREA_STYLE_COLOUR('',#13635);
#15155 = OVER_RIDING_STYLED_ITEM('overriding color',(#15156),#8125,
  #13490);
#15156 = PRESENTATION_STYLE_ASSIGNMENT((#15157));
#15157 = SURFACE_STYLE_USAGE(.BOTH.,#15158);
#15158 = SURFACE_SIDE_STYLE('',(#15159));
#15159 = SURFACE_STYLE_FILL_AREA(#15160);
#15160 = FILL_AREA_STYLE('',(#15161));
#15161 = FILL_AREA_STYLE_COLOUR('',#13635);
#15162 = OVER_RIDING_STYLED_ITEM('overriding color',(#15163),#8149,
  #13490);
#15163 = PRESENTATION_STYLE_ASSIGNMENT((#15164));
#15164 = SURFACE_STYLE_USAGE(.BOTH.,#15165);
#15165 = SURFACE_SIDE_STYLE('',(#15166));
#15166 = SURFACE_STYLE_FILL_AREA(#15167);
#15167 = FILL_AREA_STYLE('',(#15168));
#15168 = FILL_AREA_STYLE_COLOUR('',#13635);
#15169 = OVER_RIDING_STYLED_ITEM('overriding color',(#15170),#8174,
  #13490);
#15170 = PRESENTATION_STYLE_ASSIGNMENT((#15171));
#15171 = SURFACE_STYLE_USAGE(.BOTH.,#15172);
#15172 = SURFACE_SIDE_STYLE('',(#15173));
#15173 = SURFACE_STYLE_FILL_AREA(#15174);
#15174 = FILL_AREA_STYLE('',(#15175));
#15175 = FILL_AREA_STYLE_COLOUR('',#13635);
#15176 = OVER_RIDING_STYLED_ITEM('overriding color',(#15177),#8205,
  #13490);
#15177 = PRESENTATION_STYLE_ASSIGNMENT((#15178));
#15178 = SURFACE_STYLE_USAGE(.BOTH.,#15179);
#15179 = SURFACE_SIDE_STYLE('',(#15180));
#15180 = SURFACE_STYLE_FILL_AREA(#15181);
#15181 = FILL_AREA_STYLE('',(#15182));
#15182 = FILL_AREA_STYLE_COLOUR('',#13635);
#15183 = OVER_RIDING_STYLED_ITEM('overriding color',(#15184),#8237,
  #13490);
#15184 = PRESENTATION_STYLE_ASSIGNMENT((#15185));
#15185 = SURFACE_STYLE_USAGE(.BOTH.,#15186);
#15186 = SURFACE_SIDE_STYLE('',(#15187));
#15187 = SURFACE_STYLE_FILL_AREA(#15188);
#15188 = FILL_AREA_STYLE('',(#15189));
#15189 = FILL_AREA_STYLE_COLOUR('',#13635);
#15190 = OVER_RIDING_STYLED_ITEM('overriding color',(#15191),#8261,
  #13490);
#15191 = PRESENTATION_STYLE_ASSIGNMENT((#15192));
#15192 = SURFACE_STYLE_USAGE(.BOTH.,#15193);
#15193 = SURFACE_SIDE_STYLE('',(#15194));
#15194 = SURFACE_STYLE_FILL_AREA(#15195);
#15195 = FILL_AREA_STYLE('',(#15196));
#15196 = FILL_AREA_STYLE_COLOUR('',#13635);
#15197 = OVER_RIDING_STYLED_ITEM('overriding color',(#15198),#8286,
  #13490);
#15198 = PRESENTATION_STYLE_ASSIGNMENT((#15199));
#15199 = SURFACE_STYLE_USAGE(.BOTH.,#15200);
#15200 = SURFACE_SIDE_STYLE('',(#15201));
#15201 = SURFACE_STYLE_FILL_AREA(#15202);
#15202 = FILL_AREA_STYLE('',(#15203));
#15203 = FILL_AREA_STYLE_COLOUR('',#13635);
#15204 = OVER_RIDING_STYLED_ITEM('overriding color',(#15205),#8317,
  #13490);
#15205 = PRESENTATION_STYLE_ASSIGNMENT((#15206));
#15206 = SURFACE_STYLE_USAGE(.BOTH.,#15207);
#15207 = SURFACE_SIDE_STYLE('',(#15208));
#15208 = SURFACE_STYLE_FILL_AREA(#15209);
#15209 = FILL_AREA_STYLE('',(#15210));
#15210 = FILL_AREA_STYLE_COLOUR('',#13635);
#15211 = OVER_RIDING_STYLED_ITEM('overriding color',(#15212),#8349,
  #13490);
#15212 = PRESENTATION_STYLE_ASSIGNMENT((#15213));
#15213 = SURFACE_STYLE_USAGE(.BOTH.,#15214);
#15214 = SURFACE_SIDE_STYLE('',(#15215));
#15215 = SURFACE_STYLE_FILL_AREA(#15216);
#15216 = FILL_AREA_STYLE('',(#15217));
#15217 = FILL_AREA_STYLE_COLOUR('',#13635);
#15218 = OVER_RIDING_STYLED_ITEM('overriding color',(#15219),#8373,
  #13490);
#15219 = PRESENTATION_STYLE_ASSIGNMENT((#15220));
#15220 = SURFACE_STYLE_USAGE(.BOTH.,#15221);
#15221 = SURFACE_SIDE_STYLE('',(#15222));
#15222 = SURFACE_STYLE_FILL_AREA(#15223);
#15223 = FILL_AREA_STYLE('',(#15224));
#15224 = FILL_AREA_STYLE_COLOUR('',#13635);
#15225 = OVER_RIDING_STYLED_ITEM('overriding color',(#15226),#8398,
  #13490);
#15226 = PRESENTATION_STYLE_ASSIGNMENT((#15227));
#15227 = SURFACE_STYLE_USAGE(.BOTH.,#15228);
#15228 = SURFACE_SIDE_STYLE('',(#15229));
#15229 = SURFACE_STYLE_FILL_AREA(#15230);
#15230 = FILL_AREA_STYLE('',(#15231));
#15231 = FILL_AREA_STYLE_COLOUR('',#13635);
#15232 = OVER_RIDING_STYLED_ITEM('overriding color',(#15233),#8429,
  #13490);
#15233 = PRESENTATION_STYLE_ASSIGNMENT((#15234));
#15234 = SURFACE_STYLE_USAGE(.BOTH.,#15235);
#15235 = SURFACE_SIDE_STYLE('',(#15236));
#15236 = SURFACE_STYLE_FILL_AREA(#15237);
#15237 = FILL_AREA_STYLE('',(#15238));
#15238 = FILL_AREA_STYLE_COLOUR('',#13635);
#15239 = OVER_RIDING_STYLED_ITEM('overriding color',(#15240),#8461,
  #13490);
#15240 = PRESENTATION_STYLE_ASSIGNMENT((#15241));
#15241 = SURFACE_STYLE_USAGE(.BOTH.,#15242);
#15242 = SURFACE_SIDE_STYLE('',(#15243));
#15243 = SURFACE_STYLE_FILL_AREA(#15244);
#15244 = FILL_AREA_STYLE('',(#15245));
#15245 = FILL_AREA_STYLE_COLOUR('',#13635);
#15246 = OVER_RIDING_STYLED_ITEM('overriding color',(#15247),#8485,
  #13490);
#15247 = PRESENTATION_STYLE_ASSIGNMENT((#15248));
#15248 = SURFACE_STYLE_USAGE(.BOTH.,#15249);
#15249 = SURFACE_SIDE_STYLE('',(#15250));
#15250 = SURFACE_STYLE_FILL_AREA(#15251);
#15251 = FILL_AREA_STYLE('',(#15252));
#15252 = FILL_AREA_STYLE_COLOUR('',#13635);
#15253 = OVER_RIDING_STYLED_ITEM('overriding color',(#15254),#8510,
  #13490);
#15254 = PRESENTATION_STYLE_ASSIGNMENT((#15255));
#15255 = SURFACE_STYLE_USAGE(.BOTH.,#15256);
#15256 = SURFACE_SIDE_STYLE('',(#15257));
#15257 = SURFACE_STYLE_FILL_AREA(#15258);
#15258 = FILL_AREA_STYLE('',(#15259));
#15259 = FILL_AREA_STYLE_COLOUR('',#13635);
#15260 = OVER_RIDING_STYLED_ITEM('overriding color',(#15261),#8541,
  #13490);
#15261 = PRESENTATION_STYLE_ASSIGNMENT((#15262));
#15262 = SURFACE_STYLE_USAGE(.BOTH.,#15263);
#15263 = SURFACE_SIDE_STYLE('',(#15264));
#15264 = SURFACE_STYLE_FILL_AREA(#15265);
#15265 = FILL_AREA_STYLE('',(#15266));
#15266 = FILL_AREA_STYLE_COLOUR('',#13635);
#15267 = OVER_RIDING_STYLED_ITEM('overriding color',(#15268),#8573,
  #13490);
#15268 = PRESENTATION_STYLE_ASSIGNMENT((#15269));
#15269 = SURFACE_STYLE_USAGE(.BOTH.,#15270);
#15270 = SURFACE_SIDE_STYLE('',(#15271));
#15271 = SURFACE_STYLE_FILL_AREA(#15272);
#15272 = FILL_AREA_STYLE('',(#15273));
#15273 = FILL_AREA_STYLE_COLOUR('',#13635);
#15274 = OVER_RIDING_STYLED_ITEM('overriding color',(#15275),#8597,
  #13490);
#15275 = PRESENTATION_STYLE_ASSIGNMENT((#15276));
#15276 = SURFACE_STYLE_USAGE(.BOTH.,#15277);
#15277 = SURFACE_SIDE_STYLE('',(#15278));
#15278 = SURFACE_STYLE_FILL_AREA(#15279);
#15279 = FILL_AREA_STYLE('',(#15280));
#15280 = FILL_AREA_STYLE_COLOUR('',#13635);
#15281 = OVER_RIDING_STYLED_ITEM('overriding color',(#15282),#8622,
  #13490);
#15282 = PRESENTATION_STYLE_ASSIGNMENT((#15283));
#15283 = SURFACE_STYLE_USAGE(.BOTH.,#15284);
#15284 = SURFACE_SIDE_STYLE('',(#15285));
#15285 = SURFACE_STYLE_FILL_AREA(#15286);
#15286 = FILL_AREA_STYLE('',(#15287));
#15287 = FILL_AREA_STYLE_COLOUR('',#13635);
#15288 = OVER_RIDING_STYLED_ITEM('overriding color',(#15289),#8653,
  #13490);
#15289 = PRESENTATION_STYLE_ASSIGNMENT((#15290));
#15290 = SURFACE_STYLE_USAGE(.BOTH.,#15291);
#15291 = SURFACE_SIDE_STYLE('',(#15292));
#15292 = SURFACE_STYLE_FILL_AREA(#15293);
#15293 = FILL_AREA_STYLE('',(#15294));
#15294 = FILL_AREA_STYLE_COLOUR('',#13635);
#15295 = OVER_RIDING_STYLED_ITEM('overriding color',(#15296),#8685,
  #13490);
#15296 = PRESENTATION_STYLE_ASSIGNMENT((#15297));
#15297 = SURFACE_STYLE_USAGE(.BOTH.,#15298);
#15298 = SURFACE_SIDE_STYLE('',(#15299));
#15299 = SURFACE_STYLE_FILL_AREA(#15300);
#15300 = FILL_AREA_STYLE('',(#15301));
#15301 = FILL_AREA_STYLE_COLOUR('',#13635);
#15302 = OVER_RIDING_STYLED_ITEM('overriding color',(#15303),#8709,
  #13490);
#15303 = PRESENTATION_STYLE_ASSIGNMENT((#15304));
#15304 = SURFACE_STYLE_USAGE(.BOTH.,#15305);
#15305 = SURFACE_SIDE_STYLE('',(#15306));
#15306 = SURFACE_STYLE_FILL_AREA(#15307);
#15307 = FILL_AREA_STYLE('',(#15308));
#15308 = FILL_AREA_STYLE_COLOUR('',#13635);
#15309 = OVER_RIDING_STYLED_ITEM('overriding color',(#15310),#8734,
  #13490);
#15310 = PRESENTATION_STYLE_ASSIGNMENT((#15311));
#15311 = SURFACE_STYLE_USAGE(.BOTH.,#15312);
#15312 = SURFACE_SIDE_STYLE('',(#15313));
#15313 = SURFACE_STYLE_FILL_AREA(#15314);
#15314 = FILL_AREA_STYLE('',(#15315));
#15315 = FILL_AREA_STYLE_COLOUR('',#13635);
#15316 = OVER_RIDING_STYLED_ITEM('overriding color',(#15317),#8765,
  #13490);
#15317 = PRESENTATION_STYLE_ASSIGNMENT((#15318));
#15318 = SURFACE_STYLE_USAGE(.BOTH.,#15319);
#15319 = SURFACE_SIDE_STYLE('',(#15320));
#15320 = SURFACE_STYLE_FILL_AREA(#15321);
#15321 = FILL_AREA_STYLE('',(#15322));
#15322 = FILL_AREA_STYLE_COLOUR('',#13635);
#15323 = OVER_RIDING_STYLED_ITEM('overriding color',(#15324),#8797,
  #13490);
#15324 = PRESENTATION_STYLE_ASSIGNMENT((#15325));
#15325 = SURFACE_STYLE_USAGE(.BOTH.,#15326);
#15326 = SURFACE_SIDE_STYLE('',(#15327));
#15327 = SURFACE_STYLE_FILL_AREA(#15328);
#15328 = FILL_AREA_STYLE('',(#15329));
#15329 = FILL_AREA_STYLE_COLOUR('',#13635);
#15330 = OVER_RIDING_STYLED_ITEM('overriding color',(#15331),#8821,
  #13490);
#15331 = PRESENTATION_STYLE_ASSIGNMENT((#15332));
#15332 = SURFACE_STYLE_USAGE(.BOTH.,#15333);
#15333 = SURFACE_SIDE_STYLE('',(#15334));
#15334 = SURFACE_STYLE_FILL_AREA(#15335);
#15335 = FILL_AREA_STYLE('',(#15336));
#15336 = FILL_AREA_STYLE_COLOUR('',#13635);
#15337 = OVER_RIDING_STYLED_ITEM('overriding color',(#15338),#8846,
  #13490);
#15338 = PRESENTATION_STYLE_ASSIGNMENT((#15339));
#15339 = SURFACE_STYLE_USAGE(.BOTH.,#15340);
#15340 = SURFACE_SIDE_STYLE('',(#15341));
#15341 = SURFACE_STYLE_FILL_AREA(#15342);
#15342 = FILL_AREA_STYLE('',(#15343));
#15343 = FILL_AREA_STYLE_COLOUR('',#13635);
#15344 = OVER_RIDING_STYLED_ITEM('overriding color',(#15345),#8877,
  #13490);
#15345 = PRESENTATION_STYLE_ASSIGNMENT((#15346));
#15346 = SURFACE_STYLE_USAGE(.BOTH.,#15347);
#15347 = SURFACE_SIDE_STYLE('',(#15348));
#15348 = SURFACE_STYLE_FILL_AREA(#15349);
#15349 = FILL_AREA_STYLE('',(#15350));
#15350 = FILL_AREA_STYLE_COLOUR('',#13635);
#15351 = OVER_RIDING_STYLED_ITEM('overriding color',(#15352),#8909,
  #13490);
#15352 = PRESENTATION_STYLE_ASSIGNMENT((#15353));
#15353 = SURFACE_STYLE_USAGE(.BOTH.,#15354);
#15354 = SURFACE_SIDE_STYLE('',(#15355));
#15355 = SURFACE_STYLE_FILL_AREA(#15356);
#15356 = FILL_AREA_STYLE('',(#15357));
#15357 = FILL_AREA_STYLE_COLOUR('',#13635);
#15358 = OVER_RIDING_STYLED_ITEM('overriding color',(#15359),#8933,
  #13490);
#15359 = PRESENTATION_STYLE_ASSIGNMENT((#15360));
#15360 = SURFACE_STYLE_USAGE(.BOTH.,#15361);
#15361 = SURFACE_SIDE_STYLE('',(#15362));
#15362 = SURFACE_STYLE_FILL_AREA(#15363);
#15363 = FILL_AREA_STYLE('',(#15364));
#15364 = FILL_AREA_STYLE_COLOUR('',#13635);
#15365 = OVER_RIDING_STYLED_ITEM('overriding color',(#15366),#8958,
  #13490);
#15366 = PRESENTATION_STYLE_ASSIGNMENT((#15367));
#15367 = SURFACE_STYLE_USAGE(.BOTH.,#15368);
#15368 = SURFACE_SIDE_STYLE('',(#15369));
#15369 = SURFACE_STYLE_FILL_AREA(#15370);
#15370 = FILL_AREA_STYLE('',(#15371));
#15371 = FILL_AREA_STYLE_COLOUR('',#13635);
#15372 = OVER_RIDING_STYLED_ITEM('overriding color',(#15373),#8989,
  #13490);
#15373 = PRESENTATION_STYLE_ASSIGNMENT((#15374));
#15374 = SURFACE_STYLE_USAGE(.BOTH.,#15375);
#15375 = SURFACE_SIDE_STYLE('',(#15376));
#15376 = SURFACE_STYLE_FILL_AREA(#15377);
#15377 = FILL_AREA_STYLE('',(#15378));
#15378 = FILL_AREA_STYLE_COLOUR('',#13635);
#15379 = OVER_RIDING_STYLED_ITEM('overriding color',(#15380),#9021,
  #13490);
#15380 = PRESENTATION_STYLE_ASSIGNMENT((#15381));
#15381 = SURFACE_STYLE_USAGE(.BOTH.,#15382);
#15382 = SURFACE_SIDE_STYLE('',(#15383));
#15383 = SURFACE_STYLE_FILL_AREA(#15384);
#15384 = FILL_AREA_STYLE('',(#15385));
#15385 = FILL_AREA_STYLE_COLOUR('',#13635);
#15386 = OVER_RIDING_STYLED_ITEM('overriding color',(#15387),#9045,
  #13490);
#15387 = PRESENTATION_STYLE_ASSIGNMENT((#15388));
#15388 = SURFACE_STYLE_USAGE(.BOTH.,#15389);
#15389 = SURFACE_SIDE_STYLE('',(#15390));
#15390 = SURFACE_STYLE_FILL_AREA(#15391);
#15391 = FILL_AREA_STYLE('',(#15392));
#15392 = FILL_AREA_STYLE_COLOUR('',#13635);
#15393 = OVER_RIDING_STYLED_ITEM('overriding color',(#15394),#9070,
  #13490);
#15394 = PRESENTATION_STYLE_ASSIGNMENT((#15395));
#15395 = SURFACE_STYLE_USAGE(.BOTH.,#15396);
#15396 = SURFACE_SIDE_STYLE('',(#15397));
#15397 = SURFACE_STYLE_FILL_AREA(#15398);
#15398 = FILL_AREA_STYLE('',(#15399));
#15399 = FILL_AREA_STYLE_COLOUR('',#13635);
#15400 = OVER_RIDING_STYLED_ITEM('overriding color',(#15401),#9101,
  #13490);
#15401 = PRESENTATION_STYLE_ASSIGNMENT((#15402));
#15402 = SURFACE_STYLE_USAGE(.BOTH.,#15403);
#15403 = SURFACE_SIDE_STYLE('',(#15404));
#15404 = SURFACE_STYLE_FILL_AREA(#15405);
#15405 = FILL_AREA_STYLE('',(#15406));
#15406 = FILL_AREA_STYLE_COLOUR('',#13635);
#15407 = OVER_RIDING_STYLED_ITEM('overriding color',(#15408),#9133,
  #13490);
#15408 = PRESENTATION_STYLE_ASSIGNMENT((#15409));
#15409 = SURFACE_STYLE_USAGE(.BOTH.,#15410);
#15410 = SURFACE_SIDE_STYLE('',(#15411));
#15411 = SURFACE_STYLE_FILL_AREA(#15412);
#15412 = FILL_AREA_STYLE('',(#15413));
#15413 = FILL_AREA_STYLE_COLOUR('',#13635);
#15414 = OVER_RIDING_STYLED_ITEM('overriding color',(#15415),#9157,
  #13490);
#15415 = PRESENTATION_STYLE_ASSIGNMENT((#15416));
#15416 = SURFACE_STYLE_USAGE(.BOTH.,#15417);
#15417 = SURFACE_SIDE_STYLE('',(#15418));
#15418 = SURFACE_STYLE_FILL_AREA(#15419);
#15419 = FILL_AREA_STYLE('',(#15420));
#15420 = FILL_AREA_STYLE_COLOUR('',#13635);
#15421 = OVER_RIDING_STYLED_ITEM('overriding color',(#15422),#9182,
  #13490);
#15422 = PRESENTATION_STYLE_ASSIGNMENT((#15423));
#15423 = SURFACE_STYLE_USAGE(.BOTH.,#15424);
#15424 = SURFACE_SIDE_STYLE('',(#15425));
#15425 = SURFACE_STYLE_FILL_AREA(#15426);
#15426 = FILL_AREA_STYLE('',(#15427));
#15427 = FILL_AREA_STYLE_COLOUR('',#13635);
#15428 = OVER_RIDING_STYLED_ITEM('overriding color',(#15429),#9213,
  #13490);
#15429 = PRESENTATION_STYLE_ASSIGNMENT((#15430));
#15430 = SURFACE_STYLE_USAGE(.BOTH.,#15431);
#15431 = SURFACE_SIDE_STYLE('',(#15432));
#15432 = SURFACE_STYLE_FILL_AREA(#15433);
#15433 = FILL_AREA_STYLE('',(#15434));
#15434 = FILL_AREA_STYLE_COLOUR('',#13635);
#15435 = OVER_RIDING_STYLED_ITEM('overriding color',(#15436),#9245,
  #13490);
#15436 = PRESENTATION_STYLE_ASSIGNMENT((#15437));
#15437 = SURFACE_STYLE_USAGE(.BOTH.,#15438);
#15438 = SURFACE_SIDE_STYLE('',(#15439));
#15439 = SURFACE_STYLE_FILL_AREA(#15440);
#15440 = FILL_AREA_STYLE('',(#15441));
#15441 = FILL_AREA_STYLE_COLOUR('',#13635);
#15442 = OVER_RIDING_STYLED_ITEM('overriding color',(#15443),#9269,
  #13490);
#15443 = PRESENTATION_STYLE_ASSIGNMENT((#15444));
#15444 = SURFACE_STYLE_USAGE(.BOTH.,#15445);
#15445 = SURFACE_SIDE_STYLE('',(#15446));
#15446 = SURFACE_STYLE_FILL_AREA(#15447);
#15447 = FILL_AREA_STYLE('',(#15448));
#15448 = FILL_AREA_STYLE_COLOUR('',#13635);
#15449 = OVER_RIDING_STYLED_ITEM('overriding color',(#15450),#9294,
  #13490);
#15450 = PRESENTATION_STYLE_ASSIGNMENT((#15451));
#15451 = SURFACE_STYLE_USAGE(.BOTH.,#15452);
#15452 = SURFACE_SIDE_STYLE('',(#15453));
#15453 = SURFACE_STYLE_FILL_AREA(#15454);
#15454 = FILL_AREA_STYLE('',(#15455));
#15455 = FILL_AREA_STYLE_COLOUR('',#13635);
#15456 = OVER_RIDING_STYLED_ITEM('overriding color',(#15457),#9325,
  #13490);
#15457 = PRESENTATION_STYLE_ASSIGNMENT((#15458));
#15458 = SURFACE_STYLE_USAGE(.BOTH.,#15459);
#15459 = SURFACE_SIDE_STYLE('',(#15460));
#15460 = SURFACE_STYLE_FILL_AREA(#15461);
#15461 = FILL_AREA_STYLE('',(#15462));
#15462 = FILL_AREA_STYLE_COLOUR('',#13635);
#15463 = OVER_RIDING_STYLED_ITEM('overriding color',(#15464),#9357,
  #13490);
#15464 = PRESENTATION_STYLE_ASSIGNMENT((#15465));
#15465 = SURFACE_STYLE_USAGE(.BOTH.,#15466);
#15466 = SURFACE_SIDE_STYLE('',(#15467));
#15467 = SURFACE_STYLE_FILL_AREA(#15468);
#15468 = FILL_AREA_STYLE('',(#15469));
#15469 = FILL_AREA_STYLE_COLOUR('',#13635);
#15470 = OVER_RIDING_STYLED_ITEM('overriding color',(#15471),#9381,
  #13490);
#15471 = PRESENTATION_STYLE_ASSIGNMENT((#15472));
#15472 = SURFACE_STYLE_USAGE(.BOTH.,#15473);
#15473 = SURFACE_SIDE_STYLE('',(#15474));
#15474 = SURFACE_STYLE_FILL_AREA(#15475);
#15475 = FILL_AREA_STYLE('',(#15476));
#15476 = FILL_AREA_STYLE_COLOUR('',#13635);
#15477 = OVER_RIDING_STYLED_ITEM('overriding color',(#15478),#9406,
  #13490);
#15478 = PRESENTATION_STYLE_ASSIGNMENT((#15479));
#15479 = SURFACE_STYLE_USAGE(.BOTH.,#15480);
#15480 = SURFACE_SIDE_STYLE('',(#15481));
#15481 = SURFACE_STYLE_FILL_AREA(#15482);
#15482 = FILL_AREA_STYLE('',(#15483));
#15483 = FILL_AREA_STYLE_COLOUR('',#13635);
#15484 = OVER_RIDING_STYLED_ITEM('overriding color',(#15485),#9445,
  #13490);
#15485 = PRESENTATION_STYLE_ASSIGNMENT((#15486));
#15486 = SURFACE_STYLE_USAGE(.BOTH.,#15487);
#15487 = SURFACE_SIDE_STYLE('',(#15488));
#15488 = SURFACE_STYLE_FILL_AREA(#15489);
#15489 = FILL_AREA_STYLE('',(#15490));
#15490 = FILL_AREA_STYLE_COLOUR('',#13635);
#15491 = OVER_RIDING_STYLED_ITEM('overriding color',(#15492),#9469,
  #13490);
#15492 = PRESENTATION_STYLE_ASSIGNMENT((#15493));
#15493 = SURFACE_STYLE_USAGE(.BOTH.,#15494);
#15494 = SURFACE_SIDE_STYLE('',(#15495));
#15495 = SURFACE_STYLE_FILL_AREA(#15496);
#15496 = FILL_AREA_STYLE('',(#15497));
#15497 = FILL_AREA_STYLE_COLOUR('',#13635);
#15498 = OVER_RIDING_STYLED_ITEM('overriding color',(#15499),#9501,
  #13490);
#15499 = PRESENTATION_STYLE_ASSIGNMENT((#15500));
#15500 = SURFACE_STYLE_USAGE(.BOTH.,#15501);
#15501 = SURFACE_SIDE_STYLE('',(#15502));
#15502 = SURFACE_STYLE_FILL_AREA(#15503);
#15503 = FILL_AREA_STYLE('',(#15504));
#15504 = FILL_AREA_STYLE_COLOUR('',#13635);
#15505 = OVER_RIDING_STYLED_ITEM('overriding color',(#15506),#9518,
  #13490);
#15506 = PRESENTATION_STYLE_ASSIGNMENT((#15507));
#15507 = SURFACE_STYLE_USAGE(.BOTH.,#15508);
#15508 = SURFACE_SIDE_STYLE('',(#15509));
#15509 = SURFACE_STYLE_FILL_AREA(#15510);
#15510 = FILL_AREA_STYLE('',(#15511));
#15511 = FILL_AREA_STYLE_COLOUR('',#13635);
#15512 = OVER_RIDING_STYLED_ITEM('overriding color',(#15513),#9557,
  #13490);
#15513 = PRESENTATION_STYLE_ASSIGNMENT((#15514));
#15514 = SURFACE_STYLE_USAGE(.BOTH.,#15515);
#15515 = SURFACE_SIDE_STYLE('',(#15516));
#15516 = SURFACE_STYLE_FILL_AREA(#15517);
#15517 = FILL_AREA_STYLE('',(#15518));
#15518 = FILL_AREA_STYLE_COLOUR('',#13635);
#15519 = OVER_RIDING_STYLED_ITEM('overriding color',(#15520),#9581,
  #13490);
#15520 = PRESENTATION_STYLE_ASSIGNMENT((#15521));
#15521 = SURFACE_STYLE_USAGE(.BOTH.,#15522);
#15522 = SURFACE_SIDE_STYLE('',(#15523));
#15523 = SURFACE_STYLE_FILL_AREA(#15524);
#15524 = FILL_AREA_STYLE('',(#15525));
#15525 = FILL_AREA_STYLE_COLOUR('',#13635);
#15526 = OVER_RIDING_STYLED_ITEM('overriding color',(#15527),#9613,
  #13490);
#15527 = PRESENTATION_STYLE_ASSIGNMENT((#15528));
#15528 = SURFACE_STYLE_USAGE(.BOTH.,#15529);
#15529 = SURFACE_SIDE_STYLE('',(#15530));
#15530 = SURFACE_STYLE_FILL_AREA(#15531);
#15531 = FILL_AREA_STYLE('',(#15532));
#15532 = FILL_AREA_STYLE_COLOUR('',#13635);
#15533 = OVER_RIDING_STYLED_ITEM('overriding color',(#15534),#9630,
  #13490);
#15534 = PRESENTATION_STYLE_ASSIGNMENT((#15535));
#15535 = SURFACE_STYLE_USAGE(.BOTH.,#15536);
#15536 = SURFACE_SIDE_STYLE('',(#15537));
#15537 = SURFACE_STYLE_FILL_AREA(#15538);
#15538 = FILL_AREA_STYLE('',(#15539));
#15539 = FILL_AREA_STYLE_COLOUR('',#13635);
#15540 = OVER_RIDING_STYLED_ITEM('overriding color',(#15541),#9669,
  #13490);
#15541 = PRESENTATION_STYLE_ASSIGNMENT((#15542));
#15542 = SURFACE_STYLE_USAGE(.BOTH.,#15543);
#15543 = SURFACE_SIDE_STYLE('',(#15544));
#15544 = SURFACE_STYLE_FILL_AREA(#15545);
#15545 = FILL_AREA_STYLE('',(#15546));
#15546 = FILL_AREA_STYLE_COLOUR('',#13635);
#15547 = OVER_RIDING_STYLED_ITEM('overriding color',(#15548),#9693,
  #13490);
#15548 = PRESENTATION_STYLE_ASSIGNMENT((#15549));
#15549 = SURFACE_STYLE_USAGE(.BOTH.,#15550);
#15550 = SURFACE_SIDE_STYLE('',(#15551));
#15551 = SURFACE_STYLE_FILL_AREA(#15552);
#15552 = FILL_AREA_STYLE('',(#15553));
#15553 = FILL_AREA_STYLE_COLOUR('',#13635);
#15554 = OVER_RIDING_STYLED_ITEM('overriding color',(#15555),#9725,
  #13490);
#15555 = PRESENTATION_STYLE_ASSIGNMENT((#15556));
#15556 = SURFACE_STYLE_USAGE(.BOTH.,#15557);
#15557 = SURFACE_SIDE_STYLE('',(#15558));
#15558 = SURFACE_STYLE_FILL_AREA(#15559);
#15559 = FILL_AREA_STYLE('',(#15560));
#15560 = FILL_AREA_STYLE_COLOUR('',#13635);
#15561 = OVER_RIDING_STYLED_ITEM('overriding color',(#15562),#9742,
  #13490);
#15562 = PRESENTATION_STYLE_ASSIGNMENT((#15563));
#15563 = SURFACE_STYLE_USAGE(.BOTH.,#15564);
#15564 = SURFACE_SIDE_STYLE('',(#15565));
#15565 = SURFACE_STYLE_FILL_AREA(#15566);
#15566 = FILL_AREA_STYLE('',(#15567));
#15567 = FILL_AREA_STYLE_COLOUR('',#13635);
#15568 = OVER_RIDING_STYLED_ITEM('overriding color',(#15569),#9781,
  #13490);
#15569 = PRESENTATION_STYLE_ASSIGNMENT((#15570));
#15570 = SURFACE_STYLE_USAGE(.BOTH.,#15571);
#15571 = SURFACE_SIDE_STYLE('',(#15572));
#15572 = SURFACE_STYLE_FILL_AREA(#15573);
#15573 = FILL_AREA_STYLE('',(#15574));
#15574 = FILL_AREA_STYLE_COLOUR('',#13635);
#15575 = OVER_RIDING_STYLED_ITEM('overriding color',(#15576),#9805,
  #13490);
#15576 = PRESENTATION_STYLE_ASSIGNMENT((#15577));
#15577 = SURFACE_STYLE_USAGE(.BOTH.,#15578);
#15578 = SURFACE_SIDE_STYLE('',(#15579));
#15579 = SURFACE_STYLE_FILL_AREA(#15580);
#15580 = FILL_AREA_STYLE('',(#15581));
#15581 = FILL_AREA_STYLE_COLOUR('',#13635);
#15582 = OVER_RIDING_STYLED_ITEM('overriding color',(#15583),#9837,
  #13490);
#15583 = PRESENTATION_STYLE_ASSIGNMENT((#15584));
#15584 = SURFACE_STYLE_USAGE(.BOTH.,#15585);
#15585 = SURFACE_SIDE_STYLE('',(#15586));
#15586 = SURFACE_STYLE_FILL_AREA(#15587);
#15587 = FILL_AREA_STYLE('',(#15588));
#15588 = FILL_AREA_STYLE_COLOUR('',#13635);
#15589 = OVER_RIDING_STYLED_ITEM('overriding color',(#15590),#9854,
  #13490);
#15590 = PRESENTATION_STYLE_ASSIGNMENT((#15591));
#15591 = SURFACE_STYLE_USAGE(.BOTH.,#15592);
#15592 = SURFACE_SIDE_STYLE('',(#15593));
#15593 = SURFACE_STYLE_FILL_AREA(#15594);
#15594 = FILL_AREA_STYLE('',(#15595));
#15595 = FILL_AREA_STYLE_COLOUR('',#13635);
#15596 = OVER_RIDING_STYLED_ITEM('overriding color',(#15597),#9893,
  #13490);
#15597 = PRESENTATION_STYLE_ASSIGNMENT((#15598));
#15598 = SURFACE_STYLE_USAGE(.BOTH.,#15599);
#15599 = SURFACE_SIDE_STYLE('',(#15600));
#15600 = SURFACE_STYLE_FILL_AREA(#15601);
#15601 = FILL_AREA_STYLE('',(#15602));
#15602 = FILL_AREA_STYLE_COLOUR('',#13635);
#15603 = OVER_RIDING_STYLED_ITEM('overriding color',(#15604),#9917,
  #13490);
#15604 = PRESENTATION_STYLE_ASSIGNMENT((#15605));
#15605 = SURFACE_STYLE_USAGE(.BOTH.,#15606);
#15606 = SURFACE_SIDE_STYLE('',(#15607));
#15607 = SURFACE_STYLE_FILL_AREA(#15608);
#15608 = FILL_AREA_STYLE('',(#15609));
#15609 = FILL_AREA_STYLE_COLOUR('',#13635);
#15610 = OVER_RIDING_STYLED_ITEM('overriding color',(#15611),#9949,
  #13490);
#15611 = PRESENTATION_STYLE_ASSIGNMENT((#15612));
#15612 = SURFACE_STYLE_USAGE(.BOTH.,#15613);
#15613 = SURFACE_SIDE_STYLE('',(#15614));
#15614 = SURFACE_STYLE_FILL_AREA(#15615);
#15615 = FILL_AREA_STYLE('',(#15616));
#15616 = FILL_AREA_STYLE_COLOUR('',#13635);
#15617 = OVER_RIDING_STYLED_ITEM('overriding color',(#15618),#9966,
  #13490);
#15618 = PRESENTATION_STYLE_ASSIGNMENT((#15619));
#15619 = SURFACE_STYLE_USAGE(.BOTH.,#15620);
#15620 = SURFACE_SIDE_STYLE('',(#15621));
#15621 = SURFACE_STYLE_FILL_AREA(#15622);
#15622 = FILL_AREA_STYLE('',(#15623));
#15623 = FILL_AREA_STYLE_COLOUR('',#13635);
#15624 = OVER_RIDING_STYLED_ITEM('overriding color',(#15625),#10005,
  #13490);
#15625 = PRESENTATION_STYLE_ASSIGNMENT((#15626));
#15626 = SURFACE_STYLE_USAGE(.BOTH.,#15627);
#15627 = SURFACE_SIDE_STYLE('',(#15628));
#15628 = SURFACE_STYLE_FILL_AREA(#15629);
#15629 = FILL_AREA_STYLE('',(#15630));
#15630 = FILL_AREA_STYLE_COLOUR('',#13635);
#15631 = OVER_RIDING_STYLED_ITEM('overriding color',(#15632),#10029,
  #13490);
#15632 = PRESENTATION_STYLE_ASSIGNMENT((#15633));
#15633 = SURFACE_STYLE_USAGE(.BOTH.,#15634);
#15634 = SURFACE_SIDE_STYLE('',(#15635));
#15635 = SURFACE_STYLE_FILL_AREA(#15636);
#15636 = FILL_AREA_STYLE('',(#15637));
#15637 = FILL_AREA_STYLE_COLOUR('',#13635);
#15638 = OVER_RIDING_STYLED_ITEM('overriding color',(#15639),#10061,
  #13490);
#15639 = PRESENTATION_STYLE_ASSIGNMENT((#15640));
#15640 = SURFACE_STYLE_USAGE(.BOTH.,#15641);
#15641 = SURFACE_SIDE_STYLE('',(#15642));
#15642 = SURFACE_STYLE_FILL_AREA(#15643);
#15643 = FILL_AREA_STYLE('',(#15644));
#15644 = FILL_AREA_STYLE_COLOUR('',#13635);
#15645 = OVER_RIDING_STYLED_ITEM('overriding color',(#15646),#10078,
  #13490);
#15646 = PRESENTATION_STYLE_ASSIGNMENT((#15647));
#15647 = SURFACE_STYLE_USAGE(.BOTH.,#15648);
#15648 = SURFACE_SIDE_STYLE('',(#15649));
#15649 = SURFACE_STYLE_FILL_AREA(#15650);
#15650 = FILL_AREA_STYLE('',(#15651));
#15651 = FILL_AREA_STYLE_COLOUR('',#13635);
#15652 = OVER_RIDING_STYLED_ITEM('overriding color',(#15653),#10117,
  #13490);
#15653 = PRESENTATION_STYLE_ASSIGNMENT((#15654));
#15654 = SURFACE_STYLE_USAGE(.BOTH.,#15655);
#15655 = SURFACE_SIDE_STYLE('',(#15656));
#15656 = SURFACE_STYLE_FILL_AREA(#15657);
#15657 = FILL_AREA_STYLE('',(#15658));
#15658 = FILL_AREA_STYLE_COLOUR('',#13635);
#15659 = OVER_RIDING_STYLED_ITEM('overriding color',(#15660),#10141,
  #13490);
#15660 = PRESENTATION_STYLE_ASSIGNMENT((#15661));
#15661 = SURFACE_STYLE_USAGE(.BOTH.,#15662);
#15662 = SURFACE_SIDE_STYLE('',(#15663));
#15663 = SURFACE_STYLE_FILL_AREA(#15664);
#15664 = FILL_AREA_STYLE('',(#15665));
#15665 = FILL_AREA_STYLE_COLOUR('',#13635);
#15666 = OVER_RIDING_STYLED_ITEM('overriding color',(#15667),#10173,
  #13490);
#15667 = PRESENTATION_STYLE_ASSIGNMENT((#15668));
#15668 = SURFACE_STYLE_USAGE(.BOTH.,#15669);
#15669 = SURFACE_SIDE_STYLE('',(#15670));
#15670 = SURFACE_STYLE_FILL_AREA(#15671);
#15671 = FILL_AREA_STYLE('',(#15672));
#15672 = FILL_AREA_STYLE_COLOUR('',#13635);
#15673 = OVER_RIDING_STYLED_ITEM('overriding color',(#15674),#10190,
  #13490);
#15674 = PRESENTATION_STYLE_ASSIGNMENT((#15675));
#15675 = SURFACE_STYLE_USAGE(.BOTH.,#15676);
#15676 = SURFACE_SIDE_STYLE('',(#15677));
#15677 = SURFACE_STYLE_FILL_AREA(#15678);
#15678 = FILL_AREA_STYLE('',(#15679));
#15679 = FILL_AREA_STYLE_COLOUR('',#13635);
#15680 = OVER_RIDING_STYLED_ITEM('overriding color',(#15681),#10229,
  #13490);
#15681 = PRESENTATION_STYLE_ASSIGNMENT((#15682));
#15682 = SURFACE_STYLE_USAGE(.BOTH.,#15683);
#15683 = SURFACE_SIDE_STYLE('',(#15684));
#15684 = SURFACE_STYLE_FILL_AREA(#15685);
#15685 = FILL_AREA_STYLE('',(#15686));
#15686 = FILL_AREA_STYLE_COLOUR('',#13635);
#15687 = OVER_RIDING_STYLED_ITEM('overriding color',(#15688),#10253,
  #13490);
#15688 = PRESENTATION_STYLE_ASSIGNMENT((#15689));
#15689 = SURFACE_STYLE_USAGE(.BOTH.,#15690);
#15690 = SURFACE_SIDE_STYLE('',(#15691));
#15691 = SURFACE_STYLE_FILL_AREA(#15692);
#15692 = FILL_AREA_STYLE('',(#15693));
#15693 = FILL_AREA_STYLE_COLOUR('',#13635);
#15694 = OVER_RIDING_STYLED_ITEM('overriding color',(#15695),#10285,
  #13490);
#15695 = PRESENTATION_STYLE_ASSIGNMENT((#15696));
#15696 = SURFACE_STYLE_USAGE(.BOTH.,#15697);
#15697 = SURFACE_SIDE_STYLE('',(#15698));
#15698 = SURFACE_STYLE_FILL_AREA(#15699);
#15699 = FILL_AREA_STYLE('',(#15700));
#15700 = FILL_AREA_STYLE_COLOUR('',#13635);
#15701 = OVER_RIDING_STYLED_ITEM('overriding color',(#15702),#10302,
  #13490);
#15702 = PRESENTATION_STYLE_ASSIGNMENT((#15703));
#15703 = SURFACE_STYLE_USAGE(.BOTH.,#15704);
#15704 = SURFACE_SIDE_STYLE('',(#15705));
#15705 = SURFACE_STYLE_FILL_AREA(#15706);
#15706 = FILL_AREA_STYLE('',(#15707));
#15707 = FILL_AREA_STYLE_COLOUR('',#13635);
#15708 = OVER_RIDING_STYLED_ITEM('overriding color',(#15709),#10341,
  #13490);
#15709 = PRESENTATION_STYLE_ASSIGNMENT((#15710));
#15710 = SURFACE_STYLE_USAGE(.BOTH.,#15711);
#15711 = SURFACE_SIDE_STYLE('',(#15712));
#15712 = SURFACE_STYLE_FILL_AREA(#15713);
#15713 = FILL_AREA_STYLE('',(#15714));
#15714 = FILL_AREA_STYLE_COLOUR('',#13635);
#15715 = OVER_RIDING_STYLED_ITEM('overriding color',(#15716),#10365,
  #13490);
#15716 = PRESENTATION_STYLE_ASSIGNMENT((#15717));
#15717 = SURFACE_STYLE_USAGE(.BOTH.,#15718);
#15718 = SURFACE_SIDE_STYLE('',(#15719));
#15719 = SURFACE_STYLE_FILL_AREA(#15720);
#15720 = FILL_AREA_STYLE('',(#15721));
#15721 = FILL_AREA_STYLE_COLOUR('',#13635);
#15722 = OVER_RIDING_STYLED_ITEM('overriding color',(#15723),#10397,
  #13490);
#15723 = PRESENTATION_STYLE_ASSIGNMENT((#15724));
#15724 = SURFACE_STYLE_USAGE(.BOTH.,#15725);
#15725 = SURFACE_SIDE_STYLE('',(#15726));
#15726 = SURFACE_STYLE_FILL_AREA(#15727);
#15727 = FILL_AREA_STYLE('',(#15728));
#15728 = FILL_AREA_STYLE_COLOUR('',#13635);
#15729 = OVER_RIDING_STYLED_ITEM('overriding color',(#15730),#10414,
  #13490);
#15730 = PRESENTATION_STYLE_ASSIGNMENT((#15731));
#15731 = SURFACE_STYLE_USAGE(.BOTH.,#15732);
#15732 = SURFACE_SIDE_STYLE('',(#15733));
#15733 = SURFACE_STYLE_FILL_AREA(#15734);
#15734 = FILL_AREA_STYLE('',(#15735));
#15735 = FILL_AREA_STYLE_COLOUR('',#13635);
#15736 = OVER_RIDING_STYLED_ITEM('overriding color',(#15737),#10453,
  #13490);
#15737 = PRESENTATION_STYLE_ASSIGNMENT((#15738));
#15738 = SURFACE_STYLE_USAGE(.BOTH.,#15739);
#15739 = SURFACE_SIDE_STYLE('',(#15740));
#15740 = SURFACE_STYLE_FILL_AREA(#15741);
#15741 = FILL_AREA_STYLE('',(#15742));
#15742 = FILL_AREA_STYLE_COLOUR('',#13635);
#15743 = OVER_RIDING_STYLED_ITEM('overriding color',(#15744),#10477,
  #13490);
#15744 = PRESENTATION_STYLE_ASSIGNMENT((#15745));
#15745 = SURFACE_STYLE_USAGE(.BOTH.,#15746);
#15746 = SURFACE_SIDE_STYLE('',(#15747));
#15747 = SURFACE_STYLE_FILL_AREA(#15748);
#15748 = FILL_AREA_STYLE('',(#15749));
#15749 = FILL_AREA_STYLE_COLOUR('',#13635);
#15750 = OVER_RIDING_STYLED_ITEM('overriding color',(#15751),#10509,
  #13490);
#15751 = PRESENTATION_STYLE_ASSIGNMENT((#15752));
#15752 = SURFACE_STYLE_USAGE(.BOTH.,#15753);
#15753 = SURFACE_SIDE_STYLE('',(#15754));
#15754 = SURFACE_STYLE_FILL_AREA(#15755);
#15755 = FILL_AREA_STYLE('',(#15756));
#15756 = FILL_AREA_STYLE_COLOUR('',#13635);
#15757 = OVER_RIDING_STYLED_ITEM('overriding color',(#15758),#10526,
  #13490);
#15758 = PRESENTATION_STYLE_ASSIGNMENT((#15759));
#15759 = SURFACE_STYLE_USAGE(.BOTH.,#15760);
#15760 = SURFACE_SIDE_STYLE('',(#15761));
#15761 = SURFACE_STYLE_FILL_AREA(#15762);
#15762 = FILL_AREA_STYLE('',(#15763));
#15763 = FILL_AREA_STYLE_COLOUR('',#13635);
#15764 = OVER_RIDING_STYLED_ITEM('overriding color',(#15765),#10565,
  #13490);
#15765 = PRESENTATION_STYLE_ASSIGNMENT((#15766));
#15766 = SURFACE_STYLE_USAGE(.BOTH.,#15767);
#15767 = SURFACE_SIDE_STYLE('',(#15768));
#15768 = SURFACE_STYLE_FILL_AREA(#15769);
#15769 = FILL_AREA_STYLE('',(#15770));
#15770 = FILL_AREA_STYLE_COLOUR('',#13635);
#15771 = OVER_RIDING_STYLED_ITEM('overriding color',(#15772),#10589,
  #13490);
#15772 = PRESENTATION_STYLE_ASSIGNMENT((#15773));
#15773 = SURFACE_STYLE_USAGE(.BOTH.,#15774);
#15774 = SURFACE_SIDE_STYLE('',(#15775));
#15775 = SURFACE_STYLE_FILL_AREA(#15776);
#15776 = FILL_AREA_STYLE('',(#15777));
#15777 = FILL_AREA_STYLE_COLOUR('',#13635);
#15778 = OVER_RIDING_STYLED_ITEM('overriding color',(#15779),#10621,
  #13490);
#15779 = PRESENTATION_STYLE_ASSIGNMENT((#15780));
#15780 = SURFACE_STYLE_USAGE(.BOTH.,#15781);
#15781 = SURFACE_SIDE_STYLE('',(#15782));
#15782 = SURFACE_STYLE_FILL_AREA(#15783);
#15783 = FILL_AREA_STYLE('',(#15784));
#15784 = FILL_AREA_STYLE_COLOUR('',#13635);
#15785 = OVER_RIDING_STYLED_ITEM('overriding color',(#15786),#10638,
  #13490);
#15786 = PRESENTATION_STYLE_ASSIGNMENT((#15787));
#15787 = SURFACE_STYLE_USAGE(.BOTH.,#15788);
#15788 = SURFACE_SIDE_STYLE('',(#15789));
#15789 = SURFACE_STYLE_FILL_AREA(#15790);
#15790 = FILL_AREA_STYLE('',(#15791));
#15791 = FILL_AREA_STYLE_COLOUR('',#13635);
#15792 = OVER_RIDING_STYLED_ITEM('overriding color',(#15793),#10677,
  #13490);
#15793 = PRESENTATION_STYLE_ASSIGNMENT((#15794));
#15794 = SURFACE_STYLE_USAGE(.BOTH.,#15795);
#15795 = SURFACE_SIDE_STYLE('',(#15796));
#15796 = SURFACE_STYLE_FILL_AREA(#15797);
#15797 = FILL_AREA_STYLE('',(#15798));
#15798 = FILL_AREA_STYLE_COLOUR('',#13635);
#15799 = OVER_RIDING_STYLED_ITEM('overriding color',(#15800),#10701,
  #13490);
#15800 = PRESENTATION_STYLE_ASSIGNMENT((#15801));
#15801 = SURFACE_STYLE_USAGE(.BOTH.,#15802);
#15802 = SURFACE_SIDE_STYLE('',(#15803));
#15803 = SURFACE_STYLE_FILL_AREA(#15804);
#15804 = FILL_AREA_STYLE('',(#15805));
#15805 = FILL_AREA_STYLE_COLOUR('',#13635);
#15806 = OVER_RIDING_STYLED_ITEM('overriding color',(#15807),#10733,
  #13490);
#15807 = PRESENTATION_STYLE_ASSIGNMENT((#15808));
#15808 = SURFACE_STYLE_USAGE(.BOTH.,#15809);
#15809 = SURFACE_SIDE_STYLE('',(#15810));
#15810 = SURFACE_STYLE_FILL_AREA(#15811);
#15811 = FILL_AREA_STYLE('',(#15812));
#15812 = FILL_AREA_STYLE_COLOUR('',#13635);
ENDSEC;
END-ISO-10303-21;
