ISO-10303-21;
HEADER;
FILE_DESCRIPTION(('STEP AP242'),'1');
FILE_NAME('thr_40-7212wi.stp','2026-07-25T11:15:21',('TraceParts'),('TraceParts S.A.S.'),'Spatial InterOp 3D',' ',' ');
FILE_SCHEMA(('AP242_MANAGED_MODEL_BASED_3D_ENGINEERING_MIM_LF  {1 0 10303 442 1 1 4}'));
ENDSEC;
DATA;
#1=MECHANICAL_DESIGN_GEOMETRIC_PRESENTATION_REPRESENTATION(' ',(#12,#13,#14,#15,#16,#17,#18,#19,#20,#21,#22,#23,#24,#25,#26,#27,#28,#29,#30,#31,#32,#33,#34,#35,#36,#37,#38,#39,#40,#41,#42,#43,#44,#45,#46,#47,#48,#49,#50,#51,#52,#53,#54,#55,#56,#57,#58,#59,#60,#61,#62,#63,#64,#65,#66,#67,#68,#69,#70,#71,#72,#73,#74,#75,#76,#77,#78,#79,#80,#81,#82,#83,#84,#85,#86),#8);
#2=PRODUCT_DEFINITION_CONTEXT('',#87,'design');
#3=APPLICATION_PROTOCOL_DEFINITION('INTERNATIONAL STANDARD','ap242_managed_model_based_3d_engineering',2014,#87);
#4=PRODUCT_CATEGORY_RELATIONSHIP('NONE','NONE',#88,#89);
#5=SHAPE_DEFINITION_REPRESENTATION(#90,#91);
#6=SHAPE_DEFINITION_REPRESENTATION(#90,#92);
#7=SHAPE_DEFINITION_REPRESENTATION(#90,#93);
#8= (GEOMETRIC_REPRESENTATION_CONTEXT(3)GLOBAL_UNCERTAINTY_ASSIGNED_CONTEXT((#96))GLOBAL_UNIT_ASSIGNED_CONTEXT((#98,#99,#100))REPRESENTATION_CONTEXT('NONE','WORKSPACE'));
#12=STYLED_ITEM('',(#102),#103);
#13=STYLED_ITEM('',(#104),#105);
#14=STYLED_ITEM('',(#106),#107);
#15=STYLED_ITEM('',(#108),#109);
#16=STYLED_ITEM('',(#110),#111);
#17=STYLED_ITEM('',(#112),#113);
#18=STYLED_ITEM('',(#114),#115);
#19=STYLED_ITEM('',(#116),#117);
#20=STYLED_ITEM('',(#118),#119);
#21=STYLED_ITEM('',(#120),#121);
#22=STYLED_ITEM('',(#122),#123);
#23=STYLED_ITEM('',(#124),#125);
#24=STYLED_ITEM('',(#126),#127);
#25=STYLED_ITEM('',(#128),#129);
#26=STYLED_ITEM('',(#130),#131);
#27=STYLED_ITEM('',(#132),#133);
#28=STYLED_ITEM('',(#134),#135);
#29=STYLED_ITEM('',(#136),#137);
#30=STYLED_ITEM('',(#138),#139);
#31=STYLED_ITEM('',(#140),#141);
#32=STYLED_ITEM('',(#142),#143);
#33=STYLED_ITEM('',(#144),#145);
#34=STYLED_ITEM('',(#146),#147);
#35=STYLED_ITEM('',(#148),#149);
#36=STYLED_ITEM('',(#150),#151);
#37=STYLED_ITEM('',(#152),#153);
#38=STYLED_ITEM('',(#154),#155);
#39=STYLED_ITEM('',(#156),#157);
#40=STYLED_ITEM('',(#158),#159);
#41=STYLED_ITEM('',(#160),#161);
#42=STYLED_ITEM('',(#162),#163);
#43=STYLED_ITEM('',(#164),#165);
#44=STYLED_ITEM('',(#166),#167);
#45=STYLED_ITEM('',(#168),#169);
#46=STYLED_ITEM('',(#170),#171);
#47=STYLED_ITEM('',(#172),#173);
#48=STYLED_ITEM('',(#174),#175);
#49=STYLED_ITEM('',(#176),#177);
#50=STYLED_ITEM('',(#178),#179);
#51=STYLED_ITEM('',(#180),#181);
#52=STYLED_ITEM('',(#182),#183);
#53=STYLED_ITEM('',(#184),#185);
#54=STYLED_ITEM('',(#186),#187);
#55=STYLED_ITEM('',(#188),#189);
#56=STYLED_ITEM('',(#190),#191);
#57=STYLED_ITEM('',(#192),#193);
#58=STYLED_ITEM('',(#194),#195);
#59=STYLED_ITEM('',(#196),#197);
#60=STYLED_ITEM('',(#198),#199);
#61=STYLED_ITEM('',(#200),#201);
#62=STYLED_ITEM('',(#202),#203);
#63=STYLED_ITEM('',(#204),#205);
#64=STYLED_ITEM('',(#206),#207);
#65=STYLED_ITEM('',(#208),#209);
#66=STYLED_ITEM('',(#210),#211);
#67=STYLED_ITEM('',(#212),#213);
#68=STYLED_ITEM('',(#214),#215);
#69=STYLED_ITEM('',(#216),#217);
#70=STYLED_ITEM('',(#218),#219);
#71=STYLED_ITEM('',(#220),#221);
#72=STYLED_ITEM('',(#222),#223);
#73=STYLED_ITEM('',(#224),#225);
#74=STYLED_ITEM('',(#226),#227);
#75=STYLED_ITEM('',(#228),#229);
#76=STYLED_ITEM('',(#230),#231);
#77=STYLED_ITEM('',(#232),#233);
#78=STYLED_ITEM('',(#234),#235);
#79=STYLED_ITEM('',(#236),#237);
#80=STYLED_ITEM('',(#238),#239);
#81=STYLED_ITEM('',(#240),#241);
#82=STYLED_ITEM('',(#242),#243);
#83=STYLED_ITEM('',(#244),#245);
#84=STYLED_ITEM('',(#246),#247);
#85=STYLED_ITEM('',(#248),#249);
#86=STYLED_ITEM('',(#250),#251);
#87=APPLICATION_CONTEXT('managed model based 3d engineering');
#88=PRODUCT_CATEGORY('part','NONE');
#89=PRODUCT_RELATED_PRODUCT_CATEGORY('detail',' ',(#252));
#90=PRODUCT_DEFINITION_SHAPE('NONE','NONE',#253);
#91=ADVANCED_BREP_SHAPE_REPRESENTATION('1',(#123,#254),#8);
#92=ADVANCED_BREP_SHAPE_REPRESENTATION('2',(#161,#255),#8);
#93=ADVANCED_BREP_SHAPE_REPRESENTATION('3',(#251,#256),#8);
#96=UNCERTAINTY_MEASURE_WITH_UNIT(LENGTH_MEASURE(1.0E-06),#98,'','');
#98= (CONVERSION_BASED_UNIT('MILLIMETRE',#259)LENGTH_UNIT()NAMED_UNIT(#262));
#99= (NAMED_UNIT(#264)PLANE_ANGLE_UNIT()SI_UNIT($,.RADIAN.));
#100= (NAMED_UNIT(#264)SOLID_ANGLE_UNIT()SI_UNIT($,.STERADIAN.));
#102=PRESENTATION_STYLE_ASSIGNMENT((#270));
#103=ADVANCED_FACE('NONE',(#271),#272,.T.);
#104=PRESENTATION_STYLE_ASSIGNMENT((#273));
#105=ADVANCED_FACE('NONE',(#274),#275,.F.);
#106=PRESENTATION_STYLE_ASSIGNMENT((#276));
#107=ADVANCED_FACE('NONE',(#277),#278,.T.);
#108=PRESENTATION_STYLE_ASSIGNMENT((#279));
#109=ADVANCED_FACE('NONE',(#280),#281,.F.);
#110=PRESENTATION_STYLE_ASSIGNMENT((#282));
#111=ADVANCED_FACE('NONE',(#283),#284,.T.);
#112=PRESENTATION_STYLE_ASSIGNMENT((#285));
#113=ADVANCED_FACE('NONE',(#286),#287,.F.);
#114=PRESENTATION_STYLE_ASSIGNMENT((#288));
#115=ADVANCED_FACE('NONE',(#289),#290,.T.);
#116=PRESENTATION_STYLE_ASSIGNMENT((#291));
#117=ADVANCED_FACE('NONE',(#292),#293,.F.);
#118=PRESENTATION_STYLE_ASSIGNMENT((#294));
#119=ADVANCED_FACE('NONE',(#295),#296,.T.);
#120=PRESENTATION_STYLE_ASSIGNMENT((#297));
#121=ADVANCED_FACE('NONE',(#298),#299,.F.);
#122=PRESENTATION_STYLE_ASSIGNMENT((#300));
#123=MANIFOLD_SOLID_BREP('1',#301);
#124=PRESENTATION_STYLE_ASSIGNMENT((#302));
#125=ADVANCED_FACE('NONE',(#303),#304,.T.);
#126=PRESENTATION_STYLE_ASSIGNMENT((#305));
#127=ADVANCED_FACE('NONE',(#306),#307,.F.);
#128=PRESENTATION_STYLE_ASSIGNMENT((#308));
#129=ADVANCED_FACE('NONE',(#309),#310,.T.);
#130=PRESENTATION_STYLE_ASSIGNMENT((#311));
#131=ADVANCED_FACE('NONE',(#312),#313,.F.);
#132=PRESENTATION_STYLE_ASSIGNMENT((#314));
#133=ADVANCED_FACE('NONE',(#315),#316,.T.);
#134=PRESENTATION_STYLE_ASSIGNMENT((#317));
#135=ADVANCED_FACE('NONE',(#318),#319,.F.);
#136=PRESENTATION_STYLE_ASSIGNMENT((#320));
#137=ADVANCED_FACE('NONE',(#321),#322,.T.);
#138=PRESENTATION_STYLE_ASSIGNMENT((#323));
#139=ADVANCED_FACE('NONE',(#324),#325,.F.);
#140=PRESENTATION_STYLE_ASSIGNMENT((#326));
#141=ADVANCED_FACE('NONE',(#327),#328,.T.);
#142=PRESENTATION_STYLE_ASSIGNMENT((#329));
#143=ADVANCED_FACE('NONE',(#330),#331,.F.);
#144=PRESENTATION_STYLE_ASSIGNMENT((#332));
#145=ADVANCED_FACE('NONE',(#333),#334,.T.);
#146=PRESENTATION_STYLE_ASSIGNMENT((#335));
#147=ADVANCED_FACE('NONE',(#336),#337,.T.);
#148=PRESENTATION_STYLE_ASSIGNMENT((#338));
#149=ADVANCED_FACE('NONE',(#339),#340,.T.);
#150=PRESENTATION_STYLE_ASSIGNMENT((#341));
#151=ADVANCED_FACE('NONE',(#342),#343,.T.);
#152=PRESENTATION_STYLE_ASSIGNMENT((#344));
#153=ADVANCED_FACE('NONE',(#345),#346,.T.);
#154=PRESENTATION_STYLE_ASSIGNMENT((#347));
#155=ADVANCED_FACE('NONE',(#348),#349,.T.);
#156=PRESENTATION_STYLE_ASSIGNMENT((#350));
#157=ADVANCED_FACE('NONE',(#351),#352,.T.);
#158=PRESENTATION_STYLE_ASSIGNMENT((#353));
#159=ADVANCED_FACE('NONE',(#354),#355,.T.);
#160=PRESENTATION_STYLE_ASSIGNMENT((#356));
#161=MANIFOLD_SOLID_BREP('2',#357);
#162=PRESENTATION_STYLE_ASSIGNMENT((#358));
#163=ADVANCED_FACE('NONE',(#359),#360,.T.);
#164=PRESENTATION_STYLE_ASSIGNMENT((#361));
#165=ADVANCED_FACE('NONE',(#362),#363,.T.);
#166=PRESENTATION_STYLE_ASSIGNMENT((#364));
#167=ADVANCED_FACE('NONE',(#365),#366,.T.);
#168=PRESENTATION_STYLE_ASSIGNMENT((#367));
#169=ADVANCED_FACE('NONE',(#368),#369,.T.);
#170=PRESENTATION_STYLE_ASSIGNMENT((#370));
#171=ADVANCED_FACE('NONE',(#371),#372,.T.);
#172=PRESENTATION_STYLE_ASSIGNMENT((#373));
#173=ADVANCED_FACE('NONE',(#374),#375,.T.);
#174=PRESENTATION_STYLE_ASSIGNMENT((#376));
#175=ADVANCED_FACE('NONE',(#377),#378,.T.);
#176=PRESENTATION_STYLE_ASSIGNMENT((#379));
#177=ADVANCED_FACE('NONE',(#380),#381,.F.);
#178=PRESENTATION_STYLE_ASSIGNMENT((#382));
#179=ADVANCED_FACE('NONE',(#383),#384,.F.);
#180=PRESENTATION_STYLE_ASSIGNMENT((#385));
#181=ADVANCED_FACE('NONE',(#386),#387,.F.);
#182=PRESENTATION_STYLE_ASSIGNMENT((#388));
#183=ADVANCED_FACE('NONE',(#389),#390,.F.);
#184=PRESENTATION_STYLE_ASSIGNMENT((#391));
#185=ADVANCED_FACE('NONE',(#392),#393,.F.);
#186=PRESENTATION_STYLE_ASSIGNMENT((#394));
#187=ADVANCED_FACE('NONE',(#395),#396,.F.);
#188=PRESENTATION_STYLE_ASSIGNMENT((#397));
#189=ADVANCED_FACE('NONE',(#398),#399,.F.);
#190=PRESENTATION_STYLE_ASSIGNMENT((#400));
#191=ADVANCED_FACE('NONE',(#401),#402,.F.);
#192=PRESENTATION_STYLE_ASSIGNMENT((#403));
#193=ADVANCED_FACE('NONE',(#404),#405,.F.);
#194=PRESENTATION_STYLE_ASSIGNMENT((#406));
#195=ADVANCED_FACE('NONE',(#407),#408,.T.);
#196=PRESENTATION_STYLE_ASSIGNMENT((#409));
#197=ADVANCED_FACE('NONE',(#410),#411,.F.);
#198=PRESENTATION_STYLE_ASSIGNMENT((#412));
#199=ADVANCED_FACE('NONE',(#413),#414,.T.);
#200=PRESENTATION_STYLE_ASSIGNMENT((#415));
#201=ADVANCED_FACE('NONE',(#416),#417,.F.);
#202=PRESENTATION_STYLE_ASSIGNMENT((#418));
#203=ADVANCED_FACE('NONE',(#419),#420,.F.);
#204=PRESENTATION_STYLE_ASSIGNMENT((#421));
#205=ADVANCED_FACE('NONE',(#422),#423,.F.);
#206=PRESENTATION_STYLE_ASSIGNMENT((#424));
#207=ADVANCED_FACE('NONE',(#425),#426,.F.);
#208=PRESENTATION_STYLE_ASSIGNMENT((#427));
#209=ADVANCED_FACE('NONE',(#428),#429,.F.);
#210=PRESENTATION_STYLE_ASSIGNMENT((#430));
#211=ADVANCED_FACE('NONE',(#431),#432,.F.);
#212=PRESENTATION_STYLE_ASSIGNMENT((#433));
#213=ADVANCED_FACE('NONE',(#434),#435,.F.);
#214=PRESENTATION_STYLE_ASSIGNMENT((#436));
#215=ADVANCED_FACE('NONE',(#437),#438,.F.);
#216=PRESENTATION_STYLE_ASSIGNMENT((#439));
#217=ADVANCED_FACE('NONE',(#440),#441,.F.);
#218=PRESENTATION_STYLE_ASSIGNMENT((#442));
#219=ADVANCED_FACE('NONE',(#443),#444,.T.);
#220=PRESENTATION_STYLE_ASSIGNMENT((#445));
#221=ADVANCED_FACE('NONE',(#446),#447,.F.);
#222=PRESENTATION_STYLE_ASSIGNMENT((#448));
#223=ADVANCED_FACE('NONE',(#449,#450,#451,#452,#453,#454,#455),#456,.T.);
#224=PRESENTATION_STYLE_ASSIGNMENT((#457));
#225=ADVANCED_FACE('NONE',(#458),#459,.F.);
#226=PRESENTATION_STYLE_ASSIGNMENT((#460));
#227=ADVANCED_FACE('NONE',(#461),#462,.T.);
#228=PRESENTATION_STYLE_ASSIGNMENT((#463));
#229=ADVANCED_FACE('NONE',(#464),#465,.T.);
#230=PRESENTATION_STYLE_ASSIGNMENT((#466));
#231=ADVANCED_FACE('NONE',(#467),#468,.T.);
#232=PRESENTATION_STYLE_ASSIGNMENT((#469));
#233=ADVANCED_FACE('NONE',(#470),#471,.T.);
#234=PRESENTATION_STYLE_ASSIGNMENT((#472));
#235=ADVANCED_FACE('NONE',(#473),#474,.T.);
#236=PRESENTATION_STYLE_ASSIGNMENT((#475));
#237=ADVANCED_FACE('NONE',(#476),#477,.T.);
#238=PRESENTATION_STYLE_ASSIGNMENT((#478));
#239=ADVANCED_FACE('NONE',(#479),#480,.T.);
#240=PRESENTATION_STYLE_ASSIGNMENT((#481));
#241=ADVANCED_FACE('NONE',(#482),#483,.T.);
#242=PRESENTATION_STYLE_ASSIGNMENT((#484));
#243=ADVANCED_FACE('NONE',(#485),#486,.T.);
#244=PRESENTATION_STYLE_ASSIGNMENT((#487));
#245=ADVANCED_FACE('NONE',(#488),#489,.T.);
#246=PRESENTATION_STYLE_ASSIGNMENT((#490));
#247=ADVANCED_FACE('NONE',(#491),#492,.T.);
#248=PRESENTATION_STYLE_ASSIGNMENT((#493));
#249=ADVANCED_FACE('NONE',(#494),#495,.T.);
#250=PRESENTATION_STYLE_ASSIGNMENT((#496));
#251=MANIFOLD_SOLID_BREP('3',#497);
#252=PRODUCT('1','','PART--DESC',(#498));
#253=PRODUCT_DEFINITION('','NONE',#499,#2);
#254=AXIS2_PLACEMENT_3D('',#500,#501,#502);
#255=AXIS2_PLACEMENT_3D('',#503,#504,#505);
#256=AXIS2_PLACEMENT_3D('',#506,#507,#508);
#259=LENGTH_MEASURE_WITH_UNIT(LENGTH_MEASURE(1.0),#509);
#262=DIMENSIONAL_EXPONENTS(1.0,0.0,0.0,0.0,0.0,0.0,0.0);
#264=DIMENSIONAL_EXPONENTS(0.0,0.0,0.0,0.0,0.0,0.0,0.0);
#270=SURFACE_STYLE_USAGE(.BOTH.,#510);
#271=FACE_OUTER_BOUND('',#511,.T.);
#272=CYLINDRICAL_SURFACE('',#512,1.0);
#273=SURFACE_STYLE_USAGE(.BOTH.,#513);
#274=FACE_OUTER_BOUND('',#514,.T.);
#275=PLANE('',#515);
#276=SURFACE_STYLE_USAGE(.BOTH.,#516);
#277=FACE_OUTER_BOUND('',#517,.T.);
#278=CYLINDRICAL_SURFACE('',#518,1.0);
#279=SURFACE_STYLE_USAGE(.BOTH.,#519);
#280=FACE_OUTER_BOUND('',#520,.T.);
#281=PLANE('',#521);
#282=SURFACE_STYLE_USAGE(.BOTH.,#522);
#283=FACE_OUTER_BOUND('',#523,.T.);
#284=CYLINDRICAL_SURFACE('',#524,1.0);
#285=SURFACE_STYLE_USAGE(.BOTH.,#525);
#286=FACE_OUTER_BOUND('',#526,.T.);
#287=PLANE('',#527);
#288=SURFACE_STYLE_USAGE(.BOTH.,#528);
#289=FACE_OUTER_BOUND('',#529,.T.);
#290=CYLINDRICAL_SURFACE('',#530,1.0);
#291=SURFACE_STYLE_USAGE(.BOTH.,#531);
#292=FACE_OUTER_BOUND('',#532,.T.);
#293=PLANE('',#533);
#294=SURFACE_STYLE_USAGE(.BOTH.,#534);
#295=FACE_OUTER_BOUND('',#535,.T.);
#296=PLANE('',#536);
#297=SURFACE_STYLE_USAGE(.BOTH.,#537);
#298=FACE_OUTER_BOUND('',#538,.T.);
#299=PLANE('',#539);
#300=SURFACE_STYLE_USAGE(.BOTH.,#540);
#301=CLOSED_SHELL('',(#103,#105,#107,#109,#111,#113,#115,#117,#119,#121));
#302=SURFACE_STYLE_USAGE(.BOTH.,#541);
#303=FACE_OUTER_BOUND('',#542,.T.);
#304=CYLINDRICAL_SURFACE('',#543,1.0);
#305=SURFACE_STYLE_USAGE(.BOTH.,#544);
#306=FACE_OUTER_BOUND('',#545,.T.);
#307=PLANE('',#546);
#308=SURFACE_STYLE_USAGE(.BOTH.,#547);
#309=FACE_OUTER_BOUND('',#548,.T.);
#310=CYLINDRICAL_SURFACE('',#549,1.0);
#311=SURFACE_STYLE_USAGE(.BOTH.,#550);
#312=FACE_OUTER_BOUND('',#551,.T.);
#313=PLANE('',#552);
#314=SURFACE_STYLE_USAGE(.BOTH.,#553);
#315=FACE_OUTER_BOUND('',#554,.T.);
#316=CYLINDRICAL_SURFACE('',#555,1.0);
#317=SURFACE_STYLE_USAGE(.BOTH.,#556);
#318=FACE_OUTER_BOUND('',#557,.T.);
#319=PLANE('',#558);
#320=SURFACE_STYLE_USAGE(.BOTH.,#559);
#321=FACE_OUTER_BOUND('',#560,.T.);
#322=CYLINDRICAL_SURFACE('',#561,1.0);
#323=SURFACE_STYLE_USAGE(.BOTH.,#562);
#324=FACE_OUTER_BOUND('',#563,.T.);
#325=PLANE('',#564);
#326=SURFACE_STYLE_USAGE(.BOTH.,#565);
#327=FACE_OUTER_BOUND('',#566,.T.);
#328=PLANE('',#567);
#329=SURFACE_STYLE_USAGE(.BOTH.,#568);
#330=FACE_OUTER_BOUND('',#569,.T.);
#331=PLANE('',#570);
#332=SURFACE_STYLE_USAGE(.BOTH.,#571);
#333=FACE_OUTER_BOUND('',#572,.T.);
#334=CYLINDRICAL_SURFACE('',#573,0.5);
#335=SURFACE_STYLE_USAGE(.BOTH.,#574);
#336=FACE_OUTER_BOUND('',#575,.T.);
#337=TOROIDAL_SURFACE('',#576,0.5,0.5);
#338=SURFACE_STYLE_USAGE(.BOTH.,#577);
#339=FACE_OUTER_BOUND('',#578,.T.);
#340=TOROIDAL_SURFACE('',#579,0.5,0.5);
#341=SURFACE_STYLE_USAGE(.BOTH.,#580);
#342=FACE_OUTER_BOUND('',#581,.T.);
#343=CYLINDRICAL_SURFACE('',#582,0.5);
#344=SURFACE_STYLE_USAGE(.BOTH.,#583);
#345=FACE_OUTER_BOUND('',#584,.T.);
#346=CYLINDRICAL_SURFACE('',#585,0.5);
#347=SURFACE_STYLE_USAGE(.BOTH.,#586);
#348=FACE_OUTER_BOUND('',#587,.T.);
#349=TOROIDAL_SURFACE('',#588,0.500000000000001,0.5);
#350=SURFACE_STYLE_USAGE(.BOTH.,#589);
#351=FACE_OUTER_BOUND('',#590,.T.);
#352=TOROIDAL_SURFACE('',#591,0.5,0.5);
#353=SURFACE_STYLE_USAGE(.BOTH.,#592);
#354=FACE_OUTER_BOUND('',#593,.T.);
#355=CYLINDRICAL_SURFACE('',#594,0.5);
#356=SURFACE_STYLE_USAGE(.BOTH.,#595);
#357=CLOSED_SHELL('',(#125,#127,#129,#131,#133,#135,#137,#139,#141,#143,#145,#147,#149,#151,#153,#155,#157,#159));
#358=SURFACE_STYLE_USAGE(.BOTH.,#596);
#359=FACE_OUTER_BOUND('',#597,.T.);
#360=CYLINDRICAL_SURFACE('',#598,0.5);
#361=SURFACE_STYLE_USAGE(.BOTH.,#599);
#362=FACE_OUTER_BOUND('',#600,.T.);
#363=CYLINDRICAL_SURFACE('',#601,0.5);
#364=SURFACE_STYLE_USAGE(.BOTH.,#602);
#365=FACE_OUTER_BOUND('',#603,.T.);
#366=CYLINDRICAL_SURFACE('',#604,0.5);
#367=SURFACE_STYLE_USAGE(.BOTH.,#605);
#368=FACE_OUTER_BOUND('',#606,.T.);
#369=CYLINDRICAL_SURFACE('',#607,0.5);
#370=SURFACE_STYLE_USAGE(.BOTH.,#608);
#371=FACE_OUTER_BOUND('',#609,.T.);
#372=CYLINDRICAL_SURFACE('',#610,0.5);
#373=SURFACE_STYLE_USAGE(.BOTH.,#611);
#374=FACE_OUTER_BOUND('',#612,.T.);
#375=CYLINDRICAL_SURFACE('',#613,0.5);
#376=SURFACE_STYLE_USAGE(.BOTH.,#614);
#377=FACE_OUTER_BOUND('',#615,.T.);
#378=CYLINDRICAL_SURFACE('',#616,1.0);
#379=SURFACE_STYLE_USAGE(.BOTH.,#617);
#380=FACE_OUTER_BOUND('',#618,.T.);
#381=PLANE('',#619);
#382=SURFACE_STYLE_USAGE(.BOTH.,#620);
#383=FACE_OUTER_BOUND('',#621,.T.);
#384=PLANE('',#622);
#385=SURFACE_STYLE_USAGE(.BOTH.,#623);
#386=FACE_OUTER_BOUND('',#624,.T.);
#387=PLANE('',#625);
#388=SURFACE_STYLE_USAGE(.BOTH.,#626);
#389=FACE_OUTER_BOUND('',#627,.T.);
#390=PLANE('',#628);
#391=SURFACE_STYLE_USAGE(.BOTH.,#629);
#392=FACE_OUTER_BOUND('',#630,.T.);
#393=PLANE('',#631);
#394=SURFACE_STYLE_USAGE(.BOTH.,#632);
#395=FACE_OUTER_BOUND('',#633,.T.);
#396=PLANE('',#634);
#397=SURFACE_STYLE_USAGE(.BOTH.,#635);
#398=FACE_OUTER_BOUND('',#636,.T.);
#399=PLANE('',#637);
#400=SURFACE_STYLE_USAGE(.BOTH.,#638);
#401=FACE_OUTER_BOUND('',#639,.T.);
#402=PLANE('',#640);
#403=SURFACE_STYLE_USAGE(.BOTH.,#641);
#404=FACE_OUTER_BOUND('',#642,.T.);
#405=PLANE('',#643);
#406=SURFACE_STYLE_USAGE(.BOTH.,#644);
#407=FACE_OUTER_BOUND('',#645,.T.);
#408=CYLINDRICAL_SURFACE('',#646,1.0);
#409=SURFACE_STYLE_USAGE(.BOTH.,#647);
#410=FACE_OUTER_BOUND('',#648,.T.);
#411=PLANE('',#649);
#412=SURFACE_STYLE_USAGE(.BOTH.,#650);
#413=FACE_OUTER_BOUND('',#651,.T.);
#414=CYLINDRICAL_SURFACE('',#652,1.0);
#415=SURFACE_STYLE_USAGE(.BOTH.,#653);
#416=FACE_OUTER_BOUND('',#654,.T.);
#417=PLANE('',#655);
#418=SURFACE_STYLE_USAGE(.BOTH.,#656);
#419=FACE_OUTER_BOUND('',#657,.T.);
#420=PLANE('',#658);
#421=SURFACE_STYLE_USAGE(.BOTH.,#659);
#422=FACE_OUTER_BOUND('',#660,.T.);
#423=PLANE('',#661);
#424=SURFACE_STYLE_USAGE(.BOTH.,#662);
#425=FACE_OUTER_BOUND('',#663,.T.);
#426=PLANE('',#664);
#427=SURFACE_STYLE_USAGE(.BOTH.,#665);
#428=FACE_OUTER_BOUND('',#666,.T.);
#429=PLANE('',#667);
#430=SURFACE_STYLE_USAGE(.BOTH.,#668);
#431=FACE_OUTER_BOUND('',#669,.T.);
#432=PLANE('',#670);
#433=SURFACE_STYLE_USAGE(.BOTH.,#671);
#434=FACE_OUTER_BOUND('',#672,.T.);
#435=PLANE('',#673);
#436=SURFACE_STYLE_USAGE(.BOTH.,#674);
#437=FACE_OUTER_BOUND('',#675,.T.);
#438=PLANE('',#676);
#439=SURFACE_STYLE_USAGE(.BOTH.,#677);
#440=FACE_OUTER_BOUND('',#678,.T.);
#441=PLANE('',#679);
#442=SURFACE_STYLE_USAGE(.BOTH.,#680);
#443=FACE_OUTER_BOUND('',#681,.T.);
#444=CYLINDRICAL_SURFACE('',#682,1.0);
#445=SURFACE_STYLE_USAGE(.BOTH.,#683);
#446=FACE_OUTER_BOUND('',#684,.T.);
#447=PLANE('',#685);
#448=SURFACE_STYLE_USAGE(.BOTH.,#686);
#449=FACE_OUTER_BOUND('',#687,.T.);
#450=FACE_BOUND('',#688,.T.);
#451=FACE_BOUND('',#689,.T.);
#452=FACE_BOUND('',#690,.T.);
#453=FACE_BOUND('',#691,.T.);
#454=FACE_BOUND('',#692,.T.);
#455=FACE_BOUND('',#693,.T.);
#456=PLANE('',#694);
#457=SURFACE_STYLE_USAGE(.BOTH.,#695);
#458=FACE_OUTER_BOUND('',#696,.T.);
#459=PLANE('',#697);
#460=SURFACE_STYLE_USAGE(.BOTH.,#698);
#461=FACE_OUTER_BOUND('',#699,.T.);
#462=CYLINDRICAL_SURFACE('',#700,0.5);
#463=SURFACE_STYLE_USAGE(.BOTH.,#701);
#464=FACE_OUTER_BOUND('',#702,.T.);
#465=PLANE('',#703);
#466=SURFACE_STYLE_USAGE(.BOTH.,#704);
#467=FACE_OUTER_BOUND('',#705,.T.);
#468=CYLINDRICAL_SURFACE('',#706,0.5);
#469=SURFACE_STYLE_USAGE(.BOTH.,#707);
#470=FACE_OUTER_BOUND('',#708,.T.);
#471=PLANE('',#709);
#472=SURFACE_STYLE_USAGE(.BOTH.,#710);
#473=FACE_OUTER_BOUND('',#711,.T.);
#474=CYLINDRICAL_SURFACE('',#712,0.5);
#475=SURFACE_STYLE_USAGE(.BOTH.,#713);
#476=FACE_OUTER_BOUND('',#714,.T.);
#477=PLANE('',#715);
#478=SURFACE_STYLE_USAGE(.BOTH.,#716);
#479=FACE_OUTER_BOUND('',#717,.T.);
#480=CYLINDRICAL_SURFACE('',#718,0.5);
#481=SURFACE_STYLE_USAGE(.BOTH.,#719);
#482=FACE_OUTER_BOUND('',#720,.T.);
#483=PLANE('',#721);
#484=SURFACE_STYLE_USAGE(.BOTH.,#722);
#485=FACE_OUTER_BOUND('',#723,.T.);
#486=CYLINDRICAL_SURFACE('',#724,0.5);
#487=SURFACE_STYLE_USAGE(.BOTH.,#725);
#488=FACE_OUTER_BOUND('',#726,.T.);
#489=PLANE('',#727);
#490=SURFACE_STYLE_USAGE(.BOTH.,#728);
#491=FACE_OUTER_BOUND('',#729,.T.);
#492=CYLINDRICAL_SURFACE('',#730,0.5);
#493=SURFACE_STYLE_USAGE(.BOTH.,#731);
#494=FACE_OUTER_BOUND('',#732,.T.);
#495=PLANE('',#733);
#496=SURFACE_STYLE_USAGE(.BOTH.,#734);
#497=CLOSED_SHELL('',(#163,#165,#167,#169,#171,#173,#175,#177,#179,#181,#183,#185,#187,#189,#191,#193,#195,#197,#199,#201,#203,#205,#207,#209,#211,#213,#215,#217,#219,#221,#223,#225,#227,#229,#231,#233,#235,#237,#239,#241,#243,#245,#247,#249));
#498=PRODUCT_CONTEXT('',#87,'mechanical');
#499=PRODUCT_DEFINITION_FORMATION_WITH_SPECIFIED_SOURCE(' ','NONE',#252,.NOT_KNOWN.);
#500=CARTESIAN_POINT('',(0.0,0.0,0.0));
#501=DIRECTION('',(0.0,0.0,1.0));
#502=DIRECTION('',(1.0,0.0,0.0));
#503=CARTESIAN_POINT('',(0.0,0.0,0.0));
#504=DIRECTION('',(0.0,0.0,1.0));
#505=DIRECTION('',(1.0,0.0,0.0));
#506=CARTESIAN_POINT('',(0.0,0.0,0.0));
#507=DIRECTION('',(0.0,0.0,1.0));
#508=DIRECTION('',(1.0,0.0,0.0));
#509= (NAMED_UNIT(#262)LENGTH_UNIT()SI_UNIT(.MILLI.,.METRE.));
#510=SURFACE_SIDE_STYLE('',(#736));
#511=EDGE_LOOP('',(#737,#738,#739,#740));
#512=AXIS2_PLACEMENT_3D('',#741,#742,#743);
#513=SURFACE_SIDE_STYLE('',(#744));
#514=EDGE_LOOP('',(#745,#746,#747,#748));
#515=AXIS2_PLACEMENT_3D('',#749,#750,#751);
#516=SURFACE_SIDE_STYLE('',(#752));
#517=EDGE_LOOP('',(#753,#754,#755,#756));
#518=AXIS2_PLACEMENT_3D('',#757,#758,#759);
#519=SURFACE_SIDE_STYLE('',(#760));
#520=EDGE_LOOP('',(#761,#762,#763,#764));
#521=AXIS2_PLACEMENT_3D('',#765,#766,#767);
#522=SURFACE_SIDE_STYLE('',(#768));
#523=EDGE_LOOP('',(#769,#770,#771,#772));
#524=AXIS2_PLACEMENT_3D('',#773,#774,#775);
#525=SURFACE_SIDE_STYLE('',(#776));
#526=EDGE_LOOP('',(#777,#778,#779,#780));
#527=AXIS2_PLACEMENT_3D('',#781,#782,#783);
#528=SURFACE_SIDE_STYLE('',(#784));
#529=EDGE_LOOP('',(#785,#786,#787,#788));
#530=AXIS2_PLACEMENT_3D('',#789,#790,#791);
#531=SURFACE_SIDE_STYLE('',(#792));
#532=EDGE_LOOP('',(#793,#794,#795,#796));
#533=AXIS2_PLACEMENT_3D('',#797,#798,#799);
#534=SURFACE_SIDE_STYLE('',(#800));
#535=EDGE_LOOP('',(#801,#802,#803,#804,#805,#806,#807,#808));
#536=AXIS2_PLACEMENT_3D('',#809,#810,#811);
#537=SURFACE_SIDE_STYLE('',(#812));
#538=EDGE_LOOP('',(#813,#814,#815,#816,#817,#818,#819,#820));
#539=AXIS2_PLACEMENT_3D('',#821,#822,#823);
#540=SURFACE_SIDE_STYLE('',(#824));
#541=SURFACE_SIDE_STYLE('',(#825));
#542=EDGE_LOOP('',(#826,#827,#828,#829));
#543=AXIS2_PLACEMENT_3D('',#830,#831,#832);
#544=SURFACE_SIDE_STYLE('',(#833));
#545=EDGE_LOOP('',(#834,#835,#836,#837));
#546=AXIS2_PLACEMENT_3D('',#838,#839,#840);
#547=SURFACE_SIDE_STYLE('',(#841));
#548=EDGE_LOOP('',(#842,#843,#844,#845));
#549=AXIS2_PLACEMENT_3D('',#846,#847,#848);
#550=SURFACE_SIDE_STYLE('',(#849));
#551=EDGE_LOOP('',(#850,#851,#852,#853));
#552=AXIS2_PLACEMENT_3D('',#854,#855,#856);
#553=SURFACE_SIDE_STYLE('',(#857));
#554=EDGE_LOOP('',(#858,#859,#860,#861));
#555=AXIS2_PLACEMENT_3D('',#862,#863,#864);
#556=SURFACE_SIDE_STYLE('',(#865));
#557=EDGE_LOOP('',(#866,#867,#868,#869));
#558=AXIS2_PLACEMENT_3D('',#870,#871,#872);
#559=SURFACE_SIDE_STYLE('',(#873));
#560=EDGE_LOOP('',(#874,#875,#876,#877));
#561=AXIS2_PLACEMENT_3D('',#878,#879,#880);
#562=SURFACE_SIDE_STYLE('',(#881));
#563=EDGE_LOOP('',(#882,#883,#884,#885));
#564=AXIS2_PLACEMENT_3D('',#886,#887,#888);
#565=SURFACE_SIDE_STYLE('',(#889));
#566=EDGE_LOOP('',(#890,#891,#892,#893,#894,#895,#896,#897));
#567=AXIS2_PLACEMENT_3D('',#898,#899,#900);
#568=SURFACE_SIDE_STYLE('',(#901));
#569=EDGE_LOOP('',(#902,#903,#904,#905,#906,#907,#908,#909));
#570=AXIS2_PLACEMENT_3D('',#910,#911,#912);
#571=SURFACE_SIDE_STYLE('',(#913));
#572=EDGE_LOOP('',(#914,#915,#916,#917));
#573=AXIS2_PLACEMENT_3D('',#918,#919,#920);
#574=SURFACE_SIDE_STYLE('',(#921));
#575=EDGE_LOOP('',(#922,#923,#924,#925));
#576=AXIS2_PLACEMENT_3D('',#926,#927,#928);
#577=SURFACE_SIDE_STYLE('',(#929));
#578=EDGE_LOOP('',(#930,#931,#932,#933));
#579=AXIS2_PLACEMENT_3D('',#934,#935,#936);
#580=SURFACE_SIDE_STYLE('',(#937));
#581=EDGE_LOOP('',(#938,#939,#940,#941));
#582=AXIS2_PLACEMENT_3D('',#942,#943,#944);
#583=SURFACE_SIDE_STYLE('',(#945));
#584=EDGE_LOOP('',(#946,#947,#948,#949));
#585=AXIS2_PLACEMENT_3D('',#950,#951,#952);
#586=SURFACE_SIDE_STYLE('',(#953));
#587=EDGE_LOOP('',(#954,#955,#956,#957));
#588=AXIS2_PLACEMENT_3D('',#958,#959,#960);
#589=SURFACE_SIDE_STYLE('',(#961));
#590=EDGE_LOOP('',(#962,#963,#964,#965));
#591=AXIS2_PLACEMENT_3D('',#966,#967,#968);
#592=SURFACE_SIDE_STYLE('',(#969));
#593=EDGE_LOOP('',(#970,#971,#972,#973));
#594=AXIS2_PLACEMENT_3D('',#974,#975,#976);
#595=SURFACE_SIDE_STYLE('',(#977));
#596=SURFACE_SIDE_STYLE('',(#978));
#597=EDGE_LOOP('',(#979,#980,#981,#982));
#598=AXIS2_PLACEMENT_3D('',#983,#984,#985);
#599=SURFACE_SIDE_STYLE('',(#986));
#600=EDGE_LOOP('',(#987,#988,#989,#990));
#601=AXIS2_PLACEMENT_3D('',#991,#992,#993);
#602=SURFACE_SIDE_STYLE('',(#994));
#603=EDGE_LOOP('',(#995,#996,#997,#998));
#604=AXIS2_PLACEMENT_3D('',#999,#1000,#1001);
#605=SURFACE_SIDE_STYLE('',(#1002));
#606=EDGE_LOOP('',(#1003,#1004,#1005,#1006));
#607=AXIS2_PLACEMENT_3D('',#1007,#1008,#1009);
#608=SURFACE_SIDE_STYLE('',(#1010));
#609=EDGE_LOOP('',(#1011,#1012,#1013,#1014));
#610=AXIS2_PLACEMENT_3D('',#1015,#1016,#1017);
#611=SURFACE_SIDE_STYLE('',(#1018));
#612=EDGE_LOOP('',(#1019,#1020,#1021,#1022));
#613=AXIS2_PLACEMENT_3D('',#1023,#1024,#1025);
#614=SURFACE_SIDE_STYLE('',(#1026));
#615=EDGE_LOOP('',(#1027,#1028,#1029,#1030));
#616=AXIS2_PLACEMENT_3D('',#1031,#1032,#1033);
#617=SURFACE_SIDE_STYLE('',(#1034));
#618=EDGE_LOOP('',(#1035,#1036,#1037,#1038));
#619=AXIS2_PLACEMENT_3D('',#1039,#1040,#1041);
#620=SURFACE_SIDE_STYLE('',(#1042));
#621=EDGE_LOOP('',(#1043,#1044,#1045,#1046));
#622=AXIS2_PLACEMENT_3D('',#1047,#1048,#1049);
#623=SURFACE_SIDE_STYLE('',(#1050));
#624=EDGE_LOOP('',(#1051,#1052,#1053,#1054));
#625=AXIS2_PLACEMENT_3D('',#1055,#1056,#1057);
#626=SURFACE_SIDE_STYLE('',(#1058));
#627=EDGE_LOOP('',(#1059,#1060,#1061,#1062));
#628=AXIS2_PLACEMENT_3D('',#1063,#1064,#1065);
#629=SURFACE_SIDE_STYLE('',(#1066));
#630=EDGE_LOOP('',(#1067,#1068,#1069,#1070));
#631=AXIS2_PLACEMENT_3D('',#1071,#1072,#1073);
#632=SURFACE_SIDE_STYLE('',(#1074));
#633=EDGE_LOOP('',(#1075,#1076,#1077,#1078));
#634=AXIS2_PLACEMENT_3D('',#1079,#1080,#1081);
#635=SURFACE_SIDE_STYLE('',(#1082));
#636=EDGE_LOOP('',(#1083,#1084,#1085,#1086));
#637=AXIS2_PLACEMENT_3D('',#1087,#1088,#1089);
#638=SURFACE_SIDE_STYLE('',(#1090));
#639=EDGE_LOOP('',(#1091,#1092,#1093,#1094));
#640=AXIS2_PLACEMENT_3D('',#1095,#1096,#1097);
#641=SURFACE_SIDE_STYLE('',(#1098));
#642=EDGE_LOOP('',(#1099,#1100,#1101,#1102));
#643=AXIS2_PLACEMENT_3D('',#1103,#1104,#1105);
#644=SURFACE_SIDE_STYLE('',(#1106));
#645=EDGE_LOOP('',(#1107,#1108,#1109,#1110));
#646=AXIS2_PLACEMENT_3D('',#1111,#1112,#1113);
#647=SURFACE_SIDE_STYLE('',(#1114));
#648=EDGE_LOOP('',(#1115,#1116,#1117,#1118));
#649=AXIS2_PLACEMENT_3D('',#1119,#1120,#1121);
#650=SURFACE_SIDE_STYLE('',(#1122));
#651=EDGE_LOOP('',(#1123,#1124,#1125,#1126));
#652=AXIS2_PLACEMENT_3D('',#1127,#1128,#1129);
#653=SURFACE_SIDE_STYLE('',(#1130));
#654=EDGE_LOOP('',(#1131,#1132,#1133,#1134));
#655=AXIS2_PLACEMENT_3D('',#1135,#1136,#1137);
#656=SURFACE_SIDE_STYLE('',(#1138));
#657=EDGE_LOOP('',(#1139,#1140,#1141,#1142));
#658=AXIS2_PLACEMENT_3D('',#1143,#1144,#1145);
#659=SURFACE_SIDE_STYLE('',(#1146));
#660=EDGE_LOOP('',(#1147,#1148,#1149,#1150));
#661=AXIS2_PLACEMENT_3D('',#1151,#1152,#1153);
#662=SURFACE_SIDE_STYLE('',(#1154));
#663=EDGE_LOOP('',(#1155,#1156,#1157,#1158));
#664=AXIS2_PLACEMENT_3D('',#1159,#1160,#1161);
#665=SURFACE_SIDE_STYLE('',(#1162));
#666=EDGE_LOOP('',(#1163,#1164,#1165,#1166));
#667=AXIS2_PLACEMENT_3D('',#1167,#1168,#1169);
#668=SURFACE_SIDE_STYLE('',(#1170));
#669=EDGE_LOOP('',(#1171,#1172,#1173,#1174));
#670=AXIS2_PLACEMENT_3D('',#1175,#1176,#1177);
#671=SURFACE_SIDE_STYLE('',(#1178));
#672=EDGE_LOOP('',(#1179,#1180,#1181,#1182));
#673=AXIS2_PLACEMENT_3D('',#1183,#1184,#1185);
#674=SURFACE_SIDE_STYLE('',(#1186));
#675=EDGE_LOOP('',(#1187,#1188,#1189,#1190));
#676=AXIS2_PLACEMENT_3D('',#1191,#1192,#1193);
#677=SURFACE_SIDE_STYLE('',(#1194));
#678=EDGE_LOOP('',(#1195,#1196,#1197,#1198));
#679=AXIS2_PLACEMENT_3D('',#1199,#1200,#1201);
#680=SURFACE_SIDE_STYLE('',(#1202));
#681=EDGE_LOOP('',(#1203,#1204,#1205,#1206));
#682=AXIS2_PLACEMENT_3D('',#1207,#1208,#1209);
#683=SURFACE_SIDE_STYLE('',(#1210));
#684=EDGE_LOOP('',(#1211,#1212,#1213,#1214));
#685=AXIS2_PLACEMENT_3D('',#1215,#1216,#1217);
#686=SURFACE_SIDE_STYLE('',(#1218));
#687=EDGE_LOOP('',(#1219,#1220,#1221,#1222,#1223,#1224,#1225,#1226,#1227,#1228,#1229,#1230,#1231,#1232,#1233,#1234,#1235,#1236,#1237,#1238,#1239,#1240,#1241,#1242));
#688=EDGE_LOOP('',(#1243,#1244));
#689=EDGE_LOOP('',(#1245,#1246));
#690=EDGE_LOOP('',(#1247,#1248));
#691=EDGE_LOOP('',(#1249,#1250));
#692=EDGE_LOOP('',(#1251,#1252));
#693=EDGE_LOOP('',(#1253,#1254));
#694=AXIS2_PLACEMENT_3D('',#1255,#1256,#1257);
#695=SURFACE_SIDE_STYLE('',(#1258));
#696=EDGE_LOOP('',(#1259,#1260,#1261,#1262,#1263,#1264,#1265,#1266,#1267,#1268,#1269,#1270,#1271,#1272,#1273,#1274,#1275,#1276,#1277,#1278,#1279,#1280,#1281,#1282));
#697=AXIS2_PLACEMENT_3D('',#1283,#1284,#1285);
#698=SURFACE_SIDE_STYLE('',(#1286));
#699=EDGE_LOOP('',(#1287,#1288,#1289,#1290));
#700=AXIS2_PLACEMENT_3D('',#1291,#1292,#1293);
#701=SURFACE_SIDE_STYLE('',(#1294));
#702=EDGE_LOOP('',(#1295,#1296));
#703=AXIS2_PLACEMENT_3D('',#1297,#1298,#1299);
#704=SURFACE_SIDE_STYLE('',(#1300));
#705=EDGE_LOOP('',(#1301,#1302,#1303,#1304));
#706=AXIS2_PLACEMENT_3D('',#1305,#1306,#1307);
#707=SURFACE_SIDE_STYLE('',(#1308));
#708=EDGE_LOOP('',(#1309,#1310));
#709=AXIS2_PLACEMENT_3D('',#1311,#1312,#1313);
#710=SURFACE_SIDE_STYLE('',(#1314));
#711=EDGE_LOOP('',(#1315,#1316,#1317,#1318));
#712=AXIS2_PLACEMENT_3D('',#1319,#1320,#1321);
#713=SURFACE_SIDE_STYLE('',(#1322));
#714=EDGE_LOOP('',(#1323,#1324));
#715=AXIS2_PLACEMENT_3D('',#1325,#1326,#1327);
#716=SURFACE_SIDE_STYLE('',(#1328));
#717=EDGE_LOOP('',(#1329,#1330,#1331,#1332));
#718=AXIS2_PLACEMENT_3D('',#1333,#1334,#1335);
#719=SURFACE_SIDE_STYLE('',(#1336));
#720=EDGE_LOOP('',(#1337,#1338));
#721=AXIS2_PLACEMENT_3D('',#1339,#1340,#1341);
#722=SURFACE_SIDE_STYLE('',(#1342));
#723=EDGE_LOOP('',(#1343,#1344,#1345,#1346));
#724=AXIS2_PLACEMENT_3D('',#1347,#1348,#1349);
#725=SURFACE_SIDE_STYLE('',(#1350));
#726=EDGE_LOOP('',(#1351,#1352));
#727=AXIS2_PLACEMENT_3D('',#1353,#1354,#1355);
#728=SURFACE_SIDE_STYLE('',(#1356));
#729=EDGE_LOOP('',(#1357,#1358,#1359,#1360));
#730=AXIS2_PLACEMENT_3D('',#1361,#1362,#1363);
#731=SURFACE_SIDE_STYLE('',(#1364));
#732=EDGE_LOOP('',(#1365,#1366));
#733=AXIS2_PLACEMENT_3D('',#1367,#1368,#1369);
#734=SURFACE_SIDE_STYLE('',(#1370));
#736=SURFACE_STYLE_FILL_AREA(#1371);
#737=ORIENTED_EDGE('',*,*,#1372,.T.);
#738=ORIENTED_EDGE('',*,*,#1373,.F.);
#739=ORIENTED_EDGE('',*,*,#1374,.F.);
#740=ORIENTED_EDGE('',*,*,#1375,.T.);
#741=CARTESIAN_POINT('',(-11.7,-1.4,24.4));
#742=DIRECTION('',(0.0,-1.0,0.0));
#743=DIRECTION('',(0.0,0.0,1.0));
#744=SURFACE_STYLE_FILL_AREA(#1376);
#745=ORIENTED_EDGE('',*,*,#1377,.T.);
#746=ORIENTED_EDGE('',*,*,#1378,.F.);
#747=ORIENTED_EDGE('',*,*,#1379,.F.);
#748=ORIENTED_EDGE('',*,*,#1373,.T.);
#749=CARTESIAN_POINT('',(-12.7,-1.4,24.4));
#750=DIRECTION('',(1.0,0.0,-1.42190448850558E-16));
#751=DIRECTION('',(-1.42190448850558E-16,0.0,-1.0));
#752=SURFACE_STYLE_FILL_AREA(#1380);
#753=ORIENTED_EDGE('',*,*,#1381,.T.);
#754=ORIENTED_EDGE('',*,*,#1382,.F.);
#755=ORIENTED_EDGE('',*,*,#1383,.F.);
#756=ORIENTED_EDGE('',*,*,#1378,.T.);
#757=CARTESIAN_POINT('',(-11.7,-1.4,-24.4));
#758=DIRECTION('',(0.0,-1.0,0.0));
#759=DIRECTION('',(0.0,0.0,1.0));
#760=SURFACE_STYLE_FILL_AREA(#1384);
#761=ORIENTED_EDGE('',*,*,#1385,.T.);
#762=ORIENTED_EDGE('',*,*,#1386,.F.);
#763=ORIENTED_EDGE('',*,*,#1387,.F.);
#764=ORIENTED_EDGE('',*,*,#1382,.T.);
#765=CARTESIAN_POINT('',(-11.7,-1.4,-25.4));
#766=DIRECTION('',(-0.0,0.0,1.0));
#767=DIRECTION('',(1.0,-0.0,0.0));
#768=SURFACE_STYLE_FILL_AREA(#1388);
#769=ORIENTED_EDGE('',*,*,#1389,.T.);
#770=ORIENTED_EDGE('',*,*,#1390,.F.);
#771=ORIENTED_EDGE('',*,*,#1391,.F.);
#772=ORIENTED_EDGE('',*,*,#1386,.T.);
#773=CARTESIAN_POINT('',(11.7,-1.4,-24.4));
#774=DIRECTION('',(0.0,-1.0,0.0));
#775=DIRECTION('',(0.0,0.0,1.0));
#776=SURFACE_STYLE_FILL_AREA(#1392);
#777=ORIENTED_EDGE('',*,*,#1393,.T.);
#778=ORIENTED_EDGE('',*,*,#1394,.F.);
#779=ORIENTED_EDGE('',*,*,#1395,.F.);
#780=ORIENTED_EDGE('',*,*,#1390,.T.);
#781=CARTESIAN_POINT('',(12.7,-1.4,-24.4));
#782=DIRECTION('',(-1.0,0.0,1.77738061063197E-16));
#783=DIRECTION('',(0.0,1.0,0.0));
#784=SURFACE_STYLE_FILL_AREA(#1396);
#785=ORIENTED_EDGE('',*,*,#1397,.T.);
#786=ORIENTED_EDGE('',*,*,#1398,.F.);
#787=ORIENTED_EDGE('',*,*,#1399,.F.);
#788=ORIENTED_EDGE('',*,*,#1394,.T.);
#789=CARTESIAN_POINT('',(11.7,-1.4,24.4));
#790=DIRECTION('',(0.0,-1.0,0.0));
#791=DIRECTION('',(0.0,0.0,1.0));
#792=SURFACE_STYLE_FILL_AREA(#1400);
#793=ORIENTED_EDGE('',*,*,#1401,.T.);
#794=ORIENTED_EDGE('',*,*,#1375,.F.);
#795=ORIENTED_EDGE('',*,*,#1402,.F.);
#796=ORIENTED_EDGE('',*,*,#1398,.T.);
#797=CARTESIAN_POINT('',(11.7,-1.4,25.4));
#798=DIRECTION('',(-0.0,-0.0,-1.0));
#799=DIRECTION('',(0.0,-1.0,0.0));
#800=SURFACE_STYLE_FILL_AREA(#1403);
#801=ORIENTED_EDGE('',*,*,#1374,.T.);
#802=ORIENTED_EDGE('',*,*,#1379,.T.);
#803=ORIENTED_EDGE('',*,*,#1383,.T.);
#804=ORIENTED_EDGE('',*,*,#1387,.T.);
#805=ORIENTED_EDGE('',*,*,#1391,.T.);
#806=ORIENTED_EDGE('',*,*,#1395,.T.);
#807=ORIENTED_EDGE('',*,*,#1399,.T.);
#808=ORIENTED_EDGE('',*,*,#1402,.T.);
#809=CARTESIAN_POINT('',(-11.7,-1.4,24.4));
#810=DIRECTION('',(0.0,-1.0,0.0));
#811=DIRECTION('',(0.0,0.0,-1.0));
#812=SURFACE_STYLE_FILL_AREA(#1404);
#813=ORIENTED_EDGE('',*,*,#1372,.F.);
#814=ORIENTED_EDGE('',*,*,#1401,.F.);
#815=ORIENTED_EDGE('',*,*,#1397,.F.);
#816=ORIENTED_EDGE('',*,*,#1393,.F.);
#817=ORIENTED_EDGE('',*,*,#1389,.F.);
#818=ORIENTED_EDGE('',*,*,#1385,.F.);
#819=ORIENTED_EDGE('',*,*,#1381,.F.);
#820=ORIENTED_EDGE('',*,*,#1377,.F.);
#821=CARTESIAN_POINT('',(-11.7,0.0,24.4));
#822=DIRECTION('',(0.0,-1.0,0.0));
#823=DIRECTION('',(0.0,0.0,-1.0));
#824=SURFACE_STYLE_FILL_AREA(#1405);
#825=SURFACE_STYLE_FILL_AREA(#1406);
#826=ORIENTED_EDGE('',*,*,#1407,.F.);
#827=ORIENTED_EDGE('',*,*,#1408,.T.);
#828=ORIENTED_EDGE('',*,*,#1409,.T.);
#829=ORIENTED_EDGE('',*,*,#1410,.T.);
#830=CARTESIAN_POINT('',(-11.7,8.8,24.4));
#831=DIRECTION('',(0.0,1.0,0.0));
#832=DIRECTION('',(0.0,0.0,-1.0));
#833=SURFACE_STYLE_FILL_AREA(#1411);
#834=ORIENTED_EDGE('',*,*,#1412,.F.);
#835=ORIENTED_EDGE('',*,*,#1413,.T.);
#836=ORIENTED_EDGE('',*,*,#1407,.T.);
#837=ORIENTED_EDGE('',*,*,#1414,.T.);
#838=CARTESIAN_POINT('',(-11.7,8.8,25.4));
#839=DIRECTION('',(0.0,0.0,-1.0));
#840=DIRECTION('',(0.0,-1.0,0.0));
#841=SURFACE_STYLE_FILL_AREA(#1415);
#842=ORIENTED_EDGE('',*,*,#1416,.F.);
#843=ORIENTED_EDGE('',*,*,#1417,.T.);
#844=ORIENTED_EDGE('',*,*,#1412,.T.);
#845=ORIENTED_EDGE('',*,*,#1418,.T.);
#846=CARTESIAN_POINT('',(11.7,8.8,24.4));
#847=DIRECTION('',(0.0,1.0,0.0));
#848=DIRECTION('',(0.0,0.0,-1.0));
#849=SURFACE_STYLE_FILL_AREA(#1419);
#850=ORIENTED_EDGE('',*,*,#1420,.F.);
#851=ORIENTED_EDGE('',*,*,#1421,.T.);
#852=ORIENTED_EDGE('',*,*,#1416,.T.);
#853=ORIENTED_EDGE('',*,*,#1422,.T.);
#854=CARTESIAN_POINT('',(12.7,8.8,-24.4));
#855=DIRECTION('',(-1.0,0.0,1.77738061063197E-16));
#856=DIRECTION('',(0.0,1.0,0.0));
#857=SURFACE_STYLE_FILL_AREA(#1423);
#858=ORIENTED_EDGE('',*,*,#1424,.F.);
#859=ORIENTED_EDGE('',*,*,#1425,.T.);
#860=ORIENTED_EDGE('',*,*,#1420,.T.);
#861=ORIENTED_EDGE('',*,*,#1426,.T.);
#862=CARTESIAN_POINT('',(11.7,8.8,-24.4));
#863=DIRECTION('',(0.0,1.0,0.0));
#864=DIRECTION('',(0.0,0.0,-1.0));
#865=SURFACE_STYLE_FILL_AREA(#1427);
#866=ORIENTED_EDGE('',*,*,#1428,.F.);
#867=ORIENTED_EDGE('',*,*,#1429,.T.);
#868=ORIENTED_EDGE('',*,*,#1424,.T.);
#869=ORIENTED_EDGE('',*,*,#1430,.T.);
#870=CARTESIAN_POINT('',(-11.7,8.8,-25.4));
#871=DIRECTION('',(0.0,0.0,1.0));
#872=DIRECTION('',(1.0,0.0,0.0));
#873=SURFACE_STYLE_FILL_AREA(#1431);
#874=ORIENTED_EDGE('',*,*,#1432,.F.);
#875=ORIENTED_EDGE('',*,*,#1433,.T.);
#876=ORIENTED_EDGE('',*,*,#1428,.T.);
#877=ORIENTED_EDGE('',*,*,#1434,.T.);
#878=CARTESIAN_POINT('',(-11.7,8.8,-24.4));
#879=DIRECTION('',(0.0,1.0,0.0));
#880=DIRECTION('',(0.0,0.0,-1.0));
#881=SURFACE_STYLE_FILL_AREA(#1435);
#882=ORIENTED_EDGE('',*,*,#1409,.F.);
#883=ORIENTED_EDGE('',*,*,#1436,.T.);
#884=ORIENTED_EDGE('',*,*,#1432,.T.);
#885=ORIENTED_EDGE('',*,*,#1437,.T.);
#886=CARTESIAN_POINT('',(-12.7,8.8,-24.4));
#887=DIRECTION('',(1.0,0.0,-1.42190448850558E-16));
#888=DIRECTION('',(-1.42190448850558E-16,0.0,-1.0));
#889=SURFACE_STYLE_FILL_AREA(#1438);
#890=ORIENTED_EDGE('',*,*,#1439,.T.);
#891=ORIENTED_EDGE('',*,*,#1440,.T.);
#892=ORIENTED_EDGE('',*,*,#1441,.T.);
#893=ORIENTED_EDGE('',*,*,#1442,.T.);
#894=ORIENTED_EDGE('',*,*,#1443,.T.);
#895=ORIENTED_EDGE('',*,*,#1444,.T.);
#896=ORIENTED_EDGE('',*,*,#1445,.T.);
#897=ORIENTED_EDGE('',*,*,#1446,.T.);
#898=CARTESIAN_POINT('',(-11.7,8.8,24.4));
#899=DIRECTION('',(-0.0,1.0,0.0));
#900=DIRECTION('',(1.0,0.0,0.0));
#901=SURFACE_STYLE_FILL_AREA(#1447);
#902=ORIENTED_EDGE('',*,*,#1410,.F.);
#903=ORIENTED_EDGE('',*,*,#1437,.F.);
#904=ORIENTED_EDGE('',*,*,#1434,.F.);
#905=ORIENTED_EDGE('',*,*,#1430,.F.);
#906=ORIENTED_EDGE('',*,*,#1426,.F.);
#907=ORIENTED_EDGE('',*,*,#1422,.F.);
#908=ORIENTED_EDGE('',*,*,#1418,.F.);
#909=ORIENTED_EDGE('',*,*,#1414,.F.);
#910=CARTESIAN_POINT('',(-11.7,0.0,24.4));
#911=DIRECTION('',(-0.0,1.0,0.0));
#912=DIRECTION('',(1.0,0.0,0.0));
#913=SURFACE_STYLE_FILL_AREA(#1448);
#914=ORIENTED_EDGE('',*,*,#1449,.F.);
#915=ORIENTED_EDGE('',*,*,#1421,.F.);
#916=ORIENTED_EDGE('',*,*,#1450,.F.);
#917=ORIENTED_EDGE('',*,*,#1444,.F.);
#918=CARTESIAN_POINT('',(12.2,8.3,24.4));
#919=DIRECTION('',(0.0,0.0,-1.0));
#920=DIRECTION('',(1.0,0.0,0.0));
#921=SURFACE_STYLE_FILL_AREA(#1451);
#922=ORIENTED_EDGE('',*,*,#1450,.T.);
#923=ORIENTED_EDGE('',*,*,#1425,.F.);
#924=ORIENTED_EDGE('',*,*,#1452,.F.);
#925=ORIENTED_EDGE('',*,*,#1445,.F.);
#926=CARTESIAN_POINT('',(11.7,8.3,-24.4));
#927=DIRECTION('',(0.0,1.0,0.0));
#928=DIRECTION('',(0.0,0.0,1.0));
#929=SURFACE_STYLE_FILL_AREA(#1453);
#930=ORIENTED_EDGE('',*,*,#1449,.T.);
#931=ORIENTED_EDGE('',*,*,#1443,.F.);
#932=ORIENTED_EDGE('',*,*,#1454,.F.);
#933=ORIENTED_EDGE('',*,*,#1417,.F.);
#934=CARTESIAN_POINT('',(11.7,8.3,24.4));
#935=DIRECTION('',(0.0,1.0,0.0));
#936=DIRECTION('',(0.0,0.0,1.0));
#937=SURFACE_STYLE_FILL_AREA(#1455);
#938=ORIENTED_EDGE('',*,*,#1452,.T.);
#939=ORIENTED_EDGE('',*,*,#1429,.F.);
#940=ORIENTED_EDGE('',*,*,#1456,.F.);
#941=ORIENTED_EDGE('',*,*,#1446,.F.);
#942=CARTESIAN_POINT('',(-11.7,8.3,-24.9));
#943=DIRECTION('',(-1.0,0.0,-0.0));
#944=DIRECTION('',(0.0,0.0,-1.0));
#945=SURFACE_STYLE_FILL_AREA(#1457);
#946=ORIENTED_EDGE('',*,*,#1454,.T.);
#947=ORIENTED_EDGE('',*,*,#1442,.F.);
#948=ORIENTED_EDGE('',*,*,#1458,.F.);
#949=ORIENTED_EDGE('',*,*,#1413,.F.);
#950=CARTESIAN_POINT('',(-11.7,8.3,24.9));
#951=DIRECTION('',(1.0,-0.0,0.0));
#952=DIRECTION('',(0.0,0.0,1.0));
#953=SURFACE_STYLE_FILL_AREA(#1459);
#954=ORIENTED_EDGE('',*,*,#1456,.T.);
#955=ORIENTED_EDGE('',*,*,#1433,.F.);
#956=ORIENTED_EDGE('',*,*,#1460,.F.);
#957=ORIENTED_EDGE('',*,*,#1439,.F.);
#958=CARTESIAN_POINT('',(-11.7,8.3,-24.4));
#959=DIRECTION('',(0.0,1.0,0.0));
#960=DIRECTION('',(0.0,0.0,1.0));
#961=SURFACE_STYLE_FILL_AREA(#1461);
#962=ORIENTED_EDGE('',*,*,#1458,.T.);
#963=ORIENTED_EDGE('',*,*,#1441,.F.);
#964=ORIENTED_EDGE('',*,*,#1462,.F.);
#965=ORIENTED_EDGE('',*,*,#1408,.F.);
#966=CARTESIAN_POINT('',(-11.7,8.3,24.4));
#967=DIRECTION('',(0.0,1.0,0.0));
#968=DIRECTION('',(0.0,0.0,1.0));
#969=SURFACE_STYLE_FILL_AREA(#1463);
#970=ORIENTED_EDGE('',*,*,#1460,.T.);
#971=ORIENTED_EDGE('',*,*,#1436,.F.);
#972=ORIENTED_EDGE('',*,*,#1462,.T.);
#973=ORIENTED_EDGE('',*,*,#1440,.F.);
#974=CARTESIAN_POINT('',(-12.2,8.3,24.4));
#975=DIRECTION('',(0.0,0.0,1.0));
#976=DIRECTION('',(-1.0,0.0,0.0));
#977=SURFACE_STYLE_FILL_AREA(#1464);
#978=SURFACE_STYLE_FILL_AREA(#1465);
#979=ORIENTED_EDGE('',*,*,#1466,.F.);
#980=ORIENTED_EDGE('',*,*,#1467,.T.);
#981=ORIENTED_EDGE('',*,*,#1468,.T.);
#982=ORIENTED_EDGE('',*,*,#1469,.F.);
#983=CARTESIAN_POINT('',(-10.12,-8.2,-22.86));
#984=DIRECTION('',(0.0,-1.0,0.0));
#985=DIRECTION('',(0.0,0.0,1.0));
#986=SURFACE_STYLE_FILL_AREA(#1470);
#987=ORIENTED_EDGE('',*,*,#1471,.F.);
#988=ORIENTED_EDGE('',*,*,#1472,.T.);
#989=ORIENTED_EDGE('',*,*,#1473,.T.);
#990=ORIENTED_EDGE('',*,*,#1474,.F.);
#991=CARTESIAN_POINT('',(0.0399999999999949,-8.2,-22.86));
#992=DIRECTION('',(0.0,-1.0,0.0));
#993=DIRECTION('',(0.0,0.0,1.0));
#994=SURFACE_STYLE_FILL_AREA(#1475);
#995=ORIENTED_EDGE('',*,*,#1476,.F.);
#996=ORIENTED_EDGE('',*,*,#1477,.T.);
#997=ORIENTED_EDGE('',*,*,#1478,.T.);
#998=ORIENTED_EDGE('',*,*,#1479,.F.);
#999=CARTESIAN_POINT('',(10.2,-8.2,-22.86));
#1000=DIRECTION('',(0.0,-1.0,0.0));
#1001=DIRECTION('',(0.0,0.0,1.0));
#1002=SURFACE_STYLE_FILL_AREA(#1480);
#1003=ORIENTED_EDGE('',*,*,#1481,.F.);
#1004=ORIENTED_EDGE('',*,*,#1482,.T.);
#1005=ORIENTED_EDGE('',*,*,#1483,.T.);
#1006=ORIENTED_EDGE('',*,*,#1484,.F.);
#1007=CARTESIAN_POINT('',(-7.64,-8.2,22.86));
#1008=DIRECTION('',(0.0,-1.0,0.0));
#1009=DIRECTION('',(0.0,0.0,1.0));
#1010=SURFACE_STYLE_FILL_AREA(#1485);
#1011=ORIENTED_EDGE('',*,*,#1486,.F.);
#1012=ORIENTED_EDGE('',*,*,#1487,.T.);
#1013=ORIENTED_EDGE('',*,*,#1488,.T.);
#1014=ORIENTED_EDGE('',*,*,#1489,.F.);
#1015=CARTESIAN_POINT('',(2.52,-8.2,22.86));
#1016=DIRECTION('',(0.0,-1.0,0.0));
#1017=DIRECTION('',(0.0,0.0,1.0));
#1018=SURFACE_STYLE_FILL_AREA(#1490);
#1019=ORIENTED_EDGE('',*,*,#1491,.F.);
#1020=ORIENTED_EDGE('',*,*,#1492,.T.);
#1021=ORIENTED_EDGE('',*,*,#1493,.T.);
#1022=ORIENTED_EDGE('',*,*,#1494,.F.);
#1023=CARTESIAN_POINT('',(7.6,-8.2,22.86));
#1024=DIRECTION('',(0.0,-1.0,0.0));
#1025=DIRECTION('',(0.0,0.0,1.0));
#1026=SURFACE_STYLE_FILL_AREA(#1495);
#1027=ORIENTED_EDGE('',*,*,#1496,.T.);
#1028=ORIENTED_EDGE('',*,*,#1497,.F.);
#1029=ORIENTED_EDGE('',*,*,#1498,.F.);
#1030=ORIENTED_EDGE('',*,*,#1499,.T.);
#1031=CARTESIAN_POINT('',(-11.7,-2.2,24.4));
#1032=DIRECTION('',(0.0,-1.0,0.0));
#1033=DIRECTION('',(0.0,0.0,1.0));
#1034=SURFACE_STYLE_FILL_AREA(#1500);
#1035=ORIENTED_EDGE('',*,*,#1501,.T.);
#1036=ORIENTED_EDGE('',*,*,#1502,.F.);
#1037=ORIENTED_EDGE('',*,*,#1503,.F.);
#1038=ORIENTED_EDGE('',*,*,#1497,.T.);
#1039=CARTESIAN_POINT('',(-12.7,-2.2,24.4));
#1040=DIRECTION('',(1.0,0.0,-2.64843278775085E-16));
#1041=DIRECTION('',(-2.64843278775085E-16,0.0,-1.0));
#1042=SURFACE_STYLE_FILL_AREA(#1504);
#1043=ORIENTED_EDGE('',*,*,#1505,.T.);
#1044=ORIENTED_EDGE('',*,*,#1506,.F.);
#1045=ORIENTED_EDGE('',*,*,#1507,.F.);
#1046=ORIENTED_EDGE('',*,*,#1502,.T.);
#1047=CARTESIAN_POINT('',(-12.7,-2.2,17.85));
#1048=DIRECTION('',(-0.0,0.0,1.0));
#1049=DIRECTION('',(1.0,-0.0,0.0));
#1050=SURFACE_STYLE_FILL_AREA(#1508);
#1051=ORIENTED_EDGE('',*,*,#1509,.T.);
#1052=ORIENTED_EDGE('',*,*,#1510,.F.);
#1053=ORIENTED_EDGE('',*,*,#1511,.F.);
#1054=ORIENTED_EDGE('',*,*,#1506,.T.);
#1055=CARTESIAN_POINT('',(-10.8,-2.2,17.85));
#1056=DIRECTION('',(1.0,0.0,5.25673780599033E-16));
#1057=DIRECTION('',(-5.25673780599033E-16,0.0,1.0));
#1058=SURFACE_STYLE_FILL_AREA(#1512);
#1059=ORIENTED_EDGE('',*,*,#1513,.T.);
#1060=ORIENTED_EDGE('',*,*,#1514,.F.);
#1061=ORIENTED_EDGE('',*,*,#1515,.F.);
#1062=ORIENTED_EDGE('',*,*,#1510,.T.);
#1063=CARTESIAN_POINT('',(-12.7,-2.2,14.55));
#1064=DIRECTION('',(0.0,0.0,-1.0));
#1065=DIRECTION('',(0.0,-1.0,0.0));
#1066=SURFACE_STYLE_FILL_AREA(#1516);
#1067=ORIENTED_EDGE('',*,*,#1517,.T.);
#1068=ORIENTED_EDGE('',*,*,#1518,.F.);
#1069=ORIENTED_EDGE('',*,*,#1519,.F.);
#1070=ORIENTED_EDGE('',*,*,#1514,.T.);
#1071=CARTESIAN_POINT('',(-12.7,-2.2,14.55));
#1072=DIRECTION('',(1.0,0.0,0.0));
#1073=DIRECTION('',(0.0,1.0,0.0));
#1074=SURFACE_STYLE_FILL_AREA(#1520);
#1075=ORIENTED_EDGE('',*,*,#1521,.T.);
#1076=ORIENTED_EDGE('',*,*,#1522,.F.);
#1077=ORIENTED_EDGE('',*,*,#1523,.F.);
#1078=ORIENTED_EDGE('',*,*,#1518,.T.);
#1079=CARTESIAN_POINT('',(-12.7,-2.2,-14.55));
#1080=DIRECTION('',(-0.0,0.0,1.0));
#1081=DIRECTION('',(1.0,-0.0,0.0));
#1082=SURFACE_STYLE_FILL_AREA(#1524);
#1083=ORIENTED_EDGE('',*,*,#1525,.T.);
#1084=ORIENTED_EDGE('',*,*,#1526,.F.);
#1085=ORIENTED_EDGE('',*,*,#1527,.F.);
#1086=ORIENTED_EDGE('',*,*,#1522,.T.);
#1087=CARTESIAN_POINT('',(-10.8,-2.2,-17.85));
#1088=DIRECTION('',(1.0,0.0,-5.25673780599033E-16));
#1089=DIRECTION('',(-5.25673780599033E-16,0.0,-1.0));
#1090=SURFACE_STYLE_FILL_AREA(#1528);
#1091=ORIENTED_EDGE('',*,*,#1529,.T.);
#1092=ORIENTED_EDGE('',*,*,#1530,.F.);
#1093=ORIENTED_EDGE('',*,*,#1531,.F.);
#1094=ORIENTED_EDGE('',*,*,#1526,.T.);
#1095=CARTESIAN_POINT('',(-12.7,-2.2,-17.85));
#1096=DIRECTION('',(0.0,0.0,-1.0));
#1097=DIRECTION('',(0.0,-1.0,0.0));
#1098=SURFACE_STYLE_FILL_AREA(#1532);
#1099=ORIENTED_EDGE('',*,*,#1533,.T.);
#1100=ORIENTED_EDGE('',*,*,#1534,.F.);
#1101=ORIENTED_EDGE('',*,*,#1535,.F.);
#1102=ORIENTED_EDGE('',*,*,#1530,.T.);
#1103=CARTESIAN_POINT('',(-12.7,-2.2,-17.85));
#1104=DIRECTION('',(1.0,0.0,-7.94529836325256E-16));
#1105=DIRECTION('',(-7.94529836325256E-16,0.0,-1.0));
#1106=SURFACE_STYLE_FILL_AREA(#1536);
#1107=ORIENTED_EDGE('',*,*,#1537,.T.);
#1108=ORIENTED_EDGE('',*,*,#1538,.F.);
#1109=ORIENTED_EDGE('',*,*,#1539,.F.);
#1110=ORIENTED_EDGE('',*,*,#1534,.T.);
#1111=CARTESIAN_POINT('',(-11.7,-2.2,-24.4));
#1112=DIRECTION('',(0.0,-1.0,0.0));
#1113=DIRECTION('',(0.0,0.0,1.0));
#1114=SURFACE_STYLE_FILL_AREA(#1540);
#1115=ORIENTED_EDGE('',*,*,#1541,.T.);
#1116=ORIENTED_EDGE('',*,*,#1542,.F.);
#1117=ORIENTED_EDGE('',*,*,#1543,.F.);
#1118=ORIENTED_EDGE('',*,*,#1538,.T.);
#1119=CARTESIAN_POINT('',(-11.7,-2.2,-25.4));
#1120=DIRECTION('',(-0.0,0.0,1.0));
#1121=DIRECTION('',(1.0,-0.0,0.0));
#1122=SURFACE_STYLE_FILL_AREA(#1544);
#1123=ORIENTED_EDGE('',*,*,#1545,.T.);
#1124=ORIENTED_EDGE('',*,*,#1546,.F.);
#1125=ORIENTED_EDGE('',*,*,#1547,.F.);
#1126=ORIENTED_EDGE('',*,*,#1542,.T.);
#1127=CARTESIAN_POINT('',(11.7,-2.2,-24.4));
#1128=DIRECTION('',(0.0,-1.0,0.0));
#1129=DIRECTION('',(0.0,0.0,1.0));
#1130=SURFACE_STYLE_FILL_AREA(#1548);
#1131=ORIENTED_EDGE('',*,*,#1549,.T.);
#1132=ORIENTED_EDGE('',*,*,#1550,.F.);
#1133=ORIENTED_EDGE('',*,*,#1551,.F.);
#1134=ORIENTED_EDGE('',*,*,#1546,.T.);
#1135=CARTESIAN_POINT('',(12.7,-2.2,-24.4));
#1136=DIRECTION('',(-1.0,0.0,2.64843278775085E-16));
#1137=DIRECTION('',(0.0,1.0,0.0));
#1138=SURFACE_STYLE_FILL_AREA(#1552);
#1139=ORIENTED_EDGE('',*,*,#1553,.T.);
#1140=ORIENTED_EDGE('',*,*,#1554,.F.);
#1141=ORIENTED_EDGE('',*,*,#1555,.F.);
#1142=ORIENTED_EDGE('',*,*,#1550,.T.);
#1143=CARTESIAN_POINT('',(12.7,-2.2,-17.85));
#1144=DIRECTION('',(-0.0,-0.0,-1.0));
#1145=DIRECTION('',(0.0,-1.0,0.0));
#1146=SURFACE_STYLE_FILL_AREA(#1556);
#1147=ORIENTED_EDGE('',*,*,#1557,.T.);
#1148=ORIENTED_EDGE('',*,*,#1558,.F.);
#1149=ORIENTED_EDGE('',*,*,#1559,.F.);
#1150=ORIENTED_EDGE('',*,*,#1554,.T.);
#1151=CARTESIAN_POINT('',(10.8,-2.2,-17.85));
#1152=DIRECTION('',(-1.0,0.0,-5.25673780599033E-16));
#1153=DIRECTION('',(-5.25673780599033E-16,0.0,1.0));
#1154=SURFACE_STYLE_FILL_AREA(#1560);
#1155=ORIENTED_EDGE('',*,*,#1561,.T.);
#1156=ORIENTED_EDGE('',*,*,#1562,.F.);
#1157=ORIENTED_EDGE('',*,*,#1563,.F.);
#1158=ORIENTED_EDGE('',*,*,#1558,.T.);
#1159=CARTESIAN_POINT('',(12.7,-2.2,-14.55));
#1160=DIRECTION('',(0.0,0.0,1.0));
#1161=DIRECTION('',(1.0,0.0,0.0));
#1162=SURFACE_STYLE_FILL_AREA(#1564);
#1163=ORIENTED_EDGE('',*,*,#1565,.T.);
#1164=ORIENTED_EDGE('',*,*,#1566,.F.);
#1165=ORIENTED_EDGE('',*,*,#1567,.F.);
#1166=ORIENTED_EDGE('',*,*,#1562,.T.);
#1167=CARTESIAN_POINT('',(12.7,-2.2,-14.55));
#1168=DIRECTION('',(-1.0,0.0,0.0));
#1169=DIRECTION('',(0.0,0.0,1.0));
#1170=SURFACE_STYLE_FILL_AREA(#1568);
#1171=ORIENTED_EDGE('',*,*,#1569,.T.);
#1172=ORIENTED_EDGE('',*,*,#1570,.F.);
#1173=ORIENTED_EDGE('',*,*,#1571,.F.);
#1174=ORIENTED_EDGE('',*,*,#1566,.T.);
#1175=CARTESIAN_POINT('',(12.7,-2.2,14.55));
#1176=DIRECTION('',(-0.0,-0.0,-1.0));
#1177=DIRECTION('',(0.0,-1.0,0.0));
#1178=SURFACE_STYLE_FILL_AREA(#1572);
#1179=ORIENTED_EDGE('',*,*,#1573,.T.);
#1180=ORIENTED_EDGE('',*,*,#1574,.F.);
#1181=ORIENTED_EDGE('',*,*,#1575,.F.);
#1182=ORIENTED_EDGE('',*,*,#1570,.T.);
#1183=CARTESIAN_POINT('',(10.8,-2.2,17.85));
#1184=DIRECTION('',(-1.0,0.0,5.25673780599033E-16));
#1185=DIRECTION('',(0.0,1.0,0.0));
#1186=SURFACE_STYLE_FILL_AREA(#1576);
#1187=ORIENTED_EDGE('',*,*,#1577,.T.);
#1188=ORIENTED_EDGE('',*,*,#1578,.F.);
#1189=ORIENTED_EDGE('',*,*,#1579,.F.);
#1190=ORIENTED_EDGE('',*,*,#1574,.T.);
#1191=CARTESIAN_POINT('',(12.7,-2.2,17.85));
#1192=DIRECTION('',(0.0,0.0,1.0));
#1193=DIRECTION('',(1.0,0.0,0.0));
#1194=SURFACE_STYLE_FILL_AREA(#1580);
#1195=ORIENTED_EDGE('',*,*,#1581,.T.);
#1196=ORIENTED_EDGE('',*,*,#1582,.F.);
#1197=ORIENTED_EDGE('',*,*,#1583,.F.);
#1198=ORIENTED_EDGE('',*,*,#1578,.T.);
#1199=CARTESIAN_POINT('',(12.7,-2.2,17.85));
#1200=DIRECTION('',(-1.0,0.0,1.32421639387543E-15));
#1201=DIRECTION('',(0.0,1.0,0.0));
#1202=SURFACE_STYLE_FILL_AREA(#1584);
#1203=ORIENTED_EDGE('',*,*,#1585,.T.);
#1204=ORIENTED_EDGE('',*,*,#1586,.F.);
#1205=ORIENTED_EDGE('',*,*,#1587,.F.);
#1206=ORIENTED_EDGE('',*,*,#1582,.T.);
#1207=CARTESIAN_POINT('',(11.7,-2.2,24.4));
#1208=DIRECTION('',(0.0,-1.0,0.0));
#1209=DIRECTION('',(0.0,0.0,1.0));
#1210=SURFACE_STYLE_FILL_AREA(#1588);
#1211=ORIENTED_EDGE('',*,*,#1589,.T.);
#1212=ORIENTED_EDGE('',*,*,#1499,.F.);
#1213=ORIENTED_EDGE('',*,*,#1590,.F.);
#1214=ORIENTED_EDGE('',*,*,#1586,.T.);
#1215=CARTESIAN_POINT('',(11.7,-2.2,25.4));
#1216=DIRECTION('',(-0.0,-0.0,-1.0));
#1217=DIRECTION('',(0.0,-1.0,0.0));
#1218=SURFACE_STYLE_FILL_AREA(#1591);
#1219=ORIENTED_EDGE('',*,*,#1498,.T.);
#1220=ORIENTED_EDGE('',*,*,#1503,.T.);
#1221=ORIENTED_EDGE('',*,*,#1507,.T.);
#1222=ORIENTED_EDGE('',*,*,#1511,.T.);
#1223=ORIENTED_EDGE('',*,*,#1515,.T.);
#1224=ORIENTED_EDGE('',*,*,#1519,.T.);
#1225=ORIENTED_EDGE('',*,*,#1523,.T.);
#1226=ORIENTED_EDGE('',*,*,#1527,.T.);
#1227=ORIENTED_EDGE('',*,*,#1531,.T.);
#1228=ORIENTED_EDGE('',*,*,#1535,.T.);
#1229=ORIENTED_EDGE('',*,*,#1539,.T.);
#1230=ORIENTED_EDGE('',*,*,#1543,.T.);
#1231=ORIENTED_EDGE('',*,*,#1547,.T.);
#1232=ORIENTED_EDGE('',*,*,#1551,.T.);
#1233=ORIENTED_EDGE('',*,*,#1555,.T.);
#1234=ORIENTED_EDGE('',*,*,#1559,.T.);
#1235=ORIENTED_EDGE('',*,*,#1563,.T.);
#1236=ORIENTED_EDGE('',*,*,#1567,.T.);
#1237=ORIENTED_EDGE('',*,*,#1571,.T.);
#1238=ORIENTED_EDGE('',*,*,#1575,.T.);
#1239=ORIENTED_EDGE('',*,*,#1579,.T.);
#1240=ORIENTED_EDGE('',*,*,#1583,.T.);
#1241=ORIENTED_EDGE('',*,*,#1587,.T.);
#1242=ORIENTED_EDGE('',*,*,#1590,.T.);
#1243=ORIENTED_EDGE('',*,*,#1592,.F.);
#1244=ORIENTED_EDGE('',*,*,#1468,.F.);
#1245=ORIENTED_EDGE('',*,*,#1593,.F.);
#1246=ORIENTED_EDGE('',*,*,#1473,.F.);
#1247=ORIENTED_EDGE('',*,*,#1594,.F.);
#1248=ORIENTED_EDGE('',*,*,#1478,.F.);
#1249=ORIENTED_EDGE('',*,*,#1595,.F.);
#1250=ORIENTED_EDGE('',*,*,#1483,.F.);
#1251=ORIENTED_EDGE('',*,*,#1596,.F.);
#1252=ORIENTED_EDGE('',*,*,#1488,.F.);
#1253=ORIENTED_EDGE('',*,*,#1597,.F.);
#1254=ORIENTED_EDGE('',*,*,#1493,.F.);
#1255=CARTESIAN_POINT('',(-11.7,-2.2,24.4));
#1256=DIRECTION('',(0.0,-1.0,0.0));
#1257=DIRECTION('',(0.0,0.0,-1.0));
#1258=SURFACE_STYLE_FILL_AREA(#1598);
#1259=ORIENTED_EDGE('',*,*,#1496,.F.);
#1260=ORIENTED_EDGE('',*,*,#1589,.F.);
#1261=ORIENTED_EDGE('',*,*,#1585,.F.);
#1262=ORIENTED_EDGE('',*,*,#1581,.F.);
#1263=ORIENTED_EDGE('',*,*,#1577,.F.);
#1264=ORIENTED_EDGE('',*,*,#1573,.F.);
#1265=ORIENTED_EDGE('',*,*,#1569,.F.);
#1266=ORIENTED_EDGE('',*,*,#1565,.F.);
#1267=ORIENTED_EDGE('',*,*,#1561,.F.);
#1268=ORIENTED_EDGE('',*,*,#1557,.F.);
#1269=ORIENTED_EDGE('',*,*,#1553,.F.);
#1270=ORIENTED_EDGE('',*,*,#1549,.F.);
#1271=ORIENTED_EDGE('',*,*,#1545,.F.);
#1272=ORIENTED_EDGE('',*,*,#1541,.F.);
#1273=ORIENTED_EDGE('',*,*,#1537,.F.);
#1274=ORIENTED_EDGE('',*,*,#1533,.F.);
#1275=ORIENTED_EDGE('',*,*,#1529,.F.);
#1276=ORIENTED_EDGE('',*,*,#1525,.F.);
#1277=ORIENTED_EDGE('',*,*,#1521,.F.);
#1278=ORIENTED_EDGE('',*,*,#1517,.F.);
#1279=ORIENTED_EDGE('',*,*,#1513,.F.);
#1280=ORIENTED_EDGE('',*,*,#1509,.F.);
#1281=ORIENTED_EDGE('',*,*,#1505,.F.);
#1282=ORIENTED_EDGE('',*,*,#1501,.F.);
#1283=CARTESIAN_POINT('',(-11.7,-1.4,24.4));
#1284=DIRECTION('',(0.0,-1.0,0.0));
#1285=DIRECTION('',(0.0,0.0,-1.0));
#1286=SURFACE_STYLE_FILL_AREA(#1599);
#1287=ORIENTED_EDGE('',*,*,#1492,.F.);
#1288=ORIENTED_EDGE('',*,*,#1600,.F.);
#1289=ORIENTED_EDGE('',*,*,#1494,.T.);
#1290=ORIENTED_EDGE('',*,*,#1597,.T.);
#1291=CARTESIAN_POINT('',(7.6,-8.2,22.86));
#1292=DIRECTION('',(0.0,-1.0,0.0));
#1293=DIRECTION('',(0.0,0.0,1.0));
#1294=SURFACE_STYLE_FILL_AREA(#1601);
#1295=ORIENTED_EDGE('',*,*,#1600,.T.);
#1296=ORIENTED_EDGE('',*,*,#1491,.T.);
#1297=CARTESIAN_POINT('',(7.6,-8.2,22.86));
#1298=DIRECTION('',(0.0,-1.0,0.0));
#1299=DIRECTION('',(0.0,0.0,-1.0));
#1300=SURFACE_STYLE_FILL_AREA(#1602);
#1301=ORIENTED_EDGE('',*,*,#1487,.F.);
#1302=ORIENTED_EDGE('',*,*,#1603,.F.);
#1303=ORIENTED_EDGE('',*,*,#1489,.T.);
#1304=ORIENTED_EDGE('',*,*,#1596,.T.);
#1305=CARTESIAN_POINT('',(2.52,-8.2,22.86));
#1306=DIRECTION('',(0.0,-1.0,0.0));
#1307=DIRECTION('',(0.0,0.0,1.0));
#1308=SURFACE_STYLE_FILL_AREA(#1604);
#1309=ORIENTED_EDGE('',*,*,#1603,.T.);
#1310=ORIENTED_EDGE('',*,*,#1486,.T.);
#1311=CARTESIAN_POINT('',(2.52,-8.2,22.86));
#1312=DIRECTION('',(0.0,-1.0,0.0));
#1313=DIRECTION('',(0.0,0.0,-1.0));
#1314=SURFACE_STYLE_FILL_AREA(#1605);
#1315=ORIENTED_EDGE('',*,*,#1482,.F.);
#1316=ORIENTED_EDGE('',*,*,#1606,.F.);
#1317=ORIENTED_EDGE('',*,*,#1484,.T.);
#1318=ORIENTED_EDGE('',*,*,#1595,.T.);
#1319=CARTESIAN_POINT('',(-7.64,-8.2,22.86));
#1320=DIRECTION('',(0.0,-1.0,0.0));
#1321=DIRECTION('',(0.0,0.0,1.0));
#1322=SURFACE_STYLE_FILL_AREA(#1607);
#1323=ORIENTED_EDGE('',*,*,#1606,.T.);
#1324=ORIENTED_EDGE('',*,*,#1481,.T.);
#1325=CARTESIAN_POINT('',(-7.64,-8.2,22.86));
#1326=DIRECTION('',(0.0,-1.0,0.0));
#1327=DIRECTION('',(0.0,0.0,-1.0));
#1328=SURFACE_STYLE_FILL_AREA(#1608);
#1329=ORIENTED_EDGE('',*,*,#1477,.F.);
#1330=ORIENTED_EDGE('',*,*,#1609,.F.);
#1331=ORIENTED_EDGE('',*,*,#1479,.T.);
#1332=ORIENTED_EDGE('',*,*,#1594,.T.);
#1333=CARTESIAN_POINT('',(10.2,-8.2,-22.86));
#1334=DIRECTION('',(0.0,-1.0,0.0));
#1335=DIRECTION('',(0.0,0.0,1.0));
#1336=SURFACE_STYLE_FILL_AREA(#1610);
#1337=ORIENTED_EDGE('',*,*,#1609,.T.);
#1338=ORIENTED_EDGE('',*,*,#1476,.T.);
#1339=CARTESIAN_POINT('',(10.2,-8.2,-22.86));
#1340=DIRECTION('',(0.0,-1.0,0.0));
#1341=DIRECTION('',(0.0,0.0,-1.0));
#1342=SURFACE_STYLE_FILL_AREA(#1611);
#1343=ORIENTED_EDGE('',*,*,#1472,.F.);
#1344=ORIENTED_EDGE('',*,*,#1612,.F.);
#1345=ORIENTED_EDGE('',*,*,#1474,.T.);
#1346=ORIENTED_EDGE('',*,*,#1593,.T.);
#1347=CARTESIAN_POINT('',(0.0399999999999949,-8.2,-22.86));
#1348=DIRECTION('',(0.0,-1.0,0.0));
#1349=DIRECTION('',(0.0,0.0,1.0));
#1350=SURFACE_STYLE_FILL_AREA(#1613);
#1351=ORIENTED_EDGE('',*,*,#1612,.T.);
#1352=ORIENTED_EDGE('',*,*,#1471,.T.);
#1353=CARTESIAN_POINT('',(0.0399999999999949,-8.2,-22.86));
#1354=DIRECTION('',(0.0,-1.0,0.0));
#1355=DIRECTION('',(0.0,0.0,-1.0));
#1356=SURFACE_STYLE_FILL_AREA(#1614);
#1357=ORIENTED_EDGE('',*,*,#1467,.F.);
#1358=ORIENTED_EDGE('',*,*,#1615,.F.);
#1359=ORIENTED_EDGE('',*,*,#1469,.T.);
#1360=ORIENTED_EDGE('',*,*,#1592,.T.);
#1361=CARTESIAN_POINT('',(-10.12,-8.2,-22.86));
#1362=DIRECTION('',(0.0,-1.0,0.0));
#1363=DIRECTION('',(0.0,0.0,1.0));
#1364=SURFACE_STYLE_FILL_AREA(#1616);
#1365=ORIENTED_EDGE('',*,*,#1615,.T.);
#1366=ORIENTED_EDGE('',*,*,#1466,.T.);
#1367=CARTESIAN_POINT('',(-10.12,-8.2,-22.86));
#1368=DIRECTION('',(0.0,-1.0,0.0));
#1369=DIRECTION('',(0.0,0.0,-1.0));
#1370=SURFACE_STYLE_FILL_AREA(#1617);
#1371=FILL_AREA_STYLE('',(#1618));
#1372=EDGE_CURVE('NONE',#1619,#1620,#1621,.T.);
#1373=EDGE_CURVE('NONE',#1622,#1620,#1623,.T.);
#1374=EDGE_CURVE('NONE',#1624,#1622,#1625,.T.);
#1375=EDGE_CURVE('NONE',#1624,#1619,#1626,.T.);
#1376=FILL_AREA_STYLE('',(#1627));
#1377=EDGE_CURVE('NONE',#1620,#1628,#1629,.T.);
#1378=EDGE_CURVE('NONE',#1630,#1628,#1631,.T.);
#1379=EDGE_CURVE('NONE',#1622,#1630,#1632,.T.);
#1380=FILL_AREA_STYLE('',(#1633));
#1381=EDGE_CURVE('NONE',#1628,#1634,#1635,.T.);
#1382=EDGE_CURVE('NONE',#1636,#1634,#1637,.T.);
#1383=EDGE_CURVE('NONE',#1630,#1636,#1638,.T.);
#1384=FILL_AREA_STYLE('',(#1639));
#1385=EDGE_CURVE('NONE',#1634,#1640,#1641,.T.);
#1386=EDGE_CURVE('NONE',#1642,#1640,#1643,.T.);
#1387=EDGE_CURVE('NONE',#1636,#1642,#1644,.T.);
#1388=FILL_AREA_STYLE('',(#1645));
#1389=EDGE_CURVE('NONE',#1640,#1646,#1647,.T.);
#1390=EDGE_CURVE('NONE',#1648,#1646,#1649,.T.);
#1391=EDGE_CURVE('NONE',#1642,#1648,#1650,.T.);
#1392=FILL_AREA_STYLE('',(#1651));
#1393=EDGE_CURVE('NONE',#1646,#1652,#1653,.T.);
#1394=EDGE_CURVE('NONE',#1654,#1652,#1655,.T.);
#1395=EDGE_CURVE('NONE',#1648,#1654,#1656,.T.);
#1396=FILL_AREA_STYLE('',(#1657));
#1397=EDGE_CURVE('NONE',#1652,#1658,#1659,.T.);
#1398=EDGE_CURVE('NONE',#1660,#1658,#1661,.T.);
#1399=EDGE_CURVE('NONE',#1654,#1660,#1662,.T.);
#1400=FILL_AREA_STYLE('',(#1663));
#1401=EDGE_CURVE('NONE',#1658,#1619,#1664,.T.);
#1402=EDGE_CURVE('NONE',#1660,#1624,#1665,.T.);
#1403=FILL_AREA_STYLE('',(#1666));
#1404=FILL_AREA_STYLE('',(#1667));
#1405=FILL_AREA_STYLE('',(#1668));
#1406=FILL_AREA_STYLE('',(#1669));
#1407=EDGE_CURVE('NONE',#1670,#1671,#1672,.T.);
#1408=EDGE_CURVE('NONE',#1670,#1673,#1674,.T.);
#1409=EDGE_CURVE('NONE',#1673,#1675,#1676,.T.);
#1410=EDGE_CURVE('NONE',#1675,#1671,#1677,.T.);
#1411=FILL_AREA_STYLE('',(#1678));
#1412=EDGE_CURVE('NONE',#1679,#1680,#1681,.T.);
#1413=EDGE_CURVE('NONE',#1679,#1670,#1682,.T.);
#1414=EDGE_CURVE('NONE',#1671,#1680,#1683,.T.);
#1415=FILL_AREA_STYLE('',(#1684));
#1416=EDGE_CURVE('NONE',#1685,#1686,#1687,.T.);
#1417=EDGE_CURVE('NONE',#1685,#1679,#1688,.T.);
#1418=EDGE_CURVE('NONE',#1680,#1686,#1689,.T.);
#1419=FILL_AREA_STYLE('',(#1690));
#1420=EDGE_CURVE('NONE',#1691,#1692,#1693,.T.);
#1421=EDGE_CURVE('NONE',#1691,#1685,#1694,.T.);
#1422=EDGE_CURVE('NONE',#1686,#1692,#1695,.T.);
#1423=FILL_AREA_STYLE('',(#1696));
#1424=EDGE_CURVE('NONE',#1697,#1698,#1699,.T.);
#1425=EDGE_CURVE('NONE',#1697,#1691,#1700,.T.);
#1426=EDGE_CURVE('NONE',#1692,#1698,#1701,.T.);
#1427=FILL_AREA_STYLE('',(#1702));
#1428=EDGE_CURVE('NONE',#1703,#1704,#1705,.T.);
#1429=EDGE_CURVE('NONE',#1703,#1697,#1706,.T.);
#1430=EDGE_CURVE('NONE',#1698,#1704,#1707,.T.);
#1431=FILL_AREA_STYLE('',(#1708));
#1432=EDGE_CURVE('NONE',#1709,#1710,#1711,.T.);
#1433=EDGE_CURVE('NONE',#1709,#1703,#1712,.T.);
#1434=EDGE_CURVE('NONE',#1704,#1710,#1713,.T.);
#1435=FILL_AREA_STYLE('',(#1714));
#1436=EDGE_CURVE('NONE',#1673,#1709,#1715,.T.);
#1437=EDGE_CURVE('NONE',#1710,#1675,#1716,.T.);
#1438=FILL_AREA_STYLE('',(#1717));
#1439=EDGE_CURVE('NONE',#1718,#1719,#1720,.T.);
#1440=EDGE_CURVE('NONE',#1719,#1721,#1722,.T.);
#1441=EDGE_CURVE('NONE',#1721,#1723,#1724,.T.);
#1442=EDGE_CURVE('NONE',#1723,#1725,#1726,.T.);
#1443=EDGE_CURVE('NONE',#1725,#1727,#1728,.T.);
#1444=EDGE_CURVE('NONE',#1727,#1729,#1730,.T.);
#1445=EDGE_CURVE('NONE',#1729,#1731,#1732,.T.);
#1446=EDGE_CURVE('NONE',#1731,#1718,#1733,.T.);
#1447=FILL_AREA_STYLE('',(#1734));
#1448=FILL_AREA_STYLE('',(#1735));
#1449=EDGE_CURVE('NONE',#1685,#1727,#1736,.T.);
#1450=EDGE_CURVE('NONE',#1729,#1691,#1737,.T.);
#1451=FILL_AREA_STYLE('',(#1738));
#1452=EDGE_CURVE('NONE',#1731,#1697,#1739,.T.);
#1453=FILL_AREA_STYLE('',(#1740));
#1454=EDGE_CURVE('NONE',#1679,#1725,#1741,.T.);
#1455=FILL_AREA_STYLE('',(#1742));
#1456=EDGE_CURVE('NONE',#1718,#1703,#1743,.T.);
#1457=FILL_AREA_STYLE('',(#1744));
#1458=EDGE_CURVE('NONE',#1670,#1723,#1745,.T.);
#1459=FILL_AREA_STYLE('',(#1746));
#1460=EDGE_CURVE('NONE',#1719,#1709,#1747,.T.);
#1461=FILL_AREA_STYLE('',(#1748));
#1462=EDGE_CURVE('NONE',#1673,#1721,#1749,.T.);
#1463=FILL_AREA_STYLE('',(#1750));
#1464=FILL_AREA_STYLE('',(#1751));
#1465=FILL_AREA_STYLE('',(#1752));
#1466=EDGE_CURVE('NONE',#1753,#1754,#1755,.T.);
#1467=EDGE_CURVE('NONE',#1753,#1756,#1757,.T.);
#1468=EDGE_CURVE('NONE',#1756,#1758,#1759,.T.);
#1469=EDGE_CURVE('NONE',#1754,#1758,#1760,.T.);
#1470=FILL_AREA_STYLE('',(#1761));
#1471=EDGE_CURVE('NONE',#1762,#1763,#1764,.T.);
#1472=EDGE_CURVE('NONE',#1762,#1765,#1766,.T.);
#1473=EDGE_CURVE('NONE',#1765,#1767,#1768,.T.);
#1474=EDGE_CURVE('NONE',#1763,#1767,#1769,.T.);
#1475=FILL_AREA_STYLE('',(#1770));
#1476=EDGE_CURVE('NONE',#1771,#1772,#1773,.T.);
#1477=EDGE_CURVE('NONE',#1771,#1774,#1775,.T.);
#1478=EDGE_CURVE('NONE',#1774,#1776,#1777,.T.);
#1479=EDGE_CURVE('NONE',#1772,#1776,#1778,.T.);
#1480=FILL_AREA_STYLE('',(#1779));
#1481=EDGE_CURVE('NONE',#1780,#1781,#1782,.T.);
#1482=EDGE_CURVE('NONE',#1780,#1783,#1784,.T.);
#1483=EDGE_CURVE('NONE',#1783,#1785,#1786,.T.);
#1484=EDGE_CURVE('NONE',#1781,#1785,#1787,.T.);
#1485=FILL_AREA_STYLE('',(#1788));
#1486=EDGE_CURVE('NONE',#1789,#1790,#1791,.T.);
#1487=EDGE_CURVE('NONE',#1789,#1792,#1793,.T.);
#1488=EDGE_CURVE('NONE',#1792,#1794,#1795,.T.);
#1489=EDGE_CURVE('NONE',#1790,#1794,#1796,.T.);
#1490=FILL_AREA_STYLE('',(#1797));
#1491=EDGE_CURVE('NONE',#1798,#1799,#1800,.T.);
#1492=EDGE_CURVE('NONE',#1798,#1801,#1802,.T.);
#1493=EDGE_CURVE('NONE',#1801,#1803,#1804,.T.);
#1494=EDGE_CURVE('NONE',#1799,#1803,#1805,.T.);
#1495=FILL_AREA_STYLE('',(#1806));
#1496=EDGE_CURVE('NONE',#1807,#1808,#1809,.T.);
#1497=EDGE_CURVE('NONE',#1810,#1808,#1811,.T.);
#1498=EDGE_CURVE('NONE',#1812,#1810,#1813,.T.);
#1499=EDGE_CURVE('NONE',#1812,#1807,#1814,.T.);
#1500=FILL_AREA_STYLE('',(#1815));
#1501=EDGE_CURVE('NONE',#1808,#1816,#1817,.T.);
#1502=EDGE_CURVE('NONE',#1818,#1816,#1819,.T.);
#1503=EDGE_CURVE('NONE',#1810,#1818,#1820,.T.);
#1504=FILL_AREA_STYLE('',(#1821));
#1505=EDGE_CURVE('NONE',#1816,#1822,#1823,.T.);
#1506=EDGE_CURVE('NONE',#1824,#1822,#1825,.T.);
#1507=EDGE_CURVE('NONE',#1818,#1824,#1826,.T.);
#1508=FILL_AREA_STYLE('',(#1827));
#1509=EDGE_CURVE('NONE',#1822,#1828,#1829,.T.);
#1510=EDGE_CURVE('NONE',#1830,#1828,#1831,.T.);
#1511=EDGE_CURVE('NONE',#1824,#1830,#1832,.T.);
#1512=FILL_AREA_STYLE('',(#1833));
#1513=EDGE_CURVE('NONE',#1828,#1834,#1835,.T.);
#1514=EDGE_CURVE('NONE',#1836,#1834,#1837,.T.);
#1515=EDGE_CURVE('NONE',#1830,#1836,#1838,.T.);
#1516=FILL_AREA_STYLE('',(#1839));
#1517=EDGE_CURVE('NONE',#1834,#1840,#1841,.T.);
#1518=EDGE_CURVE('NONE',#1842,#1840,#1843,.T.);
#1519=EDGE_CURVE('NONE',#1836,#1842,#1844,.T.);
#1520=FILL_AREA_STYLE('',(#1845));
#1521=EDGE_CURVE('NONE',#1840,#1846,#1847,.T.);
#1522=EDGE_CURVE('NONE',#1848,#1846,#1849,.T.);
#1523=EDGE_CURVE('NONE',#1842,#1848,#1850,.T.);
#1524=FILL_AREA_STYLE('',(#1851));
#1525=EDGE_CURVE('NONE',#1846,#1852,#1853,.T.);
#1526=EDGE_CURVE('NONE',#1854,#1852,#1855,.T.);
#1527=EDGE_CURVE('NONE',#1848,#1854,#1856,.T.);
#1528=FILL_AREA_STYLE('',(#1857));
#1529=EDGE_CURVE('NONE',#1852,#1858,#1859,.T.);
#1530=EDGE_CURVE('NONE',#1860,#1858,#1861,.T.);
#1531=EDGE_CURVE('NONE',#1854,#1860,#1862,.T.);
#1532=FILL_AREA_STYLE('',(#1863));
#1533=EDGE_CURVE('NONE',#1858,#1864,#1865,.T.);
#1534=EDGE_CURVE('NONE',#1866,#1864,#1867,.T.);
#1535=EDGE_CURVE('NONE',#1860,#1866,#1868,.T.);
#1536=FILL_AREA_STYLE('',(#1869));
#1537=EDGE_CURVE('NONE',#1864,#1870,#1871,.T.);
#1538=EDGE_CURVE('NONE',#1872,#1870,#1873,.T.);
#1539=EDGE_CURVE('NONE',#1866,#1872,#1874,.T.);
#1540=FILL_AREA_STYLE('',(#1875));
#1541=EDGE_CURVE('NONE',#1870,#1876,#1877,.T.);
#1542=EDGE_CURVE('NONE',#1878,#1876,#1879,.T.);
#1543=EDGE_CURVE('NONE',#1872,#1878,#1880,.T.);
#1544=FILL_AREA_STYLE('',(#1881));
#1545=EDGE_CURVE('NONE',#1876,#1882,#1883,.T.);
#1546=EDGE_CURVE('NONE',#1884,#1882,#1885,.T.);
#1547=EDGE_CURVE('NONE',#1878,#1884,#1886,.T.);
#1548=FILL_AREA_STYLE('',(#1887));
#1549=EDGE_CURVE('NONE',#1882,#1888,#1889,.T.);
#1550=EDGE_CURVE('NONE',#1890,#1888,#1891,.T.);
#1551=EDGE_CURVE('NONE',#1884,#1890,#1892,.T.);
#1552=FILL_AREA_STYLE('',(#1893));
#1553=EDGE_CURVE('NONE',#1888,#1894,#1895,.T.);
#1554=EDGE_CURVE('NONE',#1896,#1894,#1897,.T.);
#1555=EDGE_CURVE('NONE',#1890,#1896,#1898,.T.);
#1556=FILL_AREA_STYLE('',(#1899));
#1557=EDGE_CURVE('NONE',#1894,#1900,#1901,.T.);
#1558=EDGE_CURVE('NONE',#1902,#1900,#1903,.T.);
#1559=EDGE_CURVE('NONE',#1896,#1902,#1904,.T.);
#1560=FILL_AREA_STYLE('',(#1905));
#1561=EDGE_CURVE('NONE',#1900,#1906,#1907,.T.);
#1562=EDGE_CURVE('NONE',#1908,#1906,#1909,.T.);
#1563=EDGE_CURVE('NONE',#1902,#1908,#1910,.T.);
#1564=FILL_AREA_STYLE('',(#1911));
#1565=EDGE_CURVE('NONE',#1906,#1912,#1913,.T.);
#1566=EDGE_CURVE('NONE',#1914,#1912,#1915,.T.);
#1567=EDGE_CURVE('NONE',#1908,#1914,#1916,.T.);
#1568=FILL_AREA_STYLE('',(#1917));
#1569=EDGE_CURVE('NONE',#1912,#1918,#1919,.T.);
#1570=EDGE_CURVE('NONE',#1920,#1918,#1921,.T.);
#1571=EDGE_CURVE('NONE',#1914,#1920,#1922,.T.);
#1572=FILL_AREA_STYLE('',(#1923));
#1573=EDGE_CURVE('NONE',#1918,#1924,#1925,.T.);
#1574=EDGE_CURVE('NONE',#1926,#1924,#1927,.T.);
#1575=EDGE_CURVE('NONE',#1920,#1926,#1928,.T.);
#1576=FILL_AREA_STYLE('',(#1929));
#1577=EDGE_CURVE('NONE',#1924,#1930,#1931,.T.);
#1578=EDGE_CURVE('NONE',#1932,#1930,#1933,.T.);
#1579=EDGE_CURVE('NONE',#1926,#1932,#1934,.T.);
#1580=FILL_AREA_STYLE('',(#1935));
#1581=EDGE_CURVE('NONE',#1930,#1936,#1937,.T.);
#1582=EDGE_CURVE('NONE',#1938,#1936,#1939,.T.);
#1583=EDGE_CURVE('NONE',#1932,#1938,#1940,.T.);
#1584=FILL_AREA_STYLE('',(#1941));
#1585=EDGE_CURVE('NONE',#1936,#1942,#1943,.T.);
#1586=EDGE_CURVE('NONE',#1944,#1942,#1945,.T.);
#1587=EDGE_CURVE('NONE',#1938,#1944,#1946,.T.);
#1588=FILL_AREA_STYLE('',(#1947));
#1589=EDGE_CURVE('NONE',#1942,#1807,#1948,.T.);
#1590=EDGE_CURVE('NONE',#1944,#1812,#1949,.T.);
#1591=FILL_AREA_STYLE('',(#1950));
#1592=EDGE_CURVE('NONE',#1758,#1756,#1951,.T.);
#1593=EDGE_CURVE('NONE',#1767,#1765,#1952,.T.);
#1594=EDGE_CURVE('NONE',#1776,#1774,#1953,.T.);
#1595=EDGE_CURVE('NONE',#1785,#1783,#1954,.T.);
#1596=EDGE_CURVE('NONE',#1794,#1792,#1955,.T.);
#1597=EDGE_CURVE('NONE',#1803,#1801,#1956,.T.);
#1598=FILL_AREA_STYLE('',(#1957));
#1599=FILL_AREA_STYLE('',(#1958));
#1600=EDGE_CURVE('NONE',#1799,#1798,#1959,.T.);
#1601=FILL_AREA_STYLE('',(#1960));
#1602=FILL_AREA_STYLE('',(#1961));
#1603=EDGE_CURVE('NONE',#1790,#1789,#1962,.T.);
#1604=FILL_AREA_STYLE('',(#1963));
#1605=FILL_AREA_STYLE('',(#1964));
#1606=EDGE_CURVE('NONE',#1781,#1780,#1965,.T.);
#1607=FILL_AREA_STYLE('',(#1966));
#1608=FILL_AREA_STYLE('',(#1967));
#1609=EDGE_CURVE('NONE',#1772,#1771,#1968,.T.);
#1610=FILL_AREA_STYLE('',(#1969));
#1611=FILL_AREA_STYLE('',(#1970));
#1612=EDGE_CURVE('NONE',#1763,#1762,#1971,.T.);
#1613=FILL_AREA_STYLE('',(#1972));
#1614=FILL_AREA_STYLE('',(#1973));
#1615=EDGE_CURVE('NONE',#1754,#1753,#1974,.T.);
#1616=FILL_AREA_STYLE('',(#1975));
#1617=FILL_AREA_STYLE('',(#1976));
#1618=FILL_AREA_STYLE_COLOUR('',#1977);
#1619=VERTEX_POINT('NONE',#1978);
#1620=VERTEX_POINT('NONE',#1979);
#1621=CIRCLE('',#1980,1.0);
#1622=VERTEX_POINT('NONE',#1981);
#1623=LINE('',#1982,#1983);
#1624=VERTEX_POINT('NONE',#1984);
#1625=CIRCLE('',#1985,1.0);
#1626=LINE('',#1986,#1987);
#1627=FILL_AREA_STYLE_COLOUR('',#1988);
#1628=VERTEX_POINT('NONE',#1989);
#1629=LINE('',#1990,#1991);
#1630=VERTEX_POINT('NONE',#1992);
#1631=LINE('',#1993,#1994);
#1632=LINE('',#1995,#1996);
#1633=FILL_AREA_STYLE_COLOUR('',#1997);
#1634=VERTEX_POINT('NONE',#1998);
#1635=CIRCLE('',#1999,1.0);
#1636=VERTEX_POINT('NONE',#2000);
#1637=LINE('',#2001,#2002);
#1638=CIRCLE('',#2003,1.0);
#1639=FILL_AREA_STYLE_COLOUR('',#2004);
#1640=VERTEX_POINT('NONE',#2005);
#1641=LINE('',#2006,#2007);
#1642=VERTEX_POINT('NONE',#2008);
#1643=LINE('',#2009,#2010);
#1644=LINE('',#2011,#2012);
#1645=FILL_AREA_STYLE_COLOUR('',#2013);
#1646=VERTEX_POINT('NONE',#2014);
#1647=CIRCLE('',#2015,1.0);
#1648=VERTEX_POINT('NONE',#2016);
#1649=LINE('',#2017,#2018);
#1650=CIRCLE('',#2019,1.0);
#1651=FILL_AREA_STYLE_COLOUR('',#2020);
#1652=VERTEX_POINT('NONE',#2021);
#1653=LINE('',#2022,#2023);
#1654=VERTEX_POINT('NONE',#2024);
#1655=LINE('',#2025,#2026);
#1656=LINE('',#2027,#2028);
#1657=FILL_AREA_STYLE_COLOUR('',#2029);
#1658=VERTEX_POINT('NONE',#2030);
#1659=CIRCLE('',#2031,1.0);
#1660=VERTEX_POINT('NONE',#2032);
#1661=LINE('',#2033,#2034);
#1662=CIRCLE('',#2035,1.0);
#1663=FILL_AREA_STYLE_COLOUR('',#2036);
#1664=LINE('',#2037,#2038);
#1665=LINE('',#2039,#2040);
#1666=FILL_AREA_STYLE_COLOUR('',#2041);
#1667=FILL_AREA_STYLE_COLOUR('',#2042);
#1668=FILL_AREA_STYLE_COLOUR('',#2043);
#1669=FILL_AREA_STYLE_COLOUR('',#2044);
#1670=VERTEX_POINT('NONE',#2045);
#1671=VERTEX_POINT('NONE',#2046);
#1672=LINE('',#2047,#2048);
#1673=VERTEX_POINT('NONE',#2049);
#1674=CIRCLE('',#2050,1.0);
#1675=VERTEX_POINT('NONE',#2051);
#1676=LINE('',#2052,#2053);
#1677=CIRCLE('',#2054,1.0);
#1678=FILL_AREA_STYLE_COLOUR('',#2055);
#1679=VERTEX_POINT('NONE',#2056);
#1680=VERTEX_POINT('NONE',#2057);
#1681=LINE('',#2058,#2059);
#1682=LINE('',#2060,#2061);
#1683=LINE('',#2062,#2063);
#1684=FILL_AREA_STYLE_COLOUR('',#2064);
#1685=VERTEX_POINT('NONE',#2065);
#1686=VERTEX_POINT('NONE',#2066);
#1687=LINE('',#2067,#2068);
#1688=CIRCLE('',#2069,1.0);
#1689=CIRCLE('',#2070,1.0);
#1690=FILL_AREA_STYLE_COLOUR('',#2071);
#1691=VERTEX_POINT('NONE',#2072);
#1692=VERTEX_POINT('NONE',#2073);
#1693=LINE('',#2074,#2075);
#1694=LINE('',#2076,#2077);
#1695=LINE('',#2078,#2079);
#1696=FILL_AREA_STYLE_COLOUR('',#2080);
#1697=VERTEX_POINT('NONE',#2081);
#1698=VERTEX_POINT('NONE',#2082);
#1699=LINE('',#2083,#2084);
#1700=CIRCLE('',#2085,1.0);
#1701=CIRCLE('',#2086,1.0);
#1702=FILL_AREA_STYLE_COLOUR('',#2087);
#1703=VERTEX_POINT('NONE',#2088);
#1704=VERTEX_POINT('NONE',#2089);
#1705=LINE('',#2090,#2091);
#1706=LINE('',#2092,#2093);
#1707=LINE('',#2094,#2095);
#1708=FILL_AREA_STYLE_COLOUR('',#2096);
#1709=VERTEX_POINT('NONE',#2097);
#1710=VERTEX_POINT('NONE',#2098);
#1711=LINE('',#2099,#2100);
#1712=CIRCLE('',#2101,1.0);
#1713=CIRCLE('',#2102,1.0);
#1714=FILL_AREA_STYLE_COLOUR('',#2103);
#1715=LINE('',#2104,#2105);
#1716=LINE('',#2106,#2107);
#1717=FILL_AREA_STYLE_COLOUR('',#2108);
#1718=VERTEX_POINT('NONE',#2109);
#1719=VERTEX_POINT('NONE',#2110);
#1720=CIRCLE('',#2111,0.5);
#1721=VERTEX_POINT('NONE',#2112);
#1722=LINE('',#2113,#2114);
#1723=VERTEX_POINT('NONE',#2115);
#1724=CIRCLE('',#2116,0.5);
#1725=VERTEX_POINT('NONE',#2117);
#1726=LINE('',#2118,#2119);
#1727=VERTEX_POINT('NONE',#2120);
#1728=CIRCLE('',#2121,0.5);
#1729=VERTEX_POINT('NONE',#2122);
#1730=LINE('',#2123,#2124);
#1731=VERTEX_POINT('NONE',#2125);
#1732=CIRCLE('',#2126,0.5);
#1733=LINE('',#2127,#2128);
#1734=FILL_AREA_STYLE_COLOUR('',#2129);
#1735=FILL_AREA_STYLE_COLOUR('',#2130);
#1736=CIRCLE('',#2131,0.5);
#1737=CIRCLE('',#2132,0.5);
#1738=FILL_AREA_STYLE_COLOUR('',#2133);
#1739=CIRCLE('',#2134,0.5);
#1740=FILL_AREA_STYLE_COLOUR('',#2135);
#1741=CIRCLE('',#2136,0.5);
#1742=FILL_AREA_STYLE_COLOUR('',#2137);
#1743=CIRCLE('',#2138,0.5);
#1744=FILL_AREA_STYLE_COLOUR('',#2139);
#1745=CIRCLE('',#2140,0.5);
#1746=FILL_AREA_STYLE_COLOUR('',#2141);
#1747=CIRCLE('',#2142,0.5);
#1748=FILL_AREA_STYLE_COLOUR('',#2143);
#1749=CIRCLE('',#2144,0.5);
#1750=FILL_AREA_STYLE_COLOUR('',#2145);
#1751=FILL_AREA_STYLE_COLOUR('',#2146);
#1752=FILL_AREA_STYLE_COLOUR('',#2147);
#1753=VERTEX_POINT('NONE',#2148);
#1754=VERTEX_POINT('NONE',#2149);
#1755=CIRCLE('',#2150,0.5);
#1756=VERTEX_POINT('NONE',#2151);
#1757=LINE('',#2152,#2153);
#1758=VERTEX_POINT('NONE',#2154);
#1759=CIRCLE('',#2155,0.5);
#1760=LINE('',#2156,#2157);
#1761=FILL_AREA_STYLE_COLOUR('',#2158);
#1762=VERTEX_POINT('NONE',#2159);
#1763=VERTEX_POINT('NONE',#2160);
#1764=CIRCLE('',#2161,0.5);
#1765=VERTEX_POINT('NONE',#2162);
#1766=LINE('',#2163,#2164);
#1767=VERTEX_POINT('NONE',#2165);
#1768=CIRCLE('',#2166,0.5);
#1769=LINE('',#2167,#2168);
#1770=FILL_AREA_STYLE_COLOUR('',#2169);
#1771=VERTEX_POINT('NONE',#2170);
#1772=VERTEX_POINT('NONE',#2171);
#1773=CIRCLE('',#2172,0.5);
#1774=VERTEX_POINT('NONE',#2173);
#1775=LINE('',#2174,#2175);
#1776=VERTEX_POINT('NONE',#2176);
#1777=CIRCLE('',#2177,0.5);
#1778=LINE('',#2178,#2179);
#1779=FILL_AREA_STYLE_COLOUR('',#2180);
#1780=VERTEX_POINT('NONE',#2181);
#1781=VERTEX_POINT('NONE',#2182);
#1782=CIRCLE('',#2183,0.5);
#1783=VERTEX_POINT('NONE',#2184);
#1784=LINE('',#2185,#2186);
#1785=VERTEX_POINT('NONE',#2187);
#1786=CIRCLE('',#2188,0.5);
#1787=LINE('',#2189,#2190);
#1788=FILL_AREA_STYLE_COLOUR('',#2191);
#1789=VERTEX_POINT('NONE',#2192);
#1790=VERTEX_POINT('NONE',#2193);
#1791=CIRCLE('',#2194,0.5);
#1792=VERTEX_POINT('NONE',#2195);
#1793=LINE('',#2196,#2197);
#1794=VERTEX_POINT('NONE',#2198);
#1795=CIRCLE('',#2199,0.5);
#1796=LINE('',#2200,#2201);
#1797=FILL_AREA_STYLE_COLOUR('',#2202);
#1798=VERTEX_POINT('NONE',#2203);
#1799=VERTEX_POINT('NONE',#2204);
#1800=CIRCLE('',#2205,0.5);
#1801=VERTEX_POINT('NONE',#2206);
#1802=LINE('',#2207,#2208);
#1803=VERTEX_POINT('NONE',#2209);
#1804=CIRCLE('',#2210,0.5);
#1805=LINE('',#2211,#2212);
#1806=FILL_AREA_STYLE_COLOUR('',#2213);
#1807=VERTEX_POINT('NONE',#2214);
#1808=VERTEX_POINT('NONE',#2215);
#1809=CIRCLE('',#2216,1.0);
#1810=VERTEX_POINT('NONE',#2217);
#1811=LINE('',#2218,#2219);
#1812=VERTEX_POINT('NONE',#2220);
#1813=CIRCLE('',#2221,1.0);
#1814=LINE('',#2222,#2223);
#1815=FILL_AREA_STYLE_COLOUR('',#2224);
#1816=VERTEX_POINT('NONE',#2225);
#1817=LINE('',#2226,#2227);
#1818=VERTEX_POINT('NONE',#2228);
#1819=LINE('',#2229,#2230);
#1820=LINE('',#2231,#2232);
#1821=FILL_AREA_STYLE_COLOUR('',#2233);
#1822=VERTEX_POINT('NONE',#2234);
#1823=LINE('',#2235,#2236);
#1824=VERTEX_POINT('NONE',#2237);
#1825=LINE('',#2238,#2239);
#1826=LINE('',#2240,#2241);
#1827=FILL_AREA_STYLE_COLOUR('',#2242);
#1828=VERTEX_POINT('NONE',#2243);
#1829=LINE('',#2244,#2245);
#1830=VERTEX_POINT('NONE',#2246);
#1831=LINE('',#2247,#2248);
#1832=LINE('',#2249,#2250);
#1833=FILL_AREA_STYLE_COLOUR('',#2251);
#1834=VERTEX_POINT('NONE',#2252);
#1835=LINE('',#2253,#2254);
#1836=VERTEX_POINT('NONE',#2255);
#1837=LINE('',#2256,#2257);
#1838=LINE('',#2258,#2259);
#1839=FILL_AREA_STYLE_COLOUR('',#2260);
#1840=VERTEX_POINT('NONE',#2261);
#1841=LINE('',#2262,#2263);
#1842=VERTEX_POINT('NONE',#2264);
#1843=LINE('',#2265,#2266);
#1844=LINE('',#2267,#2268);
#1845=FILL_AREA_STYLE_COLOUR('',#2269);
#1846=VERTEX_POINT('NONE',#2270);
#1847=LINE('',#2271,#2272);
#1848=VERTEX_POINT('NONE',#2273);
#1849=LINE('',#2274,#2275);
#1850=LINE('',#2276,#2277);
#1851=FILL_AREA_STYLE_COLOUR('',#2278);
#1852=VERTEX_POINT('NONE',#2279);
#1853=LINE('',#2280,#2281);
#1854=VERTEX_POINT('NONE',#2282);
#1855=LINE('',#2283,#2284);
#1856=LINE('',#2285,#2286);
#1857=FILL_AREA_STYLE_COLOUR('',#2287);
#1858=VERTEX_POINT('NONE',#2288);
#1859=LINE('',#2289,#2290);
#1860=VERTEX_POINT('NONE',#2291);
#1861=LINE('',#2292,#2293);
#1862=LINE('',#2294,#2295);
#1863=FILL_AREA_STYLE_COLOUR('',#2296);
#1864=VERTEX_POINT('NONE',#2297);
#1865=LINE('',#2298,#2299);
#1866=VERTEX_POINT('NONE',#2300);
#1867=LINE('',#2301,#2302);
#1868=LINE('',#2303,#2304);
#1869=FILL_AREA_STYLE_COLOUR('',#2305);
#1870=VERTEX_POINT('NONE',#2306);
#1871=CIRCLE('',#2307,1.0);
#1872=VERTEX_POINT('NONE',#2308);
#1873=LINE('',#2309,#2310);
#1874=CIRCLE('',#2311,1.0);
#1875=FILL_AREA_STYLE_COLOUR('',#2312);
#1876=VERTEX_POINT('NONE',#2313);
#1877=LINE('',#2314,#2315);
#1878=VERTEX_POINT('NONE',#2316);
#1879=LINE('',#2317,#2318);
#1880=LINE('',#2319,#2320);
#1881=FILL_AREA_STYLE_COLOUR('',#2321);
#1882=VERTEX_POINT('NONE',#2322);
#1883=CIRCLE('',#2323,1.0);
#1884=VERTEX_POINT('NONE',#2324);
#1885=LINE('',#2325,#2326);
#1886=CIRCLE('',#2327,1.0);
#1887=FILL_AREA_STYLE_COLOUR('',#2328);
#1888=VERTEX_POINT('NONE',#2329);
#1889=LINE('',#2330,#2331);
#1890=VERTEX_POINT('NONE',#2332);
#1891=LINE('',#2333,#2334);
#1892=LINE('',#2335,#2336);
#1893=FILL_AREA_STYLE_COLOUR('',#2337);
#1894=VERTEX_POINT('NONE',#2338);
#1895=LINE('',#2339,#2340);
#1896=VERTEX_POINT('NONE',#2341);
#1897=LINE('',#2342,#2343);
#1898=LINE('',#2344,#2345);
#1899=FILL_AREA_STYLE_COLOUR('',#2346);
#1900=VERTEX_POINT('NONE',#2347);
#1901=LINE('',#2348,#2349);
#1902=VERTEX_POINT('NONE',#2350);
#1903=LINE('',#2351,#2352);
#1904=LINE('',#2353,#2354);
#1905=FILL_AREA_STYLE_COLOUR('',#2355);
#1906=VERTEX_POINT('NONE',#2356);
#1907=LINE('',#2357,#2358);
#1908=VERTEX_POINT('NONE',#2359);
#1909=LINE('',#2360,#2361);
#1910=LINE('',#2362,#2363);
#1911=FILL_AREA_STYLE_COLOUR('',#2364);
#1912=VERTEX_POINT('NONE',#2365);
#1913=LINE('',#2366,#2367);
#1914=VERTEX_POINT('NONE',#2368);
#1915=LINE('',#2369,#2370);
#1916=LINE('',#2371,#2372);
#1917=FILL_AREA_STYLE_COLOUR('',#2373);
#1918=VERTEX_POINT('NONE',#2374);
#1919=LINE('',#2375,#2376);
#1920=VERTEX_POINT('NONE',#2377);
#1921=LINE('',#2378,#2379);
#1922=LINE('',#2380,#2381);
#1923=FILL_AREA_STYLE_COLOUR('',#2382);
#1924=VERTEX_POINT('NONE',#2383);
#1925=LINE('',#2384,#2385);
#1926=VERTEX_POINT('NONE',#2386);
#1927=LINE('',#2387,#2388);
#1928=LINE('',#2389,#2390);
#1929=FILL_AREA_STYLE_COLOUR('',#2391);
#1930=VERTEX_POINT('NONE',#2392);
#1931=LINE('',#2393,#2394);
#1932=VERTEX_POINT('NONE',#2395);
#1933=LINE('',#2396,#2397);
#1934=LINE('',#2398,#2399);
#1935=FILL_AREA_STYLE_COLOUR('',#2400);
#1936=VERTEX_POINT('NONE',#2401);
#1937=LINE('',#2402,#2403);
#1938=VERTEX_POINT('NONE',#2404);
#1939=LINE('',#2405,#2406);
#1940=LINE('',#2407,#2408);
#1941=FILL_AREA_STYLE_COLOUR('',#2409);
#1942=VERTEX_POINT('NONE',#2410);
#1943=CIRCLE('',#2411,1.0);
#1944=VERTEX_POINT('NONE',#2412);
#1945=LINE('',#2413,#2414);
#1946=CIRCLE('',#2415,1.0);
#1947=FILL_AREA_STYLE_COLOUR('',#2416);
#1948=LINE('',#2417,#2418);
#1949=LINE('',#2419,#2420);
#1950=FILL_AREA_STYLE_COLOUR('',#2421);
#1951=CIRCLE('',#2422,0.5);
#1952=CIRCLE('',#2423,0.5);
#1953=CIRCLE('',#2424,0.5);
#1954=CIRCLE('',#2425,0.5);
#1955=CIRCLE('',#2426,0.5);
#1956=CIRCLE('',#2427,0.5);
#1957=FILL_AREA_STYLE_COLOUR('',#2428);
#1958=FILL_AREA_STYLE_COLOUR('',#2429);
#1959=CIRCLE('',#2430,0.5);
#1960=FILL_AREA_STYLE_COLOUR('',#2431);
#1961=FILL_AREA_STYLE_COLOUR('',#2432);
#1962=CIRCLE('',#2433,0.5);
#1963=FILL_AREA_STYLE_COLOUR('',#2434);
#1964=FILL_AREA_STYLE_COLOUR('',#2435);
#1965=CIRCLE('',#2436,0.5);
#1966=FILL_AREA_STYLE_COLOUR('',#2437);
#1967=FILL_AREA_STYLE_COLOUR('',#2438);
#1968=CIRCLE('',#2439,0.5);
#1969=FILL_AREA_STYLE_COLOUR('',#2440);
#1970=FILL_AREA_STYLE_COLOUR('',#2441);
#1971=CIRCLE('',#2442,0.5);
#1972=FILL_AREA_STYLE_COLOUR('',#2443);
#1973=FILL_AREA_STYLE_COLOUR('',#2444);
#1974=CIRCLE('',#2445,0.5);
#1975=FILL_AREA_STYLE_COLOUR('',#2446);
#1976=FILL_AREA_STYLE_COLOUR('',#2447);
#1977=COLOUR_RGB('',0.752941191196442,0.752941191196442,0.752941191196442);
#1978=CARTESIAN_POINT('',(-11.7,0.0,25.4));
#1979=CARTESIAN_POINT('',(-12.7,0.0,24.4));
#1980=AXIS2_PLACEMENT_3D('',#2448,#2449,#2450);
#1981=CARTESIAN_POINT('',(-12.7,-1.4,24.4));
#1982=CARTESIAN_POINT('',(-12.7,-1.4,24.4));
#1983=VECTOR('',#2451,1000.0);
#1984=CARTESIAN_POINT('',(-11.7,-1.4,25.4));
#1985=AXIS2_PLACEMENT_3D('',#2452,#2453,#2454);
#1986=CARTESIAN_POINT('',(-11.7,-1.4,25.4));
#1987=VECTOR('',#2455,1000.0);
#1988=COLOUR_RGB('',0.752941191196442,0.752941191196442,0.752941191196442);
#1989=CARTESIAN_POINT('',(-12.7,0.0,-24.4));
#1990=CARTESIAN_POINT('',(-12.7,0.0,24.4));
#1991=VECTOR('',#2456,1000.0);
#1992=CARTESIAN_POINT('',(-12.7,-1.4,-24.4));
#1993=CARTESIAN_POINT('',(-12.7,-1.4,-24.4));
#1994=VECTOR('',#2457,1000.0);
#1995=CARTESIAN_POINT('',(-12.7,-1.4,24.4));
#1996=VECTOR('',#2458,1000.0);
#1997=COLOUR_RGB('',0.752941191196442,0.752941191196442,0.752941191196442);
#1998=CARTESIAN_POINT('',(-11.7,0.0,-25.4));
#1999=AXIS2_PLACEMENT_3D('',#2459,#2460,#2461);
#2000=CARTESIAN_POINT('',(-11.7,-1.4,-25.4));
#2001=CARTESIAN_POINT('',(-11.7,-1.4,-25.4));
#2002=VECTOR('',#2462,1000.0);
#2003=AXIS2_PLACEMENT_3D('',#2463,#2464,#2465);
#2004=COLOUR_RGB('',0.752941191196442,0.752941191196442,0.752941191196442);
#2005=CARTESIAN_POINT('',(11.7,0.0,-25.4));
#2006=CARTESIAN_POINT('',(-11.7,0.0,-25.4));
#2007=VECTOR('',#2466,1000.0);
#2008=CARTESIAN_POINT('',(11.7,-1.4,-25.4));
#2009=CARTESIAN_POINT('',(11.7,-1.4,-25.4));
#2010=VECTOR('',#2467,1000.0);
#2011=CARTESIAN_POINT('',(-11.7,-1.4,-25.4));
#2012=VECTOR('',#2468,1000.0);
#2013=COLOUR_RGB('',0.752941191196442,0.752941191196442,0.752941191196442);
#2014=CARTESIAN_POINT('',(12.7,0.0,-24.4));
#2015=AXIS2_PLACEMENT_3D('',#2469,#2470,#2471);
#2016=CARTESIAN_POINT('',(12.7,-1.4,-24.4));
#2017=CARTESIAN_POINT('',(12.7,-1.4,-24.4));
#2018=VECTOR('',#2472,1000.0);
#2019=AXIS2_PLACEMENT_3D('',#2473,#2474,#2475);
#2020=COLOUR_RGB('',0.752941191196442,0.752941191196442,0.752941191196442);
#2021=CARTESIAN_POINT('',(12.7,0.0,24.4));
#2022=CARTESIAN_POINT('',(12.7,0.0,-24.4));
#2023=VECTOR('',#2476,1000.0);
#2024=CARTESIAN_POINT('',(12.7,-1.4,24.4));
#2025=CARTESIAN_POINT('',(12.7,-1.4,24.4));
#2026=VECTOR('',#2477,1000.0);
#2027=CARTESIAN_POINT('',(12.7,-1.4,-24.4));
#2028=VECTOR('',#2478,1000.0);
#2029=COLOUR_RGB('',0.752941191196442,0.752941191196442,0.752941191196442);
#2030=CARTESIAN_POINT('',(11.7,0.0,25.4));
#2031=AXIS2_PLACEMENT_3D('',#2479,#2480,#2481);
#2032=CARTESIAN_POINT('',(11.7,-1.4,25.4));
#2033=CARTESIAN_POINT('',(11.7,-1.4,25.4));
#2034=VECTOR('',#2482,1000.0);
#2035=AXIS2_PLACEMENT_3D('',#2483,#2484,#2485);
#2036=COLOUR_RGB('',0.752941191196442,0.752941191196442,0.752941191196442);
#2037=CARTESIAN_POINT('',(11.7,0.0,25.4));
#2038=VECTOR('',#2486,1000.0);
#2039=CARTESIAN_POINT('',(11.7,-1.4,25.4));
#2040=VECTOR('',#2487,1000.0);
#2041=COLOUR_RGB('',0.752941191196442,0.752941191196442,0.752941191196442);
#2042=COLOUR_RGB('',0.752941191196442,0.752941191196442,0.752941191196442);
#2043=COLOUR_RGB('',0.474509805440903,0.909803926944733,0.886274516582489);
#2044=COLOUR_RGB('',0.752941191196442,0.752941191196442,0.752941191196442);
#2045=CARTESIAN_POINT('',(-11.7,8.3,25.4));
#2046=CARTESIAN_POINT('',(-11.7,0.0,25.4));
#2047=CARTESIAN_POINT('',(-11.7,8.8,25.4));
#2048=VECTOR('',#2488,1000.0);
#2049=CARTESIAN_POINT('',(-12.7,8.3,24.4));
#2050=AXIS2_PLACEMENT_3D('',#2489,#2490,#2491);
#2051=CARTESIAN_POINT('',(-12.7,0.0,24.4));
#2052=CARTESIAN_POINT('',(-12.7,8.8,24.4));
#2053=VECTOR('',#2492,1000.0);
#2054=AXIS2_PLACEMENT_3D('',#2493,#2494,#2495);
#2055=COLOUR_RGB('',0.752941191196442,0.752941191196442,0.752941191196442);
#2056=CARTESIAN_POINT('',(11.7,8.3,25.4));
#2057=CARTESIAN_POINT('',(11.7,0.0,25.4));
#2058=CARTESIAN_POINT('',(11.7,8.8,25.4));
#2059=VECTOR('',#2496,1000.0);
#2060=CARTESIAN_POINT('',(-11.7,8.3,25.4));
#2061=VECTOR('',#2497,1000.0);
#2062=CARTESIAN_POINT('',(-11.7,0.0,25.4));
#2063=VECTOR('',#2498,1000.0);
#2064=COLOUR_RGB('',0.752941191196442,0.752941191196442,0.752941191196442);
#2065=CARTESIAN_POINT('',(12.7,8.3,24.4));
#2066=CARTESIAN_POINT('',(12.7,0.0,24.4));
#2067=CARTESIAN_POINT('',(12.7,8.8,24.4));
#2068=VECTOR('',#2499,1000.0);
#2069=AXIS2_PLACEMENT_3D('',#2500,#2501,#2502);
#2070=AXIS2_PLACEMENT_3D('',#2503,#2504,#2505);
#2071=COLOUR_RGB('',0.752941191196442,0.752941191196442,0.752941191196442);
#2072=CARTESIAN_POINT('',(12.7,8.3,-24.4));
#2073=CARTESIAN_POINT('',(12.7,0.0,-24.4));
#2074=CARTESIAN_POINT('',(12.7,8.8,-24.4));
#2075=VECTOR('',#2506,1000.0);
#2076=CARTESIAN_POINT('',(12.7,8.3,24.4));
#2077=VECTOR('',#2507,1000.0);
#2078=CARTESIAN_POINT('',(12.7,0.0,-24.4));
#2079=VECTOR('',#2508,1000.0);
#2080=COLOUR_RGB('',0.752941191196442,0.752941191196442,0.752941191196442);
#2081=CARTESIAN_POINT('',(11.7,8.3,-25.4));
#2082=CARTESIAN_POINT('',(11.7,0.0,-25.4));
#2083=CARTESIAN_POINT('',(11.7,8.8,-25.4));
#2084=VECTOR('',#2509,1000.0);
#2085=AXIS2_PLACEMENT_3D('',#2510,#2511,#2512);
#2086=AXIS2_PLACEMENT_3D('',#2513,#2514,#2515);
#2087=COLOUR_RGB('',0.752941191196442,0.752941191196442,0.752941191196442);
#2088=CARTESIAN_POINT('',(-11.7,8.3,-25.4));
#2089=CARTESIAN_POINT('',(-11.7,0.0,-25.4));
#2090=CARTESIAN_POINT('',(-11.7,8.8,-25.4));
#2091=VECTOR('',#2516,1000.0);
#2092=CARTESIAN_POINT('',(11.7,8.3,-25.4));
#2093=VECTOR('',#2517,1000.0);
#2094=CARTESIAN_POINT('',(-11.7,0.0,-25.4));
#2095=VECTOR('',#2518,1000.0);
#2096=COLOUR_RGB('',0.752941191196442,0.752941191196442,0.752941191196442);
#2097=CARTESIAN_POINT('',(-12.7,8.3,-24.4));
#2098=CARTESIAN_POINT('',(-12.7,0.0,-24.4));
#2099=CARTESIAN_POINT('',(-12.7,8.8,-24.4));
#2100=VECTOR('',#2519,1000.0);
#2101=AXIS2_PLACEMENT_3D('',#2520,#2521,#2522);
#2102=AXIS2_PLACEMENT_3D('',#2523,#2524,#2525);
#2103=COLOUR_RGB('',0.752941191196442,0.752941191196442,0.752941191196442);
#2104=CARTESIAN_POINT('',(-12.7,8.3,-24.4));
#2105=VECTOR('',#2526,1000.0);
#2106=CARTESIAN_POINT('',(-12.7,0.0,-24.4));
#2107=VECTOR('',#2527,1000.0);
#2108=COLOUR_RGB('',0.752941191196442,0.752941191196442,0.752941191196442);
#2109=CARTESIAN_POINT('',(-11.7,8.8,-24.9));
#2110=CARTESIAN_POINT('',(-12.2,8.8,-24.4));
#2111=AXIS2_PLACEMENT_3D('',#2528,#2529,#2530);
#2112=CARTESIAN_POINT('',(-12.2,8.8,24.4));
#2113=CARTESIAN_POINT('',(-12.2,8.8,24.4));
#2114=VECTOR('',#2531,1000.0);
#2115=CARTESIAN_POINT('',(-11.7,8.8,24.9));
#2116=AXIS2_PLACEMENT_3D('',#2532,#2533,#2534);
#2117=CARTESIAN_POINT('',(11.7,8.8,24.9));
#2118=CARTESIAN_POINT('',(11.7,8.8,24.9));
#2119=VECTOR('',#2535,1000.0);
#2120=CARTESIAN_POINT('',(12.2,8.8,24.4));
#2121=AXIS2_PLACEMENT_3D('',#2536,#2537,#2538);
#2122=CARTESIAN_POINT('',(12.2,8.8,-24.4));
#2123=CARTESIAN_POINT('',(12.2,8.8,-24.4));
#2124=VECTOR('',#2539,1000.0);
#2125=CARTESIAN_POINT('',(11.7,8.8,-24.9));
#2126=AXIS2_PLACEMENT_3D('',#2540,#2541,#2542);
#2127=CARTESIAN_POINT('',(-11.7,8.8,-24.9));
#2128=VECTOR('',#2543,1000.0);
#2129=COLOUR_RGB('',0.752941191196442,0.752941191196442,0.752941191196442);
#2130=COLOUR_RGB('',0.752941191196442,0.752941191196442,0.752941191196442);
#2131=AXIS2_PLACEMENT_3D('',#2544,#2545,#2546);
#2132=AXIS2_PLACEMENT_3D('',#2547,#2548,#2549);
#2133=COLOUR_RGB('',0.752941191196442,0.752941191196442,0.752941191196442);
#2134=AXIS2_PLACEMENT_3D('',#2550,#2551,#2552);
#2135=COLOUR_RGB('',0.752941191196442,0.752941191196442,0.752941191196442);
#2136=AXIS2_PLACEMENT_3D('',#2553,#2554,#2555);
#2137=COLOUR_RGB('',0.752941191196442,0.752941191196442,0.752941191196442);
#2138=AXIS2_PLACEMENT_3D('',#2556,#2557,#2558);
#2139=COLOUR_RGB('',0.752941191196442,0.752941191196442,0.752941191196442);
#2140=AXIS2_PLACEMENT_3D('',#2559,#2560,#2561);
#2141=COLOUR_RGB('',0.752941191196442,0.752941191196442,0.752941191196442);
#2142=AXIS2_PLACEMENT_3D('',#2562,#2563,#2564);
#2143=COLOUR_RGB('',0.752941191196442,0.752941191196442,0.752941191196442);
#2144=AXIS2_PLACEMENT_3D('',#2565,#2566,#2567);
#2145=COLOUR_RGB('',0.752941191196442,0.752941191196442,0.752941191196442);
#2146=COLOUR_RGB('',0.474509805440903,0.909803926944733,0.886274516582489);
#2147=COLOUR_RGB('',1.0,1.0,0.0);
#2148=CARTESIAN_POINT('',(-10.12,-8.2,-23.36));
#2149=CARTESIAN_POINT('',(-10.12,-8.2,-22.36));
#2150=AXIS2_PLACEMENT_3D('',#2568,#2569,#2570);
#2151=CARTESIAN_POINT('',(-10.12,-2.2,-23.36));
#2152=CARTESIAN_POINT('',(-10.12,-8.2,-23.36));
#2153=VECTOR('',#2571,1000.0);
#2154=CARTESIAN_POINT('',(-10.12,-2.2,-22.36));
#2155=AXIS2_PLACEMENT_3D('',#2572,#2573,#2574);
#2156=CARTESIAN_POINT('',(-10.12,-8.2,-22.36));
#2157=VECTOR('',#2575,1000.0);
#2158=COLOUR_RGB('',1.0,1.0,0.0);
#2159=CARTESIAN_POINT('',(0.039999999999995,-8.2,-23.36));
#2160=CARTESIAN_POINT('',(0.0399999999999949,-8.2,-22.36));
#2161=AXIS2_PLACEMENT_3D('',#2576,#2577,#2578);
#2162=CARTESIAN_POINT('',(0.039999999999995,-2.2,-23.36));
#2163=CARTESIAN_POINT('',(0.039999999999995,-8.2,-23.36));
#2164=VECTOR('',#2579,1000.0);
#2165=CARTESIAN_POINT('',(0.0399999999999949,-2.2,-22.36));
#2166=AXIS2_PLACEMENT_3D('',#2580,#2581,#2582);
#2167=CARTESIAN_POINT('',(0.0399999999999949,-8.2,-22.36));
#2168=VECTOR('',#2583,1000.0);
#2169=COLOUR_RGB('',1.0,1.0,0.0);
#2170=CARTESIAN_POINT('',(10.2,-8.2,-23.36));
#2171=CARTESIAN_POINT('',(10.2,-8.2,-22.36));
#2172=AXIS2_PLACEMENT_3D('',#2584,#2585,#2586);
#2173=CARTESIAN_POINT('',(10.2,-2.2,-23.36));
#2174=CARTESIAN_POINT('',(10.2,-8.2,-23.36));
#2175=VECTOR('',#2587,1000.0);
#2176=CARTESIAN_POINT('',(10.2,-2.2,-22.36));
#2177=AXIS2_PLACEMENT_3D('',#2588,#2589,#2590);
#2178=CARTESIAN_POINT('',(10.2,-8.2,-22.36));
#2179=VECTOR('',#2591,1000.0);
#2180=COLOUR_RGB('',1.0,1.0,0.0);
#2181=CARTESIAN_POINT('',(-7.64,-8.2,22.36));
#2182=CARTESIAN_POINT('',(-7.64,-8.2,23.36));
#2183=AXIS2_PLACEMENT_3D('',#2592,#2593,#2594);
#2184=CARTESIAN_POINT('',(-7.64,-2.2,22.36));
#2185=CARTESIAN_POINT('',(-7.64,-8.2,22.36));
#2186=VECTOR('',#2595,1000.0);
#2187=CARTESIAN_POINT('',(-7.64,-2.2,23.36));
#2188=AXIS2_PLACEMENT_3D('',#2596,#2597,#2598);
#2189=CARTESIAN_POINT('',(-7.64,-8.2,23.36));
#2190=VECTOR('',#2599,1000.0);
#2191=COLOUR_RGB('',1.0,1.0,0.0);
#2192=CARTESIAN_POINT('',(2.52,-8.2,22.36));
#2193=CARTESIAN_POINT('',(2.52,-8.2,23.36));
#2194=AXIS2_PLACEMENT_3D('',#2600,#2601,#2602);
#2195=CARTESIAN_POINT('',(2.52,-2.2,22.36));
#2196=CARTESIAN_POINT('',(2.52,-8.2,22.36));
#2197=VECTOR('',#2603,1000.0);
#2198=CARTESIAN_POINT('',(2.52,-2.2,23.36));
#2199=AXIS2_PLACEMENT_3D('',#2604,#2605,#2606);
#2200=CARTESIAN_POINT('',(2.52,-8.2,23.36));
#2201=VECTOR('',#2607,1000.0);
#2202=COLOUR_RGB('',1.0,1.0,0.0);
#2203=CARTESIAN_POINT('',(7.6,-8.2,22.36));
#2204=CARTESIAN_POINT('',(7.6,-8.2,23.36));
#2205=AXIS2_PLACEMENT_3D('',#2608,#2609,#2610);
#2206=CARTESIAN_POINT('',(7.6,-2.2,22.36));
#2207=CARTESIAN_POINT('',(7.6,-8.2,22.36));
#2208=VECTOR('',#2611,1000.0);
#2209=CARTESIAN_POINT('',(7.6,-2.2,23.36));
#2210=AXIS2_PLACEMENT_3D('',#2612,#2613,#2614);
#2211=CARTESIAN_POINT('',(7.6,-8.2,23.36));
#2212=VECTOR('',#2615,1000.0);
#2213=COLOUR_RGB('',0.752941191196442,0.752941191196442,0.752941191196442);
#2214=CARTESIAN_POINT('',(-11.7,-1.4,25.4));
#2215=CARTESIAN_POINT('',(-12.7,-1.4,24.4));
#2216=AXIS2_PLACEMENT_3D('',#2616,#2617,#2618);
#2217=CARTESIAN_POINT('',(-12.7,-2.2,24.4));
#2218=CARTESIAN_POINT('',(-12.7,-2.2,24.4));
#2219=VECTOR('',#2619,1000.0);
#2220=CARTESIAN_POINT('',(-11.7,-2.2,25.4));
#2221=AXIS2_PLACEMENT_3D('',#2620,#2621,#2622);
#2222=CARTESIAN_POINT('',(-11.7,-2.2,25.4));
#2223=VECTOR('',#2623,1000.0);
#2224=COLOUR_RGB('',0.752941191196442,0.752941191196442,0.752941191196442);
#2225=CARTESIAN_POINT('',(-12.7,-1.4,17.85));
#2226=CARTESIAN_POINT('',(-12.7,-1.4,24.4));
#2227=VECTOR('',#2624,1000.0);
#2228=CARTESIAN_POINT('',(-12.7,-2.2,17.85));
#2229=CARTESIAN_POINT('',(-12.7,-2.2,17.85));
#2230=VECTOR('',#2625,1000.0);
#2231=CARTESIAN_POINT('',(-12.7,-2.2,24.4));
#2232=VECTOR('',#2626,1000.0);
#2233=COLOUR_RGB('',0.752941191196442,0.752941191196442,0.752941191196442);
#2234=CARTESIAN_POINT('',(-10.8,-1.4,17.85));
#2235=CARTESIAN_POINT('',(-12.7,-1.4,17.85));
#2236=VECTOR('',#2627,1000.0);
#2237=CARTESIAN_POINT('',(-10.8,-2.2,17.85));
#2238=CARTESIAN_POINT('',(-10.8,-2.2,17.85));
#2239=VECTOR('',#2628,1000.0);
#2240=CARTESIAN_POINT('',(-12.7,-2.2,17.85));
#2241=VECTOR('',#2629,1000.0);
#2242=COLOUR_RGB('',0.752941191196442,0.752941191196442,0.752941191196442);
#2243=CARTESIAN_POINT('',(-10.8,-1.4,14.55));
#2244=CARTESIAN_POINT('',(-10.8,-1.4,17.85));
#2245=VECTOR('',#2630,1000.0);
#2246=CARTESIAN_POINT('',(-10.8,-2.2,14.55));
#2247=CARTESIAN_POINT('',(-10.8,-2.2,14.55));
#2248=VECTOR('',#2631,1000.0);
#2249=CARTESIAN_POINT('',(-10.8,-2.2,17.85));
#2250=VECTOR('',#2632,1000.0);
#2251=COLOUR_RGB('',0.752941191196442,0.752941191196442,0.752941191196442);
#2252=CARTESIAN_POINT('',(-12.7,-1.4,14.55));
#2253=CARTESIAN_POINT('',(-12.7,-1.4,14.55));
#2254=VECTOR('',#2633,1000.0);
#2255=CARTESIAN_POINT('',(-12.7,-2.2,14.55));
#2256=CARTESIAN_POINT('',(-12.7,-2.2,14.55));
#2257=VECTOR('',#2634,1000.0);
#2258=CARTESIAN_POINT('',(-12.7,-2.2,14.55));
#2259=VECTOR('',#2635,1000.0);
#2260=COLOUR_RGB('',0.752941191196442,0.752941191196442,0.752941191196442);
#2261=CARTESIAN_POINT('',(-12.7,-1.4,-14.55));
#2262=CARTESIAN_POINT('',(-12.7,-1.4,14.55));
#2263=VECTOR('',#2636,1000.0);
#2264=CARTESIAN_POINT('',(-12.7,-2.2,-14.55));
#2265=CARTESIAN_POINT('',(-12.7,-2.2,-14.55));
#2266=VECTOR('',#2637,1000.0);
#2267=CARTESIAN_POINT('',(-12.7,-2.2,14.55));
#2268=VECTOR('',#2638,1000.0);
#2269=COLOUR_RGB('',0.752941191196442,0.752941191196442,0.752941191196442);
#2270=CARTESIAN_POINT('',(-10.8,-1.4,-14.55));
#2271=CARTESIAN_POINT('',(-12.7,-1.4,-14.55));
#2272=VECTOR('',#2639,1000.0);
#2273=CARTESIAN_POINT('',(-10.8,-2.2,-14.55));
#2274=CARTESIAN_POINT('',(-10.8,-2.2,-14.55));
#2275=VECTOR('',#2640,1000.0);
#2276=CARTESIAN_POINT('',(-12.7,-2.2,-14.55));
#2277=VECTOR('',#2641,1000.0);
#2278=COLOUR_RGB('',0.752941191196442,0.752941191196442,0.752941191196442);
#2279=CARTESIAN_POINT('',(-10.8,-1.4,-17.85));
#2280=CARTESIAN_POINT('',(-10.8,-1.4,-17.85));
#2281=VECTOR('',#2642,1000.0);
#2282=CARTESIAN_POINT('',(-10.8,-2.2,-17.85));
#2283=CARTESIAN_POINT('',(-10.8,-2.2,-17.85));
#2284=VECTOR('',#2643,1000.0);
#2285=CARTESIAN_POINT('',(-10.8,-2.2,-17.85));
#2286=VECTOR('',#2644,1000.0);
#2287=COLOUR_RGB('',0.752941191196442,0.752941191196442,0.752941191196442);
#2288=CARTESIAN_POINT('',(-12.7,-1.4,-17.85));
#2289=CARTESIAN_POINT('',(-12.7,-1.4,-17.85));
#2290=VECTOR('',#2645,1000.0);
#2291=CARTESIAN_POINT('',(-12.7,-2.2,-17.85));
#2292=CARTESIAN_POINT('',(-12.7,-2.2,-17.85));
#2293=VECTOR('',#2646,1000.0);
#2294=CARTESIAN_POINT('',(-12.7,-2.2,-17.85));
#2295=VECTOR('',#2647,1000.0);
#2296=COLOUR_RGB('',0.752941191196442,0.752941191196442,0.752941191196442);
#2297=CARTESIAN_POINT('',(-12.7,-1.4,-24.4));
#2298=CARTESIAN_POINT('',(-12.7,-1.4,-17.85));
#2299=VECTOR('',#2648,1000.0);
#2300=CARTESIAN_POINT('',(-12.7,-2.2,-24.4));
#2301=CARTESIAN_POINT('',(-12.7,-2.2,-24.4));
#2302=VECTOR('',#2649,1000.0);
#2303=CARTESIAN_POINT('',(-12.7,-2.2,-17.85));
#2304=VECTOR('',#2650,1000.0);
#2305=COLOUR_RGB('',0.752941191196442,0.752941191196442,0.752941191196442);
#2306=CARTESIAN_POINT('',(-11.7,-1.4,-25.4));
#2307=AXIS2_PLACEMENT_3D('',#2651,#2652,#2653);
#2308=CARTESIAN_POINT('',(-11.7,-2.2,-25.4));
#2309=CARTESIAN_POINT('',(-11.7,-2.2,-25.4));
#2310=VECTOR('',#2654,1000.0);
#2311=AXIS2_PLACEMENT_3D('',#2655,#2656,#2657);
#2312=COLOUR_RGB('',0.752941191196442,0.752941191196442,0.752941191196442);
#2313=CARTESIAN_POINT('',(11.7,-1.4,-25.4));
#2314=CARTESIAN_POINT('',(-11.7,-1.4,-25.4));
#2315=VECTOR('',#2658,1000.0);
#2316=CARTESIAN_POINT('',(11.7,-2.2,-25.4));
#2317=CARTESIAN_POINT('',(11.7,-2.2,-25.4));
#2318=VECTOR('',#2659,1000.0);
#2319=CARTESIAN_POINT('',(-11.7,-2.2,-25.4));
#2320=VECTOR('',#2660,1000.0);
#2321=COLOUR_RGB('',0.752941191196442,0.752941191196442,0.752941191196442);
#2322=CARTESIAN_POINT('',(12.7,-1.4,-24.4));
#2323=AXIS2_PLACEMENT_3D('',#2661,#2662,#2663);
#2324=CARTESIAN_POINT('',(12.7,-2.2,-24.4));
#2325=CARTESIAN_POINT('',(12.7,-2.2,-24.4));
#2326=VECTOR('',#2664,1000.0);
#2327=AXIS2_PLACEMENT_3D('',#2665,#2666,#2667);
#2328=COLOUR_RGB('',0.752941191196442,0.752941191196442,0.752941191196442);
#2329=CARTESIAN_POINT('',(12.7,-1.4,-17.85));
#2330=CARTESIAN_POINT('',(12.7,-1.4,-24.4));
#2331=VECTOR('',#2668,1000.0);
#2332=CARTESIAN_POINT('',(12.7,-2.2,-17.85));
#2333=CARTESIAN_POINT('',(12.7,-2.2,-17.85));
#2334=VECTOR('',#2669,1000.0);
#2335=CARTESIAN_POINT('',(12.7,-2.2,-24.4));
#2336=VECTOR('',#2670,1000.0);
#2337=COLOUR_RGB('',0.752941191196442,0.752941191196442,0.752941191196442);
#2338=CARTESIAN_POINT('',(10.8,-1.4,-17.85));
#2339=CARTESIAN_POINT('',(12.7,-1.4,-17.85));
#2340=VECTOR('',#2671,1000.0);
#2341=CARTESIAN_POINT('',(10.8,-2.2,-17.85));
#2342=CARTESIAN_POINT('',(10.8,-2.2,-17.85));
#2343=VECTOR('',#2672,1000.0);
#2344=CARTESIAN_POINT('',(12.7,-2.2,-17.85));
#2345=VECTOR('',#2673,1000.0);
#2346=COLOUR_RGB('',0.752941191196442,0.752941191196442,0.752941191196442);
#2347=CARTESIAN_POINT('',(10.8,-1.4,-14.55));
#2348=CARTESIAN_POINT('',(10.8,-1.4,-17.85));
#2349=VECTOR('',#2674,1000.0);
#2350=CARTESIAN_POINT('',(10.8,-2.2,-14.55));
#2351=CARTESIAN_POINT('',(10.8,-2.2,-14.55));
#2352=VECTOR('',#2675,1000.0);
#2353=CARTESIAN_POINT('',(10.8,-2.2,-17.85));
#2354=VECTOR('',#2676,1000.0);
#2355=COLOUR_RGB('',0.752941191196442,0.752941191196442,0.752941191196442);
#2356=CARTESIAN_POINT('',(12.7,-1.4,-14.55));
#2357=CARTESIAN_POINT('',(12.7,-1.4,-14.55));
#2358=VECTOR('',#2677,1000.0);
#2359=CARTESIAN_POINT('',(12.7,-2.2,-14.55));
#2360=CARTESIAN_POINT('',(12.7,-2.2,-14.55));
#2361=VECTOR('',#2678,1000.0);
#2362=CARTESIAN_POINT('',(12.7,-2.2,-14.55));
#2363=VECTOR('',#2679,1000.0);
#2364=COLOUR_RGB('',0.752941191196442,0.752941191196442,0.752941191196442);
#2365=CARTESIAN_POINT('',(12.7,-1.4,14.55));
#2366=CARTESIAN_POINT('',(12.7,-1.4,-14.55));
#2367=VECTOR('',#2680,1000.0);
#2368=CARTESIAN_POINT('',(12.7,-2.2,14.55));
#2369=CARTESIAN_POINT('',(12.7,-2.2,14.55));
#2370=VECTOR('',#2681,1000.0);
#2371=CARTESIAN_POINT('',(12.7,-2.2,-14.55));
#2372=VECTOR('',#2682,1000.0);
#2373=COLOUR_RGB('',0.752941191196442,0.752941191196442,0.752941191196442);
#2374=CARTESIAN_POINT('',(10.8,-1.4,14.55));
#2375=CARTESIAN_POINT('',(12.7,-1.4,14.55));
#2376=VECTOR('',#2683,1000.0);
#2377=CARTESIAN_POINT('',(10.8,-2.2,14.55));
#2378=CARTESIAN_POINT('',(10.8,-2.2,14.55));
#2379=VECTOR('',#2684,1000.0);
#2380=CARTESIAN_POINT('',(12.7,-2.2,14.55));
#2381=VECTOR('',#2685,1000.0);
#2382=COLOUR_RGB('',0.752941191196442,0.752941191196442,0.752941191196442);
#2383=CARTESIAN_POINT('',(10.8,-1.4,17.85));
#2384=CARTESIAN_POINT('',(10.8,-1.4,17.85));
#2385=VECTOR('',#2686,1000.0);
#2386=CARTESIAN_POINT('',(10.8,-2.2,17.85));
#2387=CARTESIAN_POINT('',(10.8,-2.2,17.85));
#2388=VECTOR('',#2687,1000.0);
#2389=CARTESIAN_POINT('',(10.8,-2.2,17.85));
#2390=VECTOR('',#2688,1000.0);
#2391=COLOUR_RGB('',0.752941191196442,0.752941191196442,0.752941191196442);
#2392=CARTESIAN_POINT('',(12.7,-1.4,17.85));
#2393=CARTESIAN_POINT('',(12.7,-1.4,17.85));
#2394=VECTOR('',#2689,1000.0);
#2395=CARTESIAN_POINT('',(12.7,-2.2,17.85));
#2396=CARTESIAN_POINT('',(12.7,-2.2,17.85));
#2397=VECTOR('',#2690,1000.0);
#2398=CARTESIAN_POINT('',(12.7,-2.2,17.85));
#2399=VECTOR('',#2691,1000.0);
#2400=COLOUR_RGB('',0.752941191196442,0.752941191196442,0.752941191196442);
#2401=CARTESIAN_POINT('',(12.7,-1.4,24.4));
#2402=CARTESIAN_POINT('',(12.7,-1.4,17.85));
#2403=VECTOR('',#2692,1000.0);
#2404=CARTESIAN_POINT('',(12.7,-2.2,24.4));
#2405=CARTESIAN_POINT('',(12.7,-2.2,24.4));
#2406=VECTOR('',#2693,1000.0);
#2407=CARTESIAN_POINT('',(12.7,-2.2,17.85));
#2408=VECTOR('',#2694,1000.0);
#2409=COLOUR_RGB('',0.752941191196442,0.752941191196442,0.752941191196442);
#2410=CARTESIAN_POINT('',(11.7,-1.4,25.4));
#2411=AXIS2_PLACEMENT_3D('',#2695,#2696,#2697);
#2412=CARTESIAN_POINT('',(11.7,-2.2,25.4));
#2413=CARTESIAN_POINT('',(11.7,-2.2,25.4));
#2414=VECTOR('',#2698,1000.0);
#2415=AXIS2_PLACEMENT_3D('',#2699,#2700,#2701);
#2416=COLOUR_RGB('',0.752941191196442,0.752941191196442,0.752941191196442);
#2417=CARTESIAN_POINT('',(11.7,-1.4,25.4));
#2418=VECTOR('',#2702,1000.0);
#2419=CARTESIAN_POINT('',(11.7,-2.2,25.4));
#2420=VECTOR('',#2703,1000.0);
#2421=COLOUR_RGB('',0.752941191196442,0.752941191196442,0.752941191196442);
#2422=AXIS2_PLACEMENT_3D('',#2704,#2705,#2706);
#2423=AXIS2_PLACEMENT_3D('',#2707,#2708,#2709);
#2424=AXIS2_PLACEMENT_3D('',#2710,#2711,#2712);
#2425=AXIS2_PLACEMENT_3D('',#2713,#2714,#2715);
#2426=AXIS2_PLACEMENT_3D('',#2716,#2717,#2718);
#2427=AXIS2_PLACEMENT_3D('',#2719,#2720,#2721);
#2428=COLOUR_RGB('',0.752941191196442,0.752941191196442,0.752941191196442);
#2429=COLOUR_RGB('',1.0,1.0,0.0);
#2430=AXIS2_PLACEMENT_3D('',#2722,#2723,#2724);
#2431=COLOUR_RGB('',1.0,1.0,0.0);
#2432=COLOUR_RGB('',1.0,1.0,0.0);
#2433=AXIS2_PLACEMENT_3D('',#2725,#2726,#2727);
#2434=COLOUR_RGB('',1.0,1.0,0.0);
#2435=COLOUR_RGB('',1.0,1.0,0.0);
#2436=AXIS2_PLACEMENT_3D('',#2728,#2729,#2730);
#2437=COLOUR_RGB('',1.0,1.0,0.0);
#2438=COLOUR_RGB('',1.0,1.0,0.0);
#2439=AXIS2_PLACEMENT_3D('',#2731,#2732,#2733);
#2440=COLOUR_RGB('',1.0,1.0,0.0);
#2441=COLOUR_RGB('',1.0,1.0,0.0);
#2442=AXIS2_PLACEMENT_3D('',#2734,#2735,#2736);
#2443=COLOUR_RGB('',1.0,1.0,0.0);
#2444=COLOUR_RGB('',1.0,1.0,0.0);
#2445=AXIS2_PLACEMENT_3D('',#2737,#2738,#2739);
#2446=COLOUR_RGB('',1.0,1.0,0.0);
#2447=COLOUR_RGB('',0.474509805440903,0.909803926944733,0.886274516582489);
#2448=CARTESIAN_POINT('',(-11.7,0.0,24.4));
#2449=DIRECTION('',(0.0,-1.0,0.0));
#2450=DIRECTION('',(0.0,0.0,-1.0));
#2451=DIRECTION('',(-0.0,1.0,-0.0));
#2452=CARTESIAN_POINT('',(-11.7,-1.4,24.4));
#2453=DIRECTION('',(0.0,-1.0,0.0));
#2454=DIRECTION('',(0.0,0.0,-1.0));
#2455=DIRECTION('',(-0.0,1.0,-0.0));
#2456=DIRECTION('',(-1.42190448850558E-16,0.0,-1.0));
#2457=DIRECTION('',(-0.0,1.0,-0.0));
#2458=DIRECTION('',(-1.42190448850558E-16,0.0,-1.0));
#2459=CARTESIAN_POINT('',(-11.7,0.0,-24.4));
#2460=DIRECTION('',(0.0,-1.0,0.0));
#2461=DIRECTION('',(0.0,0.0,-1.0));
#2462=DIRECTION('',(-0.0,1.0,-0.0));
#2463=CARTESIAN_POINT('',(-11.7,-1.4,-24.4));
#2464=DIRECTION('',(0.0,-1.0,0.0));
#2465=DIRECTION('',(0.0,0.0,-1.0));
#2466=DIRECTION('',(1.0,0.0,0.0));
#2467=DIRECTION('',(-0.0,1.0,-0.0));
#2468=DIRECTION('',(1.0,0.0,0.0));
#2469=CARTESIAN_POINT('',(11.7,0.0,-24.4));
#2470=DIRECTION('',(0.0,-1.0,0.0));
#2471=DIRECTION('',(0.0,0.0,-1.0));
#2472=DIRECTION('',(-0.0,1.0,-0.0));
#2473=CARTESIAN_POINT('',(11.7,-1.4,-24.4));
#2474=DIRECTION('',(0.0,-1.0,0.0));
#2475=DIRECTION('',(0.0,0.0,-1.0));
#2476=DIRECTION('',(1.77738061063197E-16,0.0,1.0));
#2477=DIRECTION('',(-0.0,1.0,-0.0));
#2478=DIRECTION('',(1.77738061063197E-16,0.0,1.0));
#2479=CARTESIAN_POINT('',(11.7,0.0,24.4));
#2480=DIRECTION('',(0.0,-1.0,0.0));
#2481=DIRECTION('',(0.0,0.0,-1.0));
#2482=DIRECTION('',(-0.0,1.0,-0.0));
#2483=CARTESIAN_POINT('',(11.7,-1.4,24.4));
#2484=DIRECTION('',(0.0,-1.0,0.0));
#2485=DIRECTION('',(0.0,0.0,-1.0));
#2486=DIRECTION('',(-1.0,0.0,0.0));
#2487=DIRECTION('',(-1.0,0.0,0.0));
#2488=DIRECTION('',(-0.0,-1.0,-0.0));
#2489=CARTESIAN_POINT('',(-11.7,8.3,24.4));
#2490=DIRECTION('',(0.0,-1.0,0.0));
#2491=DIRECTION('',(0.0,0.0,1.0));
#2492=DIRECTION('',(-0.0,-1.0,-0.0));
#2493=CARTESIAN_POINT('',(-11.7,0.0,24.4));
#2494=DIRECTION('',(0.0,1.0,0.0));
#2495=DIRECTION('',(0.0,0.0,1.0));
#2496=DIRECTION('',(-0.0,-1.0,-0.0));
#2497=DIRECTION('',(-1.0,-0.0,-0.0));
#2498=DIRECTION('',(1.0,0.0,0.0));
#2499=DIRECTION('',(-0.0,-1.0,-0.0));
#2500=CARTESIAN_POINT('',(11.7,8.3,24.4));
#2501=DIRECTION('',(0.0,-1.0,0.0));
#2502=DIRECTION('',(2.60208521396521E-14,0.0,1.0));
#2503=CARTESIAN_POINT('',(11.7,0.0,24.4));
#2504=DIRECTION('',(0.0,1.0,0.0));
#2505=DIRECTION('',(0.0,0.0,1.0));
#2506=DIRECTION('',(-0.0,-1.0,-0.0));
#2507=DIRECTION('',(1.77738061063197E-16,-0.0,1.0));
#2508=DIRECTION('',(-1.77738061063197E-16,-0.0,-1.0));
#2509=DIRECTION('',(-0.0,-1.0,-0.0));
#2510=CARTESIAN_POINT('',(11.7,8.3,-24.4));
#2511=DIRECTION('',(0.0,-1.0,0.0));
#2512=DIRECTION('',(0.0,0.0,1.0));
#2513=CARTESIAN_POINT('',(11.7,0.0,-24.4));
#2514=DIRECTION('',(0.0,1.0,0.0));
#2515=DIRECTION('',(0.0,0.0,1.0));
#2516=DIRECTION('',(-0.0,-1.0,-0.0));
#2517=DIRECTION('',(1.0,-0.0,-0.0));
#2518=DIRECTION('',(-1.0,-0.0,-0.0));
#2519=DIRECTION('',(-0.0,-1.0,-0.0));
#2520=CARTESIAN_POINT('',(-11.7,8.3,-24.4));
#2521=DIRECTION('',(0.0,-1.0,0.0));
#2522=DIRECTION('',(0.0,0.0,1.0));
#2523=CARTESIAN_POINT('',(-11.7,0.0,-24.4));
#2524=DIRECTION('',(0.0,1.0,0.0));
#2525=DIRECTION('',(0.0,0.0,1.0));
#2526=DIRECTION('',(-1.42190448850558E-16,-0.0,-1.0));
#2527=DIRECTION('',(1.42190448850558E-16,0.0,1.0));
#2528=CARTESIAN_POINT('',(-11.7,8.8,-24.4));
#2529=DIRECTION('',(0.0,1.0,0.0));
#2530=DIRECTION('',(0.0,0.0,1.0));
#2531=DIRECTION('',(1.42190448850558E-16,-0.0,1.0));
#2532=CARTESIAN_POINT('',(-11.7,8.8,24.4));
#2533=DIRECTION('',(0.0,1.0,0.0));
#2534=DIRECTION('',(0.0,0.0,1.0));
#2535=DIRECTION('',(1.0,-0.0,0.0));
#2536=CARTESIAN_POINT('',(11.7,8.8,24.4));
#2537=DIRECTION('',(0.0,1.0,0.0));
#2538=DIRECTION('',(0.0,0.0,1.0));
#2539=DIRECTION('',(-1.77738061063197E-16,0.0,-1.0));
#2540=CARTESIAN_POINT('',(11.7,8.8,-24.4));
#2541=DIRECTION('',(0.0,1.0,0.0));
#2542=DIRECTION('',(0.0,0.0,1.0));
#2543=DIRECTION('',(-1.0,0.0,0.0));
#2544=CARTESIAN_POINT('',(12.2,8.3,24.4));
#2545=DIRECTION('',(0.0,0.0,1.0));
#2546=DIRECTION('',(1.0,0.0,0.0));
#2547=CARTESIAN_POINT('',(12.2,8.3,-24.4));
#2548=DIRECTION('',(6.93889390390722E-15,0.0,-1.0));
#2549=DIRECTION('',(-1.0,0.0,-6.93889390390722E-15));
#2550=CARTESIAN_POINT('',(11.7,8.3,-24.9));
#2551=DIRECTION('',(-1.0,0.0,0.0));
#2552=DIRECTION('',(0.0,0.0,1.0));
#2553=CARTESIAN_POINT('',(11.7,8.3,24.9));
#2554=DIRECTION('',(-1.0,0.0,-6.93889390390722E-15));
#2555=DIRECTION('',(-6.93889390390722E-15,0.0,1.0));
#2556=CARTESIAN_POINT('',(-11.7,8.3,-24.9));
#2557=DIRECTION('',(-1.0,0.0,-6.93889390390722E-15));
#2558=DIRECTION('',(-6.93889390390722E-15,0.0,1.0));
#2559=CARTESIAN_POINT('',(-11.7,8.3,24.9));
#2560=DIRECTION('',(-1.0,0.0,0.0));
#2561=DIRECTION('',(0.0,0.0,1.0));
#2562=CARTESIAN_POINT('',(-12.2,8.3,-24.4));
#2563=DIRECTION('',(0.0,-0.0,1.0));
#2564=DIRECTION('',(1.0,0.0,0.0));
#2565=CARTESIAN_POINT('',(-12.2,8.3,24.4));
#2566=DIRECTION('',(6.93889390390722E-15,-6.9388939039072E-15,-1.0));
#2567=DIRECTION('',(-1.0,0.0,-6.93889390390722E-15));
#2568=CARTESIAN_POINT('',(-10.12,-8.2,-22.86));
#2569=DIRECTION('',(0.0,-1.0,0.0));
#2570=DIRECTION('',(0.0,0.0,-1.0));
#2571=DIRECTION('',(-0.0,1.0,-0.0));
#2572=CARTESIAN_POINT('',(-10.12,-2.2,-22.86));
#2573=DIRECTION('',(0.0,-1.0,0.0));
#2574=DIRECTION('',(0.0,0.0,-1.0));
#2575=DIRECTION('',(-0.0,1.0,-0.0));
#2576=CARTESIAN_POINT('',(0.0399999999999949,-8.2,-22.86));
#2577=DIRECTION('',(0.0,-1.0,0.0));
#2578=DIRECTION('',(0.0,0.0,-1.0));
#2579=DIRECTION('',(-0.0,1.0,-0.0));
#2580=CARTESIAN_POINT('',(0.0399999999999949,-2.2,-22.86));
#2581=DIRECTION('',(0.0,-1.0,0.0));
#2582=DIRECTION('',(0.0,0.0,-1.0));
#2583=DIRECTION('',(-0.0,1.0,-0.0));
#2584=CARTESIAN_POINT('',(10.2,-8.2,-22.86));
#2585=DIRECTION('',(0.0,-1.0,0.0));
#2586=DIRECTION('',(0.0,0.0,-1.0));
#2587=DIRECTION('',(-0.0,1.0,-0.0));
#2588=CARTESIAN_POINT('',(10.2,-2.2,-22.86));
#2589=DIRECTION('',(0.0,-1.0,0.0));
#2590=DIRECTION('',(0.0,0.0,-1.0));
#2591=DIRECTION('',(-0.0,1.0,-0.0));
#2592=CARTESIAN_POINT('',(-7.64,-8.2,22.86));
#2593=DIRECTION('',(0.0,-1.0,0.0));
#2594=DIRECTION('',(0.0,0.0,-1.0));
#2595=DIRECTION('',(-0.0,1.0,-0.0));
#2596=CARTESIAN_POINT('',(-7.64,-2.2,22.86));
#2597=DIRECTION('',(0.0,-1.0,0.0));
#2598=DIRECTION('',(0.0,0.0,-1.0));
#2599=DIRECTION('',(-0.0,1.0,-0.0));
#2600=CARTESIAN_POINT('',(2.52,-8.2,22.86));
#2601=DIRECTION('',(0.0,-1.0,0.0));
#2602=DIRECTION('',(0.0,0.0,-1.0));
#2603=DIRECTION('',(-0.0,1.0,-0.0));
#2604=CARTESIAN_POINT('',(2.52,-2.2,22.86));
#2605=DIRECTION('',(0.0,-1.0,0.0));
#2606=DIRECTION('',(0.0,0.0,-1.0));
#2607=DIRECTION('',(-0.0,1.0,-0.0));
#2608=CARTESIAN_POINT('',(7.6,-8.2,22.86));
#2609=DIRECTION('',(0.0,-1.0,0.0));
#2610=DIRECTION('',(0.0,0.0,-1.0));
#2611=DIRECTION('',(-0.0,1.0,-0.0));
#2612=CARTESIAN_POINT('',(7.6,-2.2,22.86));
#2613=DIRECTION('',(0.0,-1.0,0.0));
#2614=DIRECTION('',(0.0,0.0,-1.0));
#2615=DIRECTION('',(-0.0,1.0,-0.0));
#2616=CARTESIAN_POINT('',(-11.7,-1.4,24.4));
#2617=DIRECTION('',(0.0,-1.0,0.0));
#2618=DIRECTION('',(0.0,0.0,-1.0));
#2619=DIRECTION('',(-0.0,1.0,-0.0));
#2620=CARTESIAN_POINT('',(-11.7,-2.2,24.4));
#2621=DIRECTION('',(0.0,-1.0,0.0));
#2622=DIRECTION('',(0.0,0.0,-1.0));
#2623=DIRECTION('',(-0.0,1.0,-0.0));
#2624=DIRECTION('',(-2.64843278775085E-16,0.0,-1.0));
#2625=DIRECTION('',(-0.0,1.0,-0.0));
#2626=DIRECTION('',(-2.64843278775085E-16,0.0,-1.0));
#2627=DIRECTION('',(1.0,0.0,0.0));
#2628=DIRECTION('',(-0.0,1.0,-0.0));
#2629=DIRECTION('',(1.0,0.0,0.0));
#2630=DIRECTION('',(5.25673780599033E-16,0.0,-1.0));
#2631=DIRECTION('',(-0.0,1.0,-0.0));
#2632=DIRECTION('',(5.25673780599033E-16,0.0,-1.0));
#2633=DIRECTION('',(-1.0,-0.0,-0.0));
#2634=DIRECTION('',(-0.0,1.0,-0.0));
#2635=DIRECTION('',(-1.0,-0.0,-0.0));
#2636=DIRECTION('',(0.0,0.0,-1.0));
#2637=DIRECTION('',(-0.0,1.0,-0.0));
#2638=DIRECTION('',(0.0,0.0,-1.0));
#2639=DIRECTION('',(1.0,0.0,0.0));
#2640=DIRECTION('',(-0.0,1.0,-0.0));
#2641=DIRECTION('',(1.0,0.0,0.0));
#2642=DIRECTION('',(-5.25673780599033E-16,-0.0,-1.0));
#2643=DIRECTION('',(-0.0,1.0,-0.0));
#2644=DIRECTION('',(-5.25673780599033E-16,-0.0,-1.0));
#2645=DIRECTION('',(-1.0,-0.0,-0.0));
#2646=DIRECTION('',(-0.0,1.0,-0.0));
#2647=DIRECTION('',(-1.0,-0.0,-0.0));
#2648=DIRECTION('',(-7.94529836325256E-16,0.0,-1.0));
#2649=DIRECTION('',(-0.0,1.0,-0.0));
#2650=DIRECTION('',(-7.94529836325256E-16,0.0,-1.0));
#2651=CARTESIAN_POINT('',(-11.7,-1.4,-24.4));
#2652=DIRECTION('',(0.0,-1.0,0.0));
#2653=DIRECTION('',(0.0,0.0,-1.0));
#2654=DIRECTION('',(-0.0,1.0,-0.0));
#2655=CARTESIAN_POINT('',(-11.7,-2.2,-24.4));
#2656=DIRECTION('',(0.0,-1.0,0.0));
#2657=DIRECTION('',(0.0,0.0,-1.0));
#2658=DIRECTION('',(1.0,0.0,0.0));
#2659=DIRECTION('',(-0.0,1.0,-0.0));
#2660=DIRECTION('',(1.0,0.0,0.0));
#2661=CARTESIAN_POINT('',(11.7,-1.4,-24.4));
#2662=DIRECTION('',(0.0,-1.0,0.0));
#2663=DIRECTION('',(0.0,0.0,-1.0));
#2664=DIRECTION('',(-0.0,1.0,-0.0));
#2665=CARTESIAN_POINT('',(11.7,-2.2,-24.4));
#2666=DIRECTION('',(0.0,-1.0,0.0));
#2667=DIRECTION('',(0.0,0.0,-1.0));
#2668=DIRECTION('',(2.64843278775085E-16,0.0,1.0));
#2669=DIRECTION('',(-0.0,1.0,-0.0));
#2670=DIRECTION('',(2.64843278775085E-16,0.0,1.0));
#2671=DIRECTION('',(-1.0,0.0,0.0));
#2672=DIRECTION('',(-0.0,1.0,-0.0));
#2673=DIRECTION('',(-1.0,0.0,0.0));
#2674=DIRECTION('',(-5.25673780599033E-16,0.0,1.0));
#2675=DIRECTION('',(-0.0,1.0,-0.0));
#2676=DIRECTION('',(-5.25673780599033E-16,0.0,1.0));
#2677=DIRECTION('',(1.0,-0.0,-0.0));
#2678=DIRECTION('',(-0.0,1.0,-0.0));
#2679=DIRECTION('',(1.0,-0.0,-0.0));
#2680=DIRECTION('',(0.0,0.0,1.0));
#2681=DIRECTION('',(-0.0,1.0,-0.0));
#2682=DIRECTION('',(0.0,0.0,1.0));
#2683=DIRECTION('',(-1.0,0.0,0.0));
#2684=DIRECTION('',(-0.0,1.0,-0.0));
#2685=DIRECTION('',(-1.0,0.0,0.0));
#2686=DIRECTION('',(5.25673780599033E-16,-0.0,1.0));
#2687=DIRECTION('',(-0.0,1.0,-0.0));
#2688=DIRECTION('',(5.25673780599033E-16,-0.0,1.0));
#2689=DIRECTION('',(1.0,-0.0,-0.0));
#2690=DIRECTION('',(-0.0,1.0,-0.0));
#2691=DIRECTION('',(1.0,-0.0,-0.0));
#2692=DIRECTION('',(1.32421639387543E-15,0.0,1.0));
#2693=DIRECTION('',(-0.0,1.0,-0.0));
#2694=DIRECTION('',(1.32421639387543E-15,0.0,1.0));
#2695=CARTESIAN_POINT('',(11.7,-1.4,24.4));
#2696=DIRECTION('',(0.0,-1.0,0.0));
#2697=DIRECTION('',(0.0,0.0,-1.0));
#2698=DIRECTION('',(-0.0,1.0,-0.0));
#2699=CARTESIAN_POINT('',(11.7,-2.2,24.4));
#2700=DIRECTION('',(0.0,-1.0,0.0));
#2701=DIRECTION('',(0.0,0.0,-1.0));
#2702=DIRECTION('',(-1.0,0.0,0.0));
#2703=DIRECTION('',(-1.0,0.0,0.0));
#2704=CARTESIAN_POINT('',(-10.12,-2.2,-22.86));
#2705=DIRECTION('',(0.0,-1.0,0.0));
#2706=DIRECTION('',(0.0,0.0,-1.0));
#2707=CARTESIAN_POINT('',(0.0399999999999949,-2.2,-22.86));
#2708=DIRECTION('',(0.0,-1.0,0.0));
#2709=DIRECTION('',(0.0,0.0,-1.0));
#2710=CARTESIAN_POINT('',(10.2,-2.2,-22.86));
#2711=DIRECTION('',(0.0,-1.0,0.0));
#2712=DIRECTION('',(0.0,0.0,-1.0));
#2713=CARTESIAN_POINT('',(-7.64,-2.2,22.86));
#2714=DIRECTION('',(0.0,-1.0,0.0));
#2715=DIRECTION('',(0.0,0.0,-1.0));
#2716=CARTESIAN_POINT('',(2.52,-2.2,22.86));
#2717=DIRECTION('',(0.0,-1.0,0.0));
#2718=DIRECTION('',(0.0,0.0,-1.0));
#2719=CARTESIAN_POINT('',(7.6,-2.2,22.86));
#2720=DIRECTION('',(0.0,-1.0,0.0));
#2721=DIRECTION('',(0.0,0.0,-1.0));
#2722=CARTESIAN_POINT('',(7.6,-8.2,22.86));
#2723=DIRECTION('',(0.0,-1.0,0.0));
#2724=DIRECTION('',(0.0,0.0,-1.0));
#2725=CARTESIAN_POINT('',(2.52,-8.2,22.86));
#2726=DIRECTION('',(0.0,-1.0,0.0));
#2727=DIRECTION('',(0.0,0.0,-1.0));
#2728=CARTESIAN_POINT('',(-7.64,-8.2,22.86));
#2729=DIRECTION('',(0.0,-1.0,0.0));
#2730=DIRECTION('',(0.0,0.0,-1.0));
#2731=CARTESIAN_POINT('',(10.2,-8.2,-22.86));
#2732=DIRECTION('',(0.0,-1.0,0.0));
#2733=DIRECTION('',(0.0,0.0,-1.0));
#2734=CARTESIAN_POINT('',(0.0399999999999949,-8.2,-22.86));
#2735=DIRECTION('',(0.0,-1.0,0.0));
#2736=DIRECTION('',(0.0,0.0,-1.0));
#2737=CARTESIAN_POINT('',(-10.12,-8.2,-22.86));
#2738=DIRECTION('',(0.0,-1.0,0.0));
#2739=DIRECTION('',(0.0,0.0,-1.0));
#2740=PRESENTATION_LAYER_ASSIGNMENT('','',(#1372,#1373,#1374,#1375,#1377,#1378,#1379,#1381,#1382,#1383,#1385,#1386,#1387,#1389,#1390,#1391,#1393,#1394,#1395,#1397,#1398,#1399,#1401,#1402,#1407,#1408,#1409,#1410,#1412,#1413,#1414,#1416,#1417,#1418,#1420,#1421,#1422,#1424,#1425,#1426,#1428,#1429,#1430,#1432,#1433,#1434,#1436,#1437,#1439,#1440,#1441,#1442,#1443,#1444,#1445,#1446,#1449,#1450,#1452,#1454,#1456,#1458,#1460,#1462,#1466,#1467,#1468,#1469,#1471,#1472,#1473,#1474,#1476,#1477,#1478,#1479,#1481,#1482,#1483,#1484,#1486,#1487,#1488,#1489,#1491,#1492,#1493,#1494,#1496,#1497,#1498,#1499,#1501,#1502,#1503,#1505,#1506,#1507,#1509,#1510,#1511,#1513,#1514,#1515,#1517,#1518,#1519,#1521,#1522,#1523,#1525,#1526,#1527,#1529,#1530,#1531,#1533,#1534,#1535,#1537,#1538,#1539,#1541,#1542,#1543,#1545,#1546,#1547,#1549,#1550,#1551,#1553,#1554,#1555,#1557,#1558,#1559,#1561,#1562,#1563,#1565,#1566,#1567,#1569,#1570,#1571,#1573,#1574,#1575,#1577,#1578,#1579,#1581,#1582,#1583,#1585,#1586,#1587,#1589,#1590,#1592,#1593,#1594,#1595,#1596,#1597,#1600,#1603,#1606,#1609,#1612,#1615,#1619,#1620,#1622,#1624,#1628,#1630,#1634,#1636,#1640,#1642,#1646,#1648,#1652,#1654,#1658,#1660,#1670,#1671,#1673,#1675,#1679,#1680,#1685,#1686,#1691,#1692,#1697,#1698,#1703,#1704,#1709,#1710,#1718,#1719,#1721,#1723,#1725,#1727,#1729,#1731,#1753,#1754,#1756,#1758,#1762,#1763,#1765,#1767,#1771,#1772,#1774,#1776,#1780,#1781,#1783,#1785,#1789,#1790,#1792,#1794,#1798,#1799,#1801,#1803,#1807,#1808,#1810,#1812,#1816,#1818,#1822,#1824,#1828,#1830,#1834,#1836,#1840,#1842,#1846,#1848,#1852,#1854,#1858,#1860,#1864,#1866,#1870,#1872,#1876,#1878,#1882,#1884,#1888,#1890,#1894,#1896,#1900,#1902,#1906,#1908,#1912,#1914,#1918,#1920,#1924,#1926,#1930,#1932,#1936,#1938,#1942,#1944));
#2741=PRESENTATION_LAYER_ASSIGNMENT('-1','NONE',(#103,#105,#107,#109,#111,#113,#115,#117,#119,#121,#123,#125,#127,#129,#131,#133,#135,#137,#139,#141,#143,#145,#147,#149,#151,#153,#155,#157,#159,#161,#163,#165,#167,#169,#171,#173,#175,#177,#179,#181,#183,#185,#187,#189,#191,#193,#195,#197,#199,#201,#203,#205,#207,#209,#211,#213,#215,#217,#219,#221,#223,#225,#227,#229,#231,#233,#235,#237,#239,#241,#243,#245,#247,#249,#251));
ENDSEC;
END-ISO-10303-21;
