ISO-10303-21;
HEADER;
FILE_DESCRIPTION((''),'2;1');
FILE_NAME('DP0028A_ASM','2020-07-21T13:27:29',('a0412086'),(''),
'CREO PARAMETRIC BY PTC INC, 2019292','CREO PARAMETRIC BY PTC INC, 2019292','');
FILE_SCHEMA(('AUTOMOTIVE_DESIGN { 1 0 10303 214 1 1 1 1 }'));
ENDSEC;
DATA;
#29=CARTESIAN_POINT('',(4.953031224027E0,4.853541016521E-5,-3.749985672810E0));
#30=CARTESIAN_POINT('',(4.958444123782E0,4.853541016521E-5,-3.749903590209E0));
#31=CARTESIAN_POINT('',(4.969234257355E0,-2.252536224448E-5,-3.749288905365E0));
#32=CARTESIAN_POINT('',(4.985316473141E0,6.035652607864E-6,-3.747081150816E0));
#33=CARTESIAN_POINT('',(5.001160432054E0,-1.617248186978E-6,-3.743572250697E0));
#34=CARTESIAN_POINT('',(5.016669974327E0,4.333401400492E-7,-3.738793266728E0));
#35=CARTESIAN_POINT('',(5.031741075140E0,-1.161123732184E-7,-3.732773441042E0));
#36=CARTESIAN_POINT('',(5.046275284920E0,3.110935282456E-8,-3.725552891332E0));
#37=CARTESIAN_POINT('',(5.060176957762E0,-8.325038079813E-9,-3.717178894583E0));
#38=CARTESIAN_POINT('',(5.073354796306E0,2.190799494688E-9,-3.707706500888E0));
#39=CARTESIAN_POINT('',(5.085722203903E0,-4.381598989375E-10,
-3.697197927693E0));
#40=CARTESIAN_POINT('',(5.097197927693E0,-4.381598989376E-10,
-3.685722203903E0));
#41=CARTESIAN_POINT('',(5.107706500888E0,2.190799494688E-9,-3.673354796306E0));
#42=CARTESIAN_POINT('',(5.117178894583E0,-8.325038079814E-9,-3.660176957762E0));
#43=CARTESIAN_POINT('',(5.125552891332E0,3.110935282457E-8,-3.646275284920E0));
#44=CARTESIAN_POINT('',(5.132773441042E0,-1.161123732185E-7,-3.631741075140E0));
#45=CARTESIAN_POINT('',(5.138793266728E0,4.333401400492E-7,-3.616669974327E0));
#46=CARTESIAN_POINT('',(5.143572250697E0,-1.617248186979E-6,-3.601160432054E0));
#47=CARTESIAN_POINT('',(5.147081150816E0,6.035652607865E-6,-3.585316473141E0));
#48=CARTESIAN_POINT('',(5.149288905365E0,-2.252536224448E-5,-3.569234257355E0));
#49=CARTESIAN_POINT('',(5.149903590209E0,4.853541016521E-5,-3.558444123782E0));
#50=CARTESIAN_POINT('',(5.149985672810E0,4.853541016521E-5,-3.553031224027E0));
#52=DRAUGHTING_PRE_DEFINED_CURVE_FONT('continuous');
#53=CURVE_STYLE('',#52,POSITIVE_LENGTH_MEASURE(2.E-2),#3);
#54=PRESENTATION_STYLE_ASSIGNMENT((#53));
#55=STYLED_ITEM('',(#54),#51);
#56=CARTESIAN_POINT('',(5.149985672810E0,4.853541016521E-5,3.553031224027E0));
#57=CARTESIAN_POINT('',(5.149903590209E0,4.853541016521E-5,3.558444123782E0));
#58=CARTESIAN_POINT('',(5.149288905365E0,-2.252536224448E-5,3.569234257355E0));
#59=CARTESIAN_POINT('',(5.147081150816E0,6.035652607865E-6,3.585316473141E0));
#60=CARTESIAN_POINT('',(5.143572250697E0,-1.617248186978E-6,3.601160432054E0));
#61=CARTESIAN_POINT('',(5.138793266728E0,4.333401400492E-7,3.616669974327E0));
#62=CARTESIAN_POINT('',(5.132773441042E0,-1.161123732184E-7,3.631741075140E0));
#63=CARTESIAN_POINT('',(5.125552891332E0,3.110935282457E-8,3.646275284920E0));
#64=CARTESIAN_POINT('',(5.117178894583E0,-8.325038079813E-9,3.660176957762E0));
#65=CARTESIAN_POINT('',(5.107706500888E0,2.190799494688E-9,3.673354796306E0));
#66=CARTESIAN_POINT('',(5.097197927693E0,-4.381598989376E-10,3.685722203903E0));
#67=CARTESIAN_POINT('',(5.085722203903E0,-4.381598989374E-10,3.697197927693E0));
#68=CARTESIAN_POINT('',(5.073354796306E0,2.190799494687E-9,3.707706500888E0));
#69=CARTESIAN_POINT('',(5.060176957762E0,-8.325038079811E-9,3.717178894583E0));
#70=CARTESIAN_POINT('',(5.046275284920E0,3.110935282456E-8,3.725552891332E0));
#71=CARTESIAN_POINT('',(5.031741075140E0,-1.161123732184E-7,3.732773441042E0));
#72=CARTESIAN_POINT('',(5.016669974327E0,4.333401400491E-7,3.738793266728E0));
#73=CARTESIAN_POINT('',(5.001160432054E0,-1.617248186978E-6,3.743572250697E0));
#74=CARTESIAN_POINT('',(4.985316473141E0,6.035652607863E-6,3.747081150816E0));
#75=CARTESIAN_POINT('',(4.969234257355E0,-2.252536224448E-5,3.749288905365E0));
#76=CARTESIAN_POINT('',(4.958444123782E0,4.853541016520E-5,3.749903590209E0));
#77=CARTESIAN_POINT('',(4.953031224027E0,4.853541016520E-5,3.749985672810E0));
#79=CURVE_STYLE('',#52,POSITIVE_LENGTH_MEASURE(2.E-2),#3);
#80=PRESENTATION_STYLE_ASSIGNMENT((#79));
#81=STYLED_ITEM('',(#80),#78);
#82=CARTESIAN_POINT('',(-4.953031224027E0,4.853541016521E-5,3.749985672810E0));
#83=CARTESIAN_POINT('',(-4.958444123782E0,4.853541016521E-5,3.749903590209E0));
#84=CARTESIAN_POINT('',(-4.969234257355E0,-2.252536224448E-5,3.749288905365E0));
#85=CARTESIAN_POINT('',(-4.985316473141E0,6.035652607865E-6,3.747081150816E0));
#86=CARTESIAN_POINT('',(-5.001160432054E0,-1.617248186979E-6,3.743572250697E0));
#87=CARTESIAN_POINT('',(-5.016669974327E0,4.333401400493E-7,3.738793266728E0));
#88=CARTESIAN_POINT('',(-5.031741075140E0,-1.161123732185E-7,3.732773441042E0));
#89=CARTESIAN_POINT('',(-5.046275284920E0,3.110935282457E-8,3.725552891332E0));
#90=CARTESIAN_POINT('',(-5.060176957762E0,-8.325038079814E-9,3.717178894583E0));
#91=CARTESIAN_POINT('',(-5.073354796306E0,2.190799494688E-9,3.707706500888E0));
#92=CARTESIAN_POINT('',(-5.085722203903E0,-4.381598989376E-10,
3.697197927693E0));
#93=CARTESIAN_POINT('',(-5.097197927693E0,-4.381598989374E-10,
3.685722203903E0));
#94=CARTESIAN_POINT('',(-5.107706500888E0,2.190799494687E-9,3.673354796306E0));
#95=CARTESIAN_POINT('',(-5.117178894583E0,-8.325038079811E-9,3.660176957762E0));
#96=CARTESIAN_POINT('',(-5.125552891332E0,3.110935282456E-8,3.646275284920E0));
#97=CARTESIAN_POINT('',(-5.132773441042E0,-1.161123732184E-7,3.631741075140E0));
#98=CARTESIAN_POINT('',(-5.138793266728E0,4.333401400491E-7,3.616669974327E0));
#99=CARTESIAN_POINT('',(-5.143572250697E0,-1.617248186978E-6,3.601160432054E0));
#100=CARTESIAN_POINT('',(-5.147081150816E0,6.035652607863E-6,3.585316473141E0));
#101=CARTESIAN_POINT('',(-5.149288905365E0,-2.252536224447E-5,
3.569234257355E0));
#102=CARTESIAN_POINT('',(-5.149903590209E0,4.853541016520E-5,3.558444123782E0));
#103=CARTESIAN_POINT('',(-5.149985672810E0,4.853541016520E-5,3.553031224027E0));
#105=CURVE_STYLE('',#52,POSITIVE_LENGTH_MEASURE(2.E-2),#3);
#106=PRESENTATION_STYLE_ASSIGNMENT((#105));
#107=STYLED_ITEM('',(#106),#104);
#108=CARTESIAN_POINT('',(-5.149985672810E0,4.853541016520E-5,
-3.553031224027E0));
#109=CARTESIAN_POINT('',(-5.149903590209E0,4.853541016520E-5,
-3.558444123782E0));
#110=CARTESIAN_POINT('',(-5.149288905365E0,-2.252536224448E-5,
-3.569234257355E0));
#111=CARTESIAN_POINT('',(-5.147081150816E0,6.035652607864E-6,
-3.585316473141E0));
#112=CARTESIAN_POINT('',(-5.143572250697E0,-1.617248186978E-6,
-3.601160432054E0));
#113=CARTESIAN_POINT('',(-5.138793266728E0,4.333401400492E-7,
-3.616669974327E0));
#114=CARTESIAN_POINT('',(-5.132773441042E0,-1.161123732184E-7,
-3.631741075140E0));
#115=CARTESIAN_POINT('',(-5.125552891332E0,3.110935282456E-8,
-3.646275284920E0));
#116=CARTESIAN_POINT('',(-5.117178894583E0,-8.325038079812E-9,
-3.660176957762E0));
#117=CARTESIAN_POINT('',(-5.107706500888E0,2.190799494687E-9,
-3.673354796306E0));
#118=CARTESIAN_POINT('',(-5.097197927693E0,-4.381598989375E-10,
-3.685722203903E0));
#119=CARTESIAN_POINT('',(-5.085722203903E0,-4.381598989374E-10,
-3.697197927693E0));
#120=CARTESIAN_POINT('',(-5.073354796306E0,2.190799494687E-9,
-3.707706500888E0));
#121=CARTESIAN_POINT('',(-5.060176957762E0,-8.325038079811E-9,
-3.717178894583E0));
#122=CARTESIAN_POINT('',(-5.046275284920E0,3.110935282456E-8,
-3.725552891332E0));
#123=CARTESIAN_POINT('',(-5.031741075140E0,-1.161123732184E-7,
-3.732773441042E0));
#124=CARTESIAN_POINT('',(-5.016669974327E0,4.333401400491E-7,
-3.738793266728E0));
#125=CARTESIAN_POINT('',(-5.001160432054E0,-1.617248186978E-6,
-3.743572250697E0));
#126=CARTESIAN_POINT('',(-4.985316473141E0,6.035652607863E-6,
-3.747081150816E0));
#127=CARTESIAN_POINT('',(-4.969234257355E0,-2.252536224448E-5,
-3.749288905365E0));
#128=CARTESIAN_POINT('',(-4.958444123782E0,4.853541016520E-5,
-3.749903590209E0));
#129=CARTESIAN_POINT('',(-4.953031224027E0,4.853541016520E-5,
-3.749985672810E0));
#131=CURVE_STYLE('',#52,POSITIVE_LENGTH_MEASURE(2.E-2),#3);
#132=PRESENTATION_STYLE_ASSIGNMENT((#131));
#133=STYLED_ITEM('',(#132),#130);
#134=CARTESIAN_POINT('',(4.95E0,-2.5E-1,-3.75E0));
#135=CARTESIAN_POINT('',(4.951006163470E0,-2.5E-1,-3.75E0));
#136=CARTESIAN_POINT('',(4.952028864835E0,-2.499623926691E-1,
-3.750000862099E0));
#137=CARTESIAN_POINT('',(4.953031213563E0,-2.500485954483E-1,
-3.749985662224E0));
#139=CURVE_STYLE('',#52,POSITIVE_LENGTH_MEASURE(2.E-2),#3);
#140=PRESENTATION_STYLE_ASSIGNMENT((#139));
#141=STYLED_ITEM('',(#140),#138);
#142=CARTESIAN_POINT('',(5.149985662224E0,-2.500485954483E-1,
-3.553031213553E0));
#143=CARTESIAN_POINT('',(5.150000862099E0,-2.499623926697E-1,
-3.552028864824E0));
#144=CARTESIAN_POINT('',(5.15E0,-2.5E-1,-3.551006163470E0));
#145=CARTESIAN_POINT('',(5.15E0,-2.5E-1,-3.55E0));
#147=CURVE_STYLE('',#52,POSITIVE_LENGTH_MEASURE(2.E-2),#3);
#148=PRESENTATION_STYLE_ASSIGNMENT((#147));
#149=STYLED_ITEM('',(#148),#146);
#150=DIRECTION('',(0.E0,-1.E0,0.E0));
#151=VECTOR('',#150,2.5E-1);
#152=CARTESIAN_POINT('',(4.95E0,0.E0,-3.75E0));
#153=LINE('',#152,#151);
#154=CURVE_STYLE('',#52,POSITIVE_LENGTH_MEASURE(2.E-2),#3);
#155=PRESENTATION_STYLE_ASSIGNMENT((#154));
#156=STYLED_ITEM('',(#155),#153);
#157=DIRECTION('',(1.E0,0.E0,0.E0));
#158=VECTOR('',#157,9.9E0);
#159=CARTESIAN_POINT('',(-4.95E0,-2.5E-1,-3.75E0));
#160=LINE('',#159,#158);
#161=CURVE_STYLE('',#52,POSITIVE_LENGTH_MEASURE(2.E-2),#3);
#162=PRESENTATION_STYLE_ASSIGNMENT((#161));
#163=STYLED_ITEM('',(#162),#160);
#164=DIRECTION('',(0.E0,-1.E0,0.E0));
#165=VECTOR('',#164,2.5E-1);
#166=CARTESIAN_POINT('',(-4.95E0,0.E0,-3.75E0));
#167=LINE('',#166,#165);
#168=CURVE_STYLE('',#52,POSITIVE_LENGTH_MEASURE(2.E-2),#3);
#169=PRESENTATION_STYLE_ASSIGNMENT((#168));
#170=STYLED_ITEM('',(#169),#167);
#171=CARTESIAN_POINT('',(-4.953031224027E0,4.853541016520E-5,
-3.749985672810E0));
#172=CARTESIAN_POINT('',(-4.952535450166E0,5.898474647247E-6,
-3.749993190852E0));
#173=CARTESIAN_POINT('',(-4.951513772214E0,6.240394847813E-5,
-3.749991881044E0));
#174=CARTESIAN_POINT('',(-4.950509464926E0,0.E0,-3.75E0));
#175=CARTESIAN_POINT('',(-4.95E0,0.E0,-3.75E0));
#177=CURVE_STYLE('',#52,POSITIVE_LENGTH_MEASURE(2.E-2),#3);
#178=PRESENTATION_STYLE_ASSIGNMENT((#177));
#179=STYLED_ITEM('',(#178),#176);
#180=DIRECTION('',(1.E0,0.E0,0.E0));
#181=VECTOR('',#180,9.9E0);
#182=CARTESIAN_POINT('',(-4.95E0,0.E0,-3.75E0));
#183=LINE('',#182,#181);
#184=CURVE_STYLE('',#52,POSITIVE_LENGTH_MEASURE(2.E-2),#3);
#185=PRESENTATION_STYLE_ASSIGNMENT((#184));
#186=STYLED_ITEM('',(#185),#183);
#187=CARTESIAN_POINT('',(4.95E0,0.E0,-3.75E0));
#188=CARTESIAN_POINT('',(4.950509464926E0,0.E0,-3.75E0));
#189=CARTESIAN_POINT('',(4.951513772214E0,6.240394847807E-5,-3.749991881044E0));
#190=CARTESIAN_POINT('',(4.952535450166E0,5.898474647226E-6,-3.749993190852E0));
#191=CARTESIAN_POINT('',(4.953031224027E0,4.853541016521E-5,-3.749985672810E0));
#193=CURVE_STYLE('',#52,POSITIVE_LENGTH_MEASURE(2.E-2),#3);
#194=PRESENTATION_STYLE_ASSIGNMENT((#193));
#195=STYLED_ITEM('',(#194),#192);
#196=DIRECTION('',(1.710756520530E-1,9.702891207358E-1,1.710910385040E-1));
#197=VECTOR('',#196,4.615631739636E-1);
#198=CARTESIAN_POINT('',(-5.149985672810E0,4.853541016520E-5,
-3.553031224027E0));
#199=LINE('',#198,#197);
#200=CURVE_STYLE('',#52,POSITIVE_LENGTH_MEASURE(2.E-2),#3);
#201=PRESENTATION_STYLE_ASSIGNMENT((#200));
#202=STYLED_ITEM('',(#201),#199);
#203=CARTESIAN_POINT('',(-5.149985672810E0,4.853541016520E-5,
-3.553031224027E0));
#204=CARTESIAN_POINT('',(-5.149985672810E0,4.853541016520E-5,
-3.558903301653E0));
#205=CARTESIAN_POINT('',(-5.149499502078E0,-2.252536226609E-5,
-3.570573971730E0));
#206=CARTESIAN_POINT('',(-5.147223331845E0,6.035652683511E-6,
-3.587884077126E0));
#207=CARTESIAN_POINT('',(-5.143493925840E0,-1.617248467954E-6,
-3.604797756830E0));
#208=CARTESIAN_POINT('',(-5.138311925417E0,4.333411883044E-7,
-3.621294884838E0));
#209=CARTESIAN_POINT('',(-5.131766265321E0,-1.161162852639E-7,
-3.637148840303E0));
#210=CARTESIAN_POINT('',(-5.123861657002E0,3.112395275115E-8,
-3.652371964463E0));
#211=CARTESIAN_POINT('',(-5.114714080652E0,-8.379525740693E-9,
-3.666755099571E0));
#212=CARTESIAN_POINT('',(-5.104337367481E0,2.394150211627E-9,
-3.680294547095E0));
#213=CARTESIAN_POINT('',(-5.092842051483E0,-1.197075105813E-9,
-3.692842051483E0));
#214=CARTESIAN_POINT('',(-5.080294547095E0,2.394150211627E-9,
-3.704337367481E0));
#215=CARTESIAN_POINT('',(-5.066755099571E0,-8.379525740693E-9,
-3.714714080652E0));
#216=CARTESIAN_POINT('',(-5.052371964463E0,3.112395275115E-8,
-3.723861657002E0));
#217=CARTESIAN_POINT('',(-5.037148840303E0,-1.161162852639E-7,
-3.731766265321E0));
#218=CARTESIAN_POINT('',(-5.021294884838E0,4.333411883044E-7,
-3.738311925417E0));
#219=CARTESIAN_POINT('',(-5.004797756830E0,-1.617248467954E-6,
-3.743493925840E0));
#220=CARTESIAN_POINT('',(-4.987884077126E0,6.035652683511E-6,
-3.747223331845E0));
#221=CARTESIAN_POINT('',(-4.970573971730E0,-2.252536226609E-5,
-3.749499502078E0));
#222=CARTESIAN_POINT('',(-4.958903301653E0,4.853541016520E-5,
-3.749985672810E0));
#223=CARTESIAN_POINT('',(-4.953031224027E0,4.853541016520E-5,
-3.749985672810E0));
#225=CURVE_STYLE('',#52,POSITIVE_LENGTH_MEASURE(2.E-2),#3);
#226=PRESENTATION_STYLE_ASSIGNMENT((#225));
#227=STYLED_ITEM('',(#226),#224);
#228=DIRECTION('',(1.710910385040E-1,9.702891207358E-1,1.710756520530E-1));
#229=VECTOR('',#228,4.615631739636E-1);
#230=CARTESIAN_POINT('',(-4.953031224027E0,4.853541016520E-5,
-3.749985672810E0));
#231=LINE('',#230,#229);
#232=CURVE_STYLE('',#52,POSITIVE_LENGTH_MEASURE(2.E-2),#3);
#233=PRESENTATION_STYLE_ASSIGNMENT((#232));
#234=STYLED_ITEM('',(#233),#231);
#235=CARTESIAN_POINT('',(-5.149985672810E0,4.853541016520E-5,3.553031224027E0));
#236=CARTESIAN_POINT('',(-5.149993190852E0,5.898474647278E-6,3.552535450166E0));
#237=CARTESIAN_POINT('',(-5.149991881044E0,6.240394847804E-5,3.551513772214E0));
#238=CARTESIAN_POINT('',(-5.15E0,0.E0,3.550509464926E0));
#239=CARTESIAN_POINT('',(-5.15E0,0.E0,3.55E0));
#241=CURVE_STYLE('',#52,POSITIVE_LENGTH_MEASURE(2.E-2),#3);
#242=PRESENTATION_STYLE_ASSIGNMENT((#241));
#243=STYLED_ITEM('',(#242),#240);
#244=DIRECTION('',(0.E0,0.E0,-1.E0));
#245=VECTOR('',#244,7.1E0);
#246=CARTESIAN_POINT('',(-5.15E0,0.E0,3.55E0));
#247=LINE('',#246,#245);
#248=CURVE_STYLE('',#52,POSITIVE_LENGTH_MEASURE(2.E-2),#3);
#249=PRESENTATION_STYLE_ASSIGNMENT((#248));
#250=STYLED_ITEM('',(#249),#247);
#251=CARTESIAN_POINT('',(-5.15E0,0.E0,-3.55E0));
#252=CARTESIAN_POINT('',(-5.15E0,0.E0,-3.550509464926E0));
#253=CARTESIAN_POINT('',(-5.149991881044E0,6.240394847804E-5,
-3.551513772214E0));
#254=CARTESIAN_POINT('',(-5.149993190852E0,5.898474647266E-6,
-3.552535450166E0));
#255=CARTESIAN_POINT('',(-5.149985672810E0,4.853541016520E-5,
-3.553031224027E0));
#257=CURVE_STYLE('',#52,POSITIVE_LENGTH_MEASURE(2.E-2),#3);
#258=PRESENTATION_STYLE_ASSIGNMENT((#257));
#259=STYLED_ITEM('',(#258),#256);
#260=DIRECTION('',(1.710895340602E-1,9.702883632575E-1,-1.710814527125E-1));
#261=VECTOR('',#260,8.787914319209E-1);
#262=CARTESIAN_POINT('',(-4.953031224027E0,4.853541016521E-5,3.749985672810E0));
#263=LINE('',#262,#261);
#264=CURVE_STYLE('',#52,POSITIVE_LENGTH_MEASURE(2.E-2),#3);
#265=PRESENTATION_STYLE_ASSIGNMENT((#264));
#266=STYLED_ITEM('',(#265),#263);
#267=CARTESIAN_POINT('',(-4.953031224027E0,4.853541016521E-5,3.749985672810E0));
#268=CARTESIAN_POINT('',(-4.958903301653E0,4.853541016521E-5,3.749985672810E0));
#269=CARTESIAN_POINT('',(-4.970573971730E0,-2.252536226610E-5,
3.749499502078E0));
#270=CARTESIAN_POINT('',(-4.987884077126E0,6.035652683512E-6,3.747223331845E0));
#271=CARTESIAN_POINT('',(-5.004797756830E0,-1.617248467954E-6,
3.743493925840E0));
#272=CARTESIAN_POINT('',(-5.021294884838E0,4.333411883045E-7,3.738311925417E0));
#273=CARTESIAN_POINT('',(-5.037148840303E0,-1.161162852639E-7,
3.731766265321E0));
#274=CARTESIAN_POINT('',(-5.052371964463E0,3.112395275115E-8,3.723861657002E0));
#275=CARTESIAN_POINT('',(-5.066755099571E0,-8.379525740695E-9,
3.714714080652E0));
#276=CARTESIAN_POINT('',(-5.080294547095E0,2.394150211627E-9,3.704337367481E0));
#277=CARTESIAN_POINT('',(-5.092842051483E0,-1.197075105813E-9,
3.692842051483E0));
#278=CARTESIAN_POINT('',(-5.104337367481E0,2.394150211627E-9,3.680294547095E0));
#279=CARTESIAN_POINT('',(-5.114714080652E0,-8.379525740693E-9,
3.666755099571E0));
#280=CARTESIAN_POINT('',(-5.123861657002E0,3.112395275114E-8,3.652371964463E0));
#281=CARTESIAN_POINT('',(-5.131766265321E0,-1.161162852639E-7,
3.637148840303E0));
#282=CARTESIAN_POINT('',(-5.138311925417E0,4.333411883044E-7,3.621294884838E0));
#283=CARTESIAN_POINT('',(-5.143493925840E0,-1.617248467954E-6,
3.604797756830E0));
#284=CARTESIAN_POINT('',(-5.147223331845E0,6.035652683510E-6,3.587884077126E0));
#285=CARTESIAN_POINT('',(-5.149499502078E0,-2.252536226609E-5,
3.570573971730E0));
#286=CARTESIAN_POINT('',(-5.149985672810E0,4.853541016520E-5,3.558903301653E0));
#287=CARTESIAN_POINT('',(-5.149985672810E0,4.853541016520E-5,3.553031224027E0));
#289=CURVE_STYLE('',#52,POSITIVE_LENGTH_MEASURE(2.E-2),#3);
#290=PRESENTATION_STYLE_ASSIGNMENT((#289));
#291=STYLED_ITEM('',(#290),#288);
#292=DIRECTION('',(1.710814527125E-1,9.702883632575E-1,-1.710895340602E-1));
#293=VECTOR('',#292,8.787914319209E-1);
#294=CARTESIAN_POINT('',(-5.149985672810E0,4.853541016520E-5,3.553031224027E0));
#295=LINE('',#294,#293);
#296=CURVE_STYLE('',#52,POSITIVE_LENGTH_MEASURE(2.E-2),#3);
#297=PRESENTATION_STYLE_ASSIGNMENT((#296));
#298=STYLED_ITEM('',(#297),#295);
#299=CARTESIAN_POINT('',(4.953031224027E0,4.853541016520E-5,3.749985672810E0));
#300=CARTESIAN_POINT('',(4.952535450166E0,5.898474647246E-6,3.749993190852E0));
#301=CARTESIAN_POINT('',(4.951513772214E0,6.240394847806E-5,3.749991881044E0));
#302=CARTESIAN_POINT('',(4.950509464926E0,0.E0,3.75E0));
#303=CARTESIAN_POINT('',(4.95E0,0.E0,3.75E0));
#305=CURVE_STYLE('',#52,POSITIVE_LENGTH_MEASURE(2.E-2),#3);
#306=PRESENTATION_STYLE_ASSIGNMENT((#305));
#307=STYLED_ITEM('',(#306),#304);
#308=DIRECTION('',(1.E0,0.E0,0.E0));
#309=VECTOR('',#308,9.9E0);
#310=CARTESIAN_POINT('',(-4.95E0,0.E0,3.75E0));
#311=LINE('',#310,#309);
#312=CURVE_STYLE('',#52,POSITIVE_LENGTH_MEASURE(2.E-2),#3);
#313=PRESENTATION_STYLE_ASSIGNMENT((#312));
#314=STYLED_ITEM('',(#313),#311);
#315=CARTESIAN_POINT('',(-4.95E0,0.E0,3.75E0));
#316=CARTESIAN_POINT('',(-4.950509464926E0,0.E0,3.75E0));
#317=CARTESIAN_POINT('',(-4.951513772214E0,6.240394847810E-5,3.749991881044E0));
#318=CARTESIAN_POINT('',(-4.952535450166E0,5.898474647317E-6,3.749993190852E0));
#319=CARTESIAN_POINT('',(-4.953031224027E0,4.853541016521E-5,3.749985672810E0));
#321=CURVE_STYLE('',#52,POSITIVE_LENGTH_MEASURE(2.E-2),#3);
#322=PRESENTATION_STYLE_ASSIGNMENT((#321));
#323=STYLED_ITEM('',(#322),#320);
#324=DIRECTION('',(-1.710814527125E-1,9.702883632575E-1,-1.710895340602E-1));
#325=VECTOR('',#324,8.787914319209E-1);
#326=CARTESIAN_POINT('',(5.149985672810E0,4.853541016521E-5,3.553031224027E0));
#327=LINE('',#326,#325);
#328=CURVE_STYLE('',#52,POSITIVE_LENGTH_MEASURE(2.E-2),#3);
#329=PRESENTATION_STYLE_ASSIGNMENT((#328));
#330=STYLED_ITEM('',(#329),#327);
#331=CARTESIAN_POINT('',(5.149985672810E0,4.853541016521E-5,3.553031224027E0));
#332=CARTESIAN_POINT('',(5.149985672810E0,4.853541016521E-5,3.558903301653E0));
#333=CARTESIAN_POINT('',(5.149499502078E0,-2.252536226609E-5,3.570573971730E0));
#334=CARTESIAN_POINT('',(5.147223331845E0,6.035652683512E-6,3.587884077126E0));
#335=CARTESIAN_POINT('',(5.143493925840E0,-1.617248467954E-6,3.604797756830E0));
#336=CARTESIAN_POINT('',(5.138311925417E0,4.333411883045E-7,3.621294884838E0));
#337=CARTESIAN_POINT('',(5.131766265321E0,-1.161162852639E-7,3.637148840303E0));
#338=CARTESIAN_POINT('',(5.123861657002E0,3.112395275115E-8,3.652371964463E0));
#339=CARTESIAN_POINT('',(5.114714080652E0,-8.379525740695E-9,3.666755099571E0));
#340=CARTESIAN_POINT('',(5.104337367481E0,2.394150211627E-9,3.680294547095E0));
#341=CARTESIAN_POINT('',(5.092842051483E0,-1.197075105813E-9,3.692842051483E0));
#342=CARTESIAN_POINT('',(5.080294547095E0,2.394150211627E-9,3.704337367481E0));
#343=CARTESIAN_POINT('',(5.066755099571E0,-8.379525740693E-9,3.714714080652E0));
#344=CARTESIAN_POINT('',(5.052371964463E0,3.112395275115E-8,3.723861657002E0));
#345=CARTESIAN_POINT('',(5.037148840303E0,-1.161162852639E-7,3.731766265321E0));
#346=CARTESIAN_POINT('',(5.021294884838E0,4.333411883044E-7,3.738311925417E0));
#347=CARTESIAN_POINT('',(5.004797756830E0,-1.617248467954E-6,3.743493925840E0));
#348=CARTESIAN_POINT('',(4.987884077126E0,6.035652683511E-6,3.747223331845E0));
#349=CARTESIAN_POINT('',(4.970573971730E0,-2.252536226609E-5,3.749499502078E0));
#350=CARTESIAN_POINT('',(4.958903301653E0,4.853541016520E-5,3.749985672810E0));
#351=CARTESIAN_POINT('',(4.953031224027E0,4.853541016520E-5,3.749985672810E0));
#353=CURVE_STYLE('',#52,POSITIVE_LENGTH_MEASURE(2.E-2),#3);
#354=PRESENTATION_STYLE_ASSIGNMENT((#353));
#355=STYLED_ITEM('',(#354),#352);
#356=DIRECTION('',(-1.710895340602E-1,9.702883632575E-1,-1.710814527125E-1));
#357=VECTOR('',#356,8.787914319209E-1);
#358=CARTESIAN_POINT('',(4.953031224027E0,4.853541016520E-5,3.749985672810E0));
#359=LINE('',#358,#357);
#360=CURVE_STYLE('',#52,POSITIVE_LENGTH_MEASURE(2.E-2),#3);
#361=PRESENTATION_STYLE_ASSIGNMENT((#360));
#362=STYLED_ITEM('',(#361),#359);
#363=CARTESIAN_POINT('',(5.149985672810E0,4.853541016521E-5,-3.553031224027E0));
#364=CARTESIAN_POINT('',(5.149993190852E0,5.898474647335E-6,-3.552535450166E0));
#365=CARTESIAN_POINT('',(5.149991881044E0,6.240394847808E-5,-3.551513772214E0));
#366=CARTESIAN_POINT('',(5.15E0,0.E0,-3.550509464926E0));
#367=CARTESIAN_POINT('',(5.15E0,0.E0,-3.55E0));
#369=CURVE_STYLE('',#52,POSITIVE_LENGTH_MEASURE(2.E-2),#3);
#370=PRESENTATION_STYLE_ASSIGNMENT((#369));
#371=STYLED_ITEM('',(#370),#368);
#372=DIRECTION('',(0.E0,0.E0,-1.E0));
#373=VECTOR('',#372,7.1E0);
#374=CARTESIAN_POINT('',(5.15E0,0.E0,3.55E0));
#375=LINE('',#374,#373);
#376=CURVE_STYLE('',#52,POSITIVE_LENGTH_MEASURE(2.E-2),#3);
#377=PRESENTATION_STYLE_ASSIGNMENT((#376));
#378=STYLED_ITEM('',(#377),#375);
#379=CARTESIAN_POINT('',(5.15E0,0.E0,3.55E0));
#380=CARTESIAN_POINT('',(5.15E0,0.E0,3.550509464926E0));
#381=CARTESIAN_POINT('',(5.149991881044E0,6.240394847808E-5,3.551513772214E0));
#382=CARTESIAN_POINT('',(5.149993190852E0,5.898474647264E-6,3.552535450166E0));
#383=CARTESIAN_POINT('',(5.149985672810E0,4.853541016521E-5,3.553031224027E0));
#385=CURVE_STYLE('',#52,POSITIVE_LENGTH_MEASURE(2.E-2),#3);
#386=PRESENTATION_STYLE_ASSIGNMENT((#385));
#387=STYLED_ITEM('',(#386),#384);
#388=DIRECTION('',(0.E0,0.E0,-1.E0));
#389=VECTOR('',#388,6.471909734767E0);
#390=CARTESIAN_POINT('',(4.802679207403E0,1.018E0,3.402679207403E0));
#391=LINE('',#390,#389);
#392=CURVE_STYLE('',#52,POSITIVE_LENGTH_MEASURE(2.E-2),#3);
#393=PRESENTATION_STYLE_ASSIGNMENT((#392));
#394=STYLED_ITEM('',(#393),#391);
#395=DIRECTION('',(0.E0,0.E0,-1.E0));
#396=VECTOR('',#395,6.471909734767E0);
#397=CARTESIAN_POINT('',(4.999640758006E0,8.527296355334E-1,3.402679207403E0));
#398=LINE('',#397,#396);
#399=CURVE_STYLE('',#52,POSITIVE_LENGTH_MEASURE(2.E-2),#3);
#400=PRESENTATION_STYLE_ASSIGNMENT((#399));
#401=STYLED_ITEM('',(#400),#398);
#402=DIRECTION('',(1.E0,0.E0,0.E0));
#403=VECTOR('',#402,9.605358414807E0);
#404=CARTESIAN_POINT('',(-4.802679207403E0,1.018E0,-3.069230527364E0));
#405=LINE('',#404,#403);
#406=CURVE_STYLE('',#52,POSITIVE_LENGTH_MEASURE(2.E-2),#3);
#407=PRESENTATION_STYLE_ASSIGNMENT((#406));
#408=STYLED_ITEM('',(#407),#405);
#409=DIRECTION('',(1.E0,0.E0,0.E0));
#410=VECTOR('',#409,9.605358414807E0);
#411=CARTESIAN_POINT('',(-4.802679207403E0,9.594213562373E-1,
-3.210651883601E0));
#412=LINE('',#411,#410);
#413=CURVE_STYLE('',#52,POSITIVE_LENGTH_MEASURE(2.E-2),#3);
#414=PRESENTATION_STYLE_ASSIGNMENT((#413));
#415=STYLED_ITEM('',(#414),#412);
#416=CARTESIAN_POINT('',(-4.802679207403E0,8.18E-1,-3.069230527364E0));
#417=DIRECTION('',(0.E0,0.E0,1.E0));
#418=DIRECTION('',(0.E0,1.E0,0.E0));
#419=AXIS2_PLACEMENT_3D('',#416,#417,#418);
#421=CURVE_STYLE('',#52,POSITIVE_LENGTH_MEASURE(2.E-2),#3);
#422=PRESENTATION_STYLE_ASSIGNMENT((#421));
#423=STYLED_ITEM('',(#422),#420);
#424=CARTESIAN_POINT('',(-4.802679207403E0,8.18E-1,-3.069230527364E0));
#425=DIRECTION('',(-1.237240302065E-1,-7.016738431599E-1,-7.016738431599E-1));
#426=DIRECTION('',(-9.848077530122E-1,1.736481776669E-1,0.E0));
#427=AXIS2_PLACEMENT_3D('',#424,#425,#426);
#429=CURVE_STYLE('',#52,POSITIVE_LENGTH_MEASURE(2.E-2),#3);
#430=PRESENTATION_STYLE_ASSIGNMENT((#429));
#431=STYLED_ITEM('',(#430),#428);
#432=CARTESIAN_POINT('',(-4.802679207403E0,8.18E-1,-3.069230527364E0));
#433=DIRECTION('',(1.E0,0.E0,0.E0));
#434=DIRECTION('',(0.E0,7.071067811865E-1,-7.071067811865E-1));
#435=AXIS2_PLACEMENT_3D('',#432,#433,#434);
#437=CURVE_STYLE('',#52,POSITIVE_LENGTH_MEASURE(2.E-2),#3);
#438=PRESENTATION_STYLE_ASSIGNMENT((#437));
#439=STYLED_ITEM('',(#438),#436);
#440=DIRECTION('',(0.E0,0.E0,1.E0));
#441=VECTOR('',#440,6.471909734767E0);
#442=CARTESIAN_POINT('',(-4.802679207403E0,1.018E0,-3.069230527364E0));
#443=LINE('',#442,#441);
#444=CURVE_STYLE('',#52,POSITIVE_LENGTH_MEASURE(2.E-2),#3);
#445=PRESENTATION_STYLE_ASSIGNMENT((#444));
#446=STYLED_ITEM('',(#445),#443);
#447=DIRECTION('',(0.E0,0.E0,1.E0));
#448=VECTOR('',#447,6.471909734767E0);
#449=CARTESIAN_POINT('',(-4.999640758006E0,8.527296355334E-1,
-3.069230527364E0));
#450=LINE('',#449,#448);
#451=CURVE_STYLE('',#52,POSITIVE_LENGTH_MEASURE(2.E-2),#3);
#452=PRESENTATION_STYLE_ASSIGNMENT((#451));
#453=STYLED_ITEM('',(#452),#450);
#454=CARTESIAN_POINT('',(-4.802679207403E0,8.18E-1,3.402679207403E0));
#455=DIRECTION('',(-1.710878697460E-1,-9.702875252478E-1,1.710878697460E-1));
#456=DIRECTION('',(0.E0,1.736481776669E-1,9.848077530122E-1));
#457=AXIS2_PLACEMENT_3D('',#454,#455,#456);
#459=CURVE_STYLE('',#52,POSITIVE_LENGTH_MEASURE(2.E-2),#3);
#460=PRESENTATION_STYLE_ASSIGNMENT((#459));
#461=STYLED_ITEM('',(#460),#458);
#462=CARTESIAN_POINT('',(-4.802679207403E0,8.18E-1,3.402679207403E0));
#463=DIRECTION('',(0.E0,0.E0,-1.E0));
#464=DIRECTION('',(-9.848077530122E-1,1.736481776669E-1,0.E0));
#465=AXIS2_PLACEMENT_3D('',#462,#463,#464);
#467=CURVE_STYLE('',#52,POSITIVE_LENGTH_MEASURE(2.E-2),#3);
#468=PRESENTATION_STYLE_ASSIGNMENT((#467));
#469=STYLED_ITEM('',(#468),#466);
#470=CARTESIAN_POINT('',(-4.802679207403E0,8.18E-1,3.402679207403E0));
#471=DIRECTION('',(1.E0,0.E0,0.E0));
#472=DIRECTION('',(0.E0,1.E0,0.E0));
#473=AXIS2_PLACEMENT_3D('',#470,#471,#472);
#475=CURVE_STYLE('',#52,POSITIVE_LENGTH_MEASURE(2.E-2),#3);
#476=PRESENTATION_STYLE_ASSIGNMENT((#475));
#477=STYLED_ITEM('',(#476),#474);
#478=DIRECTION('',(1.E0,0.E0,0.E0));
#479=VECTOR('',#478,9.605358414807E0);
#480=CARTESIAN_POINT('',(-4.802679207403E0,1.018E0,3.402679207403E0));
#481=LINE('',#480,#479);
#482=CURVE_STYLE('',#52,POSITIVE_LENGTH_MEASURE(2.E-2),#3);
#483=PRESENTATION_STYLE_ASSIGNMENT((#482));
#484=STYLED_ITEM('',(#483),#481);
#485=DIRECTION('',(1.E0,0.E0,0.E0));
#486=VECTOR('',#485,9.605358414807E0);
#487=CARTESIAN_POINT('',(-4.802679207403E0,8.527296355334E-1,3.599640758006E0));
#488=LINE('',#487,#486);
#489=CURVE_STYLE('',#52,POSITIVE_LENGTH_MEASURE(2.E-2),#3);
#490=PRESENTATION_STYLE_ASSIGNMENT((#489));
#491=STYLED_ITEM('',(#490),#488);
#492=CARTESIAN_POINT('',(4.802679207403E0,8.18E-1,3.402679207403E0));
#493=DIRECTION('',(-1.E0,0.E0,0.E0));
#494=DIRECTION('',(0.E0,1.736481776669E-1,9.848077530122E-1));
#495=AXIS2_PLACEMENT_3D('',#492,#493,#494);
#497=CURVE_STYLE('',#52,POSITIVE_LENGTH_MEASURE(2.E-2),#3);
#498=PRESENTATION_STYLE_ASSIGNMENT((#497));
#499=STYLED_ITEM('',(#498),#496);
#500=CARTESIAN_POINT('',(4.802679207403E0,8.18E-1,3.402679207403E0));
#501=DIRECTION('',(0.E0,0.E0,-1.E0));
#502=DIRECTION('',(0.E0,1.E0,0.E0));
#503=AXIS2_PLACEMENT_3D('',#500,#501,#502);
#505=CURVE_STYLE('',#52,POSITIVE_LENGTH_MEASURE(2.E-2),#3);
#506=PRESENTATION_STYLE_ASSIGNMENT((#505));
#507=STYLED_ITEM('',(#506),#504);
#508=CARTESIAN_POINT('',(4.802679207403E0,8.18E-1,3.402679207403E0));
#509=DIRECTION('',(1.710878697460E-1,-9.702875252478E-1,1.710878697460E-1));
#510=DIRECTION('',(9.848077530122E-1,1.736481776669E-1,0.E0));
#511=AXIS2_PLACEMENT_3D('',#508,#509,#510);
#513=CURVE_STYLE('',#52,POSITIVE_LENGTH_MEASURE(2.E-2),#3);
#514=PRESENTATION_STYLE_ASSIGNMENT((#513));
#515=STYLED_ITEM('',(#514),#512);
#516=DIRECTION('',(-1.237240302065E-1,-7.016738431599E-1,-7.016738431599E-1));
#517=VECTOR('',#516,5.769509264746E-1);
#518=CARTESIAN_POINT('',(-4.999640758006E0,8.527296355334E-1,
-3.069230527364E0));
#519=LINE('',#518,#517);
#520=CURVE_STYLE('',#52,POSITIVE_LENGTH_MEASURE(2.E-2),#3);
#521=PRESENTATION_STYLE_ASSIGNMENT((#520));
#522=STYLED_ITEM('',(#521),#519);
#523=DIRECTION('',(-1.237240302065E-1,-7.016738431599E-1,-7.016738431599E-1));
#524=VECTOR('',#523,5.769509264746E-1);
#525=CARTESIAN_POINT('',(-4.802679207403E0,9.594213562373E-1,
-3.210651883601E0));
#526=LINE('',#525,#524);
#527=CURVE_STYLE('',#52,POSITIVE_LENGTH_MEASURE(2.E-2),#3);
#528=PRESENTATION_STYLE_ASSIGNMENT((#527));
#529=STYLED_ITEM('',(#528),#526);
#530=CARTESIAN_POINT('',(-4.874061901258E0,4.131686261059E-1,
-3.474061901258E0));
#531=DIRECTION('',(1.237240302065E-1,7.016738431599E-1,7.016738431599E-1));
#532=DIRECTION('',(0.E0,7.071067811865E-1,-7.071067811865E-1));
#533=AXIS2_PLACEMENT_3D('',#530,#531,#532);
#535=CURVE_STYLE('',#52,POSITIVE_LENGTH_MEASURE(2.E-2),#3);
#536=PRESENTATION_STYLE_ASSIGNMENT((#535));
#537=STYLED_ITEM('',(#536),#534);
#538=CARTESIAN_POINT('',(-4.874061901258E0,4.131686261059E-1,
-3.474061901258E0));
#539=DIRECTION('',(-1.710878697460E-1,-9.702875252478E-1,-1.710878697460E-1));
#540=DIRECTION('',(-9.848077530122E-1,1.736481776669E-1,0.E0));
#541=AXIS2_PLACEMENT_3D('',#538,#539,#540);
#543=CURVE_STYLE('',#52,POSITIVE_LENGTH_MEASURE(2.E-2),#3);
#544=PRESENTATION_STYLE_ASSIGNMENT((#543));
#545=STYLED_ITEM('',(#544),#542);
#546=CARTESIAN_POINT('',(-4.874061901258E0,4.131686261059E-1,
-3.474061901258E0));
#547=DIRECTION('',(1.E0,0.E0,0.E0));
#548=DIRECTION('',(0.E0,1.736481776669E-1,-9.848077530122E-1));
#549=AXIS2_PLACEMENT_3D('',#546,#547,#548);
#551=CURVE_STYLE('',#52,POSITIVE_LENGTH_MEASURE(2.E-2),#3);
#552=PRESENTATION_STYLE_ASSIGNMENT((#551));
#553=STYLED_ITEM('',(#552),#550);
#554=DIRECTION('',(-1.E0,0.E0,0.E0));
#555=VECTOR('',#554,9.748123802516E0);
#556=CARTESIAN_POINT('',(4.874061901258E0,4.478982616393E-1,-3.671023451861E0));
#557=LINE('',#556,#555);
#558=CURVE_STYLE('',#52,POSITIVE_LENGTH_MEASURE(2.E-2),#3);
#559=PRESENTATION_STYLE_ASSIGNMENT((#558));
#560=STYLED_ITEM('',(#559),#557);
#561=DIRECTION('',(-1.E0,0.E0,0.E0));
#562=VECTOR('',#561,9.748123802516E0);
#563=CARTESIAN_POINT('',(4.874061901258E0,5.545899823432E-1,-3.615483257495E0));
#564=LINE('',#563,#562);
#565=CURVE_STYLE('',#52,POSITIVE_LENGTH_MEASURE(2.E-2),#3);
#566=PRESENTATION_STYLE_ASSIGNMENT((#565));
#567=STYLED_ITEM('',(#566),#564);
#568=CARTESIAN_POINT('',(4.874061901258E0,4.131686261059E-1,-3.474061901258E0));
#569=DIRECTION('',(1.710878697460E-1,-9.702875252478E-1,-1.710878697460E-1));
#570=DIRECTION('',(0.E0,1.736481776669E-1,-9.848077530122E-1));
#571=AXIS2_PLACEMENT_3D('',#568,#569,#570);
#573=CURVE_STYLE('',#52,POSITIVE_LENGTH_MEASURE(2.E-2),#3);
#574=PRESENTATION_STYLE_ASSIGNMENT((#573));
#575=STYLED_ITEM('',(#574),#572);
#576=CARTESIAN_POINT('',(4.874061901258E0,4.131686261059E-1,-3.474061901258E0));
#577=DIRECTION('',(-1.237240302065E-1,7.016738431599E-1,7.016738431599E-1));
#578=DIRECTION('',(9.848077530122E-1,1.736481776669E-1,0.E0));
#579=AXIS2_PLACEMENT_3D('',#576,#577,#578);
#581=CURVE_STYLE('',#52,POSITIVE_LENGTH_MEASURE(2.E-2),#3);
#582=PRESENTATION_STYLE_ASSIGNMENT((#581));
#583=STYLED_ITEM('',(#582),#580);
#584=CARTESIAN_POINT('',(4.874061901258E0,4.131686261059E-1,-3.474061901258E0));
#585=DIRECTION('',(-1.E0,0.E0,0.E0));
#586=DIRECTION('',(0.E0,7.071067811865E-1,-7.071067811865E-1));
#587=AXIS2_PLACEMENT_3D('',#584,#585,#586);
#589=CURVE_STYLE('',#52,POSITIVE_LENGTH_MEASURE(2.E-2),#3);
#590=PRESENTATION_STYLE_ASSIGNMENT((#589));
#591=STYLED_ITEM('',(#590),#588);
#592=DIRECTION('',(-1.710910385040E-1,9.702891207358E-1,1.710756520530E-1));
#593=VECTOR('',#592,4.615631739636E-1);
#594=CARTESIAN_POINT('',(4.953031224027E0,4.853541016521E-5,-3.749985672810E0));
#595=LINE('',#594,#593);
#596=CURVE_STYLE('',#52,POSITIVE_LENGTH_MEASURE(2.E-2),#3);
#597=PRESENTATION_STYLE_ASSIGNMENT((#596));
#598=STYLED_ITEM('',(#597),#595);
#599=CARTESIAN_POINT('',(4.953031224027E0,4.853541016521E-5,-3.749985672810E0));
#600=CARTESIAN_POINT('',(4.958903301653E0,4.853541016521E-5,-3.749985672810E0));
#601=CARTESIAN_POINT('',(4.970573971730E0,-2.252536226609E-5,
-3.749499502078E0));
#602=CARTESIAN_POINT('',(4.987884077126E0,6.035652683512E-6,-3.747223331845E0));
#603=CARTESIAN_POINT('',(5.004797756830E0,-1.617248467954E-6,
-3.743493925840E0));
#604=CARTESIAN_POINT('',(5.021294884838E0,4.333411883045E-7,-3.738311925417E0));
#605=CARTESIAN_POINT('',(5.037148840303E0,-1.161162852639E-7,
-3.731766265321E0));
#606=CARTESIAN_POINT('',(5.052371964463E0,3.112395275115E-8,-3.723861657002E0));
#607=CARTESIAN_POINT('',(5.066755099571E0,-8.379525740695E-9,
-3.714714080652E0));
#608=CARTESIAN_POINT('',(5.080294547095E0,2.394150211627E-9,-3.704337367481E0));
#609=CARTESIAN_POINT('',(5.092842051483E0,-1.197075105814E-9,
-3.692842051483E0));
#610=CARTESIAN_POINT('',(5.104337367481E0,2.394150211627E-9,-3.680294547095E0));
#611=CARTESIAN_POINT('',(5.114714080652E0,-8.379525740695E-9,
-3.666755099571E0));
#612=CARTESIAN_POINT('',(5.123861657002E0,3.112395275115E-8,-3.652371964463E0));
#613=CARTESIAN_POINT('',(5.131766265321E0,-1.161162852639E-7,
-3.637148840303E0));
#614=CARTESIAN_POINT('',(5.138311925417E0,4.333411883045E-7,-3.621294884838E0));
#615=CARTESIAN_POINT('',(5.143493925840E0,-1.617248467954E-6,
-3.604797756830E0));
#616=CARTESIAN_POINT('',(5.147223331845E0,6.035652683512E-6,-3.587884077126E0));
#617=CARTESIAN_POINT('',(5.149499502078E0,-2.252536226609E-5,
-3.570573971730E0));
#618=CARTESIAN_POINT('',(5.149985672810E0,4.853541016521E-5,-3.558903301653E0));
#619=CARTESIAN_POINT('',(5.149985672810E0,4.853541016521E-5,-3.553031224027E0));
#621=CURVE_STYLE('',#52,POSITIVE_LENGTH_MEASURE(2.E-2),#3);
#622=PRESENTATION_STYLE_ASSIGNMENT((#621));
#623=STYLED_ITEM('',(#622),#620);
#624=DIRECTION('',(-1.710756520530E-1,9.702891207358E-1,1.710910385040E-1));
#625=VECTOR('',#624,4.615631739636E-1);
#626=CARTESIAN_POINT('',(5.149985672810E0,4.853541016521E-5,-3.553031224027E0));
#627=LINE('',#626,#625);
#628=CURVE_STYLE('',#52,POSITIVE_LENGTH_MEASURE(2.E-2),#3);
#629=PRESENTATION_STYLE_ASSIGNMENT((#628));
#630=STYLED_ITEM('',(#629),#627);
#631=DIRECTION('',(1.237240302065E-1,-7.016738431599E-1,-7.016738431599E-1));
#632=VECTOR('',#631,5.769509264746E-1);
#633=CARTESIAN_POINT('',(4.999640758006E0,8.527296355334E-1,-3.069230527364E0));
#634=LINE('',#633,#632);
#635=CURVE_STYLE('',#52,POSITIVE_LENGTH_MEASURE(2.E-2),#3);
#636=PRESENTATION_STYLE_ASSIGNMENT((#635));
#637=STYLED_ITEM('',(#636),#634);
#638=DIRECTION('',(1.237240302065E-1,-7.016738431599E-1,-7.016738431599E-1));
#639=VECTOR('',#638,5.769509264746E-1);
#640=CARTESIAN_POINT('',(4.802679207403E0,9.594213562373E-1,-3.210651883601E0));
#641=LINE('',#640,#639);
#642=CURVE_STYLE('',#52,POSITIVE_LENGTH_MEASURE(2.E-2),#3);
#643=PRESENTATION_STYLE_ASSIGNMENT((#642));
#644=STYLED_ITEM('',(#643),#641);
#645=CARTESIAN_POINT('',(4.802679207403E0,8.18E-1,-3.069230527364E0));
#646=DIRECTION('',(1.237240302065E-1,-7.016738431599E-1,-7.016738431599E-1));
#647=DIRECTION('',(0.E0,7.071067811865E-1,-7.071067811865E-1));
#648=AXIS2_PLACEMENT_3D('',#645,#646,#647);
#650=CURVE_STYLE('',#52,POSITIVE_LENGTH_MEASURE(2.E-2),#3);
#651=PRESENTATION_STYLE_ASSIGNMENT((#650));
#652=STYLED_ITEM('',(#651),#649);
#653=CARTESIAN_POINT('',(4.802679207403E0,8.18E-1,-3.069230527364E0));
#654=DIRECTION('',(0.E0,0.E0,1.E0));
#655=DIRECTION('',(9.848077530122E-1,1.736481776669E-1,0.E0));
#656=AXIS2_PLACEMENT_3D('',#653,#654,#655);
#658=CURVE_STYLE('',#52,POSITIVE_LENGTH_MEASURE(2.E-2),#3);
#659=PRESENTATION_STYLE_ASSIGNMENT((#658));
#660=STYLED_ITEM('',(#659),#657);
#661=CARTESIAN_POINT('',(4.802679207403E0,8.18E-1,-3.069230527364E0));
#662=DIRECTION('',(-1.E0,0.E0,0.E0));
#663=DIRECTION('',(0.E0,1.E0,0.E0));
#664=AXIS2_PLACEMENT_3D('',#661,#662,#663);
#666=CURVE_STYLE('',#52,POSITIVE_LENGTH_MEASURE(2.E-2),#3);
#667=PRESENTATION_STYLE_ASSIGNMENT((#666));
#668=STYLED_ITEM('',(#667),#665);
#669=DIRECTION('',(0.E0,-4.872628122695E-13,1.E0));
#670=VECTOR('',#669,7.099999999838E0);
#671=CARTESIAN_POINT('',(5.15E0,-2.5E-1,-3.55E0));
#672=LINE('',#671,#670);
#673=CURVE_STYLE('',#52,POSITIVE_LENGTH_MEASURE(2.E-2),#3);
#674=PRESENTATION_STYLE_ASSIGNMENT((#673));
#675=STYLED_ITEM('',(#674),#672);
#676=DIRECTION('',(0.E0,-1.E0,0.E0));
#677=VECTOR('',#676,2.5E-1);
#678=CARTESIAN_POINT('',(5.15E0,0.E0,-3.55E0));
#679=LINE('',#678,#677);
#680=CURVE_STYLE('',#52,POSITIVE_LENGTH_MEASURE(2.E-2),#3);
#681=PRESENTATION_STYLE_ASSIGNMENT((#680));
#682=STYLED_ITEM('',(#681),#679);
#683=DIRECTION('',(-1.710814527083E-1,-9.702883632363E-1,1.710895341845E-1));
#684=VECTOR('',#683,8.787913700635E-1);
#685=CARTESIAN_POINT('',(5.149985662224E0,-2.500485954483E-1,
-3.553031213553E0));
#686=LINE('',#685,#684);
#687=CURVE_STYLE('',#52,POSITIVE_LENGTH_MEASURE(2.E-2),#3);
#688=PRESENTATION_STYLE_ASSIGNMENT((#687));
#689=STYLED_ITEM('',(#688),#686);
#690=CARTESIAN_POINT('',(5.149985662224E0,-2.500485954483E-1,
-3.553031213553E0));
#691=CARTESIAN_POINT('',(5.149985662224E0,-2.500485954483E-1,
-3.558903291179E0));
#692=CARTESIAN_POINT('',(5.149499506991E0,-2.499774467740E-1,
-3.570573976591E0));
#693=CARTESIAN_POINT('',(5.147223330529E0,-2.500060431188E-1,
-3.587884075823E0));
#694=CARTESIAN_POINT('',(5.143493926193E0,-2.499983807510E-1,
-3.604797757179E0));
#695=CARTESIAN_POINT('',(5.138311925322E0,-2.500004338772E-1,
-3.621294884745E0));
#696=CARTESIAN_POINT('',(5.131766265347E0,-2.499998837401E-1,
-3.637148840328E0));
#697=CARTESIAN_POINT('',(5.123861656995E0,-2.500000311625E-1,
-3.652371964457E0));
#698=CARTESIAN_POINT('',(5.114714080654E0,-2.499999916101E-1,
-3.666755099573E0));
#699=CARTESIAN_POINT('',(5.104337367481E0,-2.500000023971E-1,
-3.680294547095E0));
#700=CARTESIAN_POINT('',(5.092842051483E0,-2.499999988014E-1,
-3.692842051483E0));
#701=CARTESIAN_POINT('',(5.080294547095E0,-2.500000023971E-1,
-3.704337367481E0));
#702=CARTESIAN_POINT('',(5.066755099573E0,-2.499999916101E-1,
-3.714714080654E0));
#703=CARTESIAN_POINT('',(5.052371964457E0,-2.500000311625E-1,
-3.723861656995E0));
#704=CARTESIAN_POINT('',(5.037148840328E0,-2.499998837401E-1,
-3.731766265347E0));
#705=CARTESIAN_POINT('',(5.021294884745E0,-2.500004338772E-1,
-3.738311925322E0));
#706=CARTESIAN_POINT('',(5.004797757179E0,-2.499983807510E-1,
-3.743493926193E0));
#707=CARTESIAN_POINT('',(4.987884075823E0,-2.500060431188E-1,
-3.747223330529E0));
#708=CARTESIAN_POINT('',(4.970573976591E0,-2.499774467740E-1,
-3.749499506991E0));
#709=CARTESIAN_POINT('',(4.958903291179E0,-2.500485954483E-1,
-3.749985662224E0));
#710=CARTESIAN_POINT('',(4.953031213563E0,-2.500485954483E-1,
-3.749985662224E0));
#712=CURVE_STYLE('',#52,POSITIVE_LENGTH_MEASURE(2.E-2),#3);
#713=PRESENTATION_STYLE_ASSIGNMENT((#712));
#714=STYLED_ITEM('',(#713),#711);
#715=DIRECTION('',(-1.710895341960E-1,-9.702883632344E-1,1.710814527077E-1));
#716=VECTOR('',#715,8.787913700653E-1);
#717=CARTESIAN_POINT('',(4.953031213563E0,-2.500485954483E-1,
-3.749985662224E0));
#718=LINE('',#717,#716);
#719=CURVE_STYLE('',#52,POSITIVE_LENGTH_MEASURE(2.E-2),#3);
#720=PRESENTATION_STYLE_ASSIGNMENT((#719));
#721=STYLED_ITEM('',(#720),#718);
#722=CARTESIAN_POINT('',(-5.149985662224E0,-2.500485954483E-1,
-3.553031213563E0));
#723=CARTESIAN_POINT('',(-5.149903577560E0,-2.500485954483E-1,
-3.558444248484E0));
#724=CARTESIAN_POINT('',(-5.149288880888E0,-2.499774467740E-1,
-3.569234610350E0));
#725=CARTESIAN_POINT('',(-5.147081080295E0,-2.500060431187E-1,
-3.585316865161E0));
#726=CARTESIAN_POINT('',(-5.143572128067E0,-2.499983807513E-1,
-3.601160906113E0));
#727=CARTESIAN_POINT('',(-5.138793092019E0,-2.500004338762E-1,
-3.616670469861E0));
#728=CARTESIAN_POINT('',(-5.132773223822E0,-2.499998837440E-1,
-3.631741560240E0));
#729=CARTESIAN_POINT('',(-5.125552649908E0,-2.500000311478E-1,
-3.646275722267E0));
#730=CARTESIAN_POINT('',(-5.117178655747E0,-2.499999916647E-1,
-3.660177315759E0));
#731=CARTESIAN_POINT('',(-5.107706300148E0,-2.500000021935E-1,
-3.673355047500E0));
#732=CARTESIAN_POINT('',(-5.097197805771E0,-2.499999995613E-1,
-3.685722328918E0));
#733=CARTESIAN_POINT('',(-5.085722216407E0,-2.499999995613E-1,
-3.697197909514E0));
#734=CARTESIAN_POINT('',(-5.073354926824E0,-2.500000021935E-1,
-3.707706394546E0));
#735=CARTESIAN_POINT('',(-5.060177187567E0,-2.499999916647E-1,
-3.717178740248E0));
#736=CARTESIAN_POINT('',(-5.046275587174E0,-2.500000311478E-1,
-3.725552724003E0));
#737=CARTESIAN_POINT('',(-5.031741419120E0,-2.499998837440E-1,
-3.732773286984E0));
#738=CARTESIAN_POINT('',(-5.016670322772E0,-2.500004338762E-1,
-3.738793143928E0));
#739=CARTESIAN_POINT('',(-5.001160756294E0,-2.499983807513E-1,
-3.743572167782E0));
#740=CARTESIAN_POINT('',(-4.985316704133E0,-2.500060431187E-1,
-3.747081109349E0));
#741=CARTESIAN_POINT('',(-4.969234467775E0,-2.499774467740E-1,
-3.749288892773E0));
#742=CARTESIAN_POINT('',(-4.958444191647E0,-2.500485954483E-1,
-3.749903578422E0));
#743=CARTESIAN_POINT('',(-4.953031213553E0,-2.500485954483E-1,
-3.749985662224E0));
#745=CURVE_STYLE('',#52,POSITIVE_LENGTH_MEASURE(2.E-2),#3);
#746=PRESENTATION_STYLE_ASSIGNMENT((#745));
#747=STYLED_ITEM('',(#746),#744);
#748=CARTESIAN_POINT('',(4.953031213563E0,-2.500485954483E-1,
-3.749985662224E0));
#749=CARTESIAN_POINT('',(4.958444248293E0,-2.500485954483E-1,
-3.749903577563E0));
#750=CARTESIAN_POINT('',(4.969234609888E0,-2.499774467740E-1,
-3.749288880932E0));
#751=CARTESIAN_POINT('',(4.985316864878E0,-2.500060431187E-1,
-3.747081080349E0));
#752=CARTESIAN_POINT('',(5.001160905812E0,-2.499983807513E-1,
-3.743572128145E0));
#753=CARTESIAN_POINT('',(5.016670469596E0,-2.500004338762E-1,
-3.738793092114E0));
#754=CARTESIAN_POINT('',(5.031741559998E0,-2.499998837440E-1,
-3.732773223931E0));
#755=CARTESIAN_POINT('',(5.046275722052E0,-2.500000311478E-1,
-3.725552650027E0));
#756=CARTESIAN_POINT('',(5.060177315570E0,-2.499999916647E-1,
-3.717178655872E0));
#757=CARTESIAN_POINT('',(5.073355047336E0,-2.500000021935E-1,
-3.707706300276E0));
#758=CARTESIAN_POINT('',(5.085722328780E0,-2.499999995613E-1,
-3.697197805899E0));
#759=CARTESIAN_POINT('',(5.097197909399E0,-2.499999995613E-1,
-3.685722216532E0));
#760=CARTESIAN_POINT('',(5.107706394453E0,-2.500000021935E-1,
-3.673354926943E0));
#761=CARTESIAN_POINT('',(5.117178740176E0,-2.499999916647E-1,
-3.660177187677E0));
#762=CARTESIAN_POINT('',(5.125552723949E0,-2.500000311478E-1,
-3.646275587274E0));
#763=CARTESIAN_POINT('',(5.132773286946E0,-2.499998837440E-1,
-3.631741419206E0));
#764=CARTESIAN_POINT('',(5.138793143903E0,-2.500004338762E-1,
-3.616670322844E0));
#765=CARTESIAN_POINT('',(5.143572167768E0,-2.499983807513E-1,
-3.601160756349E0));
#766=CARTESIAN_POINT('',(5.147081109343E0,-2.500060431187E-1,
-3.585316704170E0));
#767=CARTESIAN_POINT('',(5.149288892772E0,-2.499774467740E-1,
-3.569234467794E0));
#768=CARTESIAN_POINT('',(5.149903578422E0,-2.500485954483E-1,
-3.558444191653E0));
#769=CARTESIAN_POINT('',(5.149985662224E0,-2.500485954483E-1,
-3.553031213553E0));
#771=CURVE_STYLE('',#52,POSITIVE_LENGTH_MEASURE(2.E-2),#3);
#772=PRESENTATION_STYLE_ASSIGNMENT((#771));
#773=STYLED_ITEM('',(#772),#770);
#774=CARTESIAN_POINT('',(5.149985662224E0,-2.500485954483E-1,3.553031213563E0));
#775=CARTESIAN_POINT('',(5.149903577560E0,-2.500485954483E-1,3.558444248484E0));
#776=CARTESIAN_POINT('',(5.149288880888E0,-2.499774467740E-1,3.569234610350E0));
#777=CARTESIAN_POINT('',(5.147081080295E0,-2.500060431187E-1,3.585316865161E0));
#778=CARTESIAN_POINT('',(5.143572128067E0,-2.499983807513E-1,3.601160906113E0));
#779=CARTESIAN_POINT('',(5.138793092019E0,-2.500004338762E-1,3.616670469861E0));
#780=CARTESIAN_POINT('',(5.132773223822E0,-2.499998837440E-1,3.631741560240E0));
#781=CARTESIAN_POINT('',(5.125552649908E0,-2.500000311478E-1,3.646275722267E0));
#782=CARTESIAN_POINT('',(5.117178655747E0,-2.499999916647E-1,3.660177315759E0));
#783=CARTESIAN_POINT('',(5.107706300148E0,-2.500000021935E-1,3.673355047500E0));
#784=CARTESIAN_POINT('',(5.097197805771E0,-2.499999995613E-1,3.685722328918E0));
#785=CARTESIAN_POINT('',(5.085722216407E0,-2.499999995613E-1,3.697197909514E0));
#786=CARTESIAN_POINT('',(5.073354926824E0,-2.500000021935E-1,3.707706394546E0));
#787=CARTESIAN_POINT('',(5.060177187567E0,-2.499999916647E-1,3.717178740248E0));
#788=CARTESIAN_POINT('',(5.046275587174E0,-2.500000311478E-1,3.725552724003E0));
#789=CARTESIAN_POINT('',(5.031741419120E0,-2.499998837440E-1,3.732773286984E0));
#790=CARTESIAN_POINT('',(5.016670322772E0,-2.500004338762E-1,3.738793143928E0));
#791=CARTESIAN_POINT('',(5.001160756294E0,-2.499983807513E-1,3.743572167782E0));
#792=CARTESIAN_POINT('',(4.985316704133E0,-2.500060431187E-1,3.747081109349E0));
#793=CARTESIAN_POINT('',(4.969234467775E0,-2.499774467740E-1,3.749288892773E0));
#794=CARTESIAN_POINT('',(4.958444191647E0,-2.500485954483E-1,3.749903578422E0));
#795=CARTESIAN_POINT('',(4.953031213553E0,-2.500485954483E-1,3.749985662224E0));
#797=CURVE_STYLE('',#52,POSITIVE_LENGTH_MEASURE(2.E-2),#3);
#798=PRESENTATION_STYLE_ASSIGNMENT((#797));
#799=STYLED_ITEM('',(#798),#796);
#800=CARTESIAN_POINT('',(-4.953031213563E0,-2.500485954483E-1,
3.749985662224E0));
#801=CARTESIAN_POINT('',(-4.958444248293E0,-2.500485954483E-1,
3.749903577563E0));
#802=CARTESIAN_POINT('',(-4.969234609888E0,-2.499774467740E-1,
3.749288880932E0));
#803=CARTESIAN_POINT('',(-4.985316864878E0,-2.500060431187E-1,
3.747081080349E0));
#804=CARTESIAN_POINT('',(-5.001160905812E0,-2.499983807513E-1,
3.743572128145E0));
#805=CARTESIAN_POINT('',(-5.016670469596E0,-2.500004338762E-1,
3.738793092114E0));
#806=CARTESIAN_POINT('',(-5.031741559998E0,-2.499998837440E-1,
3.732773223931E0));
#807=CARTESIAN_POINT('',(-5.046275722052E0,-2.500000311478E-1,
3.725552650027E0));
#808=CARTESIAN_POINT('',(-5.060177315570E0,-2.499999916647E-1,
3.717178655872E0));
#809=CARTESIAN_POINT('',(-5.073355047336E0,-2.500000021935E-1,
3.707706300276E0));
#810=CARTESIAN_POINT('',(-5.085722328780E0,-2.499999995613E-1,
3.697197805899E0));
#811=CARTESIAN_POINT('',(-5.097197909399E0,-2.499999995613E-1,
3.685722216532E0));
#812=CARTESIAN_POINT('',(-5.107706394453E0,-2.500000021935E-1,
3.673354926943E0));
#813=CARTESIAN_POINT('',(-5.117178740176E0,-2.499999916647E-1,
3.660177187677E0));
#814=CARTESIAN_POINT('',(-5.125552723949E0,-2.500000311478E-1,
3.646275587274E0));
#815=CARTESIAN_POINT('',(-5.132773286946E0,-2.499998837440E-1,
3.631741419206E0));
#816=CARTESIAN_POINT('',(-5.138793143903E0,-2.500004338762E-1,
3.616670322844E0));
#817=CARTESIAN_POINT('',(-5.143572167768E0,-2.499983807513E-1,
3.601160756349E0));
#818=CARTESIAN_POINT('',(-5.147081109343E0,-2.500060431187E-1,
3.585316704170E0));
#819=CARTESIAN_POINT('',(-5.149288892772E0,-2.499774467740E-1,
3.569234467794E0));
#820=CARTESIAN_POINT('',(-5.149903578422E0,-2.500485954483E-1,
3.558444191653E0));
#821=CARTESIAN_POINT('',(-5.149985662224E0,-2.500485954483E-1,
3.553031213553E0));
#823=CURVE_STYLE('',#52,POSITIVE_LENGTH_MEASURE(2.E-2),#3);
#824=PRESENTATION_STYLE_ASSIGNMENT((#823));
#825=STYLED_ITEM('',(#824),#822);
#826=CARTESIAN_POINT('',(-5.15E0,-2.500000000035E-1,-3.549999999838E0));
#827=CARTESIAN_POINT('',(-5.15E0,-2.500000000035E-1,-3.551006163470E0));
#828=CARTESIAN_POINT('',(-5.150000862102E0,-2.499623926553E-1,
-3.552028864674E0));
#829=CARTESIAN_POINT('',(-5.149985662224E0,-2.500485954483E-1,
-3.553031213563E0));
#831=CURVE_STYLE('',#52,POSITIVE_LENGTH_MEASURE(2.E-2),#3);
#832=PRESENTATION_STYLE_ASSIGNMENT((#831));
#833=STYLED_ITEM('',(#832),#830);
#834=CARTESIAN_POINT('',(-4.953031213553E0,-2.500485954483E-1,
-3.749985662224E0));
#835=CARTESIAN_POINT('',(-4.952028864824E0,-2.499623926697E-1,
-3.750000862099E0));
#836=CARTESIAN_POINT('',(-4.951006163470E0,-2.5E-1,-3.75E0));
#837=CARTESIAN_POINT('',(-4.95E0,-2.5E-1,-3.75E0));
#839=CURVE_STYLE('',#52,POSITIVE_LENGTH_MEASURE(2.E-2),#3);
#840=PRESENTATION_STYLE_ASSIGNMENT((#839));
#841=STYLED_ITEM('',(#840),#838);
#842=DIRECTION('',(0.E0,-1.E0,6.460840751198E-10));
#843=VECTOR('',#842,2.500000000035E-1);
#844=CARTESIAN_POINT('',(-5.15E0,0.E0,-3.55E0));
#845=LINE('',#844,#843);
#846=CURVE_STYLE('',#52,POSITIVE_LENGTH_MEASURE(2.E-2),#3);
#847=PRESENTATION_STYLE_ASSIGNMENT((#846));
#848=STYLED_ITEM('',(#847),#845);
#849=DIRECTION('',(0.E0,-4.872628122695E-13,-1.E0));
#850=VECTOR('',#849,7.099999999838E0);
#851=CARTESIAN_POINT('',(-5.15E0,-2.5E-1,3.55E0));
#852=LINE('',#851,#850);
#853=CURVE_STYLE('',#52,POSITIVE_LENGTH_MEASURE(2.E-2),#3);
#854=PRESENTATION_STYLE_ASSIGNMENT((#853));
#855=STYLED_ITEM('',(#854),#852);
#856=DIRECTION('',(0.E0,-1.E0,0.E0));
#857=VECTOR('',#856,2.5E-1);
#858=CARTESIAN_POINT('',(-5.15E0,0.E0,3.55E0));
#859=LINE('',#858,#857);
#860=CURVE_STYLE('',#52,POSITIVE_LENGTH_MEASURE(2.E-2),#3);
#861=PRESENTATION_STYLE_ASSIGNMENT((#860));
#862=STYLED_ITEM('',(#861),#859);
#863=CARTESIAN_POINT('',(-4.95E0,-2.5E-1,3.75E0));
#864=CARTESIAN_POINT('',(-4.951006163470E0,-2.5E-1,3.75E0));
#865=CARTESIAN_POINT('',(-4.952028864835E0,-2.499623926691E-1,
3.750000862099E0));
#866=CARTESIAN_POINT('',(-4.953031213563E0,-2.500485954483E-1,
3.749985662224E0));
#868=CURVE_STYLE('',#52,POSITIVE_LENGTH_MEASURE(2.E-2),#3);
#869=PRESENTATION_STYLE_ASSIGNMENT((#868));
#870=STYLED_ITEM('',(#869),#867);
#871=CARTESIAN_POINT('',(-5.149985662224E0,-2.500485954483E-1,
3.553031213553E0));
#872=CARTESIAN_POINT('',(-5.150000862099E0,-2.499623926697E-1,
3.552028864824E0));
#873=CARTESIAN_POINT('',(-5.15E0,-2.5E-1,3.551006163470E0));
#874=CARTESIAN_POINT('',(-5.15E0,-2.5E-1,3.55E0));
#876=CURVE_STYLE('',#52,POSITIVE_LENGTH_MEASURE(2.E-2),#3);
#877=PRESENTATION_STYLE_ASSIGNMENT((#876));
#878=STYLED_ITEM('',(#877),#875);
#879=DIRECTION('',(0.E0,-1.E0,0.E0));
#880=VECTOR('',#879,2.5E-1);
#881=CARTESIAN_POINT('',(-4.95E0,0.E0,3.75E0));
#882=LINE('',#881,#880);
#883=CURVE_STYLE('',#52,POSITIVE_LENGTH_MEASURE(2.E-2),#3);
#884=PRESENTATION_STYLE_ASSIGNMENT((#883));
#885=STYLED_ITEM('',(#884),#882);
#886=DIRECTION('',(-1.E0,0.E0,0.E0));
#887=VECTOR('',#886,9.9E0);
#888=CARTESIAN_POINT('',(4.95E0,-2.5E-1,3.75E0));
#889=LINE('',#888,#887);
#890=CURVE_STYLE('',#52,POSITIVE_LENGTH_MEASURE(2.E-2),#3);
#891=PRESENTATION_STYLE_ASSIGNMENT((#890));
#892=STYLED_ITEM('',(#891),#889);
#893=DIRECTION('',(0.E0,-1.E0,0.E0));
#894=VECTOR('',#893,2.5E-1);
#895=CARTESIAN_POINT('',(4.95E0,0.E0,3.75E0));
#896=LINE('',#895,#894);
#897=CURVE_STYLE('',#52,POSITIVE_LENGTH_MEASURE(2.E-2),#3);
#898=PRESENTATION_STYLE_ASSIGNMENT((#897));
#899=STYLED_ITEM('',(#898),#896);
#900=CARTESIAN_POINT('',(5.15E0,-2.500000000035E-1,3.549999999838E0));
#901=CARTESIAN_POINT('',(5.15E0,-2.500000000035E-1,3.551006163470E0));
#902=CARTESIAN_POINT('',(5.150000862102E0,-2.499623926553E-1,3.552028864674E0));
#903=CARTESIAN_POINT('',(5.149985662224E0,-2.500485954483E-1,3.553031213563E0));
#905=CURVE_STYLE('',#52,POSITIVE_LENGTH_MEASURE(2.E-2),#3);
#906=PRESENTATION_STYLE_ASSIGNMENT((#905));
#907=STYLED_ITEM('',(#906),#904);
#908=CARTESIAN_POINT('',(4.953031213553E0,-2.500485954483E-1,3.749985662224E0));
#909=CARTESIAN_POINT('',(4.952028864824E0,-2.499623926697E-1,3.750000862099E0));
#910=CARTESIAN_POINT('',(4.951006163470E0,-2.5E-1,3.75E0));
#911=CARTESIAN_POINT('',(4.95E0,-2.5E-1,3.75E0));
#913=CURVE_STYLE('',#52,POSITIVE_LENGTH_MEASURE(2.E-2),#3);
#914=PRESENTATION_STYLE_ASSIGNMENT((#913));
#915=STYLED_ITEM('',(#914),#912);
#916=DIRECTION('',(0.E0,-1.E0,-6.460858514767E-10));
#917=VECTOR('',#916,2.500000000035E-1);
#918=CARTESIAN_POINT('',(5.15E0,0.E0,3.55E0));
#919=LINE('',#918,#917);
#920=CURVE_STYLE('',#52,POSITIVE_LENGTH_MEASURE(2.E-2),#3);
#921=PRESENTATION_STYLE_ASSIGNMENT((#920));
#922=STYLED_ITEM('',(#921),#919);
#923=DIRECTION('',(-1.710895341845E-1,-9.702883632363E-1,-1.710814527083E-1));
#924=VECTOR('',#923,8.787913700635E-1);
#925=CARTESIAN_POINT('',(4.953031213553E0,-2.500485954483E-1,3.749985662224E0));
#926=LINE('',#925,#924);
#927=CURVE_STYLE('',#52,POSITIVE_LENGTH_MEASURE(2.E-2),#3);
#928=PRESENTATION_STYLE_ASSIGNMENT((#927));
#929=STYLED_ITEM('',(#928),#926);
#930=CARTESIAN_POINT('',(4.953031213553E0,-2.500485954483E-1,3.749985662224E0));
#931=CARTESIAN_POINT('',(4.958903291179E0,-2.500485954483E-1,3.749985662224E0));
#932=CARTESIAN_POINT('',(4.970573976591E0,-2.499774467740E-1,3.749499506991E0));
#933=CARTESIAN_POINT('',(4.987884075823E0,-2.500060431188E-1,3.747223330529E0));
#934=CARTESIAN_POINT('',(5.004797757179E0,-2.499983807510E-1,3.743493926193E0));
#935=CARTESIAN_POINT('',(5.021294884745E0,-2.500004338772E-1,3.738311925322E0));
#936=CARTESIAN_POINT('',(5.037148840328E0,-2.499998837401E-1,3.731766265347E0));
#937=CARTESIAN_POINT('',(5.052371964457E0,-2.500000311625E-1,3.723861656995E0));
#938=CARTESIAN_POINT('',(5.066755099573E0,-2.499999916101E-1,3.714714080654E0));
#939=CARTESIAN_POINT('',(5.080294547095E0,-2.500000023971E-1,3.704337367481E0));
#940=CARTESIAN_POINT('',(5.092842051483E0,-2.499999988014E-1,3.692842051483E0));
#941=CARTESIAN_POINT('',(5.104337367481E0,-2.500000023971E-1,3.680294547095E0));
#942=CARTESIAN_POINT('',(5.114714080654E0,-2.499999916101E-1,3.666755099573E0));
#943=CARTESIAN_POINT('',(5.123861656995E0,-2.500000311625E-1,3.652371964457E0));
#944=CARTESIAN_POINT('',(5.131766265347E0,-2.499998837401E-1,3.637148840328E0));
#945=CARTESIAN_POINT('',(5.138311925322E0,-2.500004338772E-1,3.621294884745E0));
#946=CARTESIAN_POINT('',(5.143493926193E0,-2.499983807510E-1,3.604797757179E0));
#947=CARTESIAN_POINT('',(5.147223330529E0,-2.500060431188E-1,3.587884075823E0));
#948=CARTESIAN_POINT('',(5.149499506991E0,-2.499774467739E-1,3.570573976591E0));
#949=CARTESIAN_POINT('',(5.149985662224E0,-2.500485954483E-1,3.558903291179E0));
#950=CARTESIAN_POINT('',(5.149985662224E0,-2.500485954483E-1,3.553031213563E0));
#952=CURVE_STYLE('',#52,POSITIVE_LENGTH_MEASURE(2.E-2),#3);
#953=PRESENTATION_STYLE_ASSIGNMENT((#952));
#954=STYLED_ITEM('',(#953),#951);
#955=DIRECTION('',(-1.710814527077E-1,-9.702883632344E-1,-1.710895341960E-1));
#956=VECTOR('',#955,8.787913700653E-1);
#957=CARTESIAN_POINT('',(5.149985662224E0,-2.500485954483E-1,3.553031213563E0));
#958=LINE('',#957,#956);
#959=CURVE_STYLE('',#52,POSITIVE_LENGTH_MEASURE(2.E-2),#3);
#960=PRESENTATION_STYLE_ASSIGNMENT((#959));
#961=STYLED_ITEM('',(#960),#958);
#962=CARTESIAN_POINT('',(4.802679207403E0,-1.068E0,3.402679207403E0));
#963=DIRECTION('',(-1.E0,0.E0,0.E0));
#964=DIRECTION('',(0.E0,-1.E0,0.E0));
#965=AXIS2_PLACEMENT_3D('',#962,#963,#964);
#967=CURVE_STYLE('',#52,POSITIVE_LENGTH_MEASURE(2.E-2),#3);
#968=PRESENTATION_STYLE_ASSIGNMENT((#967));
#969=STYLED_ITEM('',(#968),#966);
#970=CARTESIAN_POINT('',(4.802679207403E0,-1.068E0,3.402679207403E0));
#971=DIRECTION('',(1.710878697460E-1,9.702875252478E-1,1.710878697460E-1));
#972=DIRECTION('',(0.E0,-1.736481776669E-1,9.848077530122E-1));
#973=AXIS2_PLACEMENT_3D('',#970,#971,#972);
#975=CURVE_STYLE('',#52,POSITIVE_LENGTH_MEASURE(2.E-2),#3);
#976=PRESENTATION_STYLE_ASSIGNMENT((#975));
#977=STYLED_ITEM('',(#976),#974);
#978=CARTESIAN_POINT('',(4.802679207403E0,-1.068E0,3.402679207403E0));
#979=DIRECTION('',(0.E0,0.E0,-1.E0));
#980=DIRECTION('',(9.848077530122E-1,-1.736481776669E-1,0.E0));
#981=AXIS2_PLACEMENT_3D('',#978,#979,#980);
#983=CURVE_STYLE('',#52,POSITIVE_LENGTH_MEASURE(2.E-2),#3);
#984=PRESENTATION_STYLE_ASSIGNMENT((#983));
#985=STYLED_ITEM('',(#984),#982);
#986=DIRECTION('',(-1.E0,0.E0,0.E0));
#987=VECTOR('',#986,9.605358414807E0);
#988=CARTESIAN_POINT('',(4.802679207403E0,-1.268E0,3.402679207403E0));
#989=LINE('',#988,#987);
#990=CURVE_STYLE('',#52,POSITIVE_LENGTH_MEASURE(2.E-2),#3);
#991=PRESENTATION_STYLE_ASSIGNMENT((#990));
#992=STYLED_ITEM('',(#991),#989);
#993=DIRECTION('',(-1.E0,0.E0,0.E0));
#994=VECTOR('',#993,9.605358414807E0);
#995=CARTESIAN_POINT('',(4.802679207403E0,-1.102729635533E0,3.599640758006E0));
#996=LINE('',#995,#994);
#997=CURVE_STYLE('',#52,POSITIVE_LENGTH_MEASURE(2.E-2),#3);
#998=PRESENTATION_STYLE_ASSIGNMENT((#997));
#999=STYLED_ITEM('',(#998),#996);
#1000=DIRECTION('',(1.E0,0.E0,0.E0));
#1001=VECTOR('',#1000,9.605358414807E0);
#1002=CARTESIAN_POINT('',(-4.802679207403E0,-1.268E0,-3.402679207403E0));
#1003=LINE('',#1002,#1001);
#1004=CURVE_STYLE('',#52,POSITIVE_LENGTH_MEASURE(2.E-2),#3);
#1005=PRESENTATION_STYLE_ASSIGNMENT((#1004));
#1006=STYLED_ITEM('',(#1005),#1003);
#1007=DIRECTION('',(1.E0,0.E0,0.E0));
#1008=VECTOR('',#1007,9.605358414807E0);
#1009=CARTESIAN_POINT('',(-4.802679207403E0,-1.102729635533E0,
-3.599640758006E0));
#1010=LINE('',#1009,#1008);
#1011=CURVE_STYLE('',#52,POSITIVE_LENGTH_MEASURE(2.E-2),#3);
#1012=PRESENTATION_STYLE_ASSIGNMENT((#1011));
#1013=STYLED_ITEM('',(#1012),#1010);
#1014=CARTESIAN_POINT('',(4.802679207403E0,-1.068E0,-3.402679207403E0));
#1015=DIRECTION('',(-1.E0,0.E0,0.E0));
#1016=DIRECTION('',(0.E0,-1.736481776669E-1,-9.848077530122E-1));
#1017=AXIS2_PLACEMENT_3D('',#1014,#1015,#1016);
#1019=CURVE_STYLE('',#52,POSITIVE_LENGTH_MEASURE(2.E-2),#3);
#1020=PRESENTATION_STYLE_ASSIGNMENT((#1019));
#1021=STYLED_ITEM('',(#1020),#1018);
#1022=CARTESIAN_POINT('',(4.802679207403E0,-1.068E0,-3.402679207403E0));
#1023=DIRECTION('',(0.E0,0.E0,1.E0));
#1024=DIRECTION('',(0.E0,-1.E0,0.E0));
#1025=AXIS2_PLACEMENT_3D('',#1022,#1023,#1024);
#1027=CURVE_STYLE('',#52,POSITIVE_LENGTH_MEASURE(2.E-2),#3);
#1028=PRESENTATION_STYLE_ASSIGNMENT((#1027));
#1029=STYLED_ITEM('',(#1028),#1026);
#1030=CARTESIAN_POINT('',(4.802679207403E0,-1.068E0,-3.402679207403E0));
#1031=DIRECTION('',(1.710878697460E-1,9.702875252478E-1,-1.710878697460E-1));
#1032=DIRECTION('',(9.848077530122E-1,-1.736481776669E-1,0.E0));
#1033=AXIS2_PLACEMENT_3D('',#1030,#1031,#1032);
#1035=CURVE_STYLE('',#52,POSITIVE_LENGTH_MEASURE(2.E-2),#3);
#1036=PRESENTATION_STYLE_ASSIGNMENT((#1035));
#1037=STYLED_ITEM('',(#1036),#1034);
#1038=DIRECTION('',(0.E0,0.E0,1.E0));
#1039=VECTOR('',#1038,6.805358414807E0);
#1040=CARTESIAN_POINT('',(4.802679207403E0,-1.268E0,-3.402679207403E0));
#1041=LINE('',#1040,#1039);
#1042=CURVE_STYLE('',#52,POSITIVE_LENGTH_MEASURE(2.E-2),#3);
#1043=PRESENTATION_STYLE_ASSIGNMENT((#1042));
#1044=STYLED_ITEM('',(#1043),#1041);
#1045=DIRECTION('',(0.E0,0.E0,1.E0));
#1046=VECTOR('',#1045,6.805358414807E0);
#1047=CARTESIAN_POINT('',(4.999640758006E0,-1.102729635533E0,
-3.402679207403E0));
#1048=LINE('',#1047,#1046);
#1049=CURVE_STYLE('',#52,POSITIVE_LENGTH_MEASURE(2.E-2),#3);
#1050=PRESENTATION_STYLE_ASSIGNMENT((#1049));
#1051=STYLED_ITEM('',(#1050),#1048);
#1052=CARTESIAN_POINT('',(-4.802679207403E0,-1.068E0,-3.402679207403E0));
#1053=DIRECTION('',(0.E0,0.E0,1.E0));
#1054=DIRECTION('',(-9.848077530122E-1,-1.736481776669E-1,0.E0));
#1055=AXIS2_PLACEMENT_3D('',#1052,#1053,#1054);
#1057=CURVE_STYLE('',#52,POSITIVE_LENGTH_MEASURE(2.E-2),#3);
#1058=PRESENTATION_STYLE_ASSIGNMENT((#1057));
#1059=STYLED_ITEM('',(#1058),#1056);
#1060=CARTESIAN_POINT('',(-4.802679207403E0,-1.068E0,-3.402679207403E0));
#1061=DIRECTION('',(1.E0,0.E0,0.E0));
#1062=DIRECTION('',(0.E0,-1.E0,0.E0));
#1063=AXIS2_PLACEMENT_3D('',#1060,#1061,#1062);
#1065=CURVE_STYLE('',#52,POSITIVE_LENGTH_MEASURE(2.E-2),#3);
#1066=PRESENTATION_STYLE_ASSIGNMENT((#1065));
#1067=STYLED_ITEM('',(#1066),#1064);
#1068=CARTESIAN_POINT('',(-4.802679207403E0,-1.068E0,-3.402679207403E0));
#1069=DIRECTION('',(-1.710878697460E-1,9.702875252478E-1,-1.710878697460E-1));
#1070=DIRECTION('',(0.E0,-1.736481776669E-1,-9.848077530122E-1));
#1071=AXIS2_PLACEMENT_3D('',#1068,#1069,#1070);
#1073=CURVE_STYLE('',#52,POSITIVE_LENGTH_MEASURE(2.E-2),#3);
#1074=PRESENTATION_STYLE_ASSIGNMENT((#1073));
#1075=STYLED_ITEM('',(#1074),#1072);
#1076=DIRECTION('',(0.E0,0.E0,-1.E0));
#1077=VECTOR('',#1076,6.805358414807E0);
#1078=CARTESIAN_POINT('',(-4.802679207403E0,-1.268E0,3.402679207403E0));
#1079=LINE('',#1078,#1077);
#1080=CURVE_STYLE('',#52,POSITIVE_LENGTH_MEASURE(2.E-2),#3);
#1081=PRESENTATION_STYLE_ASSIGNMENT((#1080));
#1082=STYLED_ITEM('',(#1081),#1079);
#1083=DIRECTION('',(0.E0,0.E0,-1.E0));
#1084=VECTOR('',#1083,6.805358414807E0);
#1085=CARTESIAN_POINT('',(-4.999640758006E0,-1.102729635533E0,
3.402679207403E0));
#1086=LINE('',#1085,#1084);
#1087=CURVE_STYLE('',#52,POSITIVE_LENGTH_MEASURE(2.E-2),#3);
#1088=PRESENTATION_STYLE_ASSIGNMENT((#1087));
#1089=STYLED_ITEM('',(#1088),#1086);
#1090=CARTESIAN_POINT('',(-4.802679207403E0,-1.068E0,3.402679207403E0));
#1091=DIRECTION('',(-1.710878697460E-1,9.702875252478E-1,1.710878697460E-1));
#1092=DIRECTION('',(-9.848077530122E-1,-1.736481776669E-1,0.E0));
#1093=AXIS2_PLACEMENT_3D('',#1090,#1091,#1092);
#1095=CURVE_STYLE('',#52,POSITIVE_LENGTH_MEASURE(2.E-2),#3);
#1096=PRESENTATION_STYLE_ASSIGNMENT((#1095));
#1097=STYLED_ITEM('',(#1096),#1094);
#1098=CARTESIAN_POINT('',(-4.802679207403E0,-1.068E0,3.402679207403E0));
#1099=DIRECTION('',(1.E0,0.E0,0.E0));
#1100=DIRECTION('',(0.E0,-1.736481776669E-1,9.848077530122E-1));
#1101=AXIS2_PLACEMENT_3D('',#1098,#1099,#1100);
#1103=CURVE_STYLE('',#52,POSITIVE_LENGTH_MEASURE(2.E-2),#3);
#1104=PRESENTATION_STYLE_ASSIGNMENT((#1103));
#1105=STYLED_ITEM('',(#1104),#1102);
#1106=CARTESIAN_POINT('',(-4.802679207403E0,-1.068E0,3.402679207403E0));
#1107=DIRECTION('',(0.E0,0.E0,-1.E0));
#1108=DIRECTION('',(0.E0,-1.E0,0.E0));
#1109=AXIS2_PLACEMENT_3D('',#1106,#1107,#1108);
#1111=CURVE_STYLE('',#52,POSITIVE_LENGTH_MEASURE(2.E-2),#3);
#1112=PRESENTATION_STYLE_ASSIGNMENT((#1111));
#1113=STYLED_ITEM('',(#1112),#1110);
#1114=DIRECTION('',(1.710814527083E-1,-9.702883632363E-1,-1.710895341845E-1));
#1115=VECTOR('',#1114,8.787913700635E-1);
#1116=CARTESIAN_POINT('',(-5.149985662224E0,-2.500485954483E-1,
3.553031213553E0));
#1117=LINE('',#1116,#1115);
#1118=CURVE_STYLE('',#52,POSITIVE_LENGTH_MEASURE(2.E-2),#3);
#1119=PRESENTATION_STYLE_ASSIGNMENT((#1118));
#1120=STYLED_ITEM('',(#1119),#1117);
#1121=CARTESIAN_POINT('',(-5.149985662224E0,-2.500485954483E-1,
3.553031213553E0));
#1122=CARTESIAN_POINT('',(-5.149985662224E0,-2.500485954483E-1,
3.558903291179E0));
#1123=CARTESIAN_POINT('',(-5.149499506991E0,-2.499774467740E-1,
3.570573976591E0));
#1124=CARTESIAN_POINT('',(-5.147223330529E0,-2.500060431188E-1,
3.587884075823E0));
#1125=CARTESIAN_POINT('',(-5.143493926193E0,-2.499983807510E-1,
3.604797757179E0));
#1126=CARTESIAN_POINT('',(-5.138311925322E0,-2.500004338772E-1,
3.621294884745E0));
#1127=CARTESIAN_POINT('',(-5.131766265347E0,-2.499998837401E-1,
3.637148840328E0));
#1128=CARTESIAN_POINT('',(-5.123861656995E0,-2.500000311625E-1,
3.652371964457E0));
#1129=CARTESIAN_POINT('',(-5.114714080654E0,-2.499999916101E-1,
3.666755099573E0));
#1130=CARTESIAN_POINT('',(-5.104337367481E0,-2.500000023971E-1,
3.680294547095E0));
#1131=CARTESIAN_POINT('',(-5.092842051483E0,-2.499999988014E-1,
3.692842051483E0));
#1132=CARTESIAN_POINT('',(-5.080294547095E0,-2.500000023971E-1,
3.704337367481E0));
#1133=CARTESIAN_POINT('',(-5.066755099573E0,-2.499999916101E-1,
3.714714080654E0));
#1134=CARTESIAN_POINT('',(-5.052371964457E0,-2.500000311625E-1,
3.723861656995E0));
#1135=CARTESIAN_POINT('',(-5.037148840328E0,-2.499998837401E-1,
3.731766265347E0));
#1136=CARTESIAN_POINT('',(-5.021294884745E0,-2.500004338772E-1,
3.738311925322E0));
#1137=CARTESIAN_POINT('',(-5.004797757179E0,-2.499983807510E-1,
3.743493926193E0));
#1138=CARTESIAN_POINT('',(-4.987884075823E0,-2.500060431188E-1,
3.747223330529E0));
#1139=CARTESIAN_POINT('',(-4.970573976591E0,-2.499774467740E-1,
3.749499506991E0));
#1140=CARTESIAN_POINT('',(-4.958903291179E0,-2.500485954483E-1,
3.749985662224E0));
#1141=CARTESIAN_POINT('',(-4.953031213563E0,-2.500485954483E-1,
3.749985662224E0));
#1143=CURVE_STYLE('',#52,POSITIVE_LENGTH_MEASURE(2.E-2),#3);
#1144=PRESENTATION_STYLE_ASSIGNMENT((#1143));
#1145=STYLED_ITEM('',(#1144),#1142);
#1146=DIRECTION('',(1.710895341960E-1,-9.702883632344E-1,-1.710814527077E-1));
#1147=VECTOR('',#1146,8.787913700653E-1);
#1148=CARTESIAN_POINT('',(-4.953031213563E0,-2.500485954483E-1,
3.749985662224E0));
#1149=LINE('',#1148,#1147);
#1150=CURVE_STYLE('',#52,POSITIVE_LENGTH_MEASURE(2.E-2),#3);
#1151=PRESENTATION_STYLE_ASSIGNMENT((#1150));
#1152=STYLED_ITEM('',(#1151),#1149);
#1153=DIRECTION('',(1.710895341845E-1,-9.702883632363E-1,1.710814527083E-1));
#1154=VECTOR('',#1153,8.787913700635E-1);
#1155=CARTESIAN_POINT('',(-4.953031213553E0,-2.500485954483E-1,
-3.749985662224E0));
#1156=LINE('',#1155,#1154);
#1157=CURVE_STYLE('',#52,POSITIVE_LENGTH_MEASURE(2.E-2),#3);
#1158=PRESENTATION_STYLE_ASSIGNMENT((#1157));
#1159=STYLED_ITEM('',(#1158),#1156);
#1160=CARTESIAN_POINT('',(-4.953031213553E0,-2.500485954483E-1,
-3.749985662224E0));
#1161=CARTESIAN_POINT('',(-4.958903291179E0,-2.500485954483E-1,
-3.749985662224E0));
#1162=CARTESIAN_POINT('',(-4.970573976591E0,-2.499774467740E-1,
-3.749499506991E0));
#1163=CARTESIAN_POINT('',(-4.987884075823E0,-2.500060431188E-1,
-3.747223330529E0));
#1164=CARTESIAN_POINT('',(-5.004797757179E0,-2.499983807510E-1,
-3.743493926193E0));
#1165=CARTESIAN_POINT('',(-5.021294884745E0,-2.500004338772E-1,
-3.738311925322E0));
#1166=CARTESIAN_POINT('',(-5.037148840328E0,-2.499998837401E-1,
-3.731766265347E0));
#1167=CARTESIAN_POINT('',(-5.052371964457E0,-2.500000311625E-1,
-3.723861656995E0));
#1168=CARTESIAN_POINT('',(-5.066755099573E0,-2.499999916101E-1,
-3.714714080654E0));
#1169=CARTESIAN_POINT('',(-5.080294547095E0,-2.500000023971E-1,
-3.704337367481E0));
#1170=CARTESIAN_POINT('',(-5.092842051483E0,-2.499999988014E-1,
-3.692842051483E0));
#1171=CARTESIAN_POINT('',(-5.104337367481E0,-2.500000023971E-1,
-3.680294547095E0));
#1172=CARTESIAN_POINT('',(-5.114714080654E0,-2.499999916101E-1,
-3.666755099573E0));
#1173=CARTESIAN_POINT('',(-5.123861656995E0,-2.500000311625E-1,
-3.652371964457E0));
#1174=CARTESIAN_POINT('',(-5.131766265347E0,-2.499998837401E-1,
-3.637148840328E0));
#1175=CARTESIAN_POINT('',(-5.138311925322E0,-2.500004338772E-1,
-3.621294884745E0));
#1176=CARTESIAN_POINT('',(-5.143493926193E0,-2.499983807510E-1,
-3.604797757179E0));
#1177=CARTESIAN_POINT('',(-5.147223330529E0,-2.500060431188E-1,
-3.587884075823E0));
#1178=CARTESIAN_POINT('',(-5.149499506991E0,-2.499774467739E-1,
-3.570573976591E0));
#1179=CARTESIAN_POINT('',(-5.149985662224E0,-2.500485954483E-1,
-3.558903291179E0));
#1180=CARTESIAN_POINT('',(-5.149985662224E0,-2.500485954483E-1,
-3.553031213563E0));
#1182=CURVE_STYLE('',#52,POSITIVE_LENGTH_MEASURE(2.E-2),#3);
#1183=PRESENTATION_STYLE_ASSIGNMENT((#1182));
#1184=STYLED_ITEM('',(#1183),#1181);
#1185=DIRECTION('',(1.710814527077E-1,-9.702883632344E-1,1.710895341960E-1));
#1186=VECTOR('',#1185,8.787913700653E-1);
#1187=CARTESIAN_POINT('',(-5.149985662224E0,-2.500485954483E-1,
-3.553031213563E0));
#1188=LINE('',#1187,#1186);
#1189=CURVE_STYLE('',#52,POSITIVE_LENGTH_MEASURE(2.E-2),#3);
#1190=PRESENTATION_STYLE_ASSIGNMENT((#1189));
#1191=STYLED_ITEM('',(#1190),#1188);
#1192=CARTESIAN_POINT('',(-4.802679207403E0,1.018E0,3.402679207403E0));
#1193=CARTESIAN_POINT('',(4.802679207403E0,1.018E0,3.402679207403E0));
#1194=VERTEX_POINT('',#1192);
#1195=VERTEX_POINT('',#1193);
#1196=CARTESIAN_POINT('',(-4.802679207403E0,8.527296355334E-1,
3.599640758006E0));
#1197=CARTESIAN_POINT('',(4.802679207403E0,8.527296355334E-1,3.599640758006E0));
#1198=VERTEX_POINT('',#1196);
#1199=VERTEX_POINT('',#1197);
#1200=CARTESIAN_POINT('',(5.149985672810E0,4.853541016521E-5,3.553031224027E0));
#1201=CARTESIAN_POINT('',(4.999640758006E0,8.527296355334E-1,3.402679207403E0));
#1202=VERTEX_POINT('',#1200);
#1203=VERTEX_POINT('',#1201);
#1204=CARTESIAN_POINT('',(4.953031224027E0,4.853541016520E-5,3.749985672810E0));
#1205=VERTEX_POINT('',#1204);
#1206=CARTESIAN_POINT('',(-4.953031224027E0,4.853541016521E-5,
3.749985672810E0));
#1207=VERTEX_POINT('',#1206);
#1208=CARTESIAN_POINT('',(-5.149985672810E0,4.853541016520E-5,
3.553031224027E0));
#1209=CARTESIAN_POINT('',(-4.999640758006E0,8.527296355334E-1,
3.402679207403E0));
#1210=VERTEX_POINT('',#1208);
#1211=VERTEX_POINT('',#1209);
#1212=CARTESIAN_POINT('',(-4.95E0,-2.5E-1,-3.75E0));
#1213=CARTESIAN_POINT('',(4.95E0,-2.5E-1,-3.75E0));
#1214=VERTEX_POINT('',#1212);
#1215=VERTEX_POINT('',#1213);
#1216=CARTESIAN_POINT('',(5.15E0,-2.5E-1,-3.55E0));
#1217=CARTESIAN_POINT('',(5.15E0,-2.500000000035E-1,3.549999999838E0));
#1218=VERTEX_POINT('',#1216);
#1219=VERTEX_POINT('',#1217);
#1220=CARTESIAN_POINT('',(4.95E0,-2.5E-1,3.75E0));
#1221=CARTESIAN_POINT('',(-4.95E0,-2.5E-1,3.75E0));
#1222=VERTEX_POINT('',#1220);
#1223=VERTEX_POINT('',#1221);
#1224=CARTESIAN_POINT('',(-5.15E0,-2.5E-1,3.55E0));
#1225=CARTESIAN_POINT('',(-5.15E0,-2.500000000035E-1,-3.549999999838E0));
#1226=VERTEX_POINT('',#1224);
#1227=VERTEX_POINT('',#1225);
#1228=CARTESIAN_POINT('',(4.802679207403E0,-1.268E0,3.402679207403E0));
#1229=CARTESIAN_POINT('',(-4.802679207403E0,-1.268E0,3.402679207403E0));
#1230=VERTEX_POINT('',#1228);
#1231=VERTEX_POINT('',#1229);
#1232=CARTESIAN_POINT('',(4.802679207403E0,-1.102729635533E0,3.599640758006E0));
#1233=CARTESIAN_POINT('',(-4.802679207403E0,-1.102729635533E0,
3.599640758006E0));
#1234=VERTEX_POINT('',#1232);
#1235=VERTEX_POINT('',#1233);
#1236=CARTESIAN_POINT('',(4.802679207403E0,-1.268E0,-3.402679207403E0));
#1237=VERTEX_POINT('',#1236);
#1238=CARTESIAN_POINT('',(4.999640758006E0,-1.102729635533E0,
-3.402679207403E0));
#1239=CARTESIAN_POINT('',(4.999640758006E0,-1.102729635533E0,3.402679207403E0));
#1240=VERTEX_POINT('',#1238);
#1241=VERTEX_POINT('',#1239);
#1242=CARTESIAN_POINT('',(-4.802679207403E0,-1.268E0,-3.402679207403E0));
#1243=VERTEX_POINT('',#1242);
#1244=CARTESIAN_POINT('',(-4.802679207403E0,-1.102729635533E0,
-3.599640758006E0));
#1245=CARTESIAN_POINT('',(4.802679207403E0,-1.102729635533E0,
-3.599640758006E0));
#1246=VERTEX_POINT('',#1244);
#1247=VERTEX_POINT('',#1245);
#1248=CARTESIAN_POINT('',(-4.999640758006E0,-1.102729635533E0,
3.402679207403E0));
#1249=CARTESIAN_POINT('',(-4.999640758006E0,-1.102729635533E0,
-3.402679207403E0));
#1250=VERTEX_POINT('',#1248);
#1251=VERTEX_POINT('',#1249);
#1252=CARTESIAN_POINT('',(-4.999640758006E0,8.527296355334E-1,
-3.069230527364E0));
#1253=CARTESIAN_POINT('',(-5.071023451861E0,4.478982616393E-1,
-3.474061901258E0));
#1254=VERTEX_POINT('',#1252);
#1255=VERTEX_POINT('',#1253);
#1256=CARTESIAN_POINT('',(-4.802679207403E0,9.594213562373E-1,
-3.210651883601E0));
#1257=CARTESIAN_POINT('',(-4.874061901258E0,5.545899823432E-1,
-3.615483257495E0));
#1258=VERTEX_POINT('',#1256);
#1259=VERTEX_POINT('',#1257);
#1260=CARTESIAN_POINT('',(-4.802679207403E0,1.018E0,-3.069230527364E0));
#1261=VERTEX_POINT('',#1260);
#1262=CARTESIAN_POINT('',(4.802679207403E0,1.018E0,-3.069230527364E0));
#1263=VERTEX_POINT('',#1262);
#1264=CARTESIAN_POINT('',(4.999640758006E0,8.527296355334E-1,
-3.069230527364E0));
#1265=VERTEX_POINT('',#1264);
#1266=CARTESIAN_POINT('',(5.071023451861E0,4.478982616393E-1,
-3.474061901258E0));
#1267=VERTEX_POINT('',#1266);
#1268=CARTESIAN_POINT('',(4.802679207403E0,9.594213562373E-1,
-3.210651883601E0));
#1269=CARTESIAN_POINT('',(4.874061901258E0,5.545899823432E-1,
-3.615483257495E0));
#1270=VERTEX_POINT('',#1268);
#1271=VERTEX_POINT('',#1269);
#1272=CARTESIAN_POINT('',(4.874061901258E0,4.478982616393E-1,
-3.671023451861E0));
#1273=CARTESIAN_POINT('',(-4.874061901258E0,4.478982616393E-1,
-3.671023451861E0));
#1274=VERTEX_POINT('',#1272);
#1275=VERTEX_POINT('',#1273);
#1276=CARTESIAN_POINT('',(-5.149985672810E0,4.853541016520E-5,
-3.553031224027E0));
#1277=VERTEX_POINT('',#1276);
#1278=CARTESIAN_POINT('',(-4.953031224027E0,4.853541016520E-5,
-3.749985672810E0));
#1279=VERTEX_POINT('',#1278);
#1280=CARTESIAN_POINT('',(4.953031224027E0,4.853541016521E-5,
-3.749985672810E0));
#1281=VERTEX_POINT('',#1280);
#1282=CARTESIAN_POINT('',(5.149985672810E0,4.853541016521E-5,
-3.553031224027E0));
#1283=VERTEX_POINT('',#1282);
#1284=CARTESIAN_POINT('',(-4.95E0,0.E0,-3.75E0));
#1285=CARTESIAN_POINT('',(4.95E0,0.E0,-3.75E0));
#1286=VERTEX_POINT('',#1284);
#1287=VERTEX_POINT('',#1285);
#1288=CARTESIAN_POINT('',(5.15E0,0.E0,3.55E0));
#1289=CARTESIAN_POINT('',(5.15E0,0.E0,-3.55E0));
#1290=VERTEX_POINT('',#1288);
#1291=VERTEX_POINT('',#1289);
#1292=CARTESIAN_POINT('',(-4.95E0,0.E0,3.75E0));
#1293=CARTESIAN_POINT('',(4.95E0,0.E0,3.75E0));
#1294=VERTEX_POINT('',#1292);
#1295=VERTEX_POINT('',#1293);
#1296=CARTESIAN_POINT('',(-5.15E0,0.E0,3.55E0));
#1297=CARTESIAN_POINT('',(-5.15E0,0.E0,-3.55E0));
#1298=VERTEX_POINT('',#1296);
#1299=VERTEX_POINT('',#1297);
#1300=CARTESIAN_POINT('',(4.953031213553E0,-2.500485954483E-1,
3.749985662224E0));
#1301=VERTEX_POINT('',#1300);
#1302=CARTESIAN_POINT('',(5.149985662224E0,-2.500485954483E-1,
3.553031213563E0));
#1303=VERTEX_POINT('',#1302);
#1304=CARTESIAN_POINT('',(-5.149985662224E0,-2.500485954483E-1,
3.553031213553E0));
#1305=VERTEX_POINT('',#1304);
#1306=CARTESIAN_POINT('',(-4.953031213563E0,-2.500485954483E-1,
3.749985662224E0));
#1307=VERTEX_POINT('',#1306);
#1308=CARTESIAN_POINT('',(5.149985662224E0,-2.500485954483E-1,
-3.553031213553E0));
#1309=VERTEX_POINT('',#1308);
#1310=CARTESIAN_POINT('',(4.953031213563E0,-2.500485954483E-1,
-3.749985662224E0));
#1311=VERTEX_POINT('',#1310);
#1312=CARTESIAN_POINT('',(-4.953031213553E0,-2.500485954483E-1,
-3.749985662224E0));
#1313=VERTEX_POINT('',#1312);
#1314=CARTESIAN_POINT('',(-5.149985662224E0,-2.500485954483E-1,
-3.553031213563E0));
#1315=VERTEX_POINT('',#1314);
#1316=CARTESIAN_POINT('',(0.E0,0.E0,0.E0));
#1317=DIRECTION('',(0.E0,1.E0,0.E0));
#1318=DIRECTION('',(1.E0,0.E0,0.E0));
#1319=AXIS2_PLACEMENT_3D('',#1316,#1317,#1318);
#1320=PLANE('',#1319);
#1322=ORIENTED_EDGE('',*,*,#1321,.T.);
#1324=ORIENTED_EDGE('',*,*,#1323,.F.);
#1325=EDGE_LOOP('',(#1322,#1324));
#1326=FACE_OUTER_BOUND('',#1325,.F.);
#1328=CARTESIAN_POINT('',(0.E0,0.E0,0.E0));
#1329=DIRECTION('',(0.E0,1.E0,0.E0));
#1330=DIRECTION('',(1.E0,0.E0,0.E0));
#1331=AXIS2_PLACEMENT_3D('',#1328,#1329,#1330);
#1332=PLANE('',#1331);
#1334=ORIENTED_EDGE('',*,*,#1333,.T.);
#1336=ORIENTED_EDGE('',*,*,#1335,.F.);
#1337=EDGE_LOOP('',(#1334,#1336));
#1338=FACE_OUTER_BOUND('',#1337,.F.);
#1340=CARTESIAN_POINT('',(0.E0,0.E0,0.E0));
#1341=DIRECTION('',(0.E0,1.E0,0.E0));
#1342=DIRECTION('',(1.E0,0.E0,0.E0));
#1343=AXIS2_PLACEMENT_3D('',#1340,#1341,#1342);
#1344=PLANE('',#1343);
#1346=ORIENTED_EDGE('',*,*,#1345,.T.);
#1348=ORIENTED_EDGE('',*,*,#1347,.F.);
#1349=EDGE_LOOP('',(#1346,#1348));
#1350=FACE_OUTER_BOUND('',#1349,.F.);
#1352=CARTESIAN_POINT('',(0.E0,0.E0,0.E0));
#1353=DIRECTION('',(0.E0,1.E0,0.E0));
#1354=DIRECTION('',(1.E0,0.E0,0.E0));
#1355=AXIS2_PLACEMENT_3D('',#1352,#1353,#1354);
#1356=PLANE('',#1355);
#1358=ORIENTED_EDGE('',*,*,#1357,.T.);
#1360=ORIENTED_EDGE('',*,*,#1359,.F.);
#1361=EDGE_LOOP('',(#1358,#1360));
#1362=FACE_OUTER_BOUND('',#1361,.F.);
#1364=CARTESIAN_POINT('',(4.95E0,0.E0,-3.55E0));
#1365=DIRECTION('',(0.E0,-1.E0,0.E0));
#1366=DIRECTION('',(1.E0,0.E0,0.E0));
#1367=AXIS2_PLACEMENT_3D('',#1364,#1365,#1366);
#1368=CYLINDRICAL_SURFACE('',#1367,2.E-1);
#1370=ORIENTED_EDGE('',*,*,#1369,.T.);
#1372=ORIENTED_EDGE('',*,*,#1371,.T.);
#1374=ORIENTED_EDGE('',*,*,#1373,.T.);
#1376=ORIENTED_EDGE('',*,*,#1375,.F.);
#1378=ORIENTED_EDGE('',*,*,#1377,.F.);
#1379=ORIENTED_EDGE('',*,*,#1321,.F.);
#1381=ORIENTED_EDGE('',*,*,#1380,.F.);
#1383=ORIENTED_EDGE('',*,*,#1382,.T.);
#1384=EDGE_LOOP('',(#1370,#1372,#1374,#1376,#1378,#1379,#1381,#1383));
#1385=FACE_OUTER_BOUND('',#1384,.F.);
#1387=CARTESIAN_POINT('',(-5.15E0,-2.5E-1,-3.75E0));
#1388=DIRECTION('',(0.E0,-1.736481776669E-1,-9.848077530122E-1));
#1389=DIRECTION('',(1.E0,0.E0,0.E0));
#1390=AXIS2_PLACEMENT_3D('',#1387,#1388,#1389);
#1391=PLANE('',#1390);
#1393=ORIENTED_EDGE('',*,*,#1392,.F.);
#1395=ORIENTED_EDGE('',*,*,#1394,.F.);
#1397=ORIENTED_EDGE('',*,*,#1396,.T.);
#1399=ORIENTED_EDGE('',*,*,#1398,.T.);
#1401=ORIENTED_EDGE('',*,*,#1400,.F.);
#1402=ORIENTED_EDGE('',*,*,#1369,.F.);
#1403=EDGE_LOOP('',(#1393,#1395,#1397,#1399,#1401,#1402));
#1404=FACE_OUTER_BOUND('',#1403,.F.);
#1406=CARTESIAN_POINT('',(-4.95E0,0.E0,-3.75E0));
#1407=DIRECTION('',(0.E0,0.E0,-1.E0));
#1408=DIRECTION('',(1.E0,0.E0,0.E0));
#1409=AXIS2_PLACEMENT_3D('',#1406,#1407,#1408);
#1410=PLANE('',#1409);
#1411=ORIENTED_EDGE('',*,*,#1392,.T.);
#1412=ORIENTED_EDGE('',*,*,#1382,.F.);
#1414=ORIENTED_EDGE('',*,*,#1413,.F.);
#1416=ORIENTED_EDGE('',*,*,#1415,.T.);
#1417=EDGE_LOOP('',(#1411,#1412,#1414,#1416));
#1418=FACE_OUTER_BOUND('',#1417,.F.);
#1420=CARTESIAN_POINT('',(5.15E0,0.E0,-3.75E0));
#1421=DIRECTION('',(0.E0,1.736481776669E-1,-9.848077530122E-1));
#1422=DIRECTION('',(-1.E0,0.E0,0.E0));
#1423=AXIS2_PLACEMENT_3D('',#1420,#1421,#1422);
#1424=PLANE('',#1423);
#1426=ORIENTED_EDGE('',*,*,#1425,.F.);
#1428=ORIENTED_EDGE('',*,*,#1427,.T.);
#1429=ORIENTED_EDGE('',*,*,#1413,.T.);
#1430=ORIENTED_EDGE('',*,*,#1380,.T.);
#1432=ORIENTED_EDGE('',*,*,#1431,.T.);
#1434=ORIENTED_EDGE('',*,*,#1433,.T.);
#1435=EDGE_LOOP('',(#1426,#1428,#1429,#1430,#1432,#1434));
#1436=FACE_OUTER_BOUND('',#1435,.F.);
#1438=CARTESIAN_POINT('',(-4.953038449398E0,-3.472963553339E-2,
-3.553038449398E0));
#1439=DIRECTION('',(-1.710878697460E-1,-9.702875252478E-1,-1.710878697460E-1));
#1440=DIRECTION('',(-9.848077530122E-1,1.736481776669E-1,0.E0));
#1441=AXIS2_PLACEMENT_3D('',#1438,#1439,#1440);
#1442=CYLINDRICAL_SURFACE('',#1441,2.E-1);
#1444=ORIENTED_EDGE('',*,*,#1443,.F.);
#1445=ORIENTED_EDGE('',*,*,#1359,.T.);
#1446=ORIENTED_EDGE('',*,*,#1425,.T.);
#1448=ORIENTED_EDGE('',*,*,#1447,.F.);
#1449=EDGE_LOOP('',(#1444,#1445,#1446,#1448));
#1450=FACE_OUTER_BOUND('',#1449,.F.);
#1452=CARTESIAN_POINT('',(-5.15E0,0.E0,-3.75E0));
#1453=DIRECTION('',(-9.848077530122E-1,1.736481776669E-1,0.E0));
#1454=DIRECTION('',(0.E0,0.E0,1.E0));
#1455=AXIS2_PLACEMENT_3D('',#1452,#1453,#1454);
#1456=PLANE('',#1455);
#1458=ORIENTED_EDGE('',*,*,#1457,.F.);
#1460=ORIENTED_EDGE('',*,*,#1459,.T.);
#1462=ORIENTED_EDGE('',*,*,#1461,.T.);
#1464=ORIENTED_EDGE('',*,*,#1463,.T.);
#1465=ORIENTED_EDGE('',*,*,#1443,.T.);
#1467=ORIENTED_EDGE('',*,*,#1466,.F.);
#1469=ORIENTED_EDGE('',*,*,#1468,.T.);
#1470=EDGE_LOOP('',(#1458,#1460,#1462,#1464,#1465,#1467,#1469));
#1471=FACE_OUTER_BOUND('',#1470,.F.);
#1473=CARTESIAN_POINT('',(-4.953038449398E0,-3.472963553339E-2,
3.553038449398E0));
#1474=DIRECTION('',(-1.710878697460E-1,-9.702875252478E-1,1.710878697460E-1));
#1475=DIRECTION('',(0.E0,1.736481776669E-1,9.848077530122E-1));
#1476=AXIS2_PLACEMENT_3D('',#1473,#1474,#1475);
#1477=CYLINDRICAL_SURFACE('',#1476,2.E-1);
#1479=ORIENTED_EDGE('',*,*,#1478,.F.);
#1480=ORIENTED_EDGE('',*,*,#1347,.T.);
#1481=ORIENTED_EDGE('',*,*,#1457,.T.);
#1483=ORIENTED_EDGE('',*,*,#1482,.F.);
#1484=EDGE_LOOP('',(#1479,#1480,#1481,#1483));
#1485=FACE_OUTER_BOUND('',#1484,.F.);
#1487=CARTESIAN_POINT('',(-5.15E0,0.E0,3.75E0));
#1488=DIRECTION('',(0.E0,1.736481776669E-1,9.848077530122E-1));
#1489=DIRECTION('',(1.E0,0.E0,0.E0));
#1490=AXIS2_PLACEMENT_3D('',#1487,#1488,#1489);
#1491=PLANE('',#1490);
#1493=ORIENTED_EDGE('',*,*,#1492,.F.);
#1495=ORIENTED_EDGE('',*,*,#1494,.T.);
#1497=ORIENTED_EDGE('',*,*,#1496,.F.);
#1499=ORIENTED_EDGE('',*,*,#1498,.T.);
#1500=ORIENTED_EDGE('',*,*,#1478,.T.);
#1502=ORIENTED_EDGE('',*,*,#1501,.T.);
#1503=EDGE_LOOP('',(#1493,#1495,#1497,#1499,#1500,#1502));
#1504=FACE_OUTER_BOUND('',#1503,.F.);
#1506=CARTESIAN_POINT('',(4.953038449398E0,-3.472963553339E-2,
3.553038449398E0));
#1507=DIRECTION('',(1.710878697460E-1,-9.702875252478E-1,1.710878697460E-1));
#1508=DIRECTION('',(9.848077530122E-1,1.736481776669E-1,0.E0));
#1509=AXIS2_PLACEMENT_3D('',#1506,#1507,#1508);
#1510=CYLINDRICAL_SURFACE('',#1509,2.E-1);
#1512=ORIENTED_EDGE('',*,*,#1511,.F.);
#1513=ORIENTED_EDGE('',*,*,#1335,.T.);
#1514=ORIENTED_EDGE('',*,*,#1492,.T.);
#1516=ORIENTED_EDGE('',*,*,#1515,.F.);
#1517=EDGE_LOOP('',(#1512,#1513,#1514,#1516));
#1518=FACE_OUTER_BOUND('',#1517,.F.);
#1520=CARTESIAN_POINT('',(5.15E0,0.E0,3.75E0));
#1521=DIRECTION('',(9.848077530122E-1,1.736481776669E-1,0.E0));
#1522=DIRECTION('',(0.E0,0.E0,-1.E0));
#1523=AXIS2_PLACEMENT_3D('',#1520,#1521,#1522);
#1524=PLANE('',#1523);
#1525=ORIENTED_EDGE('',*,*,#1511,.T.);
#1527=ORIENTED_EDGE('',*,*,#1526,.T.);
#1529=ORIENTED_EDGE('',*,*,#1528,.T.);
#1531=ORIENTED_EDGE('',*,*,#1530,.F.);
#1532=ORIENTED_EDGE('',*,*,#1377,.T.);
#1534=ORIENTED_EDGE('',*,*,#1533,.F.);
#1536=ORIENTED_EDGE('',*,*,#1535,.T.);
#1537=EDGE_LOOP('',(#1525,#1527,#1529,#1531,#1532,#1534,#1536));
#1538=FACE_OUTER_BOUND('',#1537,.F.);
#1540=CARTESIAN_POINT('',(4.802679207403E0,8.18E-1,3.599640758006E0));
#1541=DIRECTION('',(0.E0,0.E0,-1.E0));
#1542=DIRECTION('',(0.E0,1.E0,0.E0));
#1543=AXIS2_PLACEMENT_3D('',#1540,#1541,#1542);
#1544=CYLINDRICAL_SURFACE('',#1543,2.E-1);
#1546=ORIENTED_EDGE('',*,*,#1545,.T.);
#1548=ORIENTED_EDGE('',*,*,#1547,.F.);
#1549=ORIENTED_EDGE('',*,*,#1526,.F.);
#1551=ORIENTED_EDGE('',*,*,#1550,.F.);
#1552=EDGE_LOOP('',(#1546,#1548,#1549,#1551));
#1553=FACE_OUTER_BOUND('',#1552,.F.);
#1555=CARTESIAN_POINT('',(0.E0,1.018E0,0.E0));
#1556=DIRECTION('',(0.E0,1.E0,0.E0));
#1557=DIRECTION('',(1.E0,0.E0,0.E0));
#1558=AXIS2_PLACEMENT_3D('',#1555,#1556,#1557);
#1559=PLANE('',#1558);
#1561=ORIENTED_EDGE('',*,*,#1560,.T.);
#1562=ORIENTED_EDGE('',*,*,#1545,.F.);
#1564=ORIENTED_EDGE('',*,*,#1563,.F.);
#1566=ORIENTED_EDGE('',*,*,#1565,.F.);
#1567=EDGE_LOOP('',(#1561,#1562,#1564,#1566));
#1568=FACE_OUTER_BOUND('',#1567,.F.);
#1570=CARTESIAN_POINT('',(-4.802679207403E0,8.18E-1,-3.069230527364E0));
#1571=DIRECTION('',(-1.E0,0.E0,0.E0));
#1572=DIRECTION('',(0.E0,1.E0,0.E0));
#1573=AXIS2_PLACEMENT_3D('',#1570,#1571,#1572);
#1574=CYLINDRICAL_SURFACE('',#1573,2.E-1);
#1575=ORIENTED_EDGE('',*,*,#1560,.F.);
#1577=ORIENTED_EDGE('',*,*,#1576,.F.);
#1579=ORIENTED_EDGE('',*,*,#1578,.T.);
#1581=ORIENTED_EDGE('',*,*,#1580,.F.);
#1582=EDGE_LOOP('',(#1575,#1577,#1579,#1581));
#1583=FACE_OUTER_BOUND('',#1582,.F.);
#1585=CARTESIAN_POINT('',(-4.802679207403E0,8.18E-1,-3.069230527364E0));
#1586=DIRECTION('',(0.E0,3.826834323651E-1,9.238795325113E-1));
#1587=DIRECTION('',(0.E0,9.238795325113E-1,-3.826834323651E-1));
#1588=AXIS2_PLACEMENT_3D('',#1585,#1586,#1587);
#1589=SPHERICAL_SURFACE('',#1588,2.E-1);
#1591=ORIENTED_EDGE('',*,*,#1590,.T.);
#1593=ORIENTED_EDGE('',*,*,#1592,.T.);
#1594=ORIENTED_EDGE('',*,*,#1576,.T.);
#1595=EDGE_LOOP('',(#1591,#1593,#1594));
#1596=FACE_OUTER_BOUND('',#1595,.F.);
#1598=CARTESIAN_POINT('',(-4.802679207403E0,8.18E-1,-3.152073239839E0));
#1599=DIRECTION('',(0.E0,0.E0,1.E0));
#1600=DIRECTION('',(0.E0,1.E0,0.E0));
#1601=AXIS2_PLACEMENT_3D('',#1598,#1599,#1600);
#1602=CYLINDRICAL_SURFACE('',#1601,2.E-1);
#1603=ORIENTED_EDGE('',*,*,#1565,.T.);
#1605=ORIENTED_EDGE('',*,*,#1604,.F.);
#1606=ORIENTED_EDGE('',*,*,#1468,.F.);
#1607=ORIENTED_EDGE('',*,*,#1590,.F.);
#1608=EDGE_LOOP('',(#1603,#1605,#1606,#1607));
#1609=FACE_OUTER_BOUND('',#1608,.F.);
#1611=CARTESIAN_POINT('',(-4.802679207403E0,8.18E-1,3.402679207403E0));
#1612=DIRECTION('',(0.E0,-6.427876096865E-1,7.660444431190E-1));
#1613=DIRECTION('',(0.E0,7.660444431190E-1,6.427876096865E-1));
#1614=AXIS2_PLACEMENT_3D('',#1611,#1612,#1613);
#1615=SPHERICAL_SURFACE('',#1614,2.E-1);
#1616=ORIENTED_EDGE('',*,*,#1482,.T.);
#1617=ORIENTED_EDGE('',*,*,#1604,.T.);
#1619=ORIENTED_EDGE('',*,*,#1618,.T.);
#1620=EDGE_LOOP('',(#1616,#1617,#1619));
#1621=FACE_OUTER_BOUND('',#1620,.F.);
#1623=CARTESIAN_POINT('',(-4.802679207403E0,8.18E-1,3.402679207403E0));
#1624=DIRECTION('',(1.E0,0.E0,0.E0));
#1625=DIRECTION('',(0.E0,1.E0,0.E0));
#1626=AXIS2_PLACEMENT_3D('',#1623,#1624,#1625);
#1627=CYLINDRICAL_SURFACE('',#1626,2.E-1);
#1628=ORIENTED_EDGE('',*,*,#1563,.T.);
#1630=ORIENTED_EDGE('',*,*,#1629,.F.);
#1631=ORIENTED_EDGE('',*,*,#1501,.F.);
#1632=ORIENTED_EDGE('',*,*,#1618,.F.);
#1633=EDGE_LOOP('',(#1628,#1630,#1631,#1632));
#1634=FACE_OUTER_BOUND('',#1633,.F.);
#1636=CARTESIAN_POINT('',(4.802679207403E0,8.18E-1,3.402679207403E0));
#1637=DIRECTION('',(-7.071067811865E-1,0.E0,7.071067811865E-1));
#1638=DIRECTION('',(6.860968888034E-1,2.419547857524E-1,6.860968888034E-1));
#1639=AXIS2_PLACEMENT_3D('',#1636,#1637,#1638);
#1640=SPHERICAL_SURFACE('',#1639,2.E-1);
#1641=ORIENTED_EDGE('',*,*,#1629,.T.);
#1642=ORIENTED_EDGE('',*,*,#1550,.T.);
#1643=ORIENTED_EDGE('',*,*,#1515,.T.);
#1644=EDGE_LOOP('',(#1641,#1642,#1643));
#1645=FACE_OUTER_BOUND('',#1644,.F.);
#1647=CARTESIAN_POINT('',(-4.792350212015E0,8.765786437627E-1,
-3.010651883601E0));
#1648=DIRECTION('',(-1.237240302065E-1,-7.016738431599E-1,-7.016738431599E-1));
#1649=DIRECTION('',(-9.848077530122E-1,1.736481776669E-1,0.E0));
#1650=AXIS2_PLACEMENT_3D('',#1647,#1648,#1649);
#1651=CYLINDRICAL_SURFACE('',#1650,2.E-1);
#1652=ORIENTED_EDGE('',*,*,#1466,.T.);
#1654=ORIENTED_EDGE('',*,*,#1653,.F.);
#1656=ORIENTED_EDGE('',*,*,#1655,.F.);
#1657=ORIENTED_EDGE('',*,*,#1592,.F.);
#1658=EDGE_LOOP('',(#1652,#1654,#1656,#1657));
#1659=FACE_OUTER_BOUND('',#1658,.F.);
#1661=CARTESIAN_POINT('',(-4.874061901258E0,4.131686261059E-1,
-3.474061901258E0));
#1662=DIRECTION('',(0.E0,8.870108331782E-1,4.617486132350E-1));
#1663=DIRECTION('',(0.E0,4.617486132350E-1,-8.870108331782E-1));
#1664=AXIS2_PLACEMENT_3D('',#1661,#1662,#1663);
#1665=SPHERICAL_SURFACE('',#1664,2.E-1);
#1666=ORIENTED_EDGE('',*,*,#1653,.T.);
#1667=ORIENTED_EDGE('',*,*,#1447,.T.);
#1669=ORIENTED_EDGE('',*,*,#1668,.T.);
#1670=EDGE_LOOP('',(#1666,#1667,#1669));
#1671=FACE_OUTER_BOUND('',#1670,.F.);
#1673=CARTESIAN_POINT('',(4.874061901258E0,4.131686261059E-1,
-3.474061901258E0));
#1674=DIRECTION('',(1.E0,0.E0,0.E0));
#1675=DIRECTION('',(0.E0,1.736481776669E-1,-9.848077530122E-1));
#1676=AXIS2_PLACEMENT_3D('',#1673,#1674,#1675);
#1677=CYLINDRICAL_SURFACE('',#1676,2.E-1);
#1678=ORIENTED_EDGE('',*,*,#1433,.F.);
#1680=ORIENTED_EDGE('',*,*,#1679,.F.);
#1682=ORIENTED_EDGE('',*,*,#1681,.T.);
#1683=ORIENTED_EDGE('',*,*,#1668,.F.);
#1684=EDGE_LOOP('',(#1678,#1680,#1682,#1683));
#1685=FACE_OUTER_BOUND('',#1684,.F.);
#1687=CARTESIAN_POINT('',(4.874061901258E0,4.131686261059E-1,
-3.474061901258E0));
#1688=DIRECTION('',(0.E0,-8.870108331782E-1,-4.617486132350E-1));
#1689=DIRECTION('',(0.E0,4.617486132350E-1,-8.870108331782E-1));
#1690=AXIS2_PLACEMENT_3D('',#1687,#1688,#1689);
#1691=SPHERICAL_SURFACE('',#1690,2.E-1);
#1693=ORIENTED_EDGE('',*,*,#1692,.T.);
#1695=ORIENTED_EDGE('',*,*,#1694,.T.);
#1696=ORIENTED_EDGE('',*,*,#1679,.T.);
#1697=EDGE_LOOP('',(#1693,#1695,#1696));
#1698=FACE_OUTER_BOUND('',#1697,.F.);
#1700=CARTESIAN_POINT('',(4.953038449398E0,-3.472963553339E-2,
-3.553038449398E0));
#1701=DIRECTION('',(1.710878697460E-1,-9.702875252478E-1,-1.710878697460E-1));
#1702=DIRECTION('',(0.E0,1.736481776669E-1,-9.848077530122E-1));
#1703=AXIS2_PLACEMENT_3D('',#1700,#1701,#1702);
#1704=CYLINDRICAL_SURFACE('',#1703,2.E-1);
#1705=ORIENTED_EDGE('',*,*,#1431,.F.);
#1706=ORIENTED_EDGE('',*,*,#1323,.T.);
#1707=ORIENTED_EDGE('',*,*,#1530,.T.);
#1708=ORIENTED_EDGE('',*,*,#1692,.F.);
#1709=EDGE_LOOP('',(#1705,#1706,#1707,#1708));
#1710=FACE_OUTER_BOUND('',#1709,.F.);
#1712=CARTESIAN_POINT('',(4.792350212015E0,8.765786437627E-1,
-3.010651883601E0));
#1713=DIRECTION('',(-1.237240302065E-1,7.016738431599E-1,7.016738431599E-1));
#1714=DIRECTION('',(9.848077530122E-1,1.736481776669E-1,0.E0));
#1715=AXIS2_PLACEMENT_3D('',#1712,#1713,#1714);
#1716=CYLINDRICAL_SURFACE('',#1715,2.E-1);
#1717=ORIENTED_EDGE('',*,*,#1528,.F.);
#1719=ORIENTED_EDGE('',*,*,#1718,.F.);
#1721=ORIENTED_EDGE('',*,*,#1720,.T.);
#1722=ORIENTED_EDGE('',*,*,#1694,.F.);
#1723=EDGE_LOOP('',(#1717,#1719,#1721,#1722));
#1724=FACE_OUTER_BOUND('',#1723,.F.);
#1726=CARTESIAN_POINT('',(4.802679207403E0,8.18E-1,-3.069230527364E0));
#1727=DIRECTION('',(0.E0,-3.826834323651E-1,-9.238795325113E-1));
#1728=DIRECTION('',(0.E0,9.238795325113E-1,-3.826834323651E-1));
#1729=AXIS2_PLACEMENT_3D('',#1726,#1727,#1728);
#1730=SPHERICAL_SURFACE('',#1729,2.E-1);
#1731=ORIENTED_EDGE('',*,*,#1718,.T.);
#1732=ORIENTED_EDGE('',*,*,#1547,.T.);
#1733=ORIENTED_EDGE('',*,*,#1580,.T.);
#1734=EDGE_LOOP('',(#1731,#1732,#1733));
#1735=FACE_OUTER_BOUND('',#1734,.F.);
#1737=CARTESIAN_POINT('',(-6.18E0,1.018E0,-3.152073239839E0));
#1738=DIRECTION('',(0.E0,-7.071067811865E-1,7.071067811865E-1));
#1739=DIRECTION('',(0.E0,-7.071067811865E-1,-7.071067811865E-1));
#1740=AXIS2_PLACEMENT_3D('',#1737,#1738,#1739);
#1741=PLANE('',#1740);
#1742=ORIENTED_EDGE('',*,*,#1655,.T.);
#1743=ORIENTED_EDGE('',*,*,#1681,.F.);
#1744=ORIENTED_EDGE('',*,*,#1720,.F.);
#1745=ORIENTED_EDGE('',*,*,#1578,.F.);
#1746=EDGE_LOOP('',(#1742,#1743,#1744,#1745));
#1747=FACE_OUTER_BOUND('',#1746,.F.);
#1749=CARTESIAN_POINT('',(5.15E0,0.E0,-3.55E0));
#1750=DIRECTION('',(1.E0,0.E0,0.E0));
#1751=DIRECTION('',(0.E0,0.E0,1.E0));
#1752=AXIS2_PLACEMENT_3D('',#1749,#1750,#1751);
#1753=PLANE('',#1752);
#1755=ORIENTED_EDGE('',*,*,#1754,.T.);
#1757=ORIENTED_EDGE('',*,*,#1756,.F.);
#1758=ORIENTED_EDGE('',*,*,#1533,.T.);
#1759=ORIENTED_EDGE('',*,*,#1375,.T.);
#1760=EDGE_LOOP('',(#1755,#1757,#1758,#1759));
#1761=FACE_OUTER_BOUND('',#1760,.F.);
#1763=CARTESIAN_POINT('',(5.15E0,-2.5E-1,-3.75E0));
#1764=DIRECTION('',(9.848077530122E-1,-1.736481776669E-1,0.E0));
#1765=DIRECTION('',(0.E0,0.E0,1.E0));
#1766=AXIS2_PLACEMENT_3D('',#1763,#1764,#1765);
#1767=PLANE('',#1766);
#1768=ORIENTED_EDGE('',*,*,#1754,.F.);
#1769=ORIENTED_EDGE('',*,*,#1373,.F.);
#1771=ORIENTED_EDGE('',*,*,#1770,.T.);
#1773=ORIENTED_EDGE('',*,*,#1772,.T.);
#1775=ORIENTED_EDGE('',*,*,#1774,.F.);
#1777=ORIENTED_EDGE('',*,*,#1776,.F.);
#1778=EDGE_LOOP('',(#1768,#1769,#1771,#1773,#1775,#1777));
#1779=FACE_OUTER_BOUND('',#1778,.F.);
#1781=CARTESIAN_POINT('',(4.953038449398E0,-2.152703644666E-1,
-3.553038449398E0));
#1782=DIRECTION('',(1.710878697460E-1,9.702875252478E-1,-1.710878697460E-1));
#1783=DIRECTION('',(9.848077530122E-1,-1.736481776669E-1,0.E0));
#1784=AXIS2_PLACEMENT_3D('',#1781,#1782,#1783);
#1785=CYLINDRICAL_SURFACE('',#1784,2.E-1);
#1786=ORIENTED_EDGE('',*,*,#1770,.F.);
#1788=ORIENTED_EDGE('',*,*,#1787,.T.);
#1789=ORIENTED_EDGE('',*,*,#1400,.T.);
#1791=ORIENTED_EDGE('',*,*,#1790,.F.);
#1792=EDGE_LOOP('',(#1786,#1788,#1789,#1791));
#1793=FACE_OUTER_BOUND('',#1792,.F.);
#1795=CARTESIAN_POINT('',(-5.15E0,-2.5E-1,-3.75E0));
#1796=DIRECTION('',(0.E0,-1.E0,0.E0));
#1797=DIRECTION('',(1.E0,0.E0,0.E0));
#1798=AXIS2_PLACEMENT_3D('',#1795,#1796,#1797);
#1799=PLANE('',#1798);
#1801=ORIENTED_EDGE('',*,*,#1800,.F.);
#1803=ORIENTED_EDGE('',*,*,#1802,.F.);
#1804=EDGE_LOOP('',(#1801,#1803));
#1805=FACE_OUTER_BOUND('',#1804,.F.);
#1807=CARTESIAN_POINT('',(-5.15E0,-2.5E-1,-3.75E0));
#1808=DIRECTION('',(0.E0,-1.E0,0.E0));
#1809=DIRECTION('',(1.E0,0.E0,0.E0));
#1810=AXIS2_PLACEMENT_3D('',#1807,#1808,#1809);
#1811=PLANE('',#1810);
#1812=ORIENTED_EDGE('',*,*,#1371,.F.);
#1813=ORIENTED_EDGE('',*,*,#1787,.F.);
#1814=EDGE_LOOP('',(#1812,#1813));
#1815=FACE_OUTER_BOUND('',#1814,.F.);
#1817=CARTESIAN_POINT('',(-5.15E0,-2.5E-1,-3.75E0));
#1818=DIRECTION('',(0.E0,-1.E0,0.E0));
#1819=DIRECTION('',(1.E0,0.E0,0.E0));
#1820=AXIS2_PLACEMENT_3D('',#1817,#1818,#1819);
#1821=PLANE('',#1820);
#1823=ORIENTED_EDGE('',*,*,#1822,.F.);
#1825=ORIENTED_EDGE('',*,*,#1824,.F.);
#1826=EDGE_LOOP('',(#1823,#1825));
#1827=FACE_OUTER_BOUND('',#1826,.F.);
#1829=CARTESIAN_POINT('',(-5.15E0,-2.5E-1,-3.75E0));
#1830=DIRECTION('',(0.E0,-1.E0,0.E0));
#1831=DIRECTION('',(1.E0,0.E0,0.E0));
#1832=AXIS2_PLACEMENT_3D('',#1829,#1830,#1831);
#1833=PLANE('',#1832);
#1835=ORIENTED_EDGE('',*,*,#1834,.F.);
#1837=ORIENTED_EDGE('',*,*,#1836,.F.);
#1838=EDGE_LOOP('',(#1835,#1837));
#1839=FACE_OUTER_BOUND('',#1838,.F.);
#1841=CARTESIAN_POINT('',(-4.95E0,0.E0,-3.55E0));
#1842=DIRECTION('',(0.E0,-1.E0,0.E0));
#1843=DIRECTION('',(1.E0,0.E0,0.E0));
#1844=AXIS2_PLACEMENT_3D('',#1841,#1842,#1843);
#1845=CYLINDRICAL_SURFACE('',#1844,2.E-1);
#1847=ORIENTED_EDGE('',*,*,#1846,.T.);
#1848=ORIENTED_EDGE('',*,*,#1800,.T.);
#1849=ORIENTED_EDGE('',*,*,#1394,.T.);
#1850=ORIENTED_EDGE('',*,*,#1415,.F.);
#1851=ORIENTED_EDGE('',*,*,#1427,.F.);
#1852=ORIENTED_EDGE('',*,*,#1357,.F.);
#1853=ORIENTED_EDGE('',*,*,#1463,.F.);
#1855=ORIENTED_EDGE('',*,*,#1854,.T.);
#1856=EDGE_LOOP('',(#1847,#1848,#1849,#1850,#1851,#1852,#1853,#1855));
#1857=FACE_OUTER_BOUND('',#1856,.F.);
#1859=CARTESIAN_POINT('',(-5.15E0,-2.5E-1,3.75E0));
#1860=DIRECTION('',(-9.848077530122E-1,-1.736481776669E-1,0.E0));
#1861=DIRECTION('',(0.E0,0.E0,-1.E0));
#1862=AXIS2_PLACEMENT_3D('',#1859,#1860,#1861);
#1863=PLANE('',#1862);
#1865=ORIENTED_EDGE('',*,*,#1864,.F.);
#1867=ORIENTED_EDGE('',*,*,#1866,.F.);
#1869=ORIENTED_EDGE('',*,*,#1868,.T.);
#1871=ORIENTED_EDGE('',*,*,#1870,.T.);
#1873=ORIENTED_EDGE('',*,*,#1872,.F.);
#1874=ORIENTED_EDGE('',*,*,#1846,.F.);
#1875=EDGE_LOOP('',(#1865,#1867,#1869,#1871,#1873,#1874));
#1876=FACE_OUTER_BOUND('',#1875,.F.);
#1878=CARTESIAN_POINT('',(-5.15E0,0.E0,3.55E0));
#1879=DIRECTION('',(-1.E0,0.E0,0.E0));
#1880=DIRECTION('',(0.E0,0.E0,-1.E0));
#1881=AXIS2_PLACEMENT_3D('',#1878,#1879,#1880);
#1882=PLANE('',#1881);
#1883=ORIENTED_EDGE('',*,*,#1864,.T.);
#1884=ORIENTED_EDGE('',*,*,#1854,.F.);
#1885=ORIENTED_EDGE('',*,*,#1461,.F.);
#1887=ORIENTED_EDGE('',*,*,#1886,.T.);
#1888=EDGE_LOOP('',(#1883,#1884,#1885,#1887));
#1889=FACE_OUTER_BOUND('',#1888,.F.);
#1891=CARTESIAN_POINT('',(-4.95E0,0.E0,3.55E0));
#1892=DIRECTION('',(0.E0,-1.E0,0.E0));
#1893=DIRECTION('',(1.E0,0.E0,0.E0));
#1894=AXIS2_PLACEMENT_3D('',#1891,#1892,#1893);
#1895=CYLINDRICAL_SURFACE('',#1894,2.E-1);
#1897=ORIENTED_EDGE('',*,*,#1896,.T.);
#1898=ORIENTED_EDGE('',*,*,#1834,.T.);
#1899=ORIENTED_EDGE('',*,*,#1866,.T.);
#1900=ORIENTED_EDGE('',*,*,#1886,.F.);
#1901=ORIENTED_EDGE('',*,*,#1459,.F.);
#1902=ORIENTED_EDGE('',*,*,#1345,.F.);
#1903=ORIENTED_EDGE('',*,*,#1498,.F.);
#1905=ORIENTED_EDGE('',*,*,#1904,.T.);
#1906=EDGE_LOOP('',(#1897,#1898,#1899,#1900,#1901,#1902,#1903,#1905));
#1907=FACE_OUTER_BOUND('',#1906,.F.);
#1909=CARTESIAN_POINT('',(5.15E0,-2.5E-1,3.75E0));
#1910=DIRECTION('',(0.E0,-1.736481776669E-1,9.848077530122E-1));
#1911=DIRECTION('',(-1.E0,0.E0,0.E0));
#1912=AXIS2_PLACEMENT_3D('',#1909,#1910,#1911);
#1913=PLANE('',#1912);
#1915=ORIENTED_EDGE('',*,*,#1914,.F.);
#1917=ORIENTED_EDGE('',*,*,#1916,.F.);
#1919=ORIENTED_EDGE('',*,*,#1918,.T.);
#1921=ORIENTED_EDGE('',*,*,#1920,.T.);
#1923=ORIENTED_EDGE('',*,*,#1922,.F.);
#1924=ORIENTED_EDGE('',*,*,#1896,.F.);
#1925=EDGE_LOOP('',(#1915,#1917,#1919,#1921,#1923,#1924));
#1926=FACE_OUTER_BOUND('',#1925,.F.);
#1928=CARTESIAN_POINT('',(4.95E0,0.E0,3.75E0));
#1929=DIRECTION('',(0.E0,0.E0,1.E0));
#1930=DIRECTION('',(-1.E0,0.E0,0.E0));
#1931=AXIS2_PLACEMENT_3D('',#1928,#1929,#1930);
#1932=PLANE('',#1931);
#1933=ORIENTED_EDGE('',*,*,#1914,.T.);
#1934=ORIENTED_EDGE('',*,*,#1904,.F.);
#1935=ORIENTED_EDGE('',*,*,#1496,.T.);
#1937=ORIENTED_EDGE('',*,*,#1936,.T.);
#1938=EDGE_LOOP('',(#1933,#1934,#1935,#1937));
#1939=FACE_OUTER_BOUND('',#1938,.F.);
#1941=CARTESIAN_POINT('',(4.95E0,0.E0,3.55E0));
#1942=DIRECTION('',(0.E0,-1.E0,0.E0));
#1943=DIRECTION('',(1.E0,0.E0,0.E0));
#1944=AXIS2_PLACEMENT_3D('',#1941,#1942,#1943);
#1945=CYLINDRICAL_SURFACE('',#1944,2.E-1);
#1946=ORIENTED_EDGE('',*,*,#1776,.T.);
#1947=ORIENTED_EDGE('',*,*,#1822,.T.);
#1948=ORIENTED_EDGE('',*,*,#1916,.T.);
#1949=ORIENTED_EDGE('',*,*,#1936,.F.);
#1950=ORIENTED_EDGE('',*,*,#1494,.F.);
#1951=ORIENTED_EDGE('',*,*,#1333,.F.);
#1952=ORIENTED_EDGE('',*,*,#1535,.F.);
#1953=ORIENTED_EDGE('',*,*,#1756,.T.);
#1954=EDGE_LOOP('',(#1946,#1947,#1948,#1949,#1950,#1951,#1952,#1953));
#1955=FACE_OUTER_BOUND('',#1954,.F.);
#1957=CARTESIAN_POINT('',(4.953038449398E0,-2.152703644666E-1,
3.553038449398E0));
#1958=DIRECTION('',(1.710878697460E-1,9.702875252478E-1,1.710878697460E-1));
#1959=DIRECTION('',(0.E0,-1.736481776669E-1,9.848077530122E-1));
#1960=AXIS2_PLACEMENT_3D('',#1957,#1958,#1959);
#1961=CYLINDRICAL_SURFACE('',#1960,2.E-1);
#1962=ORIENTED_EDGE('',*,*,#1918,.F.);
#1963=ORIENTED_EDGE('',*,*,#1824,.T.);
#1964=ORIENTED_EDGE('',*,*,#1774,.T.);
#1966=ORIENTED_EDGE('',*,*,#1965,.F.);
#1967=EDGE_LOOP('',(#1962,#1963,#1964,#1966));
#1968=FACE_OUTER_BOUND('',#1967,.F.);
#1970=CARTESIAN_POINT('',(4.802679207403E0,-1.068E0,3.402679207403E0));
#1971=DIRECTION('',(-7.660444431190E-1,-6.427876096865E-1,0.E0));
#1972=DIRECTION('',(6.427876096865E-1,-7.660444431190E-1,0.E0));
#1973=AXIS2_PLACEMENT_3D('',#1970,#1971,#1972);
#1974=SPHERICAL_SURFACE('',#1973,2.E-1);
#1976=ORIENTED_EDGE('',*,*,#1975,.T.);
#1977=ORIENTED_EDGE('',*,*,#1965,.T.);
#1979=ORIENTED_EDGE('',*,*,#1978,.T.);
#1980=EDGE_LOOP('',(#1976,#1977,#1979));
#1981=FACE_OUTER_BOUND('',#1980,.F.);
#1983=CARTESIAN_POINT('',(4.970499133639E0,-1.068E0,3.402679207403E0));
#1984=DIRECTION('',(-1.E0,0.E0,0.E0));
#1985=DIRECTION('',(0.E0,-1.E0,0.E0));
#1986=AXIS2_PLACEMENT_3D('',#1983,#1984,#1985);
#1987=CYLINDRICAL_SURFACE('',#1986,2.E-1);
#1989=ORIENTED_EDGE('',*,*,#1988,.T.);
#1991=ORIENTED_EDGE('',*,*,#1990,.F.);
#1992=ORIENTED_EDGE('',*,*,#1920,.F.);
#1993=ORIENTED_EDGE('',*,*,#1975,.F.);
#1994=EDGE_LOOP('',(#1989,#1991,#1992,#1993));
#1995=FACE_OUTER_BOUND('',#1994,.F.);
#1997=CARTESIAN_POINT('',(-5.15E0,-1.268E0,-3.75E0));
#1998=DIRECTION('',(0.E0,-1.E0,0.E0));
#1999=DIRECTION('',(1.E0,0.E0,0.E0));
#2000=AXIS2_PLACEMENT_3D('',#1997,#1998,#1999);
#2001=PLANE('',#2000);
#2003=ORIENTED_EDGE('',*,*,#2002,.F.);
#2005=ORIENTED_EDGE('',*,*,#2004,.F.);
#2006=ORIENTED_EDGE('',*,*,#1988,.F.);
#2008=ORIENTED_EDGE('',*,*,#2007,.F.);
#2009=EDGE_LOOP('',(#2003,#2005,#2006,#2008));
#2010=FACE_OUTER_BOUND('',#2009,.F.);
#2012=CARTESIAN_POINT('',(-4.999640758006E0,-1.068E0,-3.402679207403E0));
#2013=DIRECTION('',(1.E0,0.E0,0.E0));
#2014=DIRECTION('',(0.E0,-1.E0,0.E0));
#2015=AXIS2_PLACEMENT_3D('',#2012,#2013,#2014);
#2016=CYLINDRICAL_SURFACE('',#2015,2.E-1);
#2017=ORIENTED_EDGE('',*,*,#2002,.T.);
#2019=ORIENTED_EDGE('',*,*,#2018,.F.);
#2020=ORIENTED_EDGE('',*,*,#1398,.F.);
#2022=ORIENTED_EDGE('',*,*,#2021,.F.);
#2023=EDGE_LOOP('',(#2017,#2019,#2020,#2022));
#2024=FACE_OUTER_BOUND('',#2023,.F.);
#2026=CARTESIAN_POINT('',(4.802679207403E0,-1.068E0,-3.402679207403E0));
#2027=DIRECTION('',(-7.071067811865E-1,0.E0,-7.071067811866E-1));
#2028=DIRECTION('',(6.860968888034E-1,-2.419547857524E-1,-6.860968888034E-1));
#2029=AXIS2_PLACEMENT_3D('',#2026,#2027,#2028);
#2030=SPHERICAL_SURFACE('',#2029,2.E-1);
#2031=ORIENTED_EDGE('',*,*,#2018,.T.);
#2033=ORIENTED_EDGE('',*,*,#2032,.T.);
#2034=ORIENTED_EDGE('',*,*,#1790,.T.);
#2035=EDGE_LOOP('',(#2031,#2033,#2034));
#2036=FACE_OUTER_BOUND('',#2035,.F.);
#2038=CARTESIAN_POINT('',(4.802679207403E0,-1.068E0,-3.599640758006E0));
#2039=DIRECTION('',(0.E0,0.E0,1.E0));
#2040=DIRECTION('',(0.E0,-1.E0,0.E0));
#2041=AXIS2_PLACEMENT_3D('',#2038,#2039,#2040);
#2042=CYLINDRICAL_SURFACE('',#2041,2.E-1);
#2043=ORIENTED_EDGE('',*,*,#2007,.T.);
#2044=ORIENTED_EDGE('',*,*,#1978,.F.);
#2045=ORIENTED_EDGE('',*,*,#1772,.F.);
#2046=ORIENTED_EDGE('',*,*,#2032,.F.);
#2047=EDGE_LOOP('',(#2043,#2044,#2045,#2046));
#2048=FACE_OUTER_BOUND('',#2047,.F.);
#2050=CARTESIAN_POINT('',(-4.802679207403E0,-1.068E0,-3.402679207403E0));
#2051=DIRECTION('',(-7.071067811865E-1,0.E0,7.071067811866E-1));
#2052=DIRECTION('',(-6.860968888034E-1,-2.419547857524E-1,-6.860968888034E-1));
#2053=AXIS2_PLACEMENT_3D('',#2050,#2051,#2052);
#2054=SPHERICAL_SURFACE('',#2053,2.E-1);
#2056=ORIENTED_EDGE('',*,*,#2055,.T.);
#2057=ORIENTED_EDGE('',*,*,#2021,.T.);
#2059=ORIENTED_EDGE('',*,*,#2058,.T.);
#2060=EDGE_LOOP('',(#2056,#2057,#2059));
#2061=FACE_OUTER_BOUND('',#2060,.F.);
#2063=CARTESIAN_POINT('',(-4.802679207403E0,-1.068E0,3.402679207403E0));
#2064=DIRECTION('',(0.E0,0.E0,-1.E0));
#2065=DIRECTION('',(0.E0,-1.E0,0.E0));
#2066=AXIS2_PLACEMENT_3D('',#2063,#2064,#2065);
#2067=CYLINDRICAL_SURFACE('',#2066,2.E-1);
#2068=ORIENTED_EDGE('',*,*,#2004,.T.);
#2069=ORIENTED_EDGE('',*,*,#2055,.F.);
#2070=ORIENTED_EDGE('',*,*,#1870,.F.);
#2072=ORIENTED_EDGE('',*,*,#2071,.F.);
#2073=EDGE_LOOP('',(#2068,#2069,#2070,#2072));
#2074=FACE_OUTER_BOUND('',#2073,.F.);
#2076=CARTESIAN_POINT('',(-4.802679207403E0,-1.068E0,3.402679207403E0));
#2077=DIRECTION('',(-7.660444431190E-1,6.427876096865E-1,0.E0));
#2078=DIRECTION('',(-6.427876096865E-1,-7.660444431190E-1,0.E0));
#2079=AXIS2_PLACEMENT_3D('',#2076,#2077,#2078);
#2080=SPHERICAL_SURFACE('',#2079,2.E-1);
#2082=ORIENTED_EDGE('',*,*,#2081,.T.);
#2083=ORIENTED_EDGE('',*,*,#1990,.T.);
#2084=ORIENTED_EDGE('',*,*,#2071,.T.);
#2085=EDGE_LOOP('',(#2082,#2083,#2084));
#2086=FACE_OUTER_BOUND('',#2085,.F.);
#2088=CARTESIAN_POINT('',(-4.953038449398E0,-2.152703644666E-1,
3.553038449398E0));
#2089=DIRECTION('',(-1.710878697460E-1,9.702875252478E-1,1.710878697460E-1));
#2090=DIRECTION('',(-9.848077530122E-1,-1.736481776669E-1,0.E0));
#2091=AXIS2_PLACEMENT_3D('',#2088,#2089,#2090);
#2092=CYLINDRICAL_SURFACE('',#2091,2.E-1);
#2093=ORIENTED_EDGE('',*,*,#1868,.F.);
#2094=ORIENTED_EDGE('',*,*,#1836,.T.);
#2095=ORIENTED_EDGE('',*,*,#1922,.T.);
#2096=ORIENTED_EDGE('',*,*,#2081,.F.);
#2097=EDGE_LOOP('',(#2093,#2094,#2095,#2096));
#2098=FACE_OUTER_BOUND('',#2097,.F.);
#2100=CARTESIAN_POINT('',(-4.953038449398E0,-2.152703644666E-1,
-3.553038449398E0));
#2101=DIRECTION('',(-1.710878697460E-1,9.702875252478E-1,-1.710878697460E-1));
#2102=DIRECTION('',(0.E0,-1.736481776669E-1,-9.848077530122E-1));
#2103=AXIS2_PLACEMENT_3D('',#2100,#2101,#2102);
#2104=CYLINDRICAL_SURFACE('',#2103,2.E-1);
#2105=ORIENTED_EDGE('',*,*,#1396,.F.);
#2106=ORIENTED_EDGE('',*,*,#1802,.T.);
#2107=ORIENTED_EDGE('',*,*,#1872,.T.);
#2108=ORIENTED_EDGE('',*,*,#2058,.F.);
#2109=EDGE_LOOP('',(#2105,#2106,#2107,#2108));
#2110=FACE_OUTER_BOUND('',#2109,.F.);
#2112=CLOSED_SHELL('',(#1327,#1339,#1351,#1363,#1386,#1405,#1419,#1437,#1451,
#1472,#1486,#1505,#1519,#1539,#1554,#1569,#1584,#1597,#1610,#1622,#1635,#1646,
#1660,#1672,#1686,#1699,#1711,#1725,#1736,#1748,#1762,#1780,#1794,#1806,#1816,
#1828,#1840,#1858,#1877,#1890,#1908,#1927,#1940,#1956,#1969,#1982,#1996,#2011,
#2025,#2037,#2049,#2062,#2075,#2087,#2099,#2111));
#2113=MANIFOLD_SOLID_BREP('',#2112);
#2114=FILL_AREA_STYLE_COLOUR('',#3);
#2115=FILL_AREA_STYLE('',(#2114));
#2116=SURFACE_STYLE_FILL_AREA(#2115);
#2117=SURFACE_SIDE_STYLE('',(#2116));
#2118=SURFACE_STYLE_USAGE(.BOTH.,#2117);
#2119=PRESENTATION_STYLE_ASSIGNMENT((#2118));
#28=STYLED_ITEM('',(#2119),#2113);
#2122=PLANE_ANGLE_MEASURE_WITH_UNIT(PLANE_ANGLE_MEASURE(1.745329251994E-2),
#2121);
#2123=(CONVERSION_BASED_UNIT('DEGREE',#2122)NAMED_UNIT(*)PLANE_ANGLE_UNIT());
#2125=UNCERTAINTY_MEASURE_WITH_UNIT(LENGTH_MEASURE(1.079235630049E-4),#2120,
'distance_accuracy_value',
'Maximum model space distance between geometric entities at asserted connectivities');
#2127=CARTESIAN_POINT('',(0.E0,0.E0,0.E0));
#2128=DIRECTION('',(0.E0,0.E0,1.E0));
#2129=DIRECTION('',(1.E0,0.E0,0.E0));
#2132=APPLICATION_CONTEXT('automotive_design');
#2133=APPLICATION_PROTOCOL_DEFINITION('international standard',
'automotive_design',2001,#2132);
#2134=PRODUCT_DEFINITION_CONTEXT('part definition',#2132,'design');
#2135=PRODUCT_CONTEXT('',#2132,'mechanical');
#2136=PRODUCT('BODY','BODY','NOT SPECIFIED',(#2135));
#2137=PRODUCT_DEFINITION_FORMATION('4','LAST_VERSION',#2136);
#2145=DERIVED_UNIT_ELEMENT(#2144,2.E0);
#2146=DERIVED_UNIT((#2145));
#2147=MEASURE_REPRESENTATION_ITEM('surface area measure',AREA_MEASURE(
2.164766637926E2),#2146);
#2152=DERIVED_UNIT_ELEMENT(#2151,3.E0);
#2153=DERIVED_UNIT((#2152));
#2154=MEASURE_REPRESENTATION_ITEM('volume measure',VOLUME_MEASURE(
1.687052944206E2),#2153);
#2158=CARTESIAN_POINT('centre point',(-7.015306607872E-9,-1.308140936283E-1,
2.080606276688E-2));
#2163=DERIVED_UNIT_ELEMENT(#2162,2.E0);
#2164=DERIVED_UNIT((#2163));
#2165=MEASURE_REPRESENTATION_ITEM('surface area measure',AREA_MEASURE(
2.164766637926E2),#2164);
#2170=DERIVED_UNIT_ELEMENT(#2169,3.E0);
#2171=DERIVED_UNIT((#2170));
#2172=MEASURE_REPRESENTATION_ITEM('volume measure',VOLUME_MEASURE(
1.687052944206E2),#2171);
#2176=CARTESIAN_POINT('centre point',(-7.015306607872E-9,-1.308140936283E-1,
2.080606276688E-2));
#2186=CARTESIAN_POINT('centre point',(2.080606276688E-2,-7.015306607872E-9,
1.437185906372E0));
#2190=CARTESIAN_POINT('',(0.E0,0.E0,1.568E0));
#2191=DIRECTION('',(1.E0,0.E0,0.E0));
#2192=DIRECTION('',(0.E0,1.E0,0.E0));
#2193=AXIS2_PLACEMENT_3D('',#2190,#2191,#2192);
#2194=ITEM_DEFINED_TRANSFORMATION('','',#2130,#2193);
#2195=(REPRESENTATION_RELATIONSHIP('','',#2131,#2183)REPRESENTATION_RELATIONSHIP_WITH_TRANSFORMATION(#2194)SHAPE_REPRESENTATION_RELATIONSHIP());
#2196=CONTEXT_DEPENDENT_SHAPE_REPRESENTATION(#2195,#2185);
#2198=DIRECTION('',(0.E0,0.E0,-1.E0));
#2199=VECTOR('',#2198,2.424268436150E-1);
#2200=CARTESIAN_POINT('',(-1.6E-1,1.068E0,-3.225731563850E-1));
#2201=LINE('',#2200,#2199);
#2202=CURVE_STYLE('',#52,POSITIVE_LENGTH_MEASURE(2.E-2),#22);
#2203=PRESENTATION_STYLE_ASSIGNMENT((#2202));
#2204=STYLED_ITEM('',(#2203),#2201);
#2205=DIRECTION('',(0.E0,1.E0,0.E0));
#2206=VECTOR('',#2205,2.5E-1);
#2207=CARTESIAN_POINT('',(-1.6E-1,1.068E0,-5.65E-1));
#2208=LINE('',#2207,#2206);
#2209=CURVE_STYLE('',#52,POSITIVE_LENGTH_MEASURE(2.E-2),#22);
#2210=PRESENTATION_STYLE_ASSIGNMENT((#2209));
#2211=STYLED_ITEM('',(#2210),#2208);
#2212=DIRECTION('',(0.E0,0.E0,1.E0));
#2213=VECTOR('',#2212,2.424268436150E-1);
#2214=CARTESIAN_POINT('',(-1.6E-1,1.318E0,-5.65E-1));
#2215=LINE('',#2214,#2213);
#2216=CURVE_STYLE('',#52,POSITIVE_LENGTH_MEASURE(2.E-2),#22);
#2217=PRESENTATION_STYLE_ASSIGNMENT((#2216));
#2218=STYLED_ITEM('',(#2217),#2215);
#2219=DIRECTION('',(0.E0,-6.975647374413E-2,9.975640502598E-1));
#2220=VECTOR('',#2219,4.824203527525E-1);
#2221=CARTESIAN_POINT('',(-1.6E-1,3.304295523537E-2,3.711939174165E-1));
#2222=LINE('',#2221,#2220);
#2223=CURVE_STYLE('',#52,POSITIVE_LENGTH_MEASURE(2.E-2),#22);
#2224=PRESENTATION_STYLE_ASSIGNMENT((#2223));
#2225=STYLED_ITEM('',(#2224),#2222);
#2226=DIRECTION('',(0.E0,-9.975640502598E-1,-6.975647374413E-2));
#2227=VECTOR('',#2226,2.5E-1);
#2228=CARTESIAN_POINT('',(-1.6E-1,-6.089874350439E-4,8.524391184360E-1));
#2229=LINE('',#2228,#2227);
#2230=CURVE_STYLE('',#52,POSITIVE_LENGTH_MEASURE(2.E-2),#22);
#2231=PRESENTATION_STYLE_ASSIGNMENT((#2230));
#2232=STYLED_ITEM('',(#2231),#2229);
#2233=DIRECTION('',(0.E0,6.975647374413E-2,-9.975640502598E-1));
#2234=VECTOR('',#2233,4.824203527525E-1);
#2235=CARTESIAN_POINT('',(-1.6E-1,-2.5E-1,8.35E-1));
#2236=LINE('',#2235,#2234);
#2237=CURVE_STYLE('',#52,POSITIVE_LENGTH_MEASURE(2.E-2),#22);
#2238=PRESENTATION_STYLE_ASSIGNMENT((#2237));
#2239=STYLED_ITEM('',(#2238),#2236);
#2240=DIRECTION('',(0.E0,9.848077530122E-1,-1.736481776669E-1));
#2241=VECTOR('',#2240,8.268885531236E-1);
#2242=CARTESIAN_POINT('',(1.6E-1,1.214574504335E-1,-2.141622551949E-2));
#2243=LINE('',#2242,#2241);
#2244=CURVE_STYLE('',#52,POSITIVE_LENGTH_MEASURE(2.E-2),#22);
#2245=PRESENTATION_STYLE_ASSIGNMENT((#2244));
#2246=STYLED_ITEM('',(#2245),#2243);
#2247=DIRECTION('',(0.E0,-9.848077530122E-1,1.736481776669E-1));
#2248=VECTOR('',#2247,8.268885531236E-1);
#2249=CARTESIAN_POINT('',(-1.6E-1,9.357837084267E-1,-1.650039159031E-1));
#2250=LINE('',#2249,#2248);
#2251=CURVE_STYLE('',#52,POSITIVE_LENGTH_MEASURE(2.E-2),#22);
#2252=PRESENTATION_STYLE_ASSIGNMENT((#2251));
#2253=STYLED_ITEM('',(#2252),#2250);
#2254=DIRECTION('',(0.E0,0.E0,1.E0));
#2255=VECTOR('',#2254,2.424268436150E-1);
#2256=CARTESIAN_POINT('',(1.6E-1,1.318E0,-5.65E-1));
#2257=LINE('',#2256,#2255);
#2258=CURVE_STYLE('',#52,POSITIVE_LENGTH_MEASURE(2.E-2),#22);
#2259=PRESENTATION_STYLE_ASSIGNMENT((#2258));
#2260=STYLED_ITEM('',(#2259),#2257);
#2261=DIRECTION('',(0.E0,1.E0,0.E0));
#2262=VECTOR('',#2261,2.5E-1);
#2263=CARTESIAN_POINT('',(1.6E-1,1.068E0,-5.65E-1));
#2264=LINE('',#2263,#2262);
#2265=CURVE_STYLE('',#52,POSITIVE_LENGTH_MEASURE(2.E-2),#22);
#2266=PRESENTATION_STYLE_ASSIGNMENT((#2265));
#2267=STYLED_ITEM('',(#2266),#2264);
#2268=DIRECTION('',(0.E0,0.E0,-1.E0));
#2269=VECTOR('',#2268,2.424268436150E-1);
#2270=CARTESIAN_POINT('',(1.6E-1,1.068E0,-3.225731563850E-1));
#2271=LINE('',#2270,#2269);
#2272=CURVE_STYLE('',#52,POSITIVE_LENGTH_MEASURE(2.E-2),#22);
#2273=PRESENTATION_STYLE_ASSIGNMENT((#2272));
#2274=STYLED_ITEM('',(#2273),#2271);
#2275=DIRECTION('',(0.E0,6.975647374413E-2,-9.975640502598E-1));
#2276=VECTOR('',#2275,4.824203527525E-1);
#2277=CARTESIAN_POINT('',(1.6E-1,-2.5E-1,8.35E-1));
#2278=LINE('',#2277,#2276);
#2279=CURVE_STYLE('',#52,POSITIVE_LENGTH_MEASURE(2.E-2),#22);
#2280=PRESENTATION_STYLE_ASSIGNMENT((#2279));
#2281=STYLED_ITEM('',(#2280),#2278);
#2282=DIRECTION('',(0.E0,-9.975640502598E-1,-6.975647374413E-2));
#2283=VECTOR('',#2282,2.5E-1);
#2284=CARTESIAN_POINT('',(1.6E-1,-6.089874350439E-4,8.524391184360E-1));
#2285=LINE('',#2284,#2283);
#2286=CURVE_STYLE('',#52,POSITIVE_LENGTH_MEASURE(2.E-2),#22);
#2287=PRESENTATION_STYLE_ASSIGNMENT((#2286));
#2288=STYLED_ITEM('',(#2287),#2285);
#2289=DIRECTION('',(0.E0,-6.975647374413E-2,9.975640502598E-1));
#2290=VECTOR('',#2289,4.824203527525E-1);
#2291=CARTESIAN_POINT('',(1.6E-1,3.304295523537E-2,3.711939174165E-1));
#2292=LINE('',#2291,#2290);
#2293=CURVE_STYLE('',#52,POSITIVE_LENGTH_MEASURE(2.E-2),#22);
#2294=PRESENTATION_STYLE_ASSIGNMENT((#2293));
#2295=STYLED_ITEM('',(#2294),#2292);
#2296=DIRECTION('',(0.E0,9.848077530122E-1,-1.736481776669E-1));
#2297=VECTOR('',#2296,8.268885531236E-1);
#2298=CARTESIAN_POINT('',(-1.6E-1,1.648694948502E-1,2.247857127336E-1));
#2299=LINE('',#2298,#2297);
#2300=CURVE_STYLE('',#52,POSITIVE_LENGTH_MEASURE(2.E-2),#22);
#2301=PRESENTATION_STYLE_ASSIGNMENT((#2300));
#2302=STYLED_ITEM('',(#2301),#2299);
#2303=DIRECTION('',(0.E0,-9.848077530122E-1,1.736481776669E-1));
#2304=VECTOR('',#2303,8.268885531236E-1);
#2305=CARTESIAN_POINT('',(1.6E-1,9.791957528434E-1,8.119802234999E-2));
#2306=LINE('',#2305,#2304);
#2307=CURVE_STYLE('',#52,POSITIVE_LENGTH_MEASURE(2.E-2),#22);
#2308=PRESENTATION_STYLE_ASSIGNMENT((#2307));
#2309=STYLED_ITEM('',(#2308),#2306);
#2310=DIRECTION('',(1.E0,0.E0,0.E0));
#2311=VECTOR('',#2310,3.2E-1);
#2312=CARTESIAN_POINT('',(-1.6E-1,9.791957528434E-1,8.119802234999E-2));
#2313=LINE('',#2312,#2311);
#2314=CURVE_STYLE('',#52,POSITIVE_LENGTH_MEASURE(2.E-2),#22);
#2315=PRESENTATION_STYLE_ASSIGNMENT((#2314));
#2316=STYLED_ITEM('',(#2315),#2313);
#2317=CARTESIAN_POINT('',(-1.6E-1,9.08E-1,-3.225731563850E-1));
#2318=DIRECTION('',(-1.E0,0.E0,0.E0));
#2319=DIRECTION('',(0.E0,1.736481776669E-1,9.848077530122E-1));
#2320=AXIS2_PLACEMENT_3D('',#2317,#2318,#2319);
#2322=CURVE_STYLE('',#52,POSITIVE_LENGTH_MEASURE(2.E-2),#22);
#2323=PRESENTATION_STYLE_ASSIGNMENT((#2322));
#2324=STYLED_ITEM('',(#2323),#2321);
#2325=DIRECTION('',(1.E0,0.E0,0.E0));
#2326=VECTOR('',#2325,3.2E-1);
#2327=CARTESIAN_POINT('',(-1.6E-1,1.318E0,-3.225731563850E-1));
#2328=LINE('',#2327,#2326);
#2329=CURVE_STYLE('',#52,POSITIVE_LENGTH_MEASURE(2.E-2),#22);
#2330=PRESENTATION_STYLE_ASSIGNMENT((#2329));
#2331=STYLED_ITEM('',(#2330),#2328);
#2332=CARTESIAN_POINT('',(1.6E-1,9.08E-1,-3.225731563850E-1));
#2333=DIRECTION('',(-1.E0,0.E0,0.E0));
#2334=DIRECTION('',(0.E0,1.736481776669E-1,9.848077530122E-1));
#2335=AXIS2_PLACEMENT_3D('',#2332,#2333,#2334);
#2337=CURVE_STYLE('',#52,POSITIVE_LENGTH_MEASURE(2.E-2),#22);
#2338=PRESENTATION_STYLE_ASSIGNMENT((#2337));
#2339=STYLED_ITEM('',(#2338),#2336);
#2340=DIRECTION('',(1.E0,0.E0,0.E0));
#2341=VECTOR('',#2340,3.2E-1);
#2342=CARTESIAN_POINT('',(-1.6E-1,1.318E0,-5.65E-1));
#2343=LINE('',#2342,#2341);
#2344=CURVE_STYLE('',#52,POSITIVE_LENGTH_MEASURE(2.E-2),#22);
#2345=PRESENTATION_STYLE_ASSIGNMENT((#2344));
#2346=STYLED_ITEM('',(#2345),#2343);
#2347=DIRECTION('',(1.E0,0.E0,0.E0));
#2348=VECTOR('',#2347,3.2E-1);
#2349=CARTESIAN_POINT('',(-1.6E-1,1.068E0,-5.65E-1));
#2350=LINE('',#2349,#2348);
#2351=CURVE_STYLE('',#52,POSITIVE_LENGTH_MEASURE(2.E-2),#22);
#2352=PRESENTATION_STYLE_ASSIGNMENT((#2351));
#2353=STYLED_ITEM('',(#2352),#2350);
#2354=DIRECTION('',(1.E0,0.E0,0.E0));
#2355=VECTOR('',#2354,3.2E-1);
#2356=CARTESIAN_POINT('',(-1.6E-1,1.068E0,-3.225731563850E-1));
#2357=LINE('',#2356,#2355);
#2358=CURVE_STYLE('',#52,POSITIVE_LENGTH_MEASURE(2.E-2),#22);
#2359=PRESENTATION_STYLE_ASSIGNMENT((#2358));
#2360=STYLED_ITEM('',(#2359),#2357);
#2361=CARTESIAN_POINT('',(-1.6E-1,9.08E-1,-3.225731563850E-1));
#2362=DIRECTION('',(1.E0,0.E0,0.E0));
#2363=DIRECTION('',(0.E0,1.E0,0.E0));
#2364=AXIS2_PLACEMENT_3D('',#2361,#2362,#2363);
#2366=CURVE_STYLE('',#52,POSITIVE_LENGTH_MEASURE(2.E-2),#22);
#2367=PRESENTATION_STYLE_ASSIGNMENT((#2366));
#2368=STYLED_ITEM('',(#2367),#2365);
#2369=DIRECTION('',(1.E0,0.E0,0.E0));
#2370=VECTOR('',#2369,3.2E-1);
#2371=CARTESIAN_POINT('',(-1.6E-1,9.357837084267E-1,-1.650039159031E-1));
#2372=LINE('',#2371,#2370);
#2373=CURVE_STYLE('',#52,POSITIVE_LENGTH_MEASURE(2.E-2),#22);
#2374=PRESENTATION_STYLE_ASSIGNMENT((#2373));
#2375=STYLED_ITEM('',(#2374),#2372);
#2376=CARTESIAN_POINT('',(1.6E-1,9.08E-1,-3.225731563850E-1));
#2377=DIRECTION('',(1.E0,0.E0,0.E0));
#2378=DIRECTION('',(0.E0,1.E0,0.E0));
#2379=AXIS2_PLACEMENT_3D('',#2376,#2377,#2378);
#2381=CURVE_STYLE('',#52,POSITIVE_LENGTH_MEASURE(2.E-2),#22);
#2382=PRESENTATION_STYLE_ASSIGNMENT((#2381));
#2383=STYLED_ITEM('',(#2382),#2380);
#2384=DIRECTION('',(1.E0,0.E0,0.E0));
#2385=VECTOR('',#2384,3.2E-1);
#2386=CARTESIAN_POINT('',(-1.6E-1,3.304295523537E-2,3.711939174165E-1));
#2387=LINE('',#2386,#2385);
#2388=CURVE_STYLE('',#52,POSITIVE_LENGTH_MEASURE(2.E-2),#22);
#2389=PRESENTATION_STYLE_ASSIGNMENT((#2388));
#2390=STYLED_ITEM('',(#2389),#2387);
#2391=CARTESIAN_POINT('',(-1.6E-1,1.926532032769E-1,3.823549532155E-1));
#2392=DIRECTION('',(1.E0,0.E0,0.E0));
#2393=DIRECTION('',(0.E0,-9.975640502598E-1,-6.975647374413E-2));
#2394=AXIS2_PLACEMENT_3D('',#2391,#2392,#2393);
#2396=CURVE_STYLE('',#52,POSITIVE_LENGTH_MEASURE(2.E-2),#22);
#2397=PRESENTATION_STYLE_ASSIGNMENT((#2396));
#2398=STYLED_ITEM('',(#2397),#2395);
#2399=DIRECTION('',(1.E0,0.E0,0.E0));
#2400=VECTOR('',#2399,3.2E-1);
#2401=CARTESIAN_POINT('',(-1.6E-1,1.648694948502E-1,2.247857127336E-1));
#2402=LINE('',#2401,#2400);
#2403=CURVE_STYLE('',#52,POSITIVE_LENGTH_MEASURE(2.E-2),#22);
#2404=PRESENTATION_STYLE_ASSIGNMENT((#2403));
#2405=STYLED_ITEM('',(#2404),#2402);
#2406=CARTESIAN_POINT('',(1.6E-1,1.926532032769E-1,3.823549532155E-1));
#2407=DIRECTION('',(1.E0,0.E0,0.E0));
#2408=DIRECTION('',(0.E0,-9.975640502598E-1,-6.975647374413E-2));
#2409=AXIS2_PLACEMENT_3D('',#2406,#2407,#2408);
#2411=CURVE_STYLE('',#52,POSITIVE_LENGTH_MEASURE(2.E-2),#22);
#2412=PRESENTATION_STYLE_ASSIGNMENT((#2411));
#2413=STYLED_ITEM('',(#2412),#2410);
#2414=DIRECTION('',(1.E0,0.E0,0.E0));
#2415=VECTOR('',#2414,3.2E-1);
#2416=CARTESIAN_POINT('',(-1.6E-1,-6.089874350439E-4,8.524391184360E-1));
#2417=LINE('',#2416,#2415);
#2418=CURVE_STYLE('',#52,POSITIVE_LENGTH_MEASURE(2.E-2),#22);
#2419=PRESENTATION_STYLE_ASSIGNMENT((#2418));
#2420=STYLED_ITEM('',(#2419),#2417);
#2421=DIRECTION('',(1.E0,0.E0,0.E0));
#2422=VECTOR('',#2421,3.2E-1);
#2423=CARTESIAN_POINT('',(-1.6E-1,-2.5E-1,8.35E-1));
#2424=LINE('',#2423,#2422);
#2425=CURVE_STYLE('',#52,POSITIVE_LENGTH_MEASURE(2.E-2),#22);
#2426=PRESENTATION_STYLE_ASSIGNMENT((#2425));
#2427=STYLED_ITEM('',(#2426),#2424);
#2428=DIRECTION('',(1.E0,0.E0,0.E0));
#2429=VECTOR('',#2428,3.2E-1);
#2430=CARTESIAN_POINT('',(-1.6E-1,1.214574504335E-1,-2.141622551949E-2));
#2431=LINE('',#2430,#2429);
#2432=CURVE_STYLE('',#52,POSITIVE_LENGTH_MEASURE(2.E-2),#22);
#2433=PRESENTATION_STYLE_ASSIGNMENT((#2432));
#2434=STYLED_ITEM('',(#2433),#2431);
#2435=CARTESIAN_POINT('',(-1.6E-1,1.926532032769E-1,3.823549532155E-1));
#2436=DIRECTION('',(-1.E0,0.E0,0.E0));
#2437=DIRECTION('',(0.E0,-1.736481776669E-1,-9.848077530122E-1));
#2438=AXIS2_PLACEMENT_3D('',#2435,#2436,#2437);
#2440=CURVE_STYLE('',#52,POSITIVE_LENGTH_MEASURE(2.E-2),#22);
#2441=PRESENTATION_STYLE_ASSIGNMENT((#2440));
#2442=STYLED_ITEM('',(#2441),#2439);
#2443=DIRECTION('',(1.E0,0.E0,0.E0));
#2444=VECTOR('',#2443,3.2E-1);
#2445=CARTESIAN_POINT('',(-1.6E-1,-2.163480573296E-1,3.537547989804E-1));
#2446=LINE('',#2445,#2444);
#2447=CURVE_STYLE('',#52,POSITIVE_LENGTH_MEASURE(2.E-2),#22);
#2448=PRESENTATION_STYLE_ASSIGNMENT((#2447));
#2449=STYLED_ITEM('',(#2448),#2446);
#2450=CARTESIAN_POINT('',(1.6E-1,1.926532032769E-1,3.823549532155E-1));
#2451=DIRECTION('',(-1.E0,0.E0,0.E0));
#2452=DIRECTION('',(0.E0,-1.736481776669E-1,-9.848077530122E-1));
#2453=AXIS2_PLACEMENT_3D('',#2450,#2451,#2452);
#2455=CURVE_STYLE('',#52,POSITIVE_LENGTH_MEASURE(2.E-2),#22);
#2456=PRESENTATION_STYLE_ASSIGNMENT((#2455));
#2457=STYLED_ITEM('',(#2456),#2454);
#2458=CARTESIAN_POINT('',(-1.6E-1,-6.089874350439E-4,8.524391184360E-1));
#2459=CARTESIAN_POINT('',(-1.6E-1,-2.5E-1,8.35E-1));
#2460=VERTEX_POINT('',#2458);
#2461=VERTEX_POINT('',#2459);
#2462=CARTESIAN_POINT('',(1.6E-1,-6.089874350439E-4,8.524391184360E-1));
#2463=CARTESIAN_POINT('',(1.6E-1,-2.5E-1,8.35E-1));
#2464=VERTEX_POINT('',#2462);
#2465=VERTEX_POINT('',#2463);
#2466=CARTESIAN_POINT('',(-1.6E-1,1.068E0,-5.65E-1));
#2467=CARTESIAN_POINT('',(-1.6E-1,1.318E0,-5.65E-1));
#2468=VERTEX_POINT('',#2466);
#2469=VERTEX_POINT('',#2467);
#2470=CARTESIAN_POINT('',(1.6E-1,1.068E0,-5.65E-1));
#2471=CARTESIAN_POINT('',(1.6E-1,1.318E0,-5.65E-1));
#2472=VERTEX_POINT('',#2470);
#2473=VERTEX_POINT('',#2471);
#2474=CARTESIAN_POINT('',(-1.6E-1,1.068E0,-3.225731563850E-1));
#2475=CARTESIAN_POINT('',(1.6E-1,1.068E0,-3.225731563850E-1));
#2476=VERTEX_POINT('',#2474);
#2477=VERTEX_POINT('',#2475);
#2478=CARTESIAN_POINT('',(-1.6E-1,9.357837084267E-1,-1.650039159031E-1));
#2479=CARTESIAN_POINT('',(1.6E-1,9.357837084267E-1,-1.650039159031E-1));
#2480=VERTEX_POINT('',#2478);
#2481=VERTEX_POINT('',#2479);
#2482=CARTESIAN_POINT('',(-1.6E-1,9.791957528434E-1,8.119802234999E-2));
#2483=CARTESIAN_POINT('',(1.6E-1,9.791957528434E-1,8.119802234999E-2));
#2484=VERTEX_POINT('',#2482);
#2485=VERTEX_POINT('',#2483);
#2486=CARTESIAN_POINT('',(-1.6E-1,1.318E0,-3.225731563850E-1));
#2487=CARTESIAN_POINT('',(1.6E-1,1.318E0,-3.225731563850E-1));
#2488=VERTEX_POINT('',#2486);
#2489=VERTEX_POINT('',#2487);
#2490=CARTESIAN_POINT('',(-1.6E-1,3.304295523537E-2,3.711939174165E-1));
#2491=CARTESIAN_POINT('',(1.6E-1,3.304295523537E-2,3.711939174165E-1));
#2492=VERTEX_POINT('',#2490);
#2493=VERTEX_POINT('',#2491);
#2494=CARTESIAN_POINT('',(-1.6E-1,1.648694948502E-1,2.247857127336E-1));
#2495=CARTESIAN_POINT('',(1.6E-1,1.648694948502E-1,2.247857127336E-1));
#2496=VERTEX_POINT('',#2494);
#2497=VERTEX_POINT('',#2495);
#2498=CARTESIAN_POINT('',(-1.6E-1,1.214574504335E-1,-2.141622551949E-2));
#2499=CARTESIAN_POINT('',(1.6E-1,1.214574504335E-1,-2.141622551949E-2));
#2500=VERTEX_POINT('',#2498);
#2501=VERTEX_POINT('',#2499);
#2502=CARTESIAN_POINT('',(-1.6E-1,-2.163480573296E-1,3.537547989804E-1));
#2503=CARTESIAN_POINT('',(1.6E-1,-2.163480573296E-1,3.537547989804E-1));
#2504=VERTEX_POINT('',#2502);
#2505=VERTEX_POINT('',#2503);
#2506=CARTESIAN_POINT('',(-1.6E-1,0.E0,0.E0));
#2507=DIRECTION('',(1.E0,0.E0,0.E0));
#2508=DIRECTION('',(0.E0,0.E0,-1.E0));
#2509=AXIS2_PLACEMENT_3D('',#2506,#2507,#2508);
#2510=PLANE('',#2509);
#2512=ORIENTED_EDGE('',*,*,#2511,.F.);
#2514=ORIENTED_EDGE('',*,*,#2513,.F.);
#2516=ORIENTED_EDGE('',*,*,#2515,.T.);
#2518=ORIENTED_EDGE('',*,*,#2517,.T.);
#2520=ORIENTED_EDGE('',*,*,#2519,.T.);
#2522=ORIENTED_EDGE('',*,*,#2521,.F.);
#2524=ORIENTED_EDGE('',*,*,#2523,.F.);
#2526=ORIENTED_EDGE('',*,*,#2525,.F.);
#2528=ORIENTED_EDGE('',*,*,#2527,.T.);
#2530=ORIENTED_EDGE('',*,*,#2529,.T.);
#2532=ORIENTED_EDGE('',*,*,#2531,.T.);
#2534=ORIENTED_EDGE('',*,*,#2533,.F.);
#2535=EDGE_LOOP('',(#2512,#2514,#2516,#2518,#2520,#2522,#2524,#2526,#2528,#2530,
#2532,#2534));
#2536=FACE_OUTER_BOUND('',#2535,.F.);
#2538=CARTESIAN_POINT('',(-1.6E-1,-1.940031679098E-1,3.420799284542E-2));
#2539=DIRECTION('',(0.E0,-1.736481776669E-1,-9.848077530122E-1));
#2540=DIRECTION('',(0.E0,9.848077530122E-1,-1.736481776669E-1));
#2541=AXIS2_PLACEMENT_3D('',#2538,#2539,#2540);
#2542=PLANE('',#2541);
#2544=ORIENTED_EDGE('',*,*,#2543,.T.);
#2546=ORIENTED_EDGE('',*,*,#2545,.F.);
#2547=ORIENTED_EDGE('',*,*,#2511,.T.);
#2549=ORIENTED_EDGE('',*,*,#2548,.T.);
#2550=EDGE_LOOP('',(#2544,#2546,#2547,#2549));
#2551=FACE_OUTER_BOUND('',#2550,.F.);
#2553=CARTESIAN_POINT('',(1.6E-1,0.E0,0.E0));
#2554=DIRECTION('',(1.E0,0.E0,0.E0));
#2555=DIRECTION('',(0.E0,0.E0,-1.E0));
#2556=AXIS2_PLACEMENT_3D('',#2553,#2554,#2555);
#2557=PLANE('',#2556);
#2559=ORIENTED_EDGE('',*,*,#2558,.F.);
#2561=ORIENTED_EDGE('',*,*,#2560,.T.);
#2563=ORIENTED_EDGE('',*,*,#2562,.F.);
#2565=ORIENTED_EDGE('',*,*,#2564,.F.);
#2567=ORIENTED_EDGE('',*,*,#2566,.F.);
#2569=ORIENTED_EDGE('',*,*,#2568,.T.);
#2570=ORIENTED_EDGE('',*,*,#2543,.F.);
#2572=ORIENTED_EDGE('',*,*,#2571,.T.);
#2574=ORIENTED_EDGE('',*,*,#2573,.F.);
#2576=ORIENTED_EDGE('',*,*,#2575,.F.);
#2578=ORIENTED_EDGE('',*,*,#2577,.F.);
#2580=ORIENTED_EDGE('',*,*,#2579,.T.);
#2581=EDGE_LOOP('',(#2559,#2561,#2563,#2565,#2567,#2569,#2570,#2572,#2574,#2576,
#2578,#2580));
#2582=FACE_OUTER_BOUND('',#2581,.F.);
#2584=CARTESIAN_POINT('',(-1.6E-1,4.341204441673E-2,2.462019382531E-1));
#2585=DIRECTION('',(0.E0,1.736481776669E-1,9.848077530122E-1));
#2586=DIRECTION('',(0.E0,-9.848077530122E-1,1.736481776669E-1));
#2587=AXIS2_PLACEMENT_3D('',#2584,#2585,#2586);
#2588=PLANE('',#2587);
#2589=ORIENTED_EDGE('',*,*,#2523,.T.);
#2591=ORIENTED_EDGE('',*,*,#2590,.T.);
#2592=ORIENTED_EDGE('',*,*,#2558,.T.);
#2594=ORIENTED_EDGE('',*,*,#2593,.F.);
#2595=EDGE_LOOP('',(#2589,#2591,#2592,#2594));
#2596=FACE_OUTER_BOUND('',#2595,.F.);
#2598=CARTESIAN_POINT('',(-1.6E-1,9.08E-1,-3.225731563850E-1));
#2599=DIRECTION('',(-1.E0,0.E0,0.E0));
#2600=DIRECTION('',(0.E0,1.736481776669E-1,9.848077530122E-1));
#2601=AXIS2_PLACEMENT_3D('',#2598,#2599,#2600);
#2602=CYLINDRICAL_SURFACE('',#2601,4.1E-1);
#2603=ORIENTED_EDGE('',*,*,#2590,.F.);
#2604=ORIENTED_EDGE('',*,*,#2521,.T.);
#2606=ORIENTED_EDGE('',*,*,#2605,.T.);
#2607=ORIENTED_EDGE('',*,*,#2560,.F.);
#2608=EDGE_LOOP('',(#2603,#2604,#2606,#2607));
#2609=FACE_OUTER_BOUND('',#2608,.F.);
#2611=CARTESIAN_POINT('',(-1.6E-1,1.318E0,-5.65E-1));
#2612=DIRECTION('',(0.E0,1.E0,0.E0));
#2613=DIRECTION('',(0.E0,0.E0,1.E0));
#2614=AXIS2_PLACEMENT_3D('',#2611,#2612,#2613);
#2615=PLANE('',#2614);
#2616=ORIENTED_EDGE('',*,*,#2519,.F.);
#2618=ORIENTED_EDGE('',*,*,#2617,.T.);
#2619=ORIENTED_EDGE('',*,*,#2562,.T.);
#2620=ORIENTED_EDGE('',*,*,#2605,.F.);
#2621=EDGE_LOOP('',(#2616,#2618,#2619,#2620));
#2622=FACE_OUTER_BOUND('',#2621,.F.);
#2624=CARTESIAN_POINT('',(-1.6E-1,1.068E0,-5.65E-1));
#2625=DIRECTION('',(0.E0,0.E0,-1.E0));
#2626=DIRECTION('',(0.E0,1.E0,0.E0));
#2627=AXIS2_PLACEMENT_3D('',#2624,#2625,#2626);
#2628=PLANE('',#2627);
#2629=ORIENTED_EDGE('',*,*,#2517,.F.);
#2631=ORIENTED_EDGE('',*,*,#2630,.T.);
#2632=ORIENTED_EDGE('',*,*,#2564,.T.);
#2633=ORIENTED_EDGE('',*,*,#2617,.F.);
#2634=EDGE_LOOP('',(#2629,#2631,#2632,#2633));
#2635=FACE_OUTER_BOUND('',#2634,.F.);
#2637=CARTESIAN_POINT('',(-1.6E-1,1.068E0,-1.883172153966E-1));
#2638=DIRECTION('',(0.E0,-1.E0,0.E0));
#2639=DIRECTION('',(0.E0,0.E0,-1.E0));
#2640=AXIS2_PLACEMENT_3D('',#2637,#2638,#2639);
#2641=PLANE('',#2640);
#2642=ORIENTED_EDGE('',*,*,#2515,.F.);
#2644=ORIENTED_EDGE('',*,*,#2643,.T.);
#2645=ORIENTED_EDGE('',*,*,#2566,.T.);
#2646=ORIENTED_EDGE('',*,*,#2630,.F.);
#2647=EDGE_LOOP('',(#2642,#2644,#2645,#2646));
#2648=FACE_OUTER_BOUND('',#2647,.F.);
#2650=CARTESIAN_POINT('',(-1.6E-1,9.08E-1,-3.225731563850E-1));
#2651=DIRECTION('',(1.E0,0.E0,0.E0));
#2652=DIRECTION('',(0.E0,1.E0,0.E0));
#2653=AXIS2_PLACEMENT_3D('',#2650,#2651,#2652);
#2654=CYLINDRICAL_SURFACE('',#2653,1.6E-1);
#2655=ORIENTED_EDGE('',*,*,#2643,.F.);
#2656=ORIENTED_EDGE('',*,*,#2513,.T.);
#2657=ORIENTED_EDGE('',*,*,#2545,.T.);
#2658=ORIENTED_EDGE('',*,*,#2568,.F.);
#2659=EDGE_LOOP('',(#2655,#2656,#2657,#2658));
#2660=FACE_OUTER_BOUND('',#2659,.F.);
#2662=CARTESIAN_POINT('',(-1.6E-1,1.926532032769E-1,3.823549532155E-1));
#2663=DIRECTION('',(1.E0,0.E0,0.E0));
#2664=DIRECTION('',(0.E0,-9.975640502598E-1,-6.975647374413E-2));
#2665=AXIS2_PLACEMENT_3D('',#2662,#2663,#2664);
#2666=CYLINDRICAL_SURFACE('',#2665,1.6E-1);
#2668=ORIENTED_EDGE('',*,*,#2667,.F.);
#2669=ORIENTED_EDGE('',*,*,#2525,.T.);
#2670=ORIENTED_EDGE('',*,*,#2593,.T.);
#2671=ORIENTED_EDGE('',*,*,#2579,.F.);
#2672=EDGE_LOOP('',(#2668,#2669,#2670,#2671));
#2673=FACE_OUTER_BOUND('',#2672,.F.);
#2675=CARTESIAN_POINT('',(-1.6E-1,4.176291208210E-2,2.464927247784E-1));
#2676=DIRECTION('',(0.E0,9.975640502598E-1,6.975647374413E-2));
#2677=DIRECTION('',(0.E0,-6.975647374413E-2,9.975640502598E-1));
#2678=AXIS2_PLACEMENT_3D('',#2675,#2676,#2677);
#2679=PLANE('',#2678);
#2680=ORIENTED_EDGE('',*,*,#2527,.F.);
#2681=ORIENTED_EDGE('',*,*,#2667,.T.);
#2682=ORIENTED_EDGE('',*,*,#2577,.T.);
#2684=ORIENTED_EDGE('',*,*,#2683,.F.);
#2685=EDGE_LOOP('',(#2680,#2681,#2682,#2684));
#2686=FACE_OUTER_BOUND('',#2685,.F.);
#2688=CARTESIAN_POINT('',(-1.6E-1,-6.089874350439E-4,8.524391184360E-1));
#2689=DIRECTION('',(0.E0,-6.975647374413E-2,9.975640502598E-1));
#2690=DIRECTION('',(0.E0,-9.975640502598E-1,-6.975647374413E-2));
#2691=AXIS2_PLACEMENT_3D('',#2688,#2689,#2690);
#2692=PLANE('',#2691);
#2693=ORIENTED_EDGE('',*,*,#2529,.F.);
#2694=ORIENTED_EDGE('',*,*,#2683,.T.);
#2695=ORIENTED_EDGE('',*,*,#2575,.T.);
#2697=ORIENTED_EDGE('',*,*,#2696,.F.);
#2698=EDGE_LOOP('',(#2693,#2694,#2695,#2697));
#2699=FACE_OUTER_BOUND('',#2698,.F.);
#2701=CARTESIAN_POINT('',(-1.6E-1,-2.5E-1,8.35E-1));
#2702=DIRECTION('',(0.E0,-9.975640502598E-1,-6.975647374413E-2));
#2703=DIRECTION('',(0.E0,6.975647374413E-2,-9.975640502598E-1));
#2704=AXIS2_PLACEMENT_3D('',#2701,#2702,#2703);
#2705=PLANE('',#2704);
#2706=ORIENTED_EDGE('',*,*,#2531,.F.);
#2707=ORIENTED_EDGE('',*,*,#2696,.T.);
#2708=ORIENTED_EDGE('',*,*,#2573,.T.);
#2710=ORIENTED_EDGE('',*,*,#2709,.F.);
#2711=EDGE_LOOP('',(#2706,#2707,#2708,#2710));
#2712=FACE_OUTER_BOUND('',#2711,.F.);
#2714=CARTESIAN_POINT('',(-1.6E-1,1.926532032769E-1,3.823549532155E-1));
#2715=DIRECTION('',(-1.E0,0.E0,0.E0));
#2716=DIRECTION('',(0.E0,-1.736481776669E-1,-9.848077530122E-1));
#2717=AXIS2_PLACEMENT_3D('',#2714,#2715,#2716);
#2718=CYLINDRICAL_SURFACE('',#2717,4.1E-1);
#2719=ORIENTED_EDGE('',*,*,#2548,.F.);
#2720=ORIENTED_EDGE('',*,*,#2533,.T.);
#2721=ORIENTED_EDGE('',*,*,#2709,.T.);
#2722=ORIENTED_EDGE('',*,*,#2571,.F.);
#2723=EDGE_LOOP('',(#2719,#2720,#2721,#2722));
#2724=FACE_OUTER_BOUND('',#2723,.F.);
#2726=CLOSED_SHELL('',(#2537,#2552,#2583,#2597,#2610,#2623,#2636,#2649,#2661,
#2674,#2687,#2700,#2713,#2725));
#2727=MANIFOLD_SOLID_BREP('',#2726);
#2728=FILL_AREA_STYLE_COLOUR('',#22);
#2729=FILL_AREA_STYLE('',(#2728));
#2730=SURFACE_STYLE_FILL_AREA(#2729);
#2731=SURFACE_SIDE_STYLE('',(#2730));
#2732=SURFACE_STYLE_USAGE(.BOTH.,#2731);
#2733=PRESENTATION_STYLE_ASSIGNMENT((#2732));
#2197=STYLED_ITEM('',(#2733),#2727);
#2736=PLANE_ANGLE_MEASURE_WITH_UNIT(PLANE_ANGLE_MEASURE(1.745329251994E-2),
#2735);
#2737=(CONVERSION_BASED_UNIT('DEGREE',#2736)NAMED_UNIT(*)PLANE_ANGLE_UNIT());
#2739=UNCERTAINTY_MEASURE_WITH_UNIT(LENGTH_MEASURE(2.137707194443E-4),#2734,
'distance_accuracy_value',
'Maximum model space distance between geometric entities at asserted connectivities');
#2741=CARTESIAN_POINT('',(0.E0,0.E0,0.E0));
#2742=DIRECTION('',(0.E0,0.E0,1.E0));
#2743=DIRECTION('',(1.E0,0.E0,0.E0));
#2746=PRODUCT_CONTEXT('',#2132,'mechanical');
#2747=PRODUCT('LEAD','LEAD','NOT SPECIFIED',(#2746));
#2748=PRODUCT_DEFINITION_FORMATION('5','LAST_VERSION',#2747);
#2756=DERIVED_UNIT_ELEMENT(#2755,2.E0);
#2757=DERIVED_UNIT((#2756));
#2758=MEASURE_REPRESENTATION_ITEM('surface area measure',AREA_MEASURE(
2.813588413963E0),#2757);
#2763=DERIVED_UNIT_ELEMENT(#2762,3.E0);
#2764=DERIVED_UNIT((#2763));
#2765=MEASURE_REPRESENTATION_ITEM('volume measure',VOLUME_MEASURE(
1.862167307941E-1),#2764);
#2769=CARTESIAN_POINT('centre point',(0.E0,4.863693447179E-1,
9.643348665830E-2));
#2774=DERIVED_UNIT_ELEMENT(#2773,2.E0);
#2775=DERIVED_UNIT((#2774));
#2776=MEASURE_REPRESENTATION_ITEM('surface area measure',AREA_MEASURE(
2.813588413963E0),#2775);
#2781=DERIVED_UNIT_ELEMENT(#2780,3.E0);
#2782=DERIVED_UNIT((#2781));
#2783=MEASURE_REPRESENTATION_ITEM('volume measure',VOLUME_MEASURE(
1.862167307941E-1),#2782);
#2787=CARTESIAN_POINT('centre point',(0.E0,4.863693447179E-1,
9.643348665830E-2));
#2794=CARTESIAN_POINT('centre point',(4.411433486658E0,4.225E0,
7.363693447179E-1));
#2798=CARTESIAN_POINT('',(4.315E0,4.225E0,2.5E-1));
#2799=DIRECTION('',(1.E0,0.E0,0.E0));
#2800=DIRECTION('',(0.E0,1.E0,0.E0));
#2801=AXIS2_PLACEMENT_3D('',#2798,#2799,#2800);
#2802=ITEM_DEFINED_TRANSFORMATION('','',#2744,#2801);
#2803=(REPRESENTATION_RELATIONSHIP('','',#2745,#2183)REPRESENTATION_RELATIONSHIP_WITH_TRANSFORMATION(#2802)SHAPE_REPRESENTATION_RELATIONSHIP());
#2804=CONTEXT_DEPENDENT_SHAPE_REPRESENTATION(#2803,#2793);
#2807=CARTESIAN_POINT('centre point',(4.411433486658E0,3.575E0,
7.363693447179E-1));
#2811=CARTESIAN_POINT('',(4.315E0,3.575E0,2.5E-1));
#2812=DIRECTION('',(1.E0,0.E0,0.E0));
#2813=DIRECTION('',(0.E0,1.E0,0.E0));
#2814=AXIS2_PLACEMENT_3D('',#2811,#2812,#2813);
#2815=ITEM_DEFINED_TRANSFORMATION('','',#2744,#2814);
#2816=(REPRESENTATION_RELATIONSHIP('','',#2745,#2183)REPRESENTATION_RELATIONSHIP_WITH_TRANSFORMATION(#2815)SHAPE_REPRESENTATION_RELATIONSHIP());
#2817=CONTEXT_DEPENDENT_SHAPE_REPRESENTATION(#2816,#2806);
#2820=CARTESIAN_POINT('centre point',(4.411433486658E0,2.925E0,
7.363693447179E-1));
#2824=CARTESIAN_POINT('',(4.315E0,2.925E0,2.5E-1));
#2825=DIRECTION('',(1.E0,0.E0,0.E0));
#2826=DIRECTION('',(0.E0,1.E0,0.E0));
#2827=AXIS2_PLACEMENT_3D('',#2824,#2825,#2826);
#2828=ITEM_DEFINED_TRANSFORMATION('','',#2744,#2827);
#2829=(REPRESENTATION_RELATIONSHIP('','',#2745,#2183)REPRESENTATION_RELATIONSHIP_WITH_TRANSFORMATION(#2828)SHAPE_REPRESENTATION_RELATIONSHIP());
#2830=CONTEXT_DEPENDENT_SHAPE_REPRESENTATION(#2829,#2819);
#2833=CARTESIAN_POINT('centre point',(4.411433486658E0,2.275E0,
7.363693447179E-1));
#2837=CARTESIAN_POINT('',(4.315E0,2.275E0,2.5E-1));
#2838=DIRECTION('',(1.E0,0.E0,0.E0));
#2839=DIRECTION('',(0.E0,1.E0,0.E0));
#2840=AXIS2_PLACEMENT_3D('',#2837,#2838,#2839);
#2841=ITEM_DEFINED_TRANSFORMATION('','',#2744,#2840);
#2842=(REPRESENTATION_RELATIONSHIP('','',#2745,#2183)REPRESENTATION_RELATIONSHIP_WITH_TRANSFORMATION(#2841)SHAPE_REPRESENTATION_RELATIONSHIP());
#2843=CONTEXT_DEPENDENT_SHAPE_REPRESENTATION(#2842,#2832);
#2846=CARTESIAN_POINT('centre point',(4.411433486658E0,1.625E0,
7.363693447179E-1));
#2850=CARTESIAN_POINT('',(4.315E0,1.625E0,2.5E-1));
#2851=DIRECTION('',(1.E0,0.E0,0.E0));
#2852=DIRECTION('',(0.E0,1.E0,0.E0));
#2853=AXIS2_PLACEMENT_3D('',#2850,#2851,#2852);
#2854=ITEM_DEFINED_TRANSFORMATION('','',#2744,#2853);
#2855=(REPRESENTATION_RELATIONSHIP('','',#2745,#2183)REPRESENTATION_RELATIONSHIP_WITH_TRANSFORMATION(#2854)SHAPE_REPRESENTATION_RELATIONSHIP());
#2856=CONTEXT_DEPENDENT_SHAPE_REPRESENTATION(#2855,#2845);
#2859=CARTESIAN_POINT('centre point',(4.411433486658E0,9.75E-1,
7.363693447179E-1));
#2863=CARTESIAN_POINT('',(4.315E0,9.75E-1,2.5E-1));
#2864=DIRECTION('',(1.E0,0.E0,0.E0));
#2865=DIRECTION('',(0.E0,1.E0,0.E0));
#2866=AXIS2_PLACEMENT_3D('',#2863,#2864,#2865);
#2867=ITEM_DEFINED_TRANSFORMATION('','',#2744,#2866);
#2868=(REPRESENTATION_RELATIONSHIP('','',#2745,#2183)REPRESENTATION_RELATIONSHIP_WITH_TRANSFORMATION(#2867)SHAPE_REPRESENTATION_RELATIONSHIP());
#2869=CONTEXT_DEPENDENT_SHAPE_REPRESENTATION(#2868,#2858);
#2872=CARTESIAN_POINT('centre point',(4.411433486658E0,3.25E-1,
7.363693447179E-1));
#2876=CARTESIAN_POINT('',(4.315E0,3.25E-1,2.5E-1));
#2877=DIRECTION('',(1.E0,0.E0,0.E0));
#2878=DIRECTION('',(0.E0,1.E0,0.E0));
#2879=AXIS2_PLACEMENT_3D('',#2876,#2877,#2878);
#2880=ITEM_DEFINED_TRANSFORMATION('','',#2744,#2879);
#2881=(REPRESENTATION_RELATIONSHIP('','',#2745,#2183)REPRESENTATION_RELATIONSHIP_WITH_TRANSFORMATION(#2880)SHAPE_REPRESENTATION_RELATIONSHIP());
#2882=CONTEXT_DEPENDENT_SHAPE_REPRESENTATION(#2881,#2871);
#2885=CARTESIAN_POINT('centre point',(4.411433486658E0,-3.25E-1,
7.363693447179E-1));
#2889=CARTESIAN_POINT('',(4.315E0,-3.25E-1,2.5E-1));
#2890=DIRECTION('',(1.E0,0.E0,0.E0));
#2891=DIRECTION('',(0.E0,1.E0,0.E0));
#2892=AXIS2_PLACEMENT_3D('',#2889,#2890,#2891);
#2893=ITEM_DEFINED_TRANSFORMATION('','',#2744,#2892);
#2894=(REPRESENTATION_RELATIONSHIP('','',#2745,#2183)REPRESENTATION_RELATIONSHIP_WITH_TRANSFORMATION(#2893)SHAPE_REPRESENTATION_RELATIONSHIP());
#2895=CONTEXT_DEPENDENT_SHAPE_REPRESENTATION(#2894,#2884);
#2898=CARTESIAN_POINT('centre point',(4.411433486658E0,-9.75E-1,
7.363693447179E-1));
#2902=CARTESIAN_POINT('',(4.315E0,-9.75E-1,2.5E-1));
#2903=DIRECTION('',(1.E0,0.E0,0.E0));
#2904=DIRECTION('',(0.E0,1.E0,0.E0));
#2905=AXIS2_PLACEMENT_3D('',#2902,#2903,#2904);
#2906=ITEM_DEFINED_TRANSFORMATION('','',#2744,#2905);
#2907=(REPRESENTATION_RELATIONSHIP('','',#2745,#2183)REPRESENTATION_RELATIONSHIP_WITH_TRANSFORMATION(#2906)SHAPE_REPRESENTATION_RELATIONSHIP());
#2908=CONTEXT_DEPENDENT_SHAPE_REPRESENTATION(#2907,#2897);
#2911=CARTESIAN_POINT('centre point',(4.411433486658E0,-1.625E0,
7.363693447179E-1));
#2915=CARTESIAN_POINT('',(4.315E0,-1.625E0,2.5E-1));
#2916=DIRECTION('',(1.E0,0.E0,0.E0));
#2917=DIRECTION('',(0.E0,1.E0,0.E0));
#2918=AXIS2_PLACEMENT_3D('',#2915,#2916,#2917);
#2919=ITEM_DEFINED_TRANSFORMATION('','',#2744,#2918);
#2920=(REPRESENTATION_RELATIONSHIP('','',#2745,#2183)REPRESENTATION_RELATIONSHIP_WITH_TRANSFORMATION(#2919)SHAPE_REPRESENTATION_RELATIONSHIP());
#2921=CONTEXT_DEPENDENT_SHAPE_REPRESENTATION(#2920,#2910);
#2924=CARTESIAN_POINT('centre point',(4.411433486658E0,-2.275E0,
7.363693447179E-1));
#2928=CARTESIAN_POINT('',(4.315E0,-2.275E0,2.5E-1));
#2929=DIRECTION('',(1.E0,0.E0,0.E0));
#2930=DIRECTION('',(0.E0,1.E0,0.E0));
#2931=AXIS2_PLACEMENT_3D('',#2928,#2929,#2930);
#2932=ITEM_DEFINED_TRANSFORMATION('','',#2744,#2931);
#2933=(REPRESENTATION_RELATIONSHIP('','',#2745,#2183)REPRESENTATION_RELATIONSHIP_WITH_TRANSFORMATION(#2932)SHAPE_REPRESENTATION_RELATIONSHIP());
#2934=CONTEXT_DEPENDENT_SHAPE_REPRESENTATION(#2933,#2923);
#2937=CARTESIAN_POINT('centre point',(4.411433486658E0,-2.925E0,
7.363693447179E-1));
#2941=CARTESIAN_POINT('',(4.315E0,-2.925E0,2.5E-1));
#2942=DIRECTION('',(1.E0,0.E0,0.E0));
#2943=DIRECTION('',(0.E0,1.E0,0.E0));
#2944=AXIS2_PLACEMENT_3D('',#2941,#2942,#2943);
#2945=ITEM_DEFINED_TRANSFORMATION('','',#2744,#2944);
#2946=(REPRESENTATION_RELATIONSHIP('','',#2745,#2183)REPRESENTATION_RELATIONSHIP_WITH_TRANSFORMATION(#2945)SHAPE_REPRESENTATION_RELATIONSHIP());
#2947=CONTEXT_DEPENDENT_SHAPE_REPRESENTATION(#2946,#2936);
#2950=CARTESIAN_POINT('centre point',(4.411433486658E0,-3.575E0,
7.363693447179E-1));
#2954=CARTESIAN_POINT('',(4.315E0,-3.575E0,2.5E-1));
#2955=DIRECTION('',(1.E0,0.E0,0.E0));
#2956=DIRECTION('',(0.E0,1.E0,0.E0));
#2957=AXIS2_PLACEMENT_3D('',#2954,#2955,#2956);
#2958=ITEM_DEFINED_TRANSFORMATION('','',#2744,#2957);
#2959=(REPRESENTATION_RELATIONSHIP('','',#2745,#2183)REPRESENTATION_RELATIONSHIP_WITH_TRANSFORMATION(#2958)SHAPE_REPRESENTATION_RELATIONSHIP());
#2960=CONTEXT_DEPENDENT_SHAPE_REPRESENTATION(#2959,#2949);
#2963=CARTESIAN_POINT('centre point',(4.411433486658E0,-4.225E0,
7.363693447179E-1));
#2967=CARTESIAN_POINT('',(4.315E0,-4.225E0,2.5E-1));
#2968=DIRECTION('',(1.E0,0.E0,0.E0));
#2969=DIRECTION('',(0.E0,1.E0,0.E0));
#2970=AXIS2_PLACEMENT_3D('',#2967,#2968,#2969);
#2971=ITEM_DEFINED_TRANSFORMATION('','',#2744,#2970);
#2972=(REPRESENTATION_RELATIONSHIP('','',#2745,#2183)REPRESENTATION_RELATIONSHIP_WITH_TRANSFORMATION(#2971)SHAPE_REPRESENTATION_RELATIONSHIP());
#2973=CONTEXT_DEPENDENT_SHAPE_REPRESENTATION(#2972,#2962);
#2976=CARTESIAN_POINT('centre point',(-4.411433486658E0,4.225E0,
7.363693447179E-1));
#2980=CARTESIAN_POINT('',(-4.315E0,4.225E0,2.5E-1));
#2981=DIRECTION('',(-1.E0,0.E0,0.E0));
#2982=DIRECTION('',(0.E0,-1.E0,0.E0));
#2983=AXIS2_PLACEMENT_3D('',#2980,#2981,#2982);
#2984=ITEM_DEFINED_TRANSFORMATION('','',#2744,#2983);
#2985=(REPRESENTATION_RELATIONSHIP('','',#2745,#2183)REPRESENTATION_RELATIONSHIP_WITH_TRANSFORMATION(#2984)SHAPE_REPRESENTATION_RELATIONSHIP());
#2986=CONTEXT_DEPENDENT_SHAPE_REPRESENTATION(#2985,#2975);
#2989=CARTESIAN_POINT('centre point',(-4.411433486658E0,3.575E0,
7.363693447179E-1));
#2993=CARTESIAN_POINT('',(-4.315E0,3.575E0,2.5E-1));
#2994=DIRECTION('',(-1.E0,0.E0,0.E0));
#2995=DIRECTION('',(0.E0,-1.E0,0.E0));
#2996=AXIS2_PLACEMENT_3D('',#2993,#2994,#2995);
#2997=ITEM_DEFINED_TRANSFORMATION('','',#2744,#2996);
#2998=(REPRESENTATION_RELATIONSHIP('','',#2745,#2183)REPRESENTATION_RELATIONSHIP_WITH_TRANSFORMATION(#2997)SHAPE_REPRESENTATION_RELATIONSHIP());
#2999=CONTEXT_DEPENDENT_SHAPE_REPRESENTATION(#2998,#2988);
#3002=CARTESIAN_POINT('centre point',(-4.411433486658E0,2.925E0,
7.363693447179E-1));
#3006=CARTESIAN_POINT('',(-4.315E0,2.925E0,2.5E-1));
#3007=DIRECTION('',(-1.E0,0.E0,0.E0));
#3008=DIRECTION('',(0.E0,-1.E0,0.E0));
#3009=AXIS2_PLACEMENT_3D('',#3006,#3007,#3008);
#3010=ITEM_DEFINED_TRANSFORMATION('','',#2744,#3009);
#3011=(REPRESENTATION_RELATIONSHIP('','',#2745,#2183)REPRESENTATION_RELATIONSHIP_WITH_TRANSFORMATION(#3010)SHAPE_REPRESENTATION_RELATIONSHIP());
#3012=CONTEXT_DEPENDENT_SHAPE_REPRESENTATION(#3011,#3001);
#3015=CARTESIAN_POINT('centre point',(-4.411433486658E0,2.275E0,
7.363693447179E-1));
#3019=CARTESIAN_POINT('',(-4.315E0,2.275E0,2.5E-1));
#3020=DIRECTION('',(-1.E0,0.E0,0.E0));
#3021=DIRECTION('',(0.E0,-1.E0,0.E0));
#3022=AXIS2_PLACEMENT_3D('',#3019,#3020,#3021);
#3023=ITEM_DEFINED_TRANSFORMATION('','',#2744,#3022);
#3024=(REPRESENTATION_RELATIONSHIP('','',#2745,#2183)REPRESENTATION_RELATIONSHIP_WITH_TRANSFORMATION(#3023)SHAPE_REPRESENTATION_RELATIONSHIP());
#3025=CONTEXT_DEPENDENT_SHAPE_REPRESENTATION(#3024,#3014);
#3028=CARTESIAN_POINT('centre point',(-4.411433486658E0,1.625E0,
7.363693447179E-1));
#3032=CARTESIAN_POINT('',(-4.315E0,1.625E0,2.5E-1));
#3033=DIRECTION('',(-1.E0,0.E0,0.E0));
#3034=DIRECTION('',(0.E0,-1.E0,0.E0));
#3035=AXIS2_PLACEMENT_3D('',#3032,#3033,#3034);
#3036=ITEM_DEFINED_TRANSFORMATION('','',#2744,#3035);
#3037=(REPRESENTATION_RELATIONSHIP('','',#2745,#2183)REPRESENTATION_RELATIONSHIP_WITH_TRANSFORMATION(#3036)SHAPE_REPRESENTATION_RELATIONSHIP());
#3038=CONTEXT_DEPENDENT_SHAPE_REPRESENTATION(#3037,#3027);
#3041=CARTESIAN_POINT('centre point',(-4.411433486658E0,9.75E-1,
7.363693447179E-1));
#3045=CARTESIAN_POINT('',(-4.315E0,9.75E-1,2.5E-1));
#3046=DIRECTION('',(-1.E0,0.E0,0.E0));
#3047=DIRECTION('',(0.E0,-1.E0,0.E0));
#3048=AXIS2_PLACEMENT_3D('',#3045,#3046,#3047);
#3049=ITEM_DEFINED_TRANSFORMATION('','',#2744,#3048);
#3050=(REPRESENTATION_RELATIONSHIP('','',#2745,#2183)REPRESENTATION_RELATIONSHIP_WITH_TRANSFORMATION(#3049)SHAPE_REPRESENTATION_RELATIONSHIP());
#3051=CONTEXT_DEPENDENT_SHAPE_REPRESENTATION(#3050,#3040);
#3054=CARTESIAN_POINT('centre point',(-4.411433486658E0,3.25E-1,
7.363693447179E-1));
#3058=CARTESIAN_POINT('',(-4.315E0,3.25E-1,2.5E-1));
#3059=DIRECTION('',(-1.E0,0.E0,0.E0));
#3060=DIRECTION('',(0.E0,-1.E0,0.E0));
#3061=AXIS2_PLACEMENT_3D('',#3058,#3059,#3060);
#3062=ITEM_DEFINED_TRANSFORMATION('','',#2744,#3061);
#3063=(REPRESENTATION_RELATIONSHIP('','',#2745,#2183)REPRESENTATION_RELATIONSHIP_WITH_TRANSFORMATION(#3062)SHAPE_REPRESENTATION_RELATIONSHIP());
#3064=CONTEXT_DEPENDENT_SHAPE_REPRESENTATION(#3063,#3053);
#3067=CARTESIAN_POINT('centre point',(-4.411433486658E0,-3.25E-1,
7.363693447179E-1));
#3071=CARTESIAN_POINT('',(-4.315E0,-3.25E-1,2.5E-1));
#3072=DIRECTION('',(-1.E0,0.E0,0.E0));
#3073=DIRECTION('',(0.E0,-1.E0,0.E0));
#3074=AXIS2_PLACEMENT_3D('',#3071,#3072,#3073);
#3075=ITEM_DEFINED_TRANSFORMATION('','',#2744,#3074);
#3076=(REPRESENTATION_RELATIONSHIP('','',#2745,#2183)REPRESENTATION_RELATIONSHIP_WITH_TRANSFORMATION(#3075)SHAPE_REPRESENTATION_RELATIONSHIP());
#3077=CONTEXT_DEPENDENT_SHAPE_REPRESENTATION(#3076,#3066);
#3080=CARTESIAN_POINT('centre point',(-4.411433486658E0,-9.75E-1,
7.363693447179E-1));
#3084=CARTESIAN_POINT('',(-4.315E0,-9.75E-1,2.5E-1));
#3085=DIRECTION('',(-1.E0,0.E0,0.E0));
#3086=DIRECTION('',(0.E0,-1.E0,0.E0));
#3087=AXIS2_PLACEMENT_3D('',#3084,#3085,#3086);
#3088=ITEM_DEFINED_TRANSFORMATION('','',#2744,#3087);
#3089=(REPRESENTATION_RELATIONSHIP('','',#2745,#2183)REPRESENTATION_RELATIONSHIP_WITH_TRANSFORMATION(#3088)SHAPE_REPRESENTATION_RELATIONSHIP());
#3090=CONTEXT_DEPENDENT_SHAPE_REPRESENTATION(#3089,#3079);
#3093=CARTESIAN_POINT('centre point',(-4.411433486658E0,-1.625E0,
7.363693447179E-1));
#3097=CARTESIAN_POINT('',(-4.315E0,-1.625E0,2.5E-1));
#3098=DIRECTION('',(-1.E0,0.E0,0.E0));
#3099=DIRECTION('',(0.E0,-1.E0,0.E0));
#3100=AXIS2_PLACEMENT_3D('',#3097,#3098,#3099);
#3101=ITEM_DEFINED_TRANSFORMATION('','',#2744,#3100);
#3102=(REPRESENTATION_RELATIONSHIP('','',#2745,#2183)REPRESENTATION_RELATIONSHIP_WITH_TRANSFORMATION(#3101)SHAPE_REPRESENTATION_RELATIONSHIP());
#3103=CONTEXT_DEPENDENT_SHAPE_REPRESENTATION(#3102,#3092);
#3106=CARTESIAN_POINT('centre point',(-4.411433486658E0,-2.275E0,
7.363693447179E-1));
#3110=CARTESIAN_POINT('',(-4.315E0,-2.275E0,2.5E-1));
#3111=DIRECTION('',(-1.E0,0.E0,0.E0));
#3112=DIRECTION('',(0.E0,-1.E0,0.E0));
#3113=AXIS2_PLACEMENT_3D('',#3110,#3111,#3112);
#3114=ITEM_DEFINED_TRANSFORMATION('','',#2744,#3113);
#3115=(REPRESENTATION_RELATIONSHIP('','',#2745,#2183)REPRESENTATION_RELATIONSHIP_WITH_TRANSFORMATION(#3114)SHAPE_REPRESENTATION_RELATIONSHIP());
#3116=CONTEXT_DEPENDENT_SHAPE_REPRESENTATION(#3115,#3105);
#3119=CARTESIAN_POINT('centre point',(-4.411433486658E0,-2.925E0,
7.363693447179E-1));
#3123=CARTESIAN_POINT('',(-4.315E0,-2.925E0,2.5E-1));
#3124=DIRECTION('',(-1.E0,0.E0,0.E0));
#3125=DIRECTION('',(0.E0,-1.E0,0.E0));
#3126=AXIS2_PLACEMENT_3D('',#3123,#3124,#3125);
#3127=ITEM_DEFINED_TRANSFORMATION('','',#2744,#3126);
#3128=(REPRESENTATION_RELATIONSHIP('','',#2745,#2183)REPRESENTATION_RELATIONSHIP_WITH_TRANSFORMATION(#3127)SHAPE_REPRESENTATION_RELATIONSHIP());
#3129=CONTEXT_DEPENDENT_SHAPE_REPRESENTATION(#3128,#3118);
#3132=CARTESIAN_POINT('centre point',(-4.411433486658E0,-3.575E0,
7.363693447179E-1));
#3136=CARTESIAN_POINT('',(-4.315E0,-3.575E0,2.5E-1));
#3137=DIRECTION('',(-1.E0,0.E0,0.E0));
#3138=DIRECTION('',(0.E0,-1.E0,0.E0));
#3139=AXIS2_PLACEMENT_3D('',#3136,#3137,#3138);
#3140=ITEM_DEFINED_TRANSFORMATION('','',#2744,#3139);
#3141=(REPRESENTATION_RELATIONSHIP('','',#2745,#2183)REPRESENTATION_RELATIONSHIP_WITH_TRANSFORMATION(#3140)SHAPE_REPRESENTATION_RELATIONSHIP());
#3142=CONTEXT_DEPENDENT_SHAPE_REPRESENTATION(#3141,#3131);
#3145=CARTESIAN_POINT('centre point',(-4.411433486658E0,-4.225E0,
7.363693447179E-1));
#3149=CARTESIAN_POINT('',(-4.315E0,-4.225E0,2.5E-1));
#3150=DIRECTION('',(-1.E0,0.E0,0.E0));
#3151=DIRECTION('',(0.E0,-1.E0,0.E0));
#3152=AXIS2_PLACEMENT_3D('',#3149,#3150,#3151);
#3153=ITEM_DEFINED_TRANSFORMATION('','',#2744,#3152);
#3154=(REPRESENTATION_RELATIONSHIP('','',#2745,#2183)REPRESENTATION_RELATIONSHIP_WITH_TRANSFORMATION(#3153)SHAPE_REPRESENTATION_RELATIONSHIP());
#3155=CONTEXT_DEPENDENT_SHAPE_REPRESENTATION(#3154,#3144);
#3158=PLANE_ANGLE_MEASURE_WITH_UNIT(PLANE_ANGLE_MEASURE(1.745329251994E-2),
#3157);
#3159=(CONVERSION_BASED_UNIT('DEGREE',#3158)NAMED_UNIT(*)PLANE_ANGLE_UNIT());
#3161=UNCERTAINTY_MEASURE_WITH_UNIT(LENGTH_MEASURE(1.482122794637E-3),#3156,
'distance_accuracy_value',
'Maximum model space distance between geometric entities at asserted connectivities');
#3163=CARTESIAN_POINT('',(0.E0,0.E0,0.E0));
#3164=DIRECTION('',(0.E0,0.E0,1.E0));
#3165=DIRECTION('',(1.E0,0.E0,0.E0));
#3167=MECHANICAL_DESIGN_GEOMETRIC_PRESENTATION_REPRESENTATION('',(#55,#81,#107,
#133,#141,#149,#156,#163,#170,#179,#186,#195,#202,#227,#234,#243,#250,#259,#266,
#291,#298,#307,#314,#323,#330,#355,#362,#371,#378,#387,#394,#401,#408,#415,#423,
#431,#439,#446,#453,#461,#469,#477,#484,#491,#499,#507,#515,#522,#529,#537,#545,
#553,#560,#567,#575,#583,#591,#598,#623,#630,#637,#644,#652,#660,#668,#675,#682,
#689,#714,#721,#747,#773,#799,#825,#833,#841,#848,#855,#862,#870,#878,#885,#892,
#899,#907,#915,#922,#929,#954,#961,#969,#977,#985,#992,#999,#1006,#1013,#1021,
#1029,#1037,#1044,#1051,#1059,#1067,#1075,#1082,#1089,#1097,#1105,#1113,#1120,
#1145,#1152,#1159,#1184,#1191,#28,#2204,#2211,#2218,#2225,#2232,#2239,#2246,
#2253,#2260,#2267,#2274,#2281,#2288,#2295,#2302,#2309,#2316,#2324,#2331,#2339,
#2346,#2353,#2360,#2368,#2375,#2383,#2390,#2398,#2405,#2413,#2420,#2427,#2434,
#2442,#2449,#2457,#2197),#3162);
#3168=PRODUCT_DEFINITION_CONTEXT('part definition',#2132,'design');
#3169=PRODUCT_CONTEXT('',#2132,'mechanical');
#3170=PRODUCT('DP0028A_ASM','DP0028A_ASM','NOT SPECIFIED',(#3169));
#3171=PRODUCT_DEFINITION_FORMATION('11','LAST_VERSION',#3170);
#3174=DERIVED_UNIT_ELEMENT(#3173,2.E0);
#3175=DERIVED_UNIT((#3174));
#3176=MEASURE_REPRESENTATION_ITEM('surface area measure',AREA_MEASURE(
2.952571393836E2),#3175);
#3181=DERIVED_UNIT_ELEMENT(#3180,3.E0);
#3182=DERIVED_UNIT((#3181));
#3183=MEASURE_REPRESENTATION_ITEM('volume measure',VOLUME_MEASURE(
1.739193628829E2),#3182);
#3187=CARTESIAN_POINT('centre point',(2.018230107699E-2,-6.804989089980E-9,
1.416175563007E0));
#3191=PRODUCT_RELATED_PRODUCT_CATEGORY('part','',(#3170,#2136,#2747));
#1=COLOUR_RGB('',0.E0,4.3E-1,1.E0);
#2=COLOUR_RGB('',0.E0,6.6E-1,0.E0);
#3=COLOUR_RGB('',9.8039E-2,9.8039E-2,9.8039E-2);
#4=COLOUR_RGB('',1.80392E-1,2.7451E-1,9.8039E-2);
#5=COLOUR_RGB('',3.E-1,1.29412E-1,2.5098E-1);
#6=COLOUR_RGB('',3.13725E-1,3.13725E-1,3.13725E-1);
#7=COLOUR_RGB('',3.2E-1,4.9E-1,1.76471E-1);
#8=COLOUR_RGB('',3.5E-1,3.5E-1,3.5E-1);
#9=COLOUR_RGB('',3.92157E-1,3.92157E-1,3.92157E-1);
#10=COLOUR_RGB('',5.7E-1,0.E0,1.E0);
#11=COLOUR_RGB('',5.9E-1,3.E-1,0.E0);
#12=COLOUR_RGB('',6.E-1,6.E-1,6.E-1);
#13=COLOUR_RGB('',6.2E-1,3.3E-1,2.3E-1);
#14=COLOUR_RGB('',6.35294E-1,6.86275E-1,7.4902E-1);
#15=COLOUR_RGB('',6.66667E-1,6.66667E-1,6.66667E-1);
#16=COLOUR_RGB('',6.9E-1,0.E0,0.E0);
#17=COLOUR_RGB('',7.E-1,7.E-1,7.E-1);
#18=COLOUR_RGB('',8.23529E-1,7.05882E-1,4.31373E-1);
#19=COLOUR_RGB('',8.39216E-1,8.90196E-1,7.68627E-1);
#20=COLOUR_RGB('',8.62745E-1,4.98039E-1,3.92157E-1);
#21=COLOUR_RGB('',8.7E-1,7.5E-1,4.9E-1);
#22=COLOUR_RGB('',8.82353E-1,8.82353E-1,8.82353E-1);
#23=COLOUR_RGB('',9.80392E-1,9.80392E-1,9.80392E-1);
#24=COLOUR_RGB('',9.9E-1,1.E0,0.E0);
#25=COLOUR_RGB('',1.E0,5.E-1,0.E0);
#26=COLOUR_RGB('',1.E0,6.19608E-1,5.17647E-1);
#27=DRAUGHTING_PRE_DEFINED_COLOUR('white');
#51=B_SPLINE_CURVE_WITH_KNOTS('',3,(#29,#30,#31,#32,#33,#34,#35,#36,#37,#38,#39,
#40,#41,#42,#43,#44,#45,#46,#47,#48,#49,#50),.UNSPECIFIED.,.F.,.F.,(4,1,1,1,1,1,
1,1,1,1,1,1,1,1,1,1,1,1,1,4),(0.E0,5.263157894737E-2,1.052631578947E-1,
1.578947368421E-1,2.105263157895E-1,2.631578947368E-1,3.157894736842E-1,
3.684210526316E-1,4.210526315789E-1,4.736842105263E-1,5.263157894737E-1,
5.789473684211E-1,6.315789473684E-1,6.842105263158E-1,7.368421052632E-1,
7.894736842105E-1,8.421052631579E-1,8.947368421053E-1,9.473684210526E-1,1.E0),
.UNSPECIFIED.);
#78=B_SPLINE_CURVE_WITH_KNOTS('',3,(#56,#57,#58,#59,#60,#61,#62,#63,#64,#65,#66,
#67,#68,#69,#70,#71,#72,#73,#74,#75,#76,#77),.UNSPECIFIED.,.F.,.F.,(4,1,1,1,1,1,
1,1,1,1,1,1,1,1,1,1,1,1,1,4),(0.E0,5.263157894737E-2,1.052631578947E-1,
1.578947368421E-1,2.105263157895E-1,2.631578947368E-1,3.157894736842E-1,
3.684210526316E-1,4.210526315789E-1,4.736842105263E-1,5.263157894737E-1,
5.789473684211E-1,6.315789473684E-1,6.842105263158E-1,7.368421052632E-1,
7.894736842105E-1,8.421052631579E-1,8.947368421053E-1,9.473684210526E-1,1.E0),
.UNSPECIFIED.);
#104=B_SPLINE_CURVE_WITH_KNOTS('',3,(#82,#83,#84,#85,#86,#87,#88,#89,#90,#91,
#92,#93,#94,#95,#96,#97,#98,#99,#100,#101,#102,#103),.UNSPECIFIED.,.F.,.F.,(4,1,
1,1,1,1,1,1,1,1,1,1,1,1,1,1,1,1,1,4),(0.E0,5.263157894737E-2,1.052631578947E-1,
1.578947368421E-1,2.105263157895E-1,2.631578947368E-1,3.157894736842E-1,
3.684210526316E-1,4.210526315789E-1,4.736842105263E-1,5.263157894737E-1,
5.789473684211E-1,6.315789473684E-1,6.842105263158E-1,7.368421052632E-1,
7.894736842105E-1,8.421052631579E-1,8.947368421053E-1,9.473684210526E-1,1.E0),
.UNSPECIFIED.);
#130=B_SPLINE_CURVE_WITH_KNOTS('',3,(#108,#109,#110,#111,#112,#113,#114,#115,
#116,#117,#118,#119,#120,#121,#122,#123,#124,#125,#126,#127,#128,#129),
.UNSPECIFIED.,.F.,.F.,(4,1,1,1,1,1,1,1,1,1,1,1,1,1,1,1,1,1,1,4),(0.E0,
5.263157894737E-2,1.052631578947E-1,1.578947368421E-1,2.105263157895E-1,
2.631578947368E-1,3.157894736842E-1,3.684210526316E-1,4.210526315789E-1,
4.736842105263E-1,5.263157894737E-1,5.789473684211E-1,6.315789473684E-1,
6.842105263158E-1,7.368421052632E-1,7.894736842105E-1,8.421052631579E-1,
8.947368421053E-1,9.473684210526E-1,1.E0),.UNSPECIFIED.);
#138=B_SPLINE_CURVE_WITH_KNOTS('',3,(#134,#135,#136,#137),.UNSPECIFIED.,.F.,.F.,
(4,4),(0.E0,1.E0),.UNSPECIFIED.);
#146=B_SPLINE_CURVE_WITH_KNOTS('',3,(#142,#143,#144,#145),.UNSPECIFIED.,.F.,.F.,
(4,4),(0.E0,1.E0),.UNSPECIFIED.);
#176=B_SPLINE_CURVE_WITH_KNOTS('',3,(#171,#172,#173,#174,#175),.UNSPECIFIED.,
.F.,.F.,(4,1,4),(0.E0,5.E-1,1.E0),.UNSPECIFIED.);
#192=B_SPLINE_CURVE_WITH_KNOTS('',3,(#187,#188,#189,#190,#191),.UNSPECIFIED.,
.F.,.F.,(4,1,4),(0.E0,5.E-1,1.E0),.UNSPECIFIED.);
#224=B_SPLINE_CURVE_WITH_KNOTS('',3,(#203,#204,#205,#206,#207,#208,#209,#210,
#211,#212,#213,#214,#215,#216,#217,#218,#219,#220,#221,#222,#223),.UNSPECIFIED.,
.F.,.F.,(4,1,1,1,1,1,1,1,1,1,1,1,1,1,1,1,1,1,4),(0.E0,5.555555555556E-2,
1.111111111111E-1,1.666666666667E-1,2.222222222222E-1,2.777777777778E-1,
3.333333333333E-1,3.888888888889E-1,4.444444444444E-1,5.E-1,5.555555555556E-1,
6.111111111111E-1,6.666666666667E-1,7.222222222222E-1,7.777777777778E-1,
8.333333333333E-1,8.888888888889E-1,9.444444444444E-1,1.E0),.UNSPECIFIED.);
#240=B_SPLINE_CURVE_WITH_KNOTS('',3,(#235,#236,#237,#238,#239),.UNSPECIFIED.,
.F.,.F.,(4,1,4),(0.E0,5.E-1,1.E0),.UNSPECIFIED.);
#256=B_SPLINE_CURVE_WITH_KNOTS('',3,(#251,#252,#253,#254,#255),.UNSPECIFIED.,
.F.,.F.,(4,1,4),(0.E0,5.E-1,1.E0),.UNSPECIFIED.);
#288=B_SPLINE_CURVE_WITH_KNOTS('',3,(#267,#268,#269,#270,#271,#272,#273,#274,
#275,#276,#277,#278,#279,#280,#281,#282,#283,#284,#285,#286,#287),.UNSPECIFIED.,
.F.,.F.,(4,1,1,1,1,1,1,1,1,1,1,1,1,1,1,1,1,1,4),(0.E0,5.555555555556E-2,
1.111111111111E-1,1.666666666667E-1,2.222222222222E-1,2.777777777778E-1,
3.333333333333E-1,3.888888888889E-1,4.444444444444E-1,5.E-1,5.555555555556E-1,
6.111111111111E-1,6.666666666667E-1,7.222222222222E-1,7.777777777778E-1,
8.333333333333E-1,8.888888888889E-1,9.444444444444E-1,1.E0),.UNSPECIFIED.);
#304=B_SPLINE_CURVE_WITH_KNOTS('',3,(#299,#300,#301,#302,#303),.UNSPECIFIED.,
.F.,.F.,(4,1,4),(0.E0,5.E-1,1.E0),.UNSPECIFIED.);
#320=B_SPLINE_CURVE_WITH_KNOTS('',3,(#315,#316,#317,#318,#319),.UNSPECIFIED.,
.F.,.F.,(4,1,4),(0.E0,5.E-1,1.E0),.UNSPECIFIED.);
#352=B_SPLINE_CURVE_WITH_KNOTS('',3,(#331,#332,#333,#334,#335,#336,#337,#338,
#339,#340,#341,#342,#343,#344,#345,#346,#347,#348,#349,#350,#351),.UNSPECIFIED.,
.F.,.F.,(4,1,1,1,1,1,1,1,1,1,1,1,1,1,1,1,1,1,4),(0.E0,5.555555555556E-2,
1.111111111111E-1,1.666666666667E-1,2.222222222222E-1,2.777777777778E-1,
3.333333333333E-1,3.888888888889E-1,4.444444444444E-1,5.E-1,5.555555555556E-1,
6.111111111111E-1,6.666666666667E-1,7.222222222222E-1,7.777777777778E-1,
8.333333333333E-1,8.888888888889E-1,9.444444444444E-1,1.E0),.UNSPECIFIED.);
#368=B_SPLINE_CURVE_WITH_KNOTS('',3,(#363,#364,#365,#366,#367),.UNSPECIFIED.,
.F.,.F.,(4,1,4),(0.E0,5.E-1,1.E0),.UNSPECIFIED.);
#384=B_SPLINE_CURVE_WITH_KNOTS('',3,(#379,#380,#381,#382,#383),.UNSPECIFIED.,
.F.,.F.,(4,1,4),(0.E0,5.E-1,1.E0),.UNSPECIFIED.);
#420=CIRCLE('',#419,2.E-1);
#428=CIRCLE('',#427,2.E-1);
#436=CIRCLE('',#435,2.E-1);
#458=CIRCLE('',#457,2.E-1);
#466=CIRCLE('',#465,2.E-1);
#474=CIRCLE('',#473,2.E-1);
#496=CIRCLE('',#495,2.E-1);
#504=CIRCLE('',#503,2.E-1);
#512=CIRCLE('',#511,2.E-1);
#534=CIRCLE('',#533,2.E-1);
#542=CIRCLE('',#541,2.E-1);
#550=CIRCLE('',#549,2.E-1);
#572=CIRCLE('',#571,2.E-1);
#580=CIRCLE('',#579,2.E-1);
#588=CIRCLE('',#587,2.E-1);
#620=B_SPLINE_CURVE_WITH_KNOTS('',3,(#599,#600,#601,#602,#603,#604,#605,#606,
#607,#608,#609,#610,#611,#612,#613,#614,#615,#616,#617,#618,#619),.UNSPECIFIED.,
.F.,.F.,(4,1,1,1,1,1,1,1,1,1,1,1,1,1,1,1,1,1,4),(0.E0,5.555555555556E-2,
1.111111111111E-1,1.666666666667E-1,2.222222222222E-1,2.777777777778E-1,
3.333333333333E-1,3.888888888889E-1,4.444444444444E-1,5.E-1,5.555555555556E-1,
6.111111111111E-1,6.666666666667E-1,7.222222222222E-1,7.777777777778E-1,
8.333333333333E-1,8.888888888889E-1,9.444444444444E-1,1.E0),.UNSPECIFIED.);
#649=CIRCLE('',#648,2.E-1);
#657=CIRCLE('',#656,2.E-1);
#665=CIRCLE('',#664,2.E-1);
#711=B_SPLINE_CURVE_WITH_KNOTS('',3,(#690,#691,#692,#693,#694,#695,#696,#697,
#698,#699,#700,#701,#702,#703,#704,#705,#706,#707,#708,#709,#710),.UNSPECIFIED.,
.F.,.F.,(4,1,1,1,1,1,1,1,1,1,1,1,1,1,1,1,1,1,4),(0.E0,5.555555555556E-2,
1.111111111111E-1,1.666666666667E-1,2.222222222222E-1,2.777777777778E-1,
3.333333333333E-1,3.888888888889E-1,4.444444444444E-1,5.E-1,5.555555555556E-1,
6.111111111111E-1,6.666666666667E-1,7.222222222222E-1,7.777777777778E-1,
8.333333333333E-1,8.888888888889E-1,9.444444444444E-1,1.E0),.UNSPECIFIED.);
#744=B_SPLINE_CURVE_WITH_KNOTS('',3,(#722,#723,#724,#725,#726,#727,#728,#729,
#730,#731,#732,#733,#734,#735,#736,#737,#738,#739,#740,#741,#742,#743),
.UNSPECIFIED.,.F.,.F.,(4,1,1,1,1,1,1,1,1,1,1,1,1,1,1,1,1,1,1,4),(0.E0,
5.263157894737E-2,1.052631578947E-1,1.578947368421E-1,2.105263157895E-1,
2.631578947368E-1,3.157894736842E-1,3.684210526316E-1,4.210526315789E-1,
4.736842105263E-1,5.263157894737E-1,5.789473684211E-1,6.315789473684E-1,
6.842105263158E-1,7.368421052632E-1,7.894736842105E-1,8.421052631579E-1,
8.947368421053E-1,9.473684210526E-1,1.E0),.UNSPECIFIED.);
#770=B_SPLINE_CURVE_WITH_KNOTS('',3,(#748,#749,#750,#751,#752,#753,#754,#755,
#756,#757,#758,#759,#760,#761,#762,#763,#764,#765,#766,#767,#768,#769),
.UNSPECIFIED.,.F.,.F.,(4,1,1,1,1,1,1,1,1,1,1,1,1,1,1,1,1,1,1,4),(0.E0,
5.263157894737E-2,1.052631578947E-1,1.578947368421E-1,2.105263157895E-1,
2.631578947368E-1,3.157894736842E-1,3.684210526316E-1,4.210526315789E-1,
4.736842105263E-1,5.263157894737E-1,5.789473684211E-1,6.315789473684E-1,
6.842105263158E-1,7.368421052632E-1,7.894736842105E-1,8.421052631579E-1,
8.947368421053E-1,9.473684210526E-1,1.E0),.UNSPECIFIED.);
#796=B_SPLINE_CURVE_WITH_KNOTS('',3,(#774,#775,#776,#777,#778,#779,#780,#781,
#782,#783,#784,#785,#786,#787,#788,#789,#790,#791,#792,#793,#794,#795),
.UNSPECIFIED.,.F.,.F.,(4,1,1,1,1,1,1,1,1,1,1,1,1,1,1,1,1,1,1,4),(0.E0,
5.263157894737E-2,1.052631578947E-1,1.578947368421E-1,2.105263157895E-1,
2.631578947368E-1,3.157894736842E-1,3.684210526316E-1,4.210526315789E-1,
4.736842105263E-1,5.263157894737E-1,5.789473684211E-1,6.315789473684E-1,
6.842105263158E-1,7.368421052632E-1,7.894736842105E-1,8.421052631579E-1,
8.947368421053E-1,9.473684210526E-1,1.E0),.UNSPECIFIED.);
#822=B_SPLINE_CURVE_WITH_KNOTS('',3,(#800,#801,#802,#803,#804,#805,#806,#807,
#808,#809,#810,#811,#812,#813,#814,#815,#816,#817,#818,#819,#820,#821),
.UNSPECIFIED.,.F.,.F.,(4,1,1,1,1,1,1,1,1,1,1,1,1,1,1,1,1,1,1,4),(0.E0,
5.263157894737E-2,1.052631578947E-1,1.578947368421E-1,2.105263157895E-1,
2.631578947368E-1,3.157894736842E-1,3.684210526316E-1,4.210526315789E-1,
4.736842105263E-1,5.263157894737E-1,5.789473684211E-1,6.315789473684E-1,
6.842105263158E-1,7.368421052632E-1,7.894736842105E-1,8.421052631579E-1,
8.947368421053E-1,9.473684210526E-1,1.E0),.UNSPECIFIED.);
#830=B_SPLINE_CURVE_WITH_KNOTS('',3,(#826,#827,#828,#829),.UNSPECIFIED.,.F.,.F.,
(4,4),(0.E0,1.E0),.UNSPECIFIED.);
#838=B_SPLINE_CURVE_WITH_KNOTS('',3,(#834,#835,#836,#837),.UNSPECIFIED.,.F.,.F.,
(4,4),(0.E0,1.E0),.UNSPECIFIED.);
#867=B_SPLINE_CURVE_WITH_KNOTS('',3,(#863,#864,#865,#866),.UNSPECIFIED.,.F.,.F.,
(4,4),(0.E0,1.E0),.UNSPECIFIED.);
#875=B_SPLINE_CURVE_WITH_KNOTS('',3,(#871,#872,#873,#874),.UNSPECIFIED.,.F.,.F.,
(4,4),(0.E0,1.E0),.UNSPECIFIED.);
#904=B_SPLINE_CURVE_WITH_KNOTS('',3,(#900,#901,#902,#903),.UNSPECIFIED.,.F.,.F.,
(4,4),(0.E0,1.E0),.UNSPECIFIED.);
#912=B_SPLINE_CURVE_WITH_KNOTS('',3,(#908,#909,#910,#911),.UNSPECIFIED.,.F.,.F.,
(4,4),(0.E0,1.E0),.UNSPECIFIED.);
#951=B_SPLINE_CURVE_WITH_KNOTS('',3,(#930,#931,#932,#933,#934,#935,#936,#937,
#938,#939,#940,#941,#942,#943,#944,#945,#946,#947,#948,#949,#950),.UNSPECIFIED.,
.F.,.F.,(4,1,1,1,1,1,1,1,1,1,1,1,1,1,1,1,1,1,4),(0.E0,5.555555555556E-2,
1.111111111111E-1,1.666666666667E-1,2.222222222222E-1,2.777777777778E-1,
3.333333333333E-1,3.888888888889E-1,4.444444444444E-1,5.E-1,5.555555555556E-1,
6.111111111111E-1,6.666666666667E-1,7.222222222222E-1,7.777777777778E-1,
8.333333333333E-1,8.888888888889E-1,9.444444444444E-1,1.E0),.UNSPECIFIED.);
#966=CIRCLE('',#965,2.E-1);
#974=CIRCLE('',#973,2.E-1);
#982=CIRCLE('',#981,2.E-1);
#1018=CIRCLE('',#1017,2.E-1);
#1026=CIRCLE('',#1025,2.E-1);
#1034=CIRCLE('',#1033,2.E-1);
#1056=CIRCLE('',#1055,2.E-1);
#1064=CIRCLE('',#1063,2.E-1);
#1072=CIRCLE('',#1071,2.E-1);
#1094=CIRCLE('',#1093,2.E-1);
#1102=CIRCLE('',#1101,2.E-1);
#1110=CIRCLE('',#1109,2.E-1);
#1142=B_SPLINE_CURVE_WITH_KNOTS('',3,(#1121,#1122,#1123,#1124,#1125,#1126,#1127,
#1128,#1129,#1130,#1131,#1132,#1133,#1134,#1135,#1136,#1137,#1138,#1139,#1140,
#1141),.UNSPECIFIED.,.F.,.F.,(4,1,1,1,1,1,1,1,1,1,1,1,1,1,1,1,1,1,4),(0.E0,
5.555555555556E-2,1.111111111111E-1,1.666666666667E-1,2.222222222222E-1,
2.777777777778E-1,3.333333333333E-1,3.888888888889E-1,4.444444444444E-1,5.E-1,
5.555555555556E-1,6.111111111111E-1,6.666666666667E-1,7.222222222222E-1,
7.777777777778E-1,8.333333333333E-1,8.888888888889E-1,9.444444444444E-1,1.E0),
.UNSPECIFIED.);
#1181=B_SPLINE_CURVE_WITH_KNOTS('',3,(#1160,#1161,#1162,#1163,#1164,#1165,#1166,
#1167,#1168,#1169,#1170,#1171,#1172,#1173,#1174,#1175,#1176,#1177,#1178,#1179,
#1180),.UNSPECIFIED.,.F.,.F.,(4,1,1,1,1,1,1,1,1,1,1,1,1,1,1,1,1,1,4),(0.E0,
5.555555555556E-2,1.111111111111E-1,1.666666666667E-1,2.222222222222E-1,
2.777777777778E-1,3.333333333333E-1,3.888888888889E-1,4.444444444444E-1,5.E-1,
5.555555555556E-1,6.111111111111E-1,6.666666666667E-1,7.222222222222E-1,
7.777777777778E-1,8.333333333333E-1,8.888888888889E-1,9.444444444444E-1,1.E0),
.UNSPECIFIED.);
#1321=EDGE_CURVE('',#1281,#1283,#51,.T.);
#1323=EDGE_CURVE('',#1281,#1283,#620,.T.);
#1327=ADVANCED_FACE('',(#1326),#1320,.F.);
#1333=EDGE_CURVE('',#1202,#1205,#78,.T.);
#1335=EDGE_CURVE('',#1202,#1205,#352,.T.);
#1339=ADVANCED_FACE('',(#1338),#1332,.F.);
#1345=EDGE_CURVE('',#1207,#1210,#104,.T.);
#1347=EDGE_CURVE('',#1207,#1210,#288,.T.);
#1351=ADVANCED_FACE('',(#1350),#1344,.F.);
#1357=EDGE_CURVE('',#1277,#1279,#130,.T.);
#1359=EDGE_CURVE('',#1277,#1279,#224,.T.);
#1363=ADVANCED_FACE('',(#1362),#1356,.F.);
#1369=EDGE_CURVE('',#1215,#1311,#138,.T.);
#1371=EDGE_CURVE('',#1311,#1309,#770,.T.);
#1373=EDGE_CURVE('',#1309,#1218,#146,.T.);
#1375=EDGE_CURVE('',#1291,#1218,#679,.T.);
#1377=EDGE_CURVE('',#1283,#1291,#368,.T.);
#1380=EDGE_CURVE('',#1287,#1281,#192,.T.);
#1382=EDGE_CURVE('',#1287,#1215,#153,.T.);
#1386=ADVANCED_FACE('',(#1385),#1368,.T.);
#1392=EDGE_CURVE('',#1214,#1215,#160,.T.);
#1394=EDGE_CURVE('',#1313,#1214,#838,.T.);
#1396=EDGE_CURVE('',#1313,#1246,#1156,.T.);
#1398=EDGE_CURVE('',#1246,#1247,#1010,.T.);
#1400=EDGE_CURVE('',#1311,#1247,#718,.T.);
#1405=ADVANCED_FACE('',(#1404),#1391,.T.);
#1413=EDGE_CURVE('',#1286,#1287,#183,.T.);
#1415=EDGE_CURVE('',#1286,#1214,#167,.T.);
#1419=ADVANCED_FACE('',(#1418),#1410,.T.);
#1425=EDGE_CURVE('',#1279,#1275,#231,.T.);
#1427=EDGE_CURVE('',#1279,#1286,#176,.T.);
#1431=EDGE_CURVE('',#1281,#1274,#595,.T.);
#1433=EDGE_CURVE('',#1274,#1275,#557,.T.);
#1437=ADVANCED_FACE('',(#1436),#1424,.T.);
#1443=EDGE_CURVE('',#1277,#1255,#199,.T.);
#1447=EDGE_CURVE('',#1255,#1275,#542,.T.);
#1451=ADVANCED_FACE('',(#1450),#1442,.T.);
#1457=EDGE_CURVE('',#1210,#1211,#295,.T.);
#1459=EDGE_CURVE('',#1210,#1298,#240,.T.);
#1461=EDGE_CURVE('',#1298,#1299,#247,.T.);
#1463=EDGE_CURVE('',#1299,#1277,#256,.T.);
#1466=EDGE_CURVE('',#1254,#1255,#519,.T.);
#1468=EDGE_CURVE('',#1254,#1211,#450,.T.);
#1472=ADVANCED_FACE('',(#1471),#1456,.T.);
#1478=EDGE_CURVE('',#1207,#1198,#263,.T.);
#1482=EDGE_CURVE('',#1198,#1211,#458,.T.);
#1486=ADVANCED_FACE('',(#1485),#1477,.T.);
#1492=EDGE_CURVE('',#1205,#1199,#359,.T.);
#1494=EDGE_CURVE('',#1205,#1295,#304,.T.);
#1496=EDGE_CURVE('',#1294,#1295,#311,.T.);
#1498=EDGE_CURVE('',#1294,#1207,#320,.T.);
#1501=EDGE_CURVE('',#1198,#1199,#488,.T.);
#1505=ADVANCED_FACE('',(#1504),#1491,.T.);
#1511=EDGE_CURVE('',#1202,#1203,#327,.T.);
#1515=EDGE_CURVE('',#1203,#1199,#512,.T.);
#1519=ADVANCED_FACE('',(#1518),#1510,.T.);
#1526=EDGE_CURVE('',#1203,#1265,#398,.T.);
#1528=EDGE_CURVE('',#1265,#1267,#634,.T.);
#1530=EDGE_CURVE('',#1283,#1267,#627,.T.);
#1533=EDGE_CURVE('',#1290,#1291,#375,.T.);
#1535=EDGE_CURVE('',#1290,#1202,#384,.T.);
#1539=ADVANCED_FACE('',(#1538),#1524,.T.);
#1545=EDGE_CURVE('',#1195,#1263,#391,.T.);
#1547=EDGE_CURVE('',#1265,#1263,#657,.T.);
#1550=EDGE_CURVE('',#1195,#1203,#504,.T.);
#1554=ADVANCED_FACE('',(#1553),#1544,.T.);
#1560=EDGE_CURVE('',#1261,#1263,#405,.T.);
#1563=EDGE_CURVE('',#1194,#1195,#481,.T.);
#1565=EDGE_CURVE('',#1261,#1194,#443,.T.);
#1569=ADVANCED_FACE('',(#1568),#1559,.T.);
#1576=EDGE_CURVE('',#1258,#1261,#436,.T.);
#1578=EDGE_CURVE('',#1258,#1270,#412,.T.);
#1580=EDGE_CURVE('',#1263,#1270,#665,.T.);
#1584=ADVANCED_FACE('',(#1583),#1574,.T.);
#1590=EDGE_CURVE('',#1261,#1254,#420,.T.);
#1592=EDGE_CURVE('',#1254,#1258,#428,.T.);
#1597=ADVANCED_FACE('',(#1596),#1589,.T.);
#1604=EDGE_CURVE('',#1211,#1194,#466,.T.);
#1610=ADVANCED_FACE('',(#1609),#1602,.T.);
#1618=EDGE_CURVE('',#1194,#1198,#474,.T.);
#1622=ADVANCED_FACE('',(#1621),#1615,.T.);
#1629=EDGE_CURVE('',#1199,#1195,#496,.T.);
#1635=ADVANCED_FACE('',(#1634),#1627,.T.);
#1646=ADVANCED_FACE('',(#1645),#1640,.T.);
#1653=EDGE_CURVE('',#1259,#1255,#534,.T.);
#1655=EDGE_CURVE('',#1258,#1259,#526,.T.);
#1660=ADVANCED_FACE('',(#1659),#1651,.T.);
#1668=EDGE_CURVE('',#1275,#1259,#550,.T.);
#1672=ADVANCED_FACE('',(#1671),#1665,.T.);
#1679=EDGE_CURVE('',#1271,#1274,#588,.T.);
#1681=EDGE_CURVE('',#1271,#1259,#564,.T.);
#1686=ADVANCED_FACE('',(#1685),#1677,.T.);
#1692=EDGE_CURVE('',#1274,#1267,#572,.T.);
#1694=EDGE_CURVE('',#1267,#1271,#580,.T.);
#1699=ADVANCED_FACE('',(#1698),#1691,.T.);
#1711=ADVANCED_FACE('',(#1710),#1704,.T.);
#1718=EDGE_CURVE('',#1270,#1265,#649,.T.);
#1720=EDGE_CURVE('',#1270,#1271,#641,.T.);
#1725=ADVANCED_FACE('',(#1724),#1716,.T.);
#1736=ADVANCED_FACE('',(#1735),#1730,.T.);
#1748=ADVANCED_FACE('',(#1747),#1741,.F.);
#1754=EDGE_CURVE('',#1218,#1219,#672,.T.);
#1756=EDGE_CURVE('',#1290,#1219,#919,.T.);
#1762=ADVANCED_FACE('',(#1761),#1753,.T.);
#1770=EDGE_CURVE('',#1309,#1240,#686,.T.);
#1772=EDGE_CURVE('',#1240,#1241,#1048,.T.);
#1774=EDGE_CURVE('',#1303,#1241,#958,.T.);
#1776=EDGE_CURVE('',#1219,#1303,#904,.T.);
#1780=ADVANCED_FACE('',(#1779),#1767,.T.);
#1787=EDGE_CURVE('',#1309,#1311,#711,.T.);
#1790=EDGE_CURVE('',#1240,#1247,#1034,.T.);
#1794=ADVANCED_FACE('',(#1793),#1785,.T.);
#1800=EDGE_CURVE('',#1315,#1313,#744,.T.);
#1802=EDGE_CURVE('',#1313,#1315,#1181,.T.);
#1806=ADVANCED_FACE('',(#1805),#1799,.F.);
#1816=ADVANCED_FACE('',(#1815),#1811,.F.);
#1822=EDGE_CURVE('',#1303,#1301,#796,.T.);
#1824=EDGE_CURVE('',#1301,#1303,#951,.T.);
#1828=ADVANCED_FACE('',(#1827),#1821,.F.);
#1834=EDGE_CURVE('',#1307,#1305,#822,.T.);
#1836=EDGE_CURVE('',#1305,#1307,#1142,.T.);
#1840=ADVANCED_FACE('',(#1839),#1833,.F.);
#1846=EDGE_CURVE('',#1227,#1315,#830,.T.);
#1854=EDGE_CURVE('',#1299,#1227,#845,.T.);
#1858=ADVANCED_FACE('',(#1857),#1845,.T.);
#1864=EDGE_CURVE('',#1226,#1227,#852,.T.);
#1866=EDGE_CURVE('',#1305,#1226,#875,.T.);
#1868=EDGE_CURVE('',#1305,#1250,#1117,.T.);
#1870=EDGE_CURVE('',#1250,#1251,#1086,.T.);
#1872=EDGE_CURVE('',#1315,#1251,#1188,.T.);
#1877=ADVANCED_FACE('',(#1876),#1863,.T.);
#1886=EDGE_CURVE('',#1298,#1226,#859,.T.);
#1890=ADVANCED_FACE('',(#1889),#1882,.T.);
#1896=EDGE_CURVE('',#1223,#1307,#867,.T.);
#1904=EDGE_CURVE('',#1294,#1223,#882,.T.);
#1908=ADVANCED_FACE('',(#1907),#1895,.T.);
#1914=EDGE_CURVE('',#1222,#1223,#889,.T.);
#1916=EDGE_CURVE('',#1301,#1222,#912,.T.);
#1918=EDGE_CURVE('',#1301,#1234,#926,.T.);
#1920=EDGE_CURVE('',#1234,#1235,#996,.T.);
#1922=EDGE_CURVE('',#1307,#1235,#1149,.T.);
#1927=ADVANCED_FACE('',(#1926),#1913,.T.);
#1936=EDGE_CURVE('',#1295,#1222,#896,.T.);
#1940=ADVANCED_FACE('',(#1939),#1932,.T.);
#1956=ADVANCED_FACE('',(#1955),#1945,.T.);
#1965=EDGE_CURVE('',#1234,#1241,#974,.T.);
#1969=ADVANCED_FACE('',(#1968),#1961,.T.);
#1975=EDGE_CURVE('',#1230,#1234,#966,.T.);
#1978=EDGE_CURVE('',#1241,#1230,#982,.T.);
#1982=ADVANCED_FACE('',(#1981),#1974,.T.);
#1988=EDGE_CURVE('',#1230,#1231,#989,.T.);
#1990=EDGE_CURVE('',#1235,#1231,#1102,.T.);
#1996=ADVANCED_FACE('',(#1995),#1987,.T.);
#2002=EDGE_CURVE('',#1243,#1237,#1003,.T.);
#2004=EDGE_CURVE('',#1231,#1243,#1079,.T.);
#2007=EDGE_CURVE('',#1237,#1230,#1041,.T.);
#2011=ADVANCED_FACE('',(#2010),#2001,.T.);
#2018=EDGE_CURVE('',#1247,#1237,#1018,.T.);
#2021=EDGE_CURVE('',#1243,#1246,#1064,.T.);
#2025=ADVANCED_FACE('',(#2024),#2016,.T.);
#2032=EDGE_CURVE('',#1237,#1240,#1026,.T.);
#2037=ADVANCED_FACE('',(#2036),#2030,.T.);
#2049=ADVANCED_FACE('',(#2048),#2042,.T.);
#2055=EDGE_CURVE('',#1251,#1243,#1056,.T.);
#2058=EDGE_CURVE('',#1246,#1251,#1072,.T.);
#2062=ADVANCED_FACE('',(#2061),#2054,.T.);
#2071=EDGE_CURVE('',#1231,#1250,#1110,.T.);
#2075=ADVANCED_FACE('',(#2074),#2067,.T.);
#2081=EDGE_CURVE('',#1250,#1235,#1094,.T.);
#2087=ADVANCED_FACE('',(#2086),#2080,.T.);
#2099=ADVANCED_FACE('',(#2098),#2092,.T.);
#2111=ADVANCED_FACE('',(#2110),#2104,.T.);
#2120=(LENGTH_UNIT()NAMED_UNIT(*)SI_UNIT(.MILLI.,.METRE.));
#2121=(NAMED_UNIT(*)PLANE_ANGLE_UNIT()SI_UNIT($,.RADIAN.));
#2124=(NAMED_UNIT(*)SI_UNIT($,.STERADIAN.)SOLID_ANGLE_UNIT());
#2126=(GEOMETRIC_REPRESENTATION_CONTEXT(3)GLOBAL_UNCERTAINTY_ASSIGNED_CONTEXT((
#2125))GLOBAL_UNIT_ASSIGNED_CONTEXT((#2120,#2123,#2124))REPRESENTATION_CONTEXT(
'ID1','3'));
#2130=AXIS2_PLACEMENT_3D('',#2127,#2128,#2129);
#2131=ADVANCED_BREP_SHAPE_REPRESENTATION('',(#2130,#2113),#2126);
#2138=PRODUCT_DEFINITION('part definition','',#2137,#2134);
#2139=PRODUCT_DEFINITION_SHAPE('','SHAPE FOR BODY.',#2138);
#2140=SHAPE_ASPECT('','solid data associated with BODY',#2139,.F.);
#2141=PROPERTY_DEFINITION('',
'shape for solid data with which properties are associated',#2140);
#2142=SHAPE_REPRESENTATION('',(#2113),#2126);
#2143=SHAPE_DEFINITION_REPRESENTATION(#2141,#2142);
#2144=(LENGTH_UNIT()NAMED_UNIT(*)SI_UNIT(.MILLI.,.METRE.));
#2148=PROPERTY_DEFINITION('geometric validation property','area of BODY',#2140);
#2149=REPRESENTATION('surface area',(#2147),#2126);
#2150=PROPERTY_DEFINITION_REPRESENTATION(#2148,#2149);
#2151=(LENGTH_UNIT()NAMED_UNIT(*)SI_UNIT(.MILLI.,.METRE.));
#2155=PROPERTY_DEFINITION('geometric validation property','volume of BODY',
#2140);
#2156=REPRESENTATION('volume',(#2154),#2126);
#2157=PROPERTY_DEFINITION_REPRESENTATION(#2155,#2156);
#2159=PROPERTY_DEFINITION('geometric validation property','centroid of BODY',
#2140);
#2160=REPRESENTATION('centroid',(#2158),#2126);
#2161=PROPERTY_DEFINITION_REPRESENTATION(#2159,#2160);
#2162=(LENGTH_UNIT()NAMED_UNIT(*)SI_UNIT(.MILLI.,.METRE.));
#2166=PROPERTY_DEFINITION('geometric validation property','area of BODY',#2139);
#2167=REPRESENTATION('surface area',(#2165),#2126);
#2168=PROPERTY_DEFINITION_REPRESENTATION(#2166,#2167);
#2169=(LENGTH_UNIT()NAMED_UNIT(*)SI_UNIT(.MILLI.,.METRE.));
#2173=PROPERTY_DEFINITION('geometric validation property','volume of BODY',
#2139);
#2174=REPRESENTATION('volume',(#2172),#2126);
#2175=PROPERTY_DEFINITION_REPRESENTATION(#2173,#2174);
#2177=PROPERTY_DEFINITION('geometric validation property','centroid of BODY',
#2139);
#2178=REPRESENTATION('centroid',(#2176),#2126);
#2179=PROPERTY_DEFINITION_REPRESENTATION(#2177,#2178);
#2180=SHAPE_DEFINITION_REPRESENTATION(#2139,#2131);
#2181=SHAPE_DEFINITION_REPRESENTATION(#2182,#2183);
#2182=PRODUCT_DEFINITION_SHAPE('','SHAPE FOR DP0028A_ASM.',#3172);
#2183=SHAPE_REPRESENTATION('',(#2193,#2801,#2814,#2827,#2840,#2853,#2866,#2879,
#2892,#2905,#2918,#2931,#2944,#2957,#2970,#2983,#2996,#3009,#3022,#3035,#3048,
#3061,#3074,#3087,#3100,#3113,#3126,#3139,#3152,#3166),#3162);
#2184=NEXT_ASSEMBLY_USAGE_OCCURRENCE('0','Next assembly relationship','BODY',
#3172,#2138,$);
#2185=PRODUCT_DEFINITION_SHAPE('Placement #0',
'Placement of BODY with respect to DP0028A_ASM',#2184);
#2187=PROPERTY_DEFINITION('geometric validation property','centroid of BODY',
#2185);
#2188=REPRESENTATION('centroid',(#2186),#2126);
#2189=PROPERTY_DEFINITION_REPRESENTATION(#2187,#2188);
#2321=CIRCLE('',#2320,4.1E-1);
#2336=CIRCLE('',#2335,4.1E-1);
#2365=CIRCLE('',#2364,1.6E-1);
#2380=CIRCLE('',#2379,1.6E-1);
#2395=CIRCLE('',#2394,1.6E-1);
#2410=CIRCLE('',#2409,1.6E-1);
#2439=CIRCLE('',#2438,4.1E-1);
#2454=CIRCLE('',#2453,4.1E-1);
#2511=EDGE_CURVE('',#2480,#2500,#2250,.T.);
#2513=EDGE_CURVE('',#2476,#2480,#2365,.T.);
#2515=EDGE_CURVE('',#2476,#2468,#2201,.T.);
#2517=EDGE_CURVE('',#2468,#2469,#2208,.T.);
#2519=EDGE_CURVE('',#2469,#2488,#2215,.T.);
#2521=EDGE_CURVE('',#2484,#2488,#2321,.T.);
#2523=EDGE_CURVE('',#2496,#2484,#2299,.T.);
#2525=EDGE_CURVE('',#2492,#2496,#2395,.T.);
#2527=EDGE_CURVE('',#2492,#2460,#2222,.T.);
#2529=EDGE_CURVE('',#2460,#2461,#2229,.T.);
#2531=EDGE_CURVE('',#2461,#2504,#2236,.T.);
#2533=EDGE_CURVE('',#2500,#2504,#2439,.T.);
#2537=ADVANCED_FACE('',(#2536),#2510,.F.);
#2543=EDGE_CURVE('',#2501,#2481,#2243,.T.);
#2545=EDGE_CURVE('',#2480,#2481,#2372,.T.);
#2548=EDGE_CURVE('',#2500,#2501,#2431,.T.);
#2552=ADVANCED_FACE('',(#2551),#2542,.T.);
#2558=EDGE_CURVE('',#2485,#2497,#2306,.T.);
#2560=EDGE_CURVE('',#2485,#2489,#2336,.T.);
#2562=EDGE_CURVE('',#2473,#2489,#2257,.T.);
#2564=EDGE_CURVE('',#2472,#2473,#2264,.T.);
#2566=EDGE_CURVE('',#2477,#2472,#2271,.T.);
#2568=EDGE_CURVE('',#2477,#2481,#2380,.T.);
#2571=EDGE_CURVE('',#2501,#2505,#2454,.T.);
#2573=EDGE_CURVE('',#2465,#2505,#2278,.T.);
#2575=EDGE_CURVE('',#2464,#2465,#2285,.T.);
#2577=EDGE_CURVE('',#2493,#2464,#2292,.T.);
#2579=EDGE_CURVE('',#2493,#2497,#2410,.T.);
#2583=ADVANCED_FACE('',(#2582),#2557,.T.);
#2590=EDGE_CURVE('',#2484,#2485,#2313,.T.);
#2593=EDGE_CURVE('',#2496,#2497,#2402,.T.);
#2597=ADVANCED_FACE('',(#2596),#2588,.T.);
#2605=EDGE_CURVE('',#2488,#2489,#2328,.T.);
#2610=ADVANCED_FACE('',(#2609),#2602,.T.);
#2617=EDGE_CURVE('',#2469,#2473,#2343,.T.);
#2623=ADVANCED_FACE('',(#2622),#2615,.T.);
#2630=EDGE_CURVE('',#2468,#2472,#2350,.T.);
#2636=ADVANCED_FACE('',(#2635),#2628,.T.);
#2643=EDGE_CURVE('',#2476,#2477,#2357,.T.);
#2649=ADVANCED_FACE('',(#2648),#2641,.T.);
#2661=ADVANCED_FACE('',(#2660),#2654,.F.);
#2667=EDGE_CURVE('',#2492,#2493,#2387,.T.);
#2674=ADVANCED_FACE('',(#2673),#2666,.F.);
#2683=EDGE_CURVE('',#2460,#2464,#2417,.T.);
#2687=ADVANCED_FACE('',(#2686),#2679,.T.);
#2696=EDGE_CURVE('',#2461,#2465,#2424,.T.);
#2700=ADVANCED_FACE('',(#2699),#2692,.T.);
#2709=EDGE_CURVE('',#2504,#2505,#2446,.T.);
#2713=ADVANCED_FACE('',(#2712),#2705,.T.);
#2725=ADVANCED_FACE('',(#2724),#2718,.T.);
#2734=(LENGTH_UNIT()NAMED_UNIT(*)SI_UNIT(.MILLI.,.METRE.));
#2735=(NAMED_UNIT(*)PLANE_ANGLE_UNIT()SI_UNIT($,.RADIAN.));
#2738=(NAMED_UNIT(*)SI_UNIT($,.STERADIAN.)SOLID_ANGLE_UNIT());
#2740=(GEOMETRIC_REPRESENTATION_CONTEXT(3)GLOBAL_UNCERTAINTY_ASSIGNED_CONTEXT((
#2739))GLOBAL_UNIT_ASSIGNED_CONTEXT((#2734,#2737,#2738))REPRESENTATION_CONTEXT(
'ID2','3'));
#2744=AXIS2_PLACEMENT_3D('',#2741,#2742,#2743);
#2745=ADVANCED_BREP_SHAPE_REPRESENTATION('',(#2744,#2727),#2740);
#2749=PRODUCT_DEFINITION('part definition','',#2748,#2134);
#2750=PRODUCT_DEFINITION_SHAPE('','SHAPE FOR LEAD.',#2749);
#2751=SHAPE_ASPECT('','solid data associated with LEAD',#2750,.F.);
#2752=PROPERTY_DEFINITION('',
'shape for solid data with which properties are associated',#2751);
#2753=SHAPE_REPRESENTATION('',(#2727),#2740);
#2754=SHAPE_DEFINITION_REPRESENTATION(#2752,#2753);
#2755=(LENGTH_UNIT()NAMED_UNIT(*)SI_UNIT(.MILLI.,.METRE.));
#2759=PROPERTY_DEFINITION('geometric validation property','area of LEAD',#2751);
#2760=REPRESENTATION('surface area',(#2758),#2740);
#2761=PROPERTY_DEFINITION_REPRESENTATION(#2759,#2760);
#2762=(LENGTH_UNIT()NAMED_UNIT(*)SI_UNIT(.MILLI.,.METRE.));
#2766=PROPERTY_DEFINITION('geometric validation property','volume of LEAD',
#2751);
#2767=REPRESENTATION('volume',(#2765),#2740);
#2768=PROPERTY_DEFINITION_REPRESENTATION(#2766,#2767);
#2770=PROPERTY_DEFINITION('geometric validation property','centroid of LEAD',
#2751);
#2771=REPRESENTATION('centroid',(#2769),#2740);
#2772=PROPERTY_DEFINITION_REPRESENTATION(#2770,#2771);
#2773=(LENGTH_UNIT()NAMED_UNIT(*)SI_UNIT(.MILLI.,.METRE.));
#2777=PROPERTY_DEFINITION('geometric validation property','area of LEAD',#2750);
#2778=REPRESENTATION('surface area',(#2776),#2740);
#2779=PROPERTY_DEFINITION_REPRESENTATION(#2777,#2778);
#2780=(LENGTH_UNIT()NAMED_UNIT(*)SI_UNIT(.MILLI.,.METRE.));
#2784=PROPERTY_DEFINITION('geometric validation property','volume of LEAD',
#2750);
#2785=REPRESENTATION('volume',(#2783),#2740);
#2786=PROPERTY_DEFINITION_REPRESENTATION(#2784,#2785);
#2788=PROPERTY_DEFINITION('geometric validation property','centroid of LEAD',
#2750);
#2789=REPRESENTATION('centroid',(#2787),#2740);
#2790=PROPERTY_DEFINITION_REPRESENTATION(#2788,#2789);
#2791=SHAPE_DEFINITION_REPRESENTATION(#2750,#2745);
#2792=NEXT_ASSEMBLY_USAGE_OCCURRENCE('1','Next assembly relationship','LEAD',
#3172,#2749,$);
#2793=PRODUCT_DEFINITION_SHAPE('Placement #1',
'Placement of LEAD with respect to DP0028A_ASM',#2792);
#2795=PROPERTY_DEFINITION('geometric validation property','centroid of LEAD',
#2793);
#2796=REPRESENTATION('centroid',(#2794),#2740);
#2797=PROPERTY_DEFINITION_REPRESENTATION(#2795,#2796);
#2805=NEXT_ASSEMBLY_USAGE_OCCURRENCE('2','Next assembly relationship','LEAD',
#3172,#2749,$);
#2806=PRODUCT_DEFINITION_SHAPE('Placement #2',
'Placement of LEAD with respect to DP0028A_ASM',#2805);
#2808=PROPERTY_DEFINITION('geometric validation property','centroid of LEAD',
#2806);
#2809=REPRESENTATION('centroid',(#2807),#2740);
#2810=PROPERTY_DEFINITION_REPRESENTATION(#2808,#2809);
#2818=NEXT_ASSEMBLY_USAGE_OCCURRENCE('3','Next assembly relationship','LEAD',
#3172,#2749,$);
#2819=PRODUCT_DEFINITION_SHAPE('Placement #3',
'Placement of LEAD with respect to DP0028A_ASM',#2818);
#2821=PROPERTY_DEFINITION('geometric validation property','centroid of LEAD',
#2819);
#2822=REPRESENTATION('centroid',(#2820),#2740);
#2823=PROPERTY_DEFINITION_REPRESENTATION(#2821,#2822);
#2831=NEXT_ASSEMBLY_USAGE_OCCURRENCE('4','Next assembly relationship','LEAD',
#3172,#2749,$);
#2832=PRODUCT_DEFINITION_SHAPE('Placement #4',
'Placement of LEAD with respect to DP0028A_ASM',#2831);
#2834=PROPERTY_DEFINITION('geometric validation property','centroid of LEAD',
#2832);
#2835=REPRESENTATION('centroid',(#2833),#2740);
#2836=PROPERTY_DEFINITION_REPRESENTATION(#2834,#2835);
#2844=NEXT_ASSEMBLY_USAGE_OCCURRENCE('5','Next assembly relationship','LEAD',
#3172,#2749,$);
#2845=PRODUCT_DEFINITION_SHAPE('Placement #5',
'Placement of LEAD with respect to DP0028A_ASM',#2844);
#2847=PROPERTY_DEFINITION('geometric validation property','centroid of LEAD',
#2845);
#2848=REPRESENTATION('centroid',(#2846),#2740);
#2849=PROPERTY_DEFINITION_REPRESENTATION(#2847,#2848);
#2857=NEXT_ASSEMBLY_USAGE_OCCURRENCE('6','Next assembly relationship','LEAD',
#3172,#2749,$);
#2858=PRODUCT_DEFINITION_SHAPE('Placement #6',
'Placement of LEAD with respect to DP0028A_ASM',#2857);
#2860=PROPERTY_DEFINITION('geometric validation property','centroid of LEAD',
#2858);
#2861=REPRESENTATION('centroid',(#2859),#2740);
#2862=PROPERTY_DEFINITION_REPRESENTATION(#2860,#2861);
#2870=NEXT_ASSEMBLY_USAGE_OCCURRENCE('7','Next assembly relationship','LEAD',
#3172,#2749,$);
#2871=PRODUCT_DEFINITION_SHAPE('Placement #7',
'Placement of LEAD with respect to DP0028A_ASM',#2870);
#2873=PROPERTY_DEFINITION('geometric validation property','centroid of LEAD',
#2871);
#2874=REPRESENTATION('centroid',(#2872),#2740);
#2875=PROPERTY_DEFINITION_REPRESENTATION(#2873,#2874);
#2883=NEXT_ASSEMBLY_USAGE_OCCURRENCE('8','Next assembly relationship','LEAD',
#3172,#2749,$);
#2884=PRODUCT_DEFINITION_SHAPE('Placement #8',
'Placement of LEAD with respect to DP0028A_ASM',#2883);
#2886=PROPERTY_DEFINITION('geometric validation property','centroid of LEAD',
#2884);
#2887=REPRESENTATION('centroid',(#2885),#2740);
#2888=PROPERTY_DEFINITION_REPRESENTATION(#2886,#2887);
#2896=NEXT_ASSEMBLY_USAGE_OCCURRENCE('9','Next assembly relationship','LEAD',
#3172,#2749,$);
#2897=PRODUCT_DEFINITION_SHAPE('Placement #9',
'Placement of LEAD with respect to DP0028A_ASM',#2896);
#2899=PROPERTY_DEFINITION('geometric validation property','centroid of LEAD',
#2897);
#2900=REPRESENTATION('centroid',(#2898),#2740);
#2901=PROPERTY_DEFINITION_REPRESENTATION(#2899,#2900);
#2909=NEXT_ASSEMBLY_USAGE_OCCURRENCE('10','Next assembly relationship','LEAD',
#3172,#2749,$);
#2910=PRODUCT_DEFINITION_SHAPE('Placement #10',
'Placement of LEAD with respect to DP0028A_ASM',#2909);
#2912=PROPERTY_DEFINITION('geometric validation property','centroid of LEAD',
#2910);
#2913=REPRESENTATION('centroid',(#2911),#2740);
#2914=PROPERTY_DEFINITION_REPRESENTATION(#2912,#2913);
#2922=NEXT_ASSEMBLY_USAGE_OCCURRENCE('11','Next assembly relationship','LEAD',
#3172,#2749,$);
#2923=PRODUCT_DEFINITION_SHAPE('Placement #11',
'Placement of LEAD with respect to DP0028A_ASM',#2922);
#2925=PROPERTY_DEFINITION('geometric validation property','centroid of LEAD',
#2923);
#2926=REPRESENTATION('centroid',(#2924),#2740);
#2927=PROPERTY_DEFINITION_REPRESENTATION(#2925,#2926);
#2935=NEXT_ASSEMBLY_USAGE_OCCURRENCE('12','Next assembly relationship','LEAD',
#3172,#2749,$);
#2936=PRODUCT_DEFINITION_SHAPE('Placement #12',
'Placement of LEAD with respect to DP0028A_ASM',#2935);
#2938=PROPERTY_DEFINITION('geometric validation property','centroid of LEAD',
#2936);
#2939=REPRESENTATION('centroid',(#2937),#2740);
#2940=PROPERTY_DEFINITION_REPRESENTATION(#2938,#2939);
#2948=NEXT_ASSEMBLY_USAGE_OCCURRENCE('13','Next assembly relationship','LEAD',
#3172,#2749,$);
#2949=PRODUCT_DEFINITION_SHAPE('Placement #13',
'Placement of LEAD with respect to DP0028A_ASM',#2948);
#2951=PROPERTY_DEFINITION('geometric validation property','centroid of LEAD',
#2949);
#2952=REPRESENTATION('centroid',(#2950),#2740);
#2953=PROPERTY_DEFINITION_REPRESENTATION(#2951,#2952);
#2961=NEXT_ASSEMBLY_USAGE_OCCURRENCE('14','Next assembly relationship','LEAD',
#3172,#2749,$);
#2962=PRODUCT_DEFINITION_SHAPE('Placement #14',
'Placement of LEAD with respect to DP0028A_ASM',#2961);
#2964=PROPERTY_DEFINITION('geometric validation property','centroid of LEAD',
#2962);
#2965=REPRESENTATION('centroid',(#2963),#2740);
#2966=PROPERTY_DEFINITION_REPRESENTATION(#2964,#2965);
#2974=NEXT_ASSEMBLY_USAGE_OCCURRENCE('15','Next assembly relationship','LEAD',
#3172,#2749,$);
#2975=PRODUCT_DEFINITION_SHAPE('Placement #15',
'Placement of LEAD with respect to DP0028A_ASM',#2974);
#2977=PROPERTY_DEFINITION('geometric validation property','centroid of LEAD',
#2975);
#2978=REPRESENTATION('centroid',(#2976),#2740);
#2979=PROPERTY_DEFINITION_REPRESENTATION(#2977,#2978);
#2987=NEXT_ASSEMBLY_USAGE_OCCURRENCE('16','Next assembly relationship','LEAD',
#3172,#2749,$);
#2988=PRODUCT_DEFINITION_SHAPE('Placement #16',
'Placement of LEAD with respect to DP0028A_ASM',#2987);
#2990=PROPERTY_DEFINITION('geometric validation property','centroid of LEAD',
#2988);
#2991=REPRESENTATION('centroid',(#2989),#2740);
#2992=PROPERTY_DEFINITION_REPRESENTATION(#2990,#2991);
#3000=NEXT_ASSEMBLY_USAGE_OCCURRENCE('17','Next assembly relationship','LEAD',
#3172,#2749,$);
#3001=PRODUCT_DEFINITION_SHAPE('Placement #17',
'Placement of LEAD with respect to DP0028A_ASM',#3000);
#3003=PROPERTY_DEFINITION('geometric validation property','centroid of LEAD',
#3001);
#3004=REPRESENTATION('centroid',(#3002),#2740);
#3005=PROPERTY_DEFINITION_REPRESENTATION(#3003,#3004);
#3013=NEXT_ASSEMBLY_USAGE_OCCURRENCE('18','Next assembly relationship','LEAD',
#3172,#2749,$);
#3014=PRODUCT_DEFINITION_SHAPE('Placement #18',
'Placement of LEAD with respect to DP0028A_ASM',#3013);
#3016=PROPERTY_DEFINITION('geometric validation property','centroid of LEAD',
#3014);
#3017=REPRESENTATION('centroid',(#3015),#2740);
#3018=PROPERTY_DEFINITION_REPRESENTATION(#3016,#3017);
#3026=NEXT_ASSEMBLY_USAGE_OCCURRENCE('19','Next assembly relationship','LEAD',
#3172,#2749,$);
#3027=PRODUCT_DEFINITION_SHAPE('Placement #19',
'Placement of LEAD with respect to DP0028A_ASM',#3026);
#3029=PROPERTY_DEFINITION('geometric validation property','centroid of LEAD',
#3027);
#3030=REPRESENTATION('centroid',(#3028),#2740);
#3031=PROPERTY_DEFINITION_REPRESENTATION(#3029,#3030);
#3039=NEXT_ASSEMBLY_USAGE_OCCURRENCE('20','Next assembly relationship','LEAD',
#3172,#2749,$);
#3040=PRODUCT_DEFINITION_SHAPE('Placement #20',
'Placement of LEAD with respect to DP0028A_ASM',#3039);
#3042=PROPERTY_DEFINITION('geometric validation property','centroid of LEAD',
#3040);
#3043=REPRESENTATION('centroid',(#3041),#2740);
#3044=PROPERTY_DEFINITION_REPRESENTATION(#3042,#3043);
#3052=NEXT_ASSEMBLY_USAGE_OCCURRENCE('21','Next assembly relationship','LEAD',
#3172,#2749,$);
#3053=PRODUCT_DEFINITION_SHAPE('Placement #21',
'Placement of LEAD with respect to DP0028A_ASM',#3052);
#3055=PROPERTY_DEFINITION('geometric validation property','centroid of LEAD',
#3053);
#3056=REPRESENTATION('centroid',(#3054),#2740);
#3057=PROPERTY_DEFINITION_REPRESENTATION(#3055,#3056);
#3065=NEXT_ASSEMBLY_USAGE_OCCURRENCE('22','Next assembly relationship','LEAD',
#3172,#2749,$);
#3066=PRODUCT_DEFINITION_SHAPE('Placement #22',
'Placement of LEAD with respect to DP0028A_ASM',#3065);
#3068=PROPERTY_DEFINITION('geometric validation property','centroid of LEAD',
#3066);
#3069=REPRESENTATION('centroid',(#3067),#2740);
#3070=PROPERTY_DEFINITION_REPRESENTATION(#3068,#3069);
#3078=NEXT_ASSEMBLY_USAGE_OCCURRENCE('23','Next assembly relationship','LEAD',
#3172,#2749,$);
#3079=PRODUCT_DEFINITION_SHAPE('Placement #23',
'Placement of LEAD with respect to DP0028A_ASM',#3078);
#3081=PROPERTY_DEFINITION('geometric validation property','centroid of LEAD',
#3079);
#3082=REPRESENTATION('centroid',(#3080),#2740);
#3083=PROPERTY_DEFINITION_REPRESENTATION(#3081,#3082);
#3091=NEXT_ASSEMBLY_USAGE_OCCURRENCE('24','Next assembly relationship','LEAD',
#3172,#2749,$);
#3092=PRODUCT_DEFINITION_SHAPE('Placement #24',
'Placement of LEAD with respect to DP0028A_ASM',#3091);
#3094=PROPERTY_DEFINITION('geometric validation property','centroid of LEAD',
#3092);
#3095=REPRESENTATION('centroid',(#3093),#2740);
#3096=PROPERTY_DEFINITION_REPRESENTATION(#3094,#3095);
#3104=NEXT_ASSEMBLY_USAGE_OCCURRENCE('25','Next assembly relationship','LEAD',
#3172,#2749,$);
#3105=PRODUCT_DEFINITION_SHAPE('Placement #25',
'Placement of LEAD with respect to DP0028A_ASM',#3104);
#3107=PROPERTY_DEFINITION('geometric validation property','centroid of LEAD',
#3105);
#3108=REPRESENTATION('centroid',(#3106),#2740);
#3109=PROPERTY_DEFINITION_REPRESENTATION(#3107,#3108);
#3117=NEXT_ASSEMBLY_USAGE_OCCURRENCE('26','Next assembly relationship','LEAD',
#3172,#2749,$);
#3118=PRODUCT_DEFINITION_SHAPE('Placement #26',
'Placement of LEAD with respect to DP0028A_ASM',#3117);
#3120=PROPERTY_DEFINITION('geometric validation property','centroid of LEAD',
#3118);
#3121=REPRESENTATION('centroid',(#3119),#2740);
#3122=PROPERTY_DEFINITION_REPRESENTATION(#3120,#3121);
#3130=NEXT_ASSEMBLY_USAGE_OCCURRENCE('27','Next assembly relationship','LEAD',
#3172,#2749,$);
#3131=PRODUCT_DEFINITION_SHAPE('Placement #27',
'Placement of LEAD with respect to DP0028A_ASM',#3130);
#3133=PROPERTY_DEFINITION('geometric validation property','centroid of LEAD',
#3131);
#3134=REPRESENTATION('centroid',(#3132),#2740);
#3135=PROPERTY_DEFINITION_REPRESENTATION(#3133,#3134);
#3143=NEXT_ASSEMBLY_USAGE_OCCURRENCE('28','Next assembly relationship','LEAD',
#3172,#2749,$);
#3144=PRODUCT_DEFINITION_SHAPE('Placement #28',
'Placement of LEAD with respect to DP0028A_ASM',#3143);
#3146=PROPERTY_DEFINITION('geometric validation property','centroid of LEAD',
#3144);
#3147=REPRESENTATION('centroid',(#3145),#2740);
#3148=PROPERTY_DEFINITION_REPRESENTATION(#3146,#3147);
#3156=(LENGTH_UNIT()NAMED_UNIT(*)SI_UNIT(.MILLI.,.METRE.));
#3157=(NAMED_UNIT(*)PLANE_ANGLE_UNIT()SI_UNIT($,.RADIAN.));
#3160=(NAMED_UNIT(*)SI_UNIT($,.STERADIAN.)SOLID_ANGLE_UNIT());
#3162=(GEOMETRIC_REPRESENTATION_CONTEXT(3)GLOBAL_UNCERTAINTY_ASSIGNED_CONTEXT((
#3161))GLOBAL_UNIT_ASSIGNED_CONTEXT((#3156,#3159,#3160))REPRESENTATION_CONTEXT(
'ID3','3'));
#3166=AXIS2_PLACEMENT_3D('',#3163,#3164,#3165);
#3172=PRODUCT_DEFINITION('part definition','',#3171,#3168);
#3173=(LENGTH_UNIT()NAMED_UNIT(*)SI_UNIT(.MILLI.,.METRE.));
#3177=PROPERTY_DEFINITION('geometric validation property','area of DP0028A_ASM',
#2182);
#3178=REPRESENTATION('surface area',(#3176),#3162);
#3179=PROPERTY_DEFINITION_REPRESENTATION(#3177,#3178);
#3180=(LENGTH_UNIT()NAMED_UNIT(*)SI_UNIT(.MILLI.,.METRE.));
#3184=PROPERTY_DEFINITION('geometric validation property',
'volume of DP0028A_ASM',#2182);
#3185=REPRESENTATION('volume',(#3183),#3162);
#3186=PROPERTY_DEFINITION_REPRESENTATION(#3184,#3185);
#3188=PROPERTY_DEFINITION('geometric validation property',
'centroid of DP0028A_ASM',#2182);
#3189=REPRESENTATION('centroid',(#3187),#3162);
#3190=PROPERTY_DEFINITION_REPRESENTATION(#3188,#3189);
ENDSEC;
END-ISO-10303-21;
